ID,REFERENCE,TYPE,NAME,DATE,FLAVOR_TEXT,INSPIRATION,NARRATOR,STORY
fcb1ee8a-1d34-44cb-9e99-e23e993e671a,ALT_ALIZE_A_AX_35_C,Character,"Vaike, Energy Pioneer",,"L'énergie et la persévérance surmontent tous les obstacles.",,,
29630b3e-b001-47aa-8b1f-69f8cbbcaa5f,ALT_ALIZE_A_AX_46_C,LANDMARK_PERMANENT,"Icebound Hollow",,"Depuis les grottes et les crevasses, il geint et nous appelle.",,,
5b61f800-94f4-41f4-afc8-35fb00c6e30f,ALT_ALIZE_A_BR_37_C,Character,"Gericht, Revered Duelist",,"« Ce qui ne te tue pas te rend plus fort. »",,,
4f04bb9f-7998-483e-b5d4-2f72b4575a0e,ALT_ALIZE_A_BR_46_C,LANDMARK_PERMANENT,"Icebound Peak",,"Au sommet, il attend. La liberté. La libération.",,,
ff555624-e3ed-46c0-ba5f-f308b2fb56c7,ALT_ALIZE_A_LY_34_C,Character,"Nyala, Gifted Conjurer",,"« Bien sûr que je triche. La magie, c'est de la triche. »",,,
88d544ba-0bc0-4af3-ba48-5de04a614c0f,ALT_ALIZE_A_LY_45_C,LANDMARK_PERMANENT,"Icebound Tundra",,"On peut entendre son écho résonner dans les vastes étendues.",,,
2c8a01a8-1329-40d2-a494-da2d9544d59b,ALT_ALIZE_A_MU_35_C,Character,"Saskia, Sly Naturalist",,"Parasitisme ou symbiose, la vie trouve toujours un moyen d'éclore.",,,
557434b2-cda2-48a4-8091-6cb79e2f085d,ALT_ALIZE_A_MU_45_C,LANDMARK_PERMANENT,"Icebound Taiga",,"On peut le percevoir dans le silence de la forêt, comme un frémissement.",,,
6f7e61a3-fd10-4b52-978f-a026f5f2dc99,ALT_ALIZE_A_OR_38_C,Character,"Sunisa, Dedicated Ensign",,"Progresser ou tenir, mais ne jamais reculer.",,,
5cce51b3-eb8a-4261-b8b0-bb085b79d374,ALT_ALIZE_A_OR_47_C,LANDMARK_PERMANENT,"Icebound Lake",,"Ses hurlements évoquent le tonnerre ou le craquement de la glace.",,,
44615823-8de5-4365-9482-beb9915356e6,ALT_ALIZE_A_YZ_36_C,Character,"Aroro, Savior of Asgartha",,"Même seule, elle parvint à dompter la marée.",,,
b96c109e-068a-47c4-9846-c569f50665a8,ALT_ALIZE_A_YZ_46_C,LANDMARK_PERMANENT,"Icebound Pass",,"On peut l'entendre gronder dans les cols enneigés.",,,
bc31200f-244b-4499-9205-0e580694fc72,ALT_ALIZE_B_AX_01_C,Hero,"Sierra & Oddball",,"« Existe-t-il meilleure récompense que de voir ses créations prendre vie ? »",,,"392 AC - Sous la surface huileuse du lac, des bulles irisées remontent lentement des profondeurs en grappes étranges, comme des milliers de méduses en train d'ondoyer. Elles se percutent, éclatent, s'assemblent, se subdivisent, avant de percer les eaux pâteuses en chuintant, éructant des miasmes colorés. Je sens partout autour de moi la pression du Tumulte, les idées qui sont relâchées à chaque gonflement qui se perce, et qui cherchent par tous les moyens à s'exprimer dans le monde. Clairement, il y a au fond de l'étendue lacustre quelque chose qui pulse. Peut-être une singularité du Tumulte, enfouie à des dizaines de mètres sous moi. Tout ce que je peux faire, c'est protéger mon embarcation de ses ravages, d'exciser une à une, grâce à mon Construct, les idées parasites qui se mettent à bourgeonner sur sa coque. La traversée va être ardue. Le moteur kélonique de la barque est en train de crachoter, lui aussi affecté par les idées qui le percutent.

J'espère que de son côté, Oddball parvient à se débrouiller. Je sonde le lointain, sentant sa psyché me répondre misérablement par quelques bips succincts. Je perçois grâce à mes propres sens à quel point sa carlingue est abîmée, infectée par des idées intruses. À travers notre lien, je matérialise à ses côtés l'Eidolon d'un Récupérateur. Mon Alter Ego ralentit, clairement soulagé de pouvoir bénéficier d'un arrêt au stand. Il aura bien besoin de ça pour requinquer son blindage. Je le laisse alors que j'entends les premiers bruits de soudure résonner dans la forêt crépusculaire où il évoluait jusque-là, slalomant entre les troncs d'arbre. De mon côté, je ne suis pas non plus tirée d'affaires. La navigation sur ces eaux poisseuses prend un temps faramineux, avec le risque qu'à tout moment, une bulle me fasse chavirer et basculer dans les flots sirupeux."
2ed0e328-1ae2-415e-9f9d-9bb9111b60ca,ALT_ALIZE_B_AX_03_C,Hero,"Subhash & Marmo",,"Les possibilités sont toujours infinies, même dans un monde aux ressources limitées. Tout dépend de la façon dont on choisit de les dépenser.",,,"392 AC - Je tends la main et saisis la clé à molette que Marmo tient dans sa gueule. Je resserre le dernier boulon en maugréant avant d'essuyer mes doigts plein de bave sur ma combinaison. Ok, l'heure de vérité. J'enclenche ma pile kélonique, et mon antenne dorsale se met à vrombir. Tout semble fonctionner comme sur des roulettes. Mon Alter Ego aboie, et je farfouille dans ma besace pour en tirer une friandise en forme de nonosse, avant de la lancer dans sa direction. Il a bien mérité une petite récompense. Tandis qu'il la mâchonne en grognant de plaisir, je réajuste mon casque sur ma tête, m'assurant bien de son étanchéité. En combinant mon Construct, j'appelle à moi une lampe torche, et darde sa lumière vers l'entrée de la caverne. Bon, il est temps de vérifier s'il y a du foutu Kélon dans ces boyaux. Et y a intérêt, j'en ai un peu marre de rentrer bredouille.

Alors que j'entre dans la grotte, je ne peux m'empêcher de la comparer à une gueule qui cherche à me dévorer. Franchement, j'ai pas envie de finir comme un biscuit de Marmo, broyé entre deux maxillaires. Devant moi, les effluves rosées du Tumulte s'écartent comme deux rideaux, chassés par les ondes de mon antenne. Marmo, quant à lui, gambade fièrement, nullement affecté par la brume ondoyante. Il s'en gave même à foison, tandis que je sens le Mana s'insuffler en lui comme une batterie en cours de charge. Je pianote sur mon Construct, matérialisant devant moi un Élémentaire de Kélon. L’axolotl apparaît, se met à humer l'air. S'il y a du Kélon dans les parages, il devrait réagir. Il devrait... Je le vois soudain s'élancer en avant. Ah ! Bingo. Je me mets à marcher à sa suite, saisissant ma pioche kélonique. Alors que je l'enclenche, le cylindre de Kélon qui l'alimente se met à pulser d'une lueur bleutée, maculant la cavité d'un éclat mauve."
4ec2229e-9fcc-400d-8799-c5ea7f2f7cc8,ALT_ALIZE_B_AX_31_C,Token,Brassbug,"393 AC","01010011 01100011 01100001 01110010 01100001 01100010 01101111 01110100 01110011 00101100 00100000 01110010 01100001 01110011 01110011 01100101 01101101 01100010 01101100 01100101 01101101 01100101 01101110 01110100 00100000 00100001",,"TEMERA SINGH","Hiiiiiiiiiiiii. Hiiiiiiiiiiiii. Le signal de détresse hurle une dernière fois à travers le pont, et je fais signe au timonier de faire voile vers la source du danger. L'Ouroboros se met en branle, et son anneau se met à tournoyer tandis que je demande à mon quartier-maître de quels effectifs nous disposons en plus des fantassins du Tagmata. Je peste intérieurement, mais ne laisse rien paraître en écoutant mon intendant. À cause de tous les troubles causés par les Belisenki, nos contingents sont déjà fortement dispersés. Je sais que nous pouvons compter sur une Compagnie Bravos, à peine revenue d'expédition, pour servir de force d'intervention. Mais à elle seule, elle ne pourra pas forcément couvrir toute la zone de recherche, surtout que l'avalanche semble avoir dévalé loin dans la vallée. Si je peux aussi déployer quelques secouristes supplémentaires, il nous faudra bien plus pour espérer retrouver d'éventuels survivants...

Aller chercher une autre troupe prendrait bien trop de temps... De quelles ressources dispose-t-on ? Oui, peut-être... Je me tourne soudain vers mon mécanicien en chef, et lui demande combien de Scarabots l'Ouroboros accueille en son sein. Sa réponse vient me conforter dans mon idée, même si elle est des plus saugrenues. Parachuter une nuée de Scarabots depuis la baie principale... Ce n'est peut-être pas la manœuvre la plus élégante, mais le temps presse. Je donne mes ordres à mon second. S'il les trouve farfelus, il n'en fait pas la remarque. Nous traversons les nuages, et virons en direction du col enneigé. Nous serons en position dans moins d'une minute, mais je sais que chaque seconde compte si nous souhaitons trouver des rescapés. On m'informe que tous les Scarabots ont été réunis dans le hangar principal. Il ne reste plus qu'à croiser les doigts pour que cette stratégie s'avère payante, et à contempler un largage de Scarabots, comme une pluie d'étoiles filantes.."
bcb48066-ae0f-4f39-b411-85bc2275651c,ALT_ALIZE_B_AX_32_C,Character,"The Machine in the Ice","393 AC","Une relique abandonnée par ceux qui nous ont précédés.",,SUBHASH,"Je me pose bien loin des autres ingénieurs, mon sandwich à la main. Bien entendu, j'en coupe une moitié pour la donner à Marmo, qui ne se serait pas contenté d'un simple petit bout. Et comme à son habitude, il l'engloutit avant que j'aie eu le temps d'avaler ma première bouchée. En contrebas, dans la semi-obscurité de la gorge, les énergéticiens sont en train de vérifier les dernières connectiques. Ça a été tout un tintouin pour adapter notre matos à la technologie du colosse, et même comme ça, il vaut mieux garder un petit périmètre de sécurité, juste au cas où ça pète, ou pire, que la machine se mette réellement en route. Est-ce que c'est ça, la technologie des Anciens ? Est-ce que ça date vraiment d'avant la Confluence ? Je suis pas historien, donc c'est pas à moi de répondre à la question, mais ça veut pas dire que je suis pas un minimum intrigué.

Tout ce que je sais, c'est que le titan n'utilise pas du Kélon pour fonctionner. Sierra et Treyst ont eu tout le loisir d'étudier une petite relique inerte, pour comprendre comment cette techno pouvait bien marcher. Et quand moi et les gars, on a exhumé de la glace des cartouches de liquide jaune comme le miel, les deux jeunots ont presque sauté au plafond. Est-ce du Kélon solaire ? Un bout de tomate tombe sur mon manteau, et je peste tandis que Marmo l'attrape au vol. Alors que j'essuie la tache sur mon anorak, j'entends les énergéticiens activer les pompes et ouvrir les valves. Je vois le liquide ambré glisser dans les tubes, s'insinuer sous la glace... Un technicien est en train de récupérer les données des sondes. Marmo se met à aboyer, tandis qu'il commence à ressentir une vibration dans le sol, et au sein de la paroi gelée. Soudain, la glace se fendille.."
6c385183-5090-4017-b02e-e91e13f382d4,ALT_ALIZE_B_AX_33_C,Character,"Rocket Puffin","393 AC","Il s'envole vers d'autres cieux !",,SUBHASH,"Une brume épaisse a commencé à souffler sur le lac, et on y voit désormais que dalle. Marmo est en permanence scotché aux basques de la jeune Lyra, jouant avec elle, et s'assurant que rien de fâcheux ne lui arrive plus. Et je pense pas que ça dérange la petite fille. Mais il va bien falloir qu'on retrouve sa petite caravane si on veut qu'elle regagne sa famille. Bon, pas le choix. Je sors de son étui mon Construct et me mets à réagencer ses touches. Un petit macareux aussi mignon que frêle apparaît devant moi, agitant les ailes. Mais il a endossé le réacteur dorsal d'Icare, et je compte bien le propulser loin au-dessus des nuages pour qu'il puisse nous dire ce qu'il voit, et surtout vers où aller. Il se met à sautiller sur la banquise, à battre des ailes frénétiquement et de manière un peu pataude. C'est surtout ses roquettes qui vont lui permettre de s'élever...

Il prend un peu de vitesse, et soudain, tandis que ses réacteurs s'enclenchent et viennent vitrifier la glace derrière lui, le petit oiseau bondit dans le ciel en transperçant les nappes de brouillard. Il laisse dans son sillage un nuage de vapeur, et je le retrouve loin là-haut, en train de s'élever comme une fusée. À cette hauteur, il devrait rapidement pouvoir déceler la présence d'une procession Lyra, et aussi trouver la direction du Cais Adarra... Je souris. Marmo m'apporte le moniteur portatif avant même que je le lui demande. Sur l'écran, je peux voir les premiers relevés topographiques que le macareux est en train de nous envoyer depuis sa position. La carte est sommaire, mais je distingue clairement les dénivelés, les anfractuosités... Là, un cortège humain. Probablement des gens du Clan de la petiote. Je soupire de soulagement. Mais quelque chose d'autre attire immédiatement mon attention. On dirait une gigantesque entaille qui traverse le lac gelé, comme une immense balafre. Un canyon.."
be4aa41c-4ae4-468d-b67c-6e6a4ea52195,ALT_ALIZE_B_AX_34_C,Character,"The Little Match Girl","393 AC","Quand on est seul dans le froid, un peu de lumière fait chaud au cœur.","La Petite Fille aux Allumettes est un conte danois écrit par Hans Christian Andersen. Dans cette histoire, luttant contre le froid glacial de l'hiver la veille du Nouvel An, une petite fille sans le sou arpente les rues pour vendre des boîtes d'allumettes, mais aucun passant n'est intéressé. N'osant pas rentrer à la maison, où elle est maltraitée par son père, elle se réfugie dans une ruelle et se réchauffe à la simple chaleur de ses allumettes. Quand elle en frotte une, une hallucination lui fait vivre quelque chose dont elle est privée mais à laquelle elle aspire : la chaleur de l'âtre, des mets succulents, et la présence de sa grand-mère, récemment décédée... Au matin, des badauds découvrent son corps sans vie, mais avec un sourire aux lèvres.",SUBHASH,"Je m'assieds lourdement à côté de la jeune Lyra, qui a revêtu les quelques habits de rechange qu'on a pu lui trouver. Sa doudoune verte et rose, détrempée, est étendue au-dessus du feu, et peine à dégeler. Je pose autour d'elle une autre couverture, et frictionne ses épaules. Si ses cheveux noirs sont déjà secs, son teint est encore livide après son immersion prolongée sous la banquise. Le moins qu'on puisse dire, c'est qu'elle a eu de la chance qu'on passe par là. Vu les marques présentes sur le lac gelé, c'est probablement le passage de nombreux traîneaux qui a fragilisé la couche de glace. C'était qu'une question de temps avant qu'elle cède sous le poids de quelqu'un. Je remarque qu'elle n'a pas touché à son chocolat chaud, et que de petites larmes se cristallisent au coin de ses yeux. Elle doit encore être traumatisée par son expérience récente... Et y'a de quoi. Elle est pas passée loin de la catastrophe, la petiote.

Marmo jappe à côté de moi et couine dans mon esprit. Oui, oui, j'ai compris. On va tenter de la divertir un peu. Je souffle en faisant le vide dans ma tête, et convoque à travers mon Construct l'idée de la Petite Fille aux Allumettes. Dans mon esprit, elle doit avoir son âge, ou peut-être même un peu moins... Elle apparaît soudain, avec ses cheveux roux incandescents, et s'assied en tailleur sur la neige en me jetant un petit regard complice. La jeune Lyra la fixe de ses grands yeux alors qu'elle sort de sa petite malle une boîte d'allumettes, qu'elle ouvre délicatement. Une première allumette racle contre le phosphore, projetant des étincelles puis une flamme sifflante. Une autre... À chacune d'entre elles qui s'embrase, un petit insecte robotique jaillit du feu : papillon ou luciole de métal. Je souris. Durant ces brefs intermèdes, la jeune rescapée ne semble plus penser au froid."
fee9e0e6-ecca-4db3-87ac-c8e409e03578,ALT_ALIZE_B_AX_35_C,Character,"Vaike, Energy Pioneer","393 AC","L'énergie et la persévérance surmontent tous les obstacles.",,TREYST,"Vaike Swiftwater... Elle mène la procession à travers le col enneigé, usant de temps à autre de son canon à chaleur pour faire fondre le parterre de neige devant elle. Le ciel s'est couvert, et une bise incommode s'est mise à souffler. C'était étrange de voir son Eidolon ici, dans des paysages glacés, et non au sein de l'Athanor. En quelques décennies, tout Asgartha, et quasi toutes les technologies Axiom ont été converties à la source d'énergie qu'elle avait réussi à domestiquer. Quelque part, je lui devais aussi l'usage partiel de mes jambes... Elle lève le bras pour protéger son visage des lourds flocons qui tombent du ciel. D'un geste du poignet, Vaike active son canon à air chaud, sublimant la glace pour préparer le passage des véhicules. Il n'avait pas été difficile, avec son aide, de convertir le simple radiateur kélonique qui nous avait été envoyé en un projecteur de chaleur bien plus utile.

Lorsque la météo redeviendra plus clémente, et l'environnement plus praticable que maintenant, je matérialiserai peut-être un aéronef pour finir le voyage, même si l'idée ne m'enchante guère. Je me concentre pour ressentir la direction vers laquelle est parti Rossum. Mais avant que je n'arrive à me connecter à lui, j'entends soudain un éclat de voix me parvenir. Je prête l'oreille, et l'entends de nouveau malgré le sifflement continu du vent. C'est un appel à l'aide. J'étrécis les yeux, et essuie mes lunettes qui se couvrent par intermittence de buée. Ça provient du lac qui se déploie devant nous, glacé et battu par le blizzard. Il y a quelques silhouettes sur la glace. Je fais signe à Vaike, qui accroît l'intensité de son canon. Je vois aussi Bash se précipiter. Il a raison, il n'y a pas de temps à perdre"
30896179-bbb8-46a4-92cd-ebc2aadd0f2e,ALT_ALIZE_B_AX_36_C,Character,"Walrus Scout","393 AC","-.-. .. -... .-.. . / . -. / ...- ..- .",,SUBHASH,"Allez, plus vite que ça, Bash. Plus vite ! Mes cuisses me font mal tandis que je cours dans la poudreuse, et après presque une journée complète de marche forcée, qui plus est. Je me précipite sur la glace fendillée, qui continue d'émettre des craquements pas très rassurants. Je grommelle en dérapant sur la surface du lac et, en jetant un coup d'œil derrière moi, je vois que Treyst s'est arrêté sur la berge. Pas question que son gros bestiau métallique mette le pied sur la banquise. Non. Ce serait clairement pas une bonne idée. En m'aidant de mes mains, je glisse plus que je marche jusqu'au trou béant qui s'est ouvert dans la glace. Mon cœur se serre tandis que je scrute les ondées huileuses et l'obscurité insondable qui est tapie en dessous. Une jeune femme, chaussée de patins à glace, m'explique ce qui s'est passé. Enfant. Tombée. Disparue... Je serre les dents. J'ai pas besoin qu'on me fasse un dessin.

Marmo, qui tourne autour de l'ouverture, attend que je l'assiste. J'acquiesce et, en pianotant sur mon Construct, l'enveloppe d'une gangue de chaleur. Je le vois plonger. Je ferme les yeux pour voir à travers ses sens, et commence à percevoir un nuage de bulles qui remonte vers la surface. Mon Alter Ego se tourne d'un côté puis de l'autre, mais ne voit que des ténèbres. On va avoir besoin d'aide... Mes doigts combinent et recombinent les touches du Construct et, soudain, un morse jaillit juste à côté de mon chien, équipé d'un sonar et tout ce qu'il faut pour localiser la petite fille. Par le biais de mon appareil, je lui envoie des consignes, et je le vois plonger vers les profondeurs. En usant de son écholocalisation, l'animal sonde les eaux glacées. Allez, le temps presse, chaque seconde compte.."
50400f99-6038-4315-8c54-f6920b1a5c43,ALT_ALIZE_B_AX_37_C,Character,"Daring Porter","393 AC","Il faut bien que quelqu'un endosse le poids des responsabilités.",,TREYST,"J'ai pris de l'avance en quittant la taïga, tirant profit de mon araignée mécanique pour escalader la paroi vertigineuse. Ses pattes ont percé la roche pour s'y fixer, rendant l'ascension jusqu'ici presque aisée. Je soupire et masse mes cuisses pour faire circuler mon sang dans mes jambes. Pendant quelques instants, alors que je contemple les paysages en contrebas, je me revois aux côtés de Paju, lors de notre baptême de l'air, alors qu'on regardait à travers la baie vitrée pour contempler du ciel toute l'étendue d'Arkaster. Rossum pose une main sur mon épaule. Bien sûr qu'il sent mon trouble et mon émotion. Fen lui a mis l'une de ses écharpes autour de son cou, et lui a appris à enfiler des moufles. Je ne peux m'empêcher de pouffer en voyant son accoutrement, et notamment son cache-oreilles en moumoute. Ma Chimère tourne soudain la tête vers la falaise, intriguée, et scrute ce qui se trouve sous nous.

Je me retourne comme je peux pour moi aussi regarder en bas, même si ça me fait un mal de chien. Rattachée à une corde, je vois une porteuse escalader la muraille naturelle. Grâce à ses crampons, elle se balance de corniche en saillie avec une facilité déconcertante. Elle se hisse, utilisant son piolet et son grappin avec une dextérité virtuose. Je n'ai que peu eu l'occasion de voir des porteurs de Svarograd en chair et en os, et jamais jusque-là en action. Et je dois dire que leur réputation n'est pas usurpée. Même encombrée d'un lourd paquetage, celle-ci se déplace sans l'once d'une hésitation. Il n'y avait rien de surprenant, cependant. Toute sa vie, elle avait dû être habituée à monter de lourdes charges jusqu'aux hauteurs de l'île volante d'Enosha. Eh bien... moi qui pensais avoir un peu d'avance, je dois dire que je me suis bien fourvoyé"
50f9e05e-3d63-4ab3-a7c1-1402fdff8e71,ALT_ALIZE_B_AX_38_C,Character,"Flawed Prototype","393 AC","« Si on pouvait remplacer les pièces manquantes, on pourrait le faire fonctionner... »",,SIERRA,"Humpf. Je dépose la lourde caisse, remplie de bric et de broc, et secoue les mains pour en chasser la douleur de l'effort. Puis je me redresse et souffle longuement, massant mon cou endolori. Pas facile de travailler avec le froid ambiant, et seule, qui plus est... Autour de moi, les Scarabots vont et viennent, escaladant la carcasse de mon malchanceux Automate. J'y ai mis toute mon âme, mais j'aurais dû anticiper qu'il ne serait pas dans son élément dans les étendues enneigées. Après un malheureux faux pas, je l'ai vu dégringoler dans le défilé comme un pantin désarticulé, avant de se fracasser plusieurs dizaines de mètres en contrebas. Je n'ai pas osé l'abandonner là, même si ça veut dire perdre un temps précieux. Et il est aussi hors de question de taper dans les stocks pour le réparer. Alors tout ce que je peux faire, c'est rassembler tous les bouts de ferraille mis au rebut pour essayer d'en tirer quelque chose.

Allez, encore quelques efforts. Des gerbes d'étincelles grésillent alors qu'un Scarabot soude le nouveau plastron de mon prototype robotique. On l'a récupéré sur un vieux Brouilleur blindé, tout comme son épaulette. Mais le plus compliqué sera de lui fabriquer une nouvelle jambe. Certes, il n'aura pas une démarche gracieuse, mais une claudication inélégante suffira si ça veut dire parvenir à lui faire regagner le campement. Je soupire et passe une main sur sa carlingue abîmée. Allez vieux père, je te promets de te perfectionner dès que je le pourrai, mais pour ça, il va falloir que tu m'aides un peu en retour. L'Automate se met à faire bouger ses orteils, levant soudain la tête. Je me permets un sourire et tapote son exosquelette comme pour l'encourager. Je m'écarte alors qu'il tente maladroitement de se relever. C'est bien. Et quand on aura fini tes réparations, je te promets de te trouver un nom qui te convient.."
57c176a4-4b05-4f48-ad4b-5a7232a1e2e5,ALT_ALIZE_B_AX_39_C,Character,Vishvakarma,"393 AC","Si concevoir est un poème, construire est un acte d'éloquence.","Considéré comme l'architecte et l'ingénieur en chef de l'univers, Vishvakarma est le dieu hindou des artisans et des constructeurs. Bâtisseur du palais des devas, il forge aussi leurs chars et leurs armes, dont le Sharanga et le Pinaka, les deux arcs qu'il offre respectivement à Vishnu et Shiva. Si ses créations sont pour la plupart concrètes, on dit que son regard perçant va bien plus loin que la matière, et scrute les mécanismes abstraits qui sous-tendent la réalité.
",SIERRA,"Je frissonne, repensant aux dures températures de la Fonderie. Ici, au sein du Storhvit, on est à mille lieues de cette fournaise. Ils sont loin, le rouge des flammes et la clameur des machines. Ici, tout est blanc et silencieux. Je m'emmitoufle dans mon manteau rembourré et m'agenouille sur la carlingue du Recycleur endommagé. En passant sous une corniche verglacée, ses vibrations ont fait tomber des stalagmites de glace ainsi que de lourdes caillasses. Heureusement, d'après ce que je vois, l'essentiel des dommages n'est que superficiel. Quelques travaux, un coup de peinture et il sera prêt à repartir. Pour autant, je ne sais pas si c'est sage. Le contremaître a beau avoir donné ses consignes, je ne suis pas sûre que le véhicule survivra à l'ascension du col. De plus, ses épaisses chenilles ont du mal à naviguer correctement sur la neige, surtout à cette altitude, où les couches de neige s'entassent jour après jour.

Je regarde le ciel, encore dénué de nuages. Avant toute chose, il va falloir effectuer les opérations de maintenance tant que le climat le permet. Je sors mon Construct de ma gibecière et me mets à le reconfigurer. Même si l'opération que je prévois nécessitera un peu plus de Kélon qu'une réparation ordinaire, le gain de temps sera loin d'être négligeable. À côté de moi, la silhouette de Vishvakarma se matérialise, et le dieu ouvre les yeux tandis que ses bras se déploient. Nul autre que lui saura travailler plus efficacement sur le blindé. Un mince sourire sur les lèvres, il s'assied en tailleur et fait apparaître ses outils dans ses bras robotiques et démesurés. Avec ses deux paires de bras, le Recycleur est entre de bonnes mains. La divinité invoque un plan de montage et le parcourt du regard presque distraitement. Puis elle se remet au travail, faisant pleuvoir autour d'elle des panaches d'étincelles."
2322ea08-55c1-4a01-9b99-c312774b063a,ALT_ALIZE_B_AX_40_C,Character,Gibil,"393 AC","Une symphonie naît de deux notes, un feu d'une étincelle, et un chef-d'œuvre de deux gouttes de métal.","Dieu mésopotamien de tout ce qui touche au feu, Gibil représente à la fois ses aspects positifs (source de chaleur et de lumière) et négatifs (destructeur et vorace). La divinité est le patron tutélaire des forgerons et des métallurgistes, et au-delà de ce rôle, a une fonction purificatrice. Mais attention à son courroux. On disait que les éclairs étaient les signes de la colère de Gibil, quand ils frappaient la terre et les champs, ou embrasaient les maisons. Son symbole est la torche, que l'on peut brandir la nuit pour s'éclairer, ou chasser les mauvais esprits.
",SIERRA,"Je cligne des yeux et essuie mon front dégoulinant de sueur tellement la fournaise est implacable. Ma respiration est hachée, et je me verse un baquet d'eau tiède sur la tête pour essayer de supporter un peu plus la chaleur. Non loin du métal en fusion, je vois Gibil en train de capter une projection de lave. Il la ramène vers lui en la faisant dériver dans l'air, la soupesant du regard pour en scruter les défauts et les impuretés. Alors que l'eau dont je me suis aspergée fume autour de moi, un ouvrier me frotte les cheveux pour me féliciter de mon endurance. Je lui rends son sourire et saisis les bacs de silice pour les rapprocher du dieu en plein ouvrage. Luttant pour garder les yeux ouverts face aux courants d'air caniculaire, je dépose les seaux et me remets en retrait, lorsque du coin de l'œil, je vois un Scarabot défaillir. Je me rapproche et le vois s'affaisser, vidé de toute énergie. Je vérifie son cylindre de Kélon et remarque qu'il est encore presque plein.

Je passe une main sur sa tête, comprenant qu'il est en fin de vie. Bientôt, certains de ses congénères vont venir le chercher pour le recycler, et en refaçonner peut-être un nouveau, même si je ne suis pas très au fait de leur cycle de vie naturel. Derrière moi, j'entends le grondement de la voix de Gibil, qui exige de nouveau qu'on lui apporte de quoi faire fondre et de quoi forger. Ses yeux incandescents se tournent vers moi et la petite forme qui est en train de lutter à mes pieds. C'est alors que d'un geste de la main, il rapproche le Scarabot de lui. D'une simple pression de sa volonté, le dieu désassemble la petite créature robotique. Puis en utilisant un arc de lave, qu'il pétrie et sculpte, il crée un nouveau châssis, une aile et de nouvelles pièces pour le Scarabot. Une fois celui-ci revitalisé, Gibil le dépose dans le creux de mes bras, comme s'il me demandait d'en prendre soin désormais..."
f6e0fc48-885d-4976-bb41-cbef64e6a2f9,ALT_ALIZE_B_AX_41_C,Spell,"Frozen Delivery","393 AC","De précieuses ressources. Si seulement le couvercle n'était pas gelé...",,TREYST,"Je lève les yeux au ciel et vois un, puis deux paquetages être droppés du zeppelin. Les deux parachutes s'ouvrent tour à tour, et chutent en direction du point de largage, situé à quelques centaines de mètres de notre localisation. J'observe les voiles gonflées dériver dans l'air, ainsi que les caisses scellées qu'elles transportent. L'une porte le logo de Cornucoopia, ce qui veut dire que ce sont des vivres. L'autre emblème est celui de notre Faction, avec probablement du matos technique pour remplacer celui que nous avons déjà usé jusqu'à la moelle durant notre voyage. C'est pas trop tôt. Je tends les jumelles à Rossum, qui se met à les scruter à son tour. Les premiers jours, il avait adoré marcher dans la neige, jusqu'à ce qu'il se rende compte que l'humidité ambiante lui causait de petits dysfonctionnements. Désormais, il passe plus de temps cramponné à mon véhicule, pour éviter de se mouiller les jointures.

Bon, faut pas trop se rouler les pouces. Il convient même de se presser, avant que le froid ne vienne gripper tout ce matériel flambant neuf. J'appuie sur le bouton d'activation de mon araignée, qui s'ébroue. Ses pattes se mettent à tressaillir. D'une poussée, l'habitacle se surélève, et j'enclenche le levier pour nous mettre en route. À chaque pas, les pattes sondent le sol, et une fois sa résistance bien établie, se décident enfin à y poser le poids entier de la carlingue. C'est long et laborieux, mais tomber dans une crevasse n'est pas quelque chose que je peux vraiment me permettre. Déjà, au loin, dans la clairière qui a été définie comme zone de ravitaillement, les caisses métalliques luisent d'un éclat vert. Maintenant que je les ai en visuel, je désactive à distance les balises qui nous permettent aisément de les retrouver. Alors, Rossum, qu'est-ce que tu penses que le Père Noël nous a envoyé cette fois-ci ? Pour toute réponse, il hausse les épaules"
679d3d8d-8cd1-4630-a46a-69f682f6cfdc,ALT_ALIZE_B_AX_42_C,Spell,Avalanche,"393 AC","Aucun des flocons ne se sent personnellement coupable de l'avalanche.",,SIERRA,"J'écarquille les yeux en regardant par-dessus la corniche. La nappe de neige s'est brisée en mille morceaux sur les rochers, provoquant une réaction en chaîne incontrôlable. Si le Recycleur et ses pilotes sont désormais hors de danger, on ne peut pas en dire autant des soldats Ordis qui ferment la marche de notre cortège. La neige torrentielle, en martelant les crêtes, a détaché de nombreux blocs de glace, qui à leur tour se mettent à chuter vers le fond de la vallée. Il faut faire quelque chose. Oddball. Ma Chimère s'est déjà élancée, avant même que je ne lui fasse signe. Je la vois descendre à toute berzingue, slalomant entre les éboulis, les panaches furieux de poudreuse et les éclats de glace aussi coupants que du silex. Telle une brume mortelle, l'avalanche ensevelit les recrues de l'Aegis, les happant comme une houle affamée déferle sur la grève. Je serre les dents.

À chaque corps qui disparaît sous la neige hurlante, mon Alter Ego largue une balise dans une tentative désespérée de les localiser avec plus de précision une fois la vague tarie. Je ne les vois plus de là où je suis, seulement un nuage qui emplit la vallée. Mais à travers les capteurs de mon compagnon, je perçois une scène totalement différente. Des trombes de neige se meuvent encore au ralenti, s'amassant sur les contreforts rocheux. Des soldats hébétés gesticulent pour sortir de la neige... Il nous faut de l'aide, et immédiatement, si on veut pouvoir les sortir de là. En réaction à ma pensée, Oddball commence à émettre un signal de détresse sur tous les canaux officiels. Avec un peu de chance, d'autres équipes ne sont pas très loin et pourront répondre à notre demande d'assistance. Mais je ne vais pas me tourner les pouces pour autant. En usant de l'Altération, je fais de mes prothèses de petites patinettes. Et sans attendre, je m'élance"
b3dc814f-98d9-4f29-a091-0e773a794e14,ALT_ALIZE_B_AX_43_C,EXPEDITION_PERMANENT,"Kelon Heater","393 AC","Un peu de chaleur suffit à égayer une journée glaciale.",,TREYST,"Avec la tombée de la nuit, les températures ont chuté à une vitesse folle. Mon araignée mécanique continue d'avancer, mais je sens que ses mouvements sont moins fluides, comme si ses pattes s'encrassaient et s'alourdissaient petit à petit. Pas la peine de faire un dessin. C'est bien sûr la glace qui s'insinue partout, dans sa carcasse, dans ses articulations... J'aurais dû la winteriser davantage. Heureusement, on arrive au campement, et je vais pouvoir m'atteler aux opérations de maintenance. Mais le soulagement est de courte durée. Rossum me bipe une alerte, et je devine la situation d'un simple coup d'œil. Je vois mes compagnons grelotter, transis de froid. On aurait dû se presser plus que ça. Je peste. Culpabiliser n'arrangera rien. J'enclenche mon exosquelette, qui grésille. Il a du mal à démarrer, lui aussi. Dès que je sens les connexions s'effectuer, je tape du pied, fais se mouvoir les jointures pour en chasser la glace.

Je descends de mon véhicule et me dirige vers les caisses que je suis allé chercher. J'en ouvre une, et farfouille à l'intérieur. Rien d'intéressant. Je maugrée et passe à la suivante. Mon cœur fait un bond quand je dévoile un radiateur kélonique. Pile ce dont on a besoin. Je hisse l'appareil sur mon épaule et avance vers le groupe d'ingénieurs. Agglutinés autour d'un feu, ils tremblent de tous leurs membres. Leurs lèvres sont bleues, leurs vêtements sont raidis par le froid. Je pose le radiateur sur le sol et tourne le bouton d'activation jusqu'à son maximum. La résistance en spirale se met à rougeoyer, irradiant une douce chaleur et faisant se liquéfier la neige alentour. De petites gouttelettes se mettent à tomber de leurs combinaisons, dont la glace se met enfin à fondre. D'autres ouvriers s'approchent pour se réchauffer, et je surprends le signe de tête reconnaissant de l'un d'entre eux. Les remerciements viendront plus tard, quand ils auront fini de claquer des dents.."
d97ca8a3-62fb-4280-a4a6-b28e0c2e0c18,ALT_ALIZE_B_AX_44_C,Character,"Lord Kelvin","393 AC","« Quand on rencontre une difficulté, on est face à une découverte. »","William Thomson, anobli 1er Baron Kelvin en 1892, était un mathématicien, physicien et ingénieur britannique d'origine irlandaise. Spécialisé en thermodynamique, il a été le premier à calculer avec exactitude la température du zéro absolu, soit la température théorique la plus basse possible. Mais les contributions de Sir Thomson dépassent le seul cadre des études thermiques. Il a participé à la conception de systèmes télégraphiques sous-marins et aux expéditions pour disposer ces câbles sous la mer ; formulé des hypothèses sur la nature des atomes, en proposant qu'ils puissent être des vortex d'éther...",SUBHASH,"""Le froid n'existait pas, à l'époque. Le froid était une absence de chaleur, comme l'obscurité était une absence de lumière."" Je médite les mots de Bill en essayant de conceptualiser ce qu'il a essayé de me partager. Désormais, le froid et les ténèbres existaient en tant que tels. C'était compliqué de s'imaginer un monde où ce n'était pas le cas... Je souffle en scrutant les crêtes enneigées, et une plume de vapeur jaillit de ma bouche pour se dissiper dans les airs. Si j'ai été soulagé de quitter la noirceur bleutée du canyon, la bise qui souffle à l'extérieur n'est pas loin de me faire regretter la décision de sortir à l'air libre. Devant moi, tout absorbé qu'il est, Bill continue ses expérimentations sur la nature du froid. Je le vois geler des petits mushs qui n'ont rien demandé, avant de peu à peu les libérer de leurs prisons de glace.

Même si je n'ai pas tout compris à ses élucubrations, Bill m'a dit que le froid ici était généré par quelque chose, qu'il était artificiel. Normalement, une Oasis se crée autour d'une idée forte ancrée dans un lieu, et il avait été admis que l'idée du froid était suffisamment forte ici pour servir de repoussoir pour les autres idées charriées par le Tumulte... Mais ce que disait Bill, c'est que ce n'était pas un phénomène naturel, qu'un machin faisait que le froid restait bloqué ici. Si j'avais eu le choix, j'aurais préféré que cette idée soit celle de l'""agréabilité"" ou un truc dans le genre... Un truc qui fasse pas qu'on se caille les miches comme maintenant. Bill se caresse la barbe, à la fois pour réfléchir et pour chasser les cristaux de givre qui se sont formés dedans. Il me dévisage, perplexe, comme si quelque chose clochait ou ne tournait pas rond."
20244ad9-0f76-4d54-b38d-5e5d4e1987fb,ALT_ALIZE_B_AX_45_C,LANDMARK_PERMANENT,"Frozen Reprocessor","393 AC","Rien ne se crée, rien ne se perd... même dans le givre.",,SIERRA,"Même muni par Vishvakarma d'un chasse-neige avant, le Recycleur gravit la pente à une allure d'escargot, tandis que les Trois Petits Cochons l'aiguillent dans une direction puis une autre pour ne pas qu'il bascule dans le vide. Oddball tournoie autour du véhicule, clairement inquiet. Il piaille des avertissements stridents, et je le comprends : la manœuvre est plus que délicate... C'est un peu une folie d'avoir voulu emmener le blindé jusqu'ici, au détriment de la prudence. Mais d'un autre côté, je ne comprends que trop bien que le contremaître ait eu du mal à se séparer de cette ressource, et ait insisté pour qu'on l'emmène dans nos bagages coûte que coûte. Je serre les poings tandis que le Recycleur approche du bord de la corniche. Ses chenilles raclent la poudreuse, patinent sur la nappe de verglas. Il est à quelques centimètres seulement du vide... Le moindre faux pas, et ce pourrait être...

Je me mords les lèvres en voyant la corniche rocheuse se fissurer, tirant mon Construct de ma poche. Alors que la pierre se fendille, je pianote, et parviens à imposer sur la roche l'idée de la robustesse. Mais le procédé était bien trop précipité et malhabile. Tout ce que j'ai gagné, ce n'est qu'une poignée de secondes... Déjà, une nappe de neige se détache du rebord et cascade en contrebas, se brisant sur les rochers acérés avant de fondre comme un torrent dans la vallée encaissée. J'espère qu'il n'y a personne en bas. Mais je ne peux pas relâcher mon attention. Je matérialise des étais métalliques, des charpentes... toutes les idées que je peux jeter à la paroi en train de se craqueler. Dans le même temps, les pilotes du blindé font machine arrière pour se mettre à l'abri, ne se souciant plus du tout de s'ils vont heurter quelque chose. Loin sous moi, le sol est en train de gronder"
cb57fa37-c612-4bdf-9935-e6bc06f6b8b6,ALT_ALIZE_B_AX_46_C,LANDMARK_PERMANENT,"Cerulean Hollow","393 AC","Depuis les grottes et les crevasses, il geint et nous appelle.",,TREYST,"J'arrime mon araignée et descends difficilement sur la corniche. Un bref instant, probablement à cause du vent qui souffle le long de la falaise, je ressens du vertige, ce qui ne m'arrivait jamais, même quand j'étais dans l'habitacle d'un airship. La porteuse pose son barda et le harnache au sol avec des sangles. Puis elle vient me rejoindre à l'entrée de la caverne. Reste là, dis-je à Rossum, et il acquiesce, même si je sens qu'il est clairement inquiet. Je brandis une lanterne et me mets à illuminer l'intérieur de la grotte. Immédiatement, les parois se mettent à luire de mille feux. Gypse, glace et pyrite. Mais il y a une lumière qui provient des tréfonds de ces boyaux. Soudain, je vois un papillon voleter non loin de mon visage, et je fais un pas de côté. Je soupire et regarde en direction de la porteuse, mais elle ne semble pas vouloir se moquer de mon sursaut de frayeur.

Alors que nous descendons une pente humide, les parois s'illuminent d'une clarté éthérée. Même si je n'ai jamais visité le Kadigir, c'est l'image que je me fais du Magisterium, avec des points de lumière qui constellent les murs. De la bioluminescence... Est-ce du lichen ? Ou bien une autre forme de vie ? Nous visitons des cavités de plus en plus spacieuses, certaines si lumineuses que je n'ai même plus besoin de maintenir ma lanterne allumée. Je m'approche d'une colonne, qui s'élève au milieu d'un bosquet de stalagmites. En posant une main sur sa surface, je réalise qu'elle s'étire jusqu'à la voûte, et s'évase en branches, comme si c'était le tronc d'un arbre. J'écarquille les yeux face aux lueurs qui tapissent les parois et le plafond, comme des nuées de lucioles ou de feux follets... J'ai l'impression d'être dans un jardin ou un verger, mais uniquement faits de matières minérales. La porteuse pose une main sur mon bras, et me pointe l'eau qui couvre le sol de la caverne. Elle a raison, elle monte à vue d'œil.."
852cf7c6-a14e-47e6-b1ef-732f208cdd22,ALT_ALIZE_B_BR_01_C,Hero,"Kojo & Booda",,"Plus vite, encore plus vite ! C'est dans la course que notre feu s'exprime !",,,"392 AC - À petites foulées, je gravis la pente escarpée. Enfin, gravir est un bien grand mot. Je sais que je suis en train de monter le long de l'îlot flottant, mais le concept du haut et du bas, ça n'a aucun sens ici. De là où je suis, c'est comme si j'étais en train de courir sur du plat. Je lève les yeux. Au-dessus de ma tête, une autre île est suspendue dans les airs, à l'envers. J'y vois, tête-bêche, des troupeaux de yaks, ou quelque chose qui ressemble à des yaks, paître innocemment, avant que mon approche les fasse détaler. Avec un peu de chance... Grâce à l'Altération, je façonne à mes pieds un promontoire de roche. Il jaillit du sol et se projette vers l'autre île. Je me laisse emmener, ajustant mes appuis. Mais alors que j'approche de l'île inversée, je sens la gravité tournebouler, et m'attirer soudain vers le haut, qui devient en fait le bas.

Je saute et pirouette dans les airs, retombe sur l'autre versant en roulant dans les hautes herbes. Ok, si je continue le long de cet atoll, je devrais pouvoir atteindre ma destination. Mais avant de reprendre ma course, je toque à la porte de l'esprit de Booda. Lui aussi est sur une île similaire. Je sens le vent siffler à ses oreilles alors qu'il trace à travers les plaines drues du Pays Penché. Des yaks s'enfuient sur son passage, et il feule dans leur direction pour qu'ils s'écartent de sa route. Il est pas loin. Pas loin du tout. Et il est vibrant de Mana, celui qu'il a dérobé au Tumulte. Je souris. Dans quelques heures tout au plus, on va se retrouver. Je vais utiliser tout le Mana qu'il a collecté pour stabiliser la zone et la teinter des couleurs bravos. À moins qu'un autre Exalt y parvienne avant nous. Même pas en rêve. Je me remets à sprinter."
6999883c-ed0b-4bcb-9bbd-3f69f2857843,ALT_ALIZE_B_BR_03_C,Hero,"Basira & Kaizaimon",,"Seuls les méritants pourront atteindre, sous ma direction, la véritable transcendance.",,,"392 AC - Je contemple les eaux furieuses, tandis que le ressac m'asperge copieusement. L'eau chuinte au contact de ma peau, là où Kaizaimon serpente sinueusement, attendant patiemment qu'il soit l'heure de sortir de sa cachette. Dans l'obscurité spectrale, les flots rugissants frappent la falaise, tandis qu'un éclair zèbre le ciel déchaîné. Autour de moi, les autres combattants Bravos sont prostrés, dissimulés et aux aguets. Je les vois pester contre le froid et l'eau qui s'insinue profondément dans leurs vêtements, mais aucun ne moufte. Je souris. Ce ne sont pas deux ou trois gouttes qui nous feront chanceler ou trembler. Tout à coup, Kai se déverse hors de mon épiderme en un nuage rougeâtre, comme une brume de sang. Peu à peu, mon oni se solidifie, retrouvant son apparence originelle. Il se met à flotter au-dessus du promontoire où nous nous sommes réfugiés, en attendant de resserrer l'étau de notre embuscade.

Il observe le ciel, et j'en fais de même, juste à temps pour voir un griffon transpercer les nuages. Il se dirige vers la plage, Sigismar sur son dos. Ça veut dire qu'il n'est pas loin derrière. Je fais craquer mon cou et mes phalanges. Tout autour de moi, les autres guerriers s'étirent lentement. Certains font rouler leurs épaules, d'autres tirent leur lame hors de leur fourreau. Je me retourne vers eux pour les gratifier d'un sourire, et ils me le rendent. Oh, mais ce ne sont pas des sourires bienveillants, mais des rictus carnassiers. Et c'est tant mieux. Aujourd'hui, j'ai besoin  qu'ils soient des démons. Je hurle à leur attention, brandissant mon poing alors que l'ouragan fait rage. Ils rugissent en retour, certains faisant résonner leur arme sur leur bouclier. L'ennemi sera redoutable. L'adversité sera formidable. Mais c'était cela qui faisait vibrer les Bravos. Viens donc, Kraken ! Nous sommes prêts !"
279a1f9c-a459-44a4-ad8d-825c6f983edf,ALT_ALIZE_B_BR_31_C,Token,Booda,"393 AC","Combattre le froid par le feu.",,"KOJO
","Je sprinte pour couvrir les derniers mètres, et me propulse dans les airs en prenant appui sur un rocher. J'ai le sourire aux lèvres et je le sais, parce que Boo est pas loin. Je le sens. Tout proche. Et après des jours de séparation, ça va être cool de se rouler dans la neige avec lui. Hop, un petit peu de glisse, un petit salto pour la forme... Je me rends soudain compte que j'ai absolument pas pensé à ce que je vais faire avec le Mana que Boo est en train de me rapporter. Un autre parc aquatique comme celui des Lyra ? Non, un suffit largement. Une station de ski pour continuer à pratiquer ce que m'a appris Skadi ? Haha, si je fais ça, c'est sûr que je vais me faire détester. Arf, t'es plus un gamin, Kojo. Non, faut que je trouve quelque chose de plus pratique, quelque chose qui servira aux autres Bravos qui sont en train de me suivre. Soudain, je vois une traînée de feu filer à travers le col montagneux en propulsant un panache de vapeur derrière elle.

Booda ! Au fur et à mesure qu'il approche, il reprend l'apparence de panthère des neiges que je lui ai dit d'adopter. Sa crinière de flamme brûle de ouf, signe qu'il s'est gorgé de Mana comme il faut. Avec ça, je vais pouvoir bâtir un truc monumental ! Mais avant que je puisse mettre la touche finale sur ce que je veux faire, Boo me saute dans les bras, et on se percute de plein fouet. Il se met à jouer, à sautiller, à me mordiller les bottes. Et alors qu'on se roule dans la neige en train de fondre, je finis trempé. Je gratouille son pelage, et il se laisse tomber sur le dos, ses flammes faisant chuinter la flaque d'eau qui est en train de se former sous lui. Et quand je me relève, me demandant où a bien pu passer le Mana qu'il transportait, je vois une statue géante de moi en train de lever le pouce en l'air, dans le style de la statue de Rune près de laquelle on jouait avec les potes, quand on était enfants... Oups. Je crois même que les autres Bravos auraient préféré un centre aquatique à un mémorial à mon ego surdimensionné..."
30ed59cf-ecce-4bca-8bdd-a7fba78dadaf,ALT_ALIZE_B_BR_32_C,Character,"Fire Rabbit","393 AC","Le lapin le plus chaud de la région !","Un vieux conte bouddhiste raconte qu'un lapin et ses amis — un singe, une loutre et un chacal — décidèrent de pratiquer la charité. Voulant aider un mendiant affamé, le singe lui offrit des mangues et de l'eau, la loutre des poissons frais de la rivière, et le chacal une brochette de lézard grillé et un peu de lait caillé. Le lapin, n'ayant rien à lui offrir hormis des brins d'herbe, sauta de sa propre initiative dans le feu, afin d'offrir au voyageur sa propre chair. Mais, à sa grande surprise, les flammes ne le consumèrent pas, car le vieil homme était en réalité Sakra, venu tester leur altruisme. En récompense, le seigneur des devas dessina sur la lune son image, pour que tous sur terre puissent se souvenir de sa vertu.
","KOJO
","C'est quoi que disait le conte, déjà ? Rien ne sert de courir, il faut partir à point ? Déjà, j'ai jamais compris pourquoi le lièvre s'était dit qu'un petit somme pendant une course, c'était une bonne idée. Si j'avais fait ça en compet', je me serais pris une méchante dérouillée par Carmela dont je me souviendrais encore aujourd'hui. Ouais, OK, j'ai eu mon lot de dérouillées, j'avoue. Mais jamais parce que je suis allé faire la sieste en plein run. Tout ça pour dire que je voudrais bien que le lapin enflammé que je talonne se décide à piquer un roupillon. Mais non, il bondit et bondit de plus belle, sans que je puisse l'attraper. Mais c'est un peu le but, me donner une raison de speeder un bon coup. Qu'est-ce que Basira avait dit, déjà ? Ah oui, une carotte. Mais elle avait poliment décliné quand je lui avais demandé si elle pouvait m'entraîner, me disant juste que j'avais qu'à me mettre une carotte au bout du nez et continuer à foncer tête baissée.

Maintenant, quand j'y pense, je me dis que ça devait être une façon de se payer ma tête. Mais j'ai la tête dure et j'ai l'habitude qu'on me chambre, donc ça me passe au-dessus, mais genre loin. Donc je course un lapin enflammé et ça me va. Ça me permet de pas perdre la main. Je grommelle. Gul arrête pas de dire que j'ai tout dans les jambes, rien dans la tête ou dans les bras. Et le pire, c'est qu'elle a probablement raison. Ici, je vais avoir besoin de plus que mes guiboles, j'en ai que trop conscience. Faut que j'entraîne mes biscoteaux et surtout ma matière grise. Et ça passe d'abord par trouver un moyen d'intercepter ce satané bestiau à grandes oreilles. En faisant le tri dans mes pensées, je repense à ce vieux conte du singe, de la loutre, du chacal, du lapin et du vieil homme. Attendez, singe, renard, ours, peut-être ? Bref. J'en avais tiré la morale qu'il fallait se donner entièrement, et c'est ce que je m'étais évertué à faire toute ma vie."
14339ef2-630d-4219-bbfe-3db42e7379cb,ALT_ALIZE_B_BR_33_C,Character,Skadi,"393 AC","La vie est comme une pente, lente à monter, rapide à dévaler.","Skadi est une divinité du panthéon nordique. Déesse de l'hiver, de la montagne et de la chasse, elle est la fille du géant Thjazi et femme du dieu Njörd. Elle pourrait être à l'origine du nom Scandinavie qui signifierait peut-être ""île de Skadi"". À la mort de son père, tué par les dieux d'Asgard, elle prend les armes contre eux pour obtenir vengeance. Mais les Aesir, conscients de la justesse de sa cause, lui pardonnent sa rébellion et lui offrent de suffisantes réparations, allant même jusqu'à placer les yeux de Thjazi dans le ciel, sous la forme d'étoiles brillant dans le firmament.",KOJO,"Concentré sur la descente, je tente de transférer le poids de mon corps sur les skis au bon timing pour éviter les sapins qui se présentent à toute allure face à moi. Tandis que tout mon être est à la manœuvre pour pas entrer en collision, Skadi se permet de faire des acrobaties avec la nonchalance de l'experte. Aucun effort transpire de ses gestes. Elle glisse. Simplement. Naturellement. C'est énervant. Et un peu vexant. Je suis pourtant un as dans l'art du déplacement. Mais là, c'est trop pour moi. Je souffle, les mains crispées sur les bâtons. Elle tourne la tête vers moi, sans prêter attention aux obstacles en contrebas, et se paie le luxe de me montrer par l'exemple les gestes qu'elle veut que je fasse. Je vais pour lui répondre, quand je m'aperçois qu'un sapin est vraiment trop près de moi. Je dois planter le bâton en urgence pour changer de cap en catastrophe.

Elle rit et me gratifie d'un pouce vers le haut. Et la voilà qui s'envole, d'un bond. Fasciné, je la suis des yeux dans son ballet aérien gracieux. L'imbécile, j'ai pas anticipé la bosse qu'elle vient de prendre ! Je pars dans les airs, les membres en désordre, les jambes par-dessus la tête... Je retombe sans élégance dans une congère qui m'évite une chute trop douloureuse, mais mon ego, lui, a douillé sévère. L'Eidolon s'arrête en douceur à côté de moi, tandis que je lutte avec mes skis pour me relever. Elle secoue sa tête, faisant onduler sa longue natte de cheveux blancs. Fronçant le nez, elle attend patiemment que je sois debout pour me taquiner sur la figure que je viens d'exécuter. En secouant la neige sur mes vêtements, je cherche en vain une phrase à lui lancer. Mais non. Il vaut mieux faire profil bas. J'ai l'impression que même les bonhommes de neige autour du camp se paient ma fiole.

Source
Skadi est une divinité du panthéon nordique. Déesse de l'hiver, de la montagne et de la chasse, elle est la fille du géant Thjazi et femme du dieu Njörd. Elle pourrait être à l'origine du nom Scandinavie qui signifierait peut-être ""île de Skadi"". À la mort de son père, tué par les dieux d'Asgard, elle prend les armes contre eux pour obtenir vengeance. Mais les Aesir, conscients de la justesse de sa cause, lui pardonnent sa rébellion et lui offrent de suffisantes réparations, allant même jusqu'à placer les yeux de Thjazi dans le ciel, sous la forme d'étoiles brillant dans le firmamen"
ea597083-67b3-4ff8-afd4-17d7fa11d4cf,ALT_ALIZE_B_BR_34_C,Character,"Haven Seiringar","393 AC","Ceux qui ont beaucoup vécu ont beaucoup à transmettre.",,"BASIRA
","Je me souviens de Shahram, de sa voix explosive. Le vieux briscard s'était assis à côté de moi. Il avait posé une main calleuse sur mon épaule alors que j'étais en train de grelotter de froid, et de peur, dans l'habitacle de l'airship. Il s'était permis de plaisanter, de me raconter des blagues grivoises... et de me congratuler d'avoir tenu bon jusqu'à l'arrivée des secours, d'avoir survécu. Ce n'était pas ce que je voulais entendre, à l'époque. Ça m'avait noué le ventre. Il s'en était aperçu, bien sûr. Abandonnant un instant son air de coq, il m'avait enlacé, et dit — maladroitement, bien sûr — que ce n'était pas ma faute, que je n'avais pas à culpabiliser. L'intention était là. Et bizarrement, des décennies plus tard, c'est à lui que je me mets à repenser. En observant les troupes autour du feu, en train de se coller les unes aux autres pour tenter de se tenir chaud, je me dis qu'elles auraient bien besoin de ses fanfaronnades.

Instinctivement, son Eidolon est là parmi nous, en train de rire de nous voir si maussades. Il toise l'assistance, bombe le torse, assène de violentes tapes dans le dos des aventuriers prostrés. Il se met à raconter qu'en son temps, jamais aucun Bravos ne se serait laissé aller au désespoir. Les grommellements l'incitent à raconter ses inénarrables exploits, qu'il a soigneusement fait tatouer sur son biceps protubérant. Avec soin et emphase, il raconte la prise de Vedren, la déconfiture de Mezzaren... Si certains Bravos secouent la tête, d'autres écoutent, fascinés, les histoires de leur aîné, chargées de crânerie et d'exagérations. Mais alors que les protestations fusent, je me dis qu'il a atteint son objectif, ce vieux Seiringar. En échauffant les esprits, il réchauffe les corps, et ça aidera à endurer le froid... La dernière fois que je l'avais vu, il y a presque une décennie de ça, j'avais senti que ne pas avoir été choisi pour faire partie des Corps lui avait miné le moral. Le fait qu'il soit là en fin de compte, à travers moi, était peut-être l'hommage que je voulais lui rendre..."
df4ffd45-8282-4691-8747-2c7f9f3837c9,ALT_ALIZE_B_BR_35_C,Character,"Bravos Trailblazer","393 AC","« Ce sera un effort collectif ; ce devra être une entreprise commune ! »",,"BASIRA
","Je regarde autour de moi, et contemple l'étendue du désastre. La neige recouvre tout, presque à perte de vue. Il ne reste plus qu'un tapis blanc, là où les Altérateurs avaient façonné un chemin pour escalader le raidillon. Mais il n'y a pas de seconde à perdre, alors je me remets à chercher. J'enfonce ma sonde dans le manteau glacé, la sens s'enfoncer profondément. Puis je fais quelques pas et renouvelle l'opération. À nouveau, rien. Ça fait plus de cinq minutes qu'on est arrivés, dix que l'avalanche a eu lieu. Et les minutes continuent de défiler. Je transperce à nouveau l'épaisse couche de neige tassée, et sens soudain une résistance. J'ôte mon gant et siffle entre mes doigts. Presque immédiatement, Chaghagan arrive à mes côtés, une pelle à la main et ses lourds pas formant des sillons dans la neige. Je lui indique l'endroit où creuser, et continue la mission qui m'a été confiée.

La sonde s'enfonce encore et encore. Je remonte la pente, et jette parfois des coups d'œil furtifs en arrière. Chagha creuse. À quelques mètres au-dessus de nos têtes, l'Alter Ego de l'ingénieure Axiom pépie en tournant. Le temps semble suspendu, et en même temps, il s'écoule plus vite que les grains d'un sablier percé. Heureusement pour nous, il a pu larguer des balises pour nous indiquer grosso modo l'emplacement des victimes, sans quoi, elles auraient été condamnées d'avance. Chagha exhume enfin quelque chose. Un petit animal, semble-t-il, au poil blanc. Probablement une espèce endémique de la région. Je serre les dents pour m'empêcher de jurer. J'avais espéré tomber sur l'un des nôtres. Chaghagan attrape la bestiole qu'il a dégagée, en révélant une autre juste en dessous, qui s'ébroue. Je ne peux m'empêcher de sourire en apercevant sa tignasse rose, et me demande quel pari il a perdu pour devoir se les teindre de cette couleur..."
35fd92b8-5102-47dd-ad0e-0eb01136e40b,ALT_ALIZE_B_BR_36_C,Character,"Bravos Rescuer","393 AC","« Leurs rangs seront composés d'argonautes émérites, prêts à se confronter aux périls de l'inconnu ! »",,"BASIRA
","Même si je ne réduis pas l'allure, je remarque avec soulagement que de plus en plus de victimes de l'avalanche sont tirées de la neige par notre équipe d'intervention. Non loin de moi, Catriona est en train de faire appel à l'idée même de chaleur pour réchauffer une recrue Ordis. Je sens un courant d'air doux caresser mon visage, et me mets à rêver d'un lieu chaud où délasser mes muscles, comme j'ai vu ces satanés Lyra le faire pas plus tard qu'hier. Ha ! Je me sens soudain fourbue des efforts supplémentaires qu'on a dû fournir, à peine quelques heures après être revenus d'expédition. On n'a même pas eu le temps de se reposer ou de finir notre godet de soupe... Mais je ne regrette pas d'avoir répondu à l'appel, à la vue de toutes les personnes qu'on est en train de sauver. Clairement, ça mérite les quelques courbatures additionnelles qu'on va hériter de ce calvaire.

En observant la secouriste Bravos, je me demande où peut bien être sa petite sœur, Aoife. Peut-être a-t-elle été déployée sur le flanc ouest, pour assister ou guider la petite armée de Scarabots qui a été larguée depuis l'Ouroboros ? Ou est-elle restée à bord ? Là où Aoife est une aventurière aguerrie qui peut parfois se montrer un brin trop téméraire, Cat irradie quant à elle la douceur et la générosité. Et avec la tendance d'Aoife à foncer dans le tas, avoir une personne pour soigner les petits bobos une fois la tâche accomplie n'est pas du luxe. Aux antipodes l'une de l'autre, elles le sont certainement. Complémentaires ? Elles le sont indubitablement aussi. C'était déjà clair au début de leur formation, et c'est encore le cas maintenant. Je souris malgré moi. Avec Chagha, solide et taiseux comme un roc, et Cat, dévouée et toujours calme, on peut dire que ma petite protégée est bien entourée."
76d02c45-8262-4748-bd7a-be354c9f01b8,ALT_ALIZE_B_BR_37_C,Character,"Gericht, Revered Duelist","393 AC","« Ce qui ne te tue pas te rend plus fort. »",,"ATSADI
","L'Eidolon me toise, me jauge, dans un lent va-et-vient de gauche à droite, m'imposant uniquement son profil à contempler. Je ne suis quant à moi même pas en garde, ma lame au repos le long de mon corps. Cela fait partie du rituel, du jeu du duel. Le combat commence toujours dans la tête des adversaires, avait dit Tomoe... Après avoir ravi un à un la victoire aux champions des écoles d'escrime, Gericht se posait désormais en maître de sa discipline. Il dégaine lentement deux de ses sabres et se fige. J'essaie d'entrer dans sa tête, guettant chacun de ses muscles qui se raidissent pour déterminer l'attaque à venir. Et sans que je comprenne comment, il est déjà sur moi, décrivant des cercles avec ses armes. C'est son offensive signature ! Braise ! Je bondis en arrière in extremis, mais il est déjà prêt à me cueillir là où je retombe. Je ne dois ma survie qu'à une esquive réflexe, qui me force à sauter sur le côté.

Je ne vais pas me laisser faire. Profitant du déséquilibre naturel de mon corps, je me retourne et contre-attaque instantanément, prêt à le passer au fil de ma lame. Mais mon fer ne trouve que le sien. Nouveau choc métallique, puis une feinte. Je lis dans son jeu comme il lit dans le mien. Une passe d'armes prend corps entre nous alors que nous nous lardons de coups. Elle semble durer une éternité. J'y découvre des enchaînements surprenants, que je contre de justesse. Gericht est un virtuose qui connaît la danse de l'acier. Mais comment prendre l'ascendant ? Je songe un instant à utiliser ma botte secrète mais écarte l'idée, résistant à la tentation. Je n'en ai pas encore besoin. Je veux savoir jusqu'où je peux aller. Les assauts se succèdent. Je vois une soudaine faille dans sa garde. Mais en est-ce vraiment une ?"
dcf1add9-6ece-4e3b-a19d-d64e08baa61a,ALT_ALIZE_B_BR_38_C,Character,Akhlut,"393 AC","Ils sont dangereux sur la terre ferme, et encore plus sous l'eau.","L'Akhlut est une créature issue de la mythologie inuite. Animal composite, c'est une orque qui revêt la forme d'un loup sitôt qu'elle est sur la terre ferme. Elle peut même parfois être représentée comme un hybride entre le loup et l'orque, passant aisément d'un aspect à l'autre en fonction des situations. Les légendes la concernant ont commencé à naître quand des chasseurs ont vu des traces de loups disparaître dans la mer, ou aux abords d'un trou d'eau, comme s'ils y avaient plongé. Pour les Inuits, les Akhluts ont la réputation d'être féroces et de prendre en chasse les êtres humains qui s'aventurent un peu trop loin des sentiers battus.",BASIRA,"Je m'étire, les mains sur les lombaires pour masser mes reins endoloris. La progression sur la banquise est une torture de chaque instant. Tout mon corps est crispé sous l'effort pour me maintenir en équilibre, tandis que l'Akhlut brise la banquise avec de violents coups de boutoir. Tout doux, t'as pas remarqué que c'était une mamie que t'avais sur le dos ? C'est avec un certain soulagement que je vois notre guide pointer du doigt la berge. Je me surprends à soupirer. Ça va faire du bien de poser son sac sur le rivage, après cette excursion maritime. Avec un dernier craquement sinistre, l'Akhlut grimpe sur la rive. Je ne me fais pas prier et descends de la selle, faisant craquer mon dos et faisant quelques pas pour détendre mes cuisses meurtries. Alors que je flatte l'encolure de ma monture, je vois sa tête s'affiner tandis qu'elle s'ébroue, et je recule, fascinée, pour observer sa lente transformation.

La peau lisse du mammifère marin se dote petit à petit de plaques de pilosité touffue, qui font peu à peu place à une dense fourrure noire et blanche. Ses nageoires s'étirent et se parent de griffes, devenant des pattes musculeuses alors qu'il se redresse et se met à trotter sur la neige. Et tout autour, sa meute est en train de muter, passant également d'une forme aquatique à une forme terrestre. Je grommelle. J'ai des choses à faire moi aussi, au lieu de les observer avec fascination. Filiki m'a transmis ses mauvaises habitudes, on dirait. Je vais trouver notre guide, qui caresse le chanfrein de son propre Akhlut. La bête lève la tête tandis que j'approche, sortant de mon sac le sextant qui permettra de calculer la route de l'Ouroboros. Allez, encore quelques jours et on pourra tous s'accouder au mess, pour un repos bien mérité."
30f52d0e-c058-405e-95d6-249d8074e8fb,ALT_ALIZE_B_BR_39_C,Character,Amarok,"393 AC","Pénétrer son territoire, c'est se jeter dans la gueule du loup.","L'Amarok est une créature géante issue de la mythologie inuite. Amarok signifie ""esprit du loup"". S'il pourchasse les chasseurs isolés trop téméraires, il veille également à l'équilibre écologique : ses frères loups maintiennent les troupeaux de caribous, essentiels à la survie des humains, en bonne santé en éliminant les éléments les plus faibles. La légende dit que la première femme demanda à Kaïla, Dieu du Ciel, une solution pour remédier à l'affaiblissement des troupeaux de caribous. La divinité parla alors à l'Amarok, pour qu'il demande à ses frères loups de manger les caribous maigres ou malades afin de garantir que les membres de l'espèce soient forts et gras.
","ATSADI
","Cela commence par une sorte de brouillard ; une brume qui scintille et prend forme tandis qu'une vibration emplit l'air. Le frémissement devient grondement alors que la silhouette grandit encore et encore, se parant de traits lupins. Puis une gigantesque gueule garnie de crocs s'ouvre, tandis que l'Amarok se matérialise dans toute sa splendeur, et toute sa voracité. Il pourrait m'engloutir, ne faire de moi qu'une seule bouchée. Quelque part, il détient en lui un aspect du Grand Méchant Loup. Je jette un œil du côté de l'Altrunneuse. J'avais dit à Kojo de ne pas faire appel à elle, mais il n'en a fait qu'à sa tête. Maintenant, il ne faut plus qu'elle bronche. Si on veut que l'Amarok se concentre avant tout sur les Belisenki, il ne faut pas qu'elle bouge d'un cil. C'est alors que j'entends l'effronté donner à cette Cathal l'ordre de détaler. Je serre les dents. Autant peindre une cible dans son dos !

Se désintéressant de nos ennemis, l'Amarok se met à sprinter entre les sapins, les fauchant comme des épis de blé. Alors qu'il court, le loup prend des proportions gigantesques, tandis que sa fourrure se couvre d'une pellicule de givre. Son regard est opalescent, ses canines ont la taille d'un humain. L'Eidolon de Kojo accélère autant que la neige lui permet, prenant appui sur les arbres et l'Altération pour se propulser en avant. Mais tous ses efforts sont vains. La bête aux pattes démesurées le rejoint d'une simple foulée, babines retroussées en un rictus carnassier. Un claquement sec de dents qui s'entrechoquent, et je réprime l'envie de détourner le regard. La traceuse s'est ruée sur un tronc avant de se propulser en l'air, retombant par chance sur la fourrure du loup. Je secoue la tête. Faute d'éliminer la menace Belasenka, il fallait aussi maintenant que j'empêche l'Eidolon de Kojo de finir comme un vulgaire casse-croûte."
e4254a2c-5dc5-454c-afde-56776be20d6d,ALT_ALIZE_B_BR_40_C,Character,Eros,"393 AC","Il a plus d'une corde à son arc.","Éros est le dieu de l'amour et de la puissance créatrice du panthéon grec. Issu du chaos, il fait partie des divinités primordiales tout comme Gaïa, Nyx, Tartare et Érèbe. Il naît de l'œuf cosmique, union de l'éther et du chaos. S'il représente au départ l'union non sexuée, comme l'amitié, l'Éros sexué naît quant à lui lors de la castration d'Ouranos par Cronos, lorsque ce dernier lance le sexe de son père dans la mer. Cet acte donne alors naissance à Aphrodite, Himéros et cette nouvelle incarnation d'Éros. Dans son aspect primordial tout comme sa seconde personnification, il représente la force d'attraction qui pousse les moitiés les unes vers les autres.
","ATSADI
","Je ralentis, voyant Kojo disparaître de l'autre côté de la crête. À peine ai-je levé le pied dans la passe que les Belisenki jaillissent des congères, formant autant de tourbillons de flocons. Ils s'extirpent de leurs tertres de neige dans un bruissement cristallin sinistre. Une vingtaine de paires d'yeux noirs se braquent sur moi, comme autant de promesses de ténèbres. Ma lame est immédiatement dans ma main, mais je réalise qu'il est déjà trop tard. La supériorité numérique joue en leur faveur, c'est évident. Il me faut du temps pour préparer une riposte conséquente. Braise ! Mon cœur se serre. Mais non. Non, je n'ai pas le droit d'être ralenti davantage. Aurora m'attend dans sa prison translucide. Non, ce ne peut être le bout du chemin pour moi. Je me mets en garde, cherchant à identifier une éventuelle porte de sortie, tout en étant prêt à recevoir le choc imminent. J'en appelle à l'amour que je ressens pour elle pour me donner du courage. J'en appelle à celle qui a guidé chacun de mes pas.

Telle une météorite, un premier esprit de flammes atterrit sur mon flanc droit, tandis qu'une lumière intense se met à briller juste au-dessus de moi, éblouissante et réconfortante. Les créatures des glaces s'immobilisent un bref instant, aveuglées, tandis qu'une silhouette se déploie devant moi. C'est Éros, qui me fait l'amitié de sa présence. L'ai-je matérialisé par instinct ? Est-ce Surge qui est venu à mon secours ? Qu'importe, je ne vais pas laisser passer cette occasion. Les yeux noirs des Belisenki s'ouvrent de nouveau, en un clignement frénétique. Mais la chance est en train de tourner. Deux, puis trois êtres enflammés se posent à leur tour pour constituer un barrage entre eux et moi. Les créatures hésitent, et elles font bien. Éros rit, tandis que ses ailes se déploient. Je souris, réconforté, rassuré, gonflé à bloc. Je recule et me concentre sur mon prochain coup. Je laisse l'initiative à Éros, le temps d'invoquer la fournaise."
e0f84fd9-ec12-45ef-89b0-4f2cd45b4997,ALT_ALIZE_B_BR_41_C,Spell,"Mana Flare","393 AC","Il invoque des êtres surpuissants, pour la promesse d'un duel épique.",,"ATSADI
","Quatre. Je regarde la silhouette d'Éros se dissiper, comptant à rebours. Les ailes du dieu se muent en nuages de plumes, dérivant dans l'air avant de disparaître, emportés par les vents. Trois. Dans son sillage, les autres Eidolons disparaissent à leur tour, chandelles dont on mouche une à une le feu. Mais ils ont fait leur office : ils m'ont gagné le temps nécessaire. Tandis qu'ils se désagrègent, les Eidolons transpirent les idées dont ils ont été façonnés. Je les sens bouillir contre ma peau, et je m'en nourris. Ils gorgent mon être. Deux. Alors que je maintiens mon épée plantée dans le sol comme un paratonnerre, Surge percute ma lame à répétition, imbibant par la même occasion l'air d'énergie statique... Flamme et foudre. Un. Repu d'idées, je les sens être assimilées par ma psyché, par mon corps. Je n'ai pas besoin de réfléchir, juste à exprimer qui je suis pour affecter le monde. Juste à laisser parler l'instinct.

Zéro. Des éclairs se mettent à zébrer la glace, la fracassant au passage. Partout où elle se fend et se perce, une eau fumante jaillit, bouillonnant du sous-sol. Après avoir été retenue, la pression se relâche enfin, et avec elle, toute ma violence. Sous une pluie drue et brûlante, le nouvel Eidolon que je matérialise se déploie, incandescent, forgé des cendres des précédents. Il ne courbera pas l'échine face aux nuées de Belisenki. Approchez, si vous l'osez. Les créatures vibrionnent dans l'air comme des papillons de nuit au-dessus d'un feu de joie. Ont-elles seulement conscience de la menace ? Se jetteront-elles dans les flammes ? Autour de moi, des trombes d'eau sortent de terre en panaches furieux, avant de retomber en tièdes averses. Les Belisenki tournoient autour de moi comme des grives. Je les sens hésiter. Dommage pour eux, car moi, je n'hésiterai pas."
0f6fd102-ad62-4e72-b883-c06aa00504b0,ALT_ALIZE_B_BR_42_C,Spell,Geyser,"393 AC","Vous avez quoi en pression ?",,"KOJO
","Je mate les grosses colonnes d'eau et de vapeur qui giclent du sol. C'est fascinant, et en même temps, ça fout un peu les chocottes, au point que je peux pas les quitter des yeux. C'est comme si la terre était devenue une grosse cocotte-minute. Je me tourne pour parler et me rends compte que je voulais interpeller Gault. Mais il n'est pas là, bien entendu. Il est genre à mille lieues d'ici. Quand je suis arrivé hier, après une grosse journée à crapahuter dans les plaines, on m'a raconté que c'était Atsadi qui avait créé ce lieu y'a quelques jours de ça, alors qu'il faisait face à des hordes de Belisenki. J'en reviens pas de la puissance qu'il a balancé ici. On l'appelle le sabreur manchot, ou bien la Cigale de Dusk, et c'est clair que sa réputation est pas usurpée... Il a littéralement fait saigner le sol à gros bouillons.

C'est bizarre de voir que l'emplacement d'une bataille aussi épique est devenu une sorte de parc d'attractions aquatique. Les Lyra ont pris possession du lieu et ont converti la zone en piscine à ciel ouvert. Ils ont atténué la température, bien sûr, pour pas qu'on s'ébouillante, et puis terrassé tout le bordel pour retenir l'eau. Là, ils se baignent, barbotent en papotant... Si on m'avait dit hier, alors qu'on était en train de galérer à traverser la pampa givrée, qu'aujourd'hui je serais en train de me la couler douce dans une eau à 40°C, jamais je l'aurais cru... Alors que je laisse mon esprit vagabonder, me demandant si Atsadi accepterait un Écuyer, je suis soudain éclaboussé par un Magpeng et un Tanuki en train de se disputer la place pour être le prochain dans les starting-blocks. Le Magpeng prend l'ascendant et saute juste à temps lorsque le sol se met à gronder. Un geyser immense le propulse dans le ciel tandis qu'il caquette, hilare."
6a06c906-23e0-439d-b841-03e481ba0cad,ALT_ALIZE_B_BR_43_C,EXPEDITION_PERMANENT,"Arcolano Milk",,"Personne ne sait d'où vient ce « lait ».",,,"La Voie Lactée, telle est la Voie ! / This is the way, the Milky Way!

Récolté à la main au sein de l'Hypogée, le monde souterrain et mystérieux qui s'ouvre sous le désert de Sarkans, le Lait d'Arcolano™ est l'une des merveilles d'Asgartha. Fraîchement puisé dans les fermes locales de Caecaster, le Lait d'Arcolano nettoie l'esprit et vous aide à bien dormir. Boire tous les jours le Lait d'Arcolano renforce l'imagination, et assure à votre créativité une croissance illimitée.

L'abus de Lait d'Arcolano est dangereux pour la santé, à consommer avec modération."
3a265781-7f9b-45f1-80de-ca98bad0b9f2,ALT_ALIZE_B_BR_44_C,EXPEDITION_PERMANENT,"Technical Boots","393 AC","Ce n'est pas une question de chance, mais de préparation.",,"KOJO
","J'avoue, je suis curieux. Très — voire trop — curieux. Mais bon, on se refait pas. Alors quand j'ai vu Skadi déposer négligemment son sac d'équipement à côté du camp et partir faire une virée, ben je me suis dit que l'occasion était trop belle. Un petit regard à gauche, un petit regard à droite. Personne. Et me voilà à fouiller dans son barda. Il y a là-dedans tout un bric-à-brac d'objets liés à la vie en montagne et à la chasse. Des cordes, un mousqueton, une pierre à aiguiser... Mais immédiatement, une chose attire mon regard : les bottes. D'un rouge pétard, d'un design étrange, elles m'appellent. Et comme je suis poli, ben je réponds. Quel mal il y a à faire un petit essayage ? Encore faut-il qu'elles soient à ma taille. Ni une, ni deux, j'enfile la première. Elle semble s'adapter à mon pied, s'étirant sur sa longueur et sa largeur pour m'envelopper comme un bas. Nickel, trop confort.

Un bouton bizarre au niveau de la cheville s'anime : il rougeoie. Ouais, Kojo, toujours appuyer sur les boutons rouges qui clignotent. Mais bon, peut-être que ça règle juste la température ? Une botte chauffante, ce serait juste le pied ! Je tripote l'engin pour le régler. Une série d'ergots sort brusquement sous la semelle. Euh, c'est normal, ça ? C'est pas du chauffage, mais je perds pas au change : ces crampons d'alpinisme pourraient vraiment m'aider. Et comme je suis curieux, est-ce que ces bottes ont pas d'autres facultés cachées ? Je tourne encore le bouton d'un cran. Vrouch, une flamme en forme de lame sort alors d'une saillie au centre de la semelle. J'ai un petit mouvement de recul. Wow, un patin à glace ? Soudain, je sens quelqu'un me tapoter l'épaule et je comprends tout de suite. Cette chipie de Skadi me regarde, les bras croisés sur son torse, avec un air un tantinet réprobateur."
149a0d94-3706-4db3-be49-5b35fd972e04,ALT_ALIZE_B_BR_45_C,EXPEDITION_PERMANENT,"Eat Me! Energy Bars","393 AC","Trop bon pour être partagé.","Dans le roman ""Alice au pays des merveilles"" de Lewis Carroll, l'héroïne, pour accéder au jardin par une minuscule porte, ingurgite une bouteille sur laquelle est marqué ""Bois-moi"". Elle se met alors à rétrécir suffisamment pour pouvoir s'y faufiler. Malheureusement, elle a oublié la clé de la porte sur une table inaccessible à sa petite taille. Elle avale ensuite un gâteau sur lequel est inscrit ""Mange-moi"" et grandit de manière démesurée.
","KOJO
","OK, lisons un peu ce script. Je mâchonne en parcourant la première page. ""L'estomac de Kojo se met à gargouiller bruyamment."" Ouaip, ça se confirme. Heureusement qu'il y a ces friandises pour le staff. Hop, ligne de dialogue : ""durant les expéditions, on a souvent des petits coups de mou."" Ouais, OK, ça je peux le dire avec conviction... Héhé. C'est bizarre quand on y pense. Il y a quelques mois, j'étais un inconnu notoire, et maintenant, star system, on me demande de tourner des pubs en altavista. J'imagine ce que diront Gault et les autres quand ils verront ma gueule en énorme pendant la séance... Bla bla bla. J'avale ma bouchée et croque à nouveau dans la barre chocolatée. ""Pour retrouver du tonus, j'ai toujours une barre Mangez-Moi dans la poche !"" Ouais, classique. Je tourne la phrase une ou deux fois dans ma tête. ""Pour retrouver du tonus, rien de mieux que..."" Non, c'est ""J'ai toujours dans ma poche...""

OK, concentre-toi, Kojo. Je froisse le papier et le fourre dans ma poche sans vraiment réfléchir. Puis j'avale la dernière bouchée. Tout en lisant la suite du script, je tâtonne pour dégotter une nouvelle barre. ""Avec Mangez-Moi, la barre qui fait grandir, je joue dans la cour des grands !"" Bla bla bla, et là, ça finit sur le slogan : ""Mangez-Moi, la petite pause des moments géants !"" OK, facile, surtout que ça me fait une pause pas désagréable. Je fourre toute une barre dans ma bouche et mâche allègrement. Mince, c'est fameux mais ça donne soif, ces machins. Je me tourne vers l'assistante pour lui demander un peu d'eau, et je la vois faire tomber son calepin avec un air horrifié sur le visage. Bah quoi ? Je la toise, et regarde autour de moi pour voir ce que j'ai fait de mal, quand je réalise que je viens de manger une demi-douzaine des friandises dont je dois faire la promotion. Oups. On a dit quoi déjà, un moment géant ? Mais géant comment ?"
0ab2146a-1a71-4101-abb9-e36cbd3a2179,ALT_ALIZE_B_BR_46_C,LANDMARK_PERMANENT,"Lazuli Climb","393 AC","Au sommet, il attend. La liberté. La libération.",,"ATSADI
","Je marche dans les pas des éclaireurs, ce qui facilite grandement ma progression. Mais je dois garder la tête baissée pour éviter la morsure du vent qui s'engouffre dans le canyon. Les parois gelées qui encaissent l'étroit chemin vers l'éperon rocheux transforment chaque rafale en une claque toujours plus douloureuse. Chaque bourrasque charrie des tourbillons de flocons qui viennent nous frapper par vagues successives. Rivé sur les traces devant moi, je me force à lever régulièrement la tête en direction de la flèche enneigée, notre destination finale. Même si cette cime grandit à chaque enjambée, la distance qui nous sépare d'elle me paraît toujours trop longue et inatteignable. Les reflets argentés du sommet nous indiquent que nous finirons forcément par jouer du piolet pour escalader sa façade. J'adresse régulièrement une petite prière pour que le matériel choisi résiste à l'expédition. Difficile, à cette distance, d'estimer la couche de glace que nous allons devoir affronter durant l'ascension.

Pendant un bref instant, je me remémore les hauteurs des Fragments de Vanderun, et le soleil du matin qui baigne mon visage de sa lumière. C'est alors qu'elle m'apparaissait toujours — mon âme, mon aimée — pour m'enserrer dans ses bras... Plongé dans mes réflexions, je mets un petit moment à noter que le bruit provoqué par les bourrasques a changé. D'une plainte lancinante et lugubre, il est devenu un grondement, pareil à la respiration d'un colosse enseveli. On pourrait même penser au grognement d'un dragon. En me concentrant, j'ai l'impression que ce son vient du pic. La vibration s'intensifie, remontant tout le long de ma colonne vertébrale. La crainte me gagne. Je regarde devant moi, constatant que ce que je redoute est en train de se produire. Là, au bout de la corniche, mes deux guides se sont stoppés, figés dans l'horreur de l'avalanche qui fonce droit sur eux."
6793de17-e36f-47dd-990e-d5ddfd3db3c4,ALT_ALIZE_B_LY_02_C,Hero,"Auraq & Kibble",,"La véritable beauté est celle qui existe en marge des conventions.",,,"392 AC - Kibble bondit de pierre flottante en rocher suspendu, et se catapulte dans ma direction. Il dérive dans l'air, tandis que la gravité facétieuse l'emmène jusqu'à moi. Il est crépitant de Mana, même si cela veut dire que son pelage est tout ébouriffé, comme une boule de poils en pleine tempête d'énergie statique. Il en a emmagasiné bien assez pour que nous puissions stabiliser la zone. Je l'attrape au vol et lui fais des câlins, sentant son Mana déborder et m'envahir. Il pose ses pattes contre mon nez pour m'empêcher de lui couvrir le museau de rouge à lèvres et de paillettes. Oh, pauvre bougre. Tu n'es pas heureux de me voir ? Mais je sais très bien que le temps est compté. Tout ce Mana grésillant vibre de s'incarner dans le monde. Oui, petit bonhomme. En piste, tous en scène ! Que le spectacle commence !

Notre étreinte est une décharge, une déflagration. Je laisse mon esprit vagabonder et mon imagination se déverser en dehors de moi comme le vin d'une outre. Les idées ainsi libérées virevoltent hors de ma psyché. C'est comme une explosion, comme une onde de choc qui se propage à des lieues à la ronde. Et partout autour, je sens la réalité se modifier, se transmuer au gré de mon inspiration, dont j'ai délibérément lâché la bride. Mon imagination s'exprime, et s'imprime, façonnant le monde tandis qu'idées et Mana se mélangent, se tissent, s'enchevêtrent dans une bouffée pétaradante. En réalité, la conflagration née de notre rencontre est comme une petite Confluence, mais dont l'expression est guidée, maîtrisée. Et je compte bien faire en sorte que quiconque pénètre dans mon territoire soit subjugué et inspiré par sa beauté. Je pense à des soieries, à des estampes, à des aplats de couleur et de forts contrastes. Oui, je veux que tous ceux qui mettent un pied ici aient l'impression d'évoluer au sein d'une œuvre d'art !"
b09a2391-7eaa-4d75-a074-5caa0ecb9966,ALT_ALIZE_B_LY_03_C,Hero,"Fen & Crowbar",,"Quand on écoute la voix du Vent, il nous porte toujours là où nous sommes censés être.",,,"392 AC - HahahaHAHAHAHA ! Le rire d'Asmodeus résonne dans la nuit, alors que tout autour, le sol se disloque et se met à bouillir. De la lave en fusion déborde des craquelures, emplissant l'obscurité d'une lueur infernale. BAAAOUUUWWWW ! Au loin, par-delà les montagnes et les rivières, Crowbar a sorti sa guitare électrique et se met à jouer un riff si puissant qu'il me donne des frissons. Les notes semblent dériver dans les airs jusqu'à nous comme de petits moineaux, qui traversent l'espace et le temps. Je puise dans mon Ignescence, mon feu intérieur. Je laisse libre cours à mon inspiration, laisse mon esprit vagabonder sans limite, cueillir toutes les idées qui y germent. Le Marchand de Sable éclot non loin de moi, saupoudrant les immensités de poussière de rêves ; une Danseuse d'Étoffe se met à virevolter au-dessus de nos têtes, suspendue à un nuage...

Je me laisse transcender. En cet instant, je n'existe plus. Il n'y a que la musique et la lisière du songe. Je me laisse brûler. Je me laisse m'embraser. Et lorsque ma bouche s'entrouvre enfin, les flammes qui couvent au sein de mon cœur jaillissent sous la forme d'intenses mélopées. Fwot fwot. Fuuum, dududum. Une ligne de basse, ronflante et profonde, transperce la nuit. Baooom, baooom. Les sons s'étirent, et puis... Klang, klang ! Une batterie furieuse se met à éructer, battant la mesure, provoquant de brefs séismes. Crowbar se lance soudain dans un solo endiablé. Ses notes stridentes zèbrent le ciel comme des éclairs, flirtant avec les aigus. Dans une effusion de Mana, je me mets à chanter, passant du contralto au soprano colorature. Tout autour de nous, des danseurs fantômes se mettent à headbanger et à se déhancher, portés par la musique. Des couleurs jaillissent des instruments, des images furtives s'impriment dans l'air. Et à travers tout ça, je vais transmuter le monde !"
0a4c4b5d-d71d-4971-b860-f121cea31ab8,ALT_ALIZE_B_LY_31_C,Character,"Magpeng Hoarder","393 AC","Est-ce qu'il a besoin de tout ça ? On sait jamais !",,FEN,"L'exploration des frondaisons m'offre une nouvelle surprise : de grandes traces de pattes palmées. L'écartement entre chaque pas me fait penser que le possesseur de ces paturons doit être d'une taille conséquente. Je suis la piste. Alors que je m'égare dans ma traque, le Vent m'apporte un sifflement. Un sifflotement, pour être plus précis. C'est rythmé mais très répétitif, comme un air qu'on fredonne nonchalamment quand on fait quelque chose d'autre. Il émane de cette mélodie rabougrie un sentiment de satisfaction, une affirmation du plaisir. Je me rapproche de la source sonore. Crowbar couvre mes arrières, bien entendu. J'aperçois finalement, camouflé par une barrière de sapins enneigés, une sorte de clairière au contenu hétéroclite. Un bric-à-brac d'objets disparates est disposé sur le sol : un seau contenant des jumelles, une lampe torche, plus loin une pile de livres surmonté d'un mug... En dresser la liste ressemble à une comptine Ordis. J'en ai le tournis.

Ce n'est toutefois pas une décharge. Tous ces objets sont en parfait état. D'ailleurs, j'en reconnais certains ! Là, ce casque, c'est celui de Tamati ! On le lui a volé dans le campement il y a deux jours. Un, deux, trois, quatre objets... Horreur, je réalise que c'est un repaire de voleurs. C'est alors que je vois entrer dans la clairière un étonnant personnage. Un subtil mélange entre une pie et un pingouin. Très content de lui, il se dandine, portant sur son dos un sac rempli d'objets tout aussi disparates que ceux déjà présents sur les lieux. Il porte même un chapeau que j'ai déjà vu dans une autre expédition. Son propriétaire n'avait pas de pattes palmées et de bec orange, j'en mettrai ma main au feu. Il vient sans doute déposer le butin de ses dernières rapines. J'examine ce qu'il transporte : des parchemins de cartographes, des œufs en chocolat... Oh non, il a aussi le rouleau à pâtisserie qu'utilise Hestia. Comment va-t-elle faire ses délicieux cookies, désormais ?"
3328fed6-66c7-4f21-9eb3-d9248e81541c,ALT_ALIZE_B_LY_32_C,Character,"Snowball Commando","393 AC","Dans ta face !",,NEVENKA,"J'arrive pas à le croire. Lâchée par son propre Alter Ego. Scrogneugneu, on peut jamais compter sur lui, sous prétexte que le dodo, c'est sacré et qu'il a besoin de son quota de sommeil. Aaaaaah, je savais que j'aurais pas dû le réveiller pour lui demander son avis sur la question ! Chou blanc et retour à la case départ, même si je sais que plein de gens diraient que je suis pas allée loin dans mes réflexions. Impro. Impro. Trouver une idée, quelle qu'elle soit, et la mener jusqu'au bout, que ça passe ou ça casse. Sauf que j'ai tourné en rond toute la matinée, et pas l'ombre d'une ampoule au-dessus de ma tête. Et vous, vous avez bien une idée, non ? Brillante, lumineuse... je prends quoi qu'il arrive. Mais non, pas la moindre trace d'un coup de pouce, même quand une frêle jeune femme est désespérément en quête d'assistance !

Allez, zou, circulez, y'a rien à voir ! Je vais me débrouiller toute seule, comme d'hab... La boule de neige me cueille en plein milieu du front, et je recrache (élégamment) la purée gelée qui a réussi à rentrer dans ma bouche. Puis je tourne un regard noir vers les bambins insolents qui ont osé me déranger dans ma phase introspective. Les garnements me regardent avec un air apeuré. Normal, c'est pas comme si je m'étais coiffée ce matin. Mais DING ! La tarte glacée que je viens de me prendre m'amène étonnement sa cohorte d'idées fraîches. C'est à ça que ça sert de garder la tête froide ? Je me mets à sourire dans leur direction, et peut-être que mon sourire carnassier les effraie encore plus que ma trogne courroucée d'il y a un quart de seconde. Ça sert toujours, d'avoir la complicité de quelques mioches. Et ils m'en doivent une, de toute façon !"
48acd27b-25e5-4d7d-b092-90970c292b7d,ALT_ALIZE_B_LY_33_C,Character,"The Snowman","393 AC","Qui fondra en premier ? Lui, ou ton cœur ?",,FEN,"Crowbar et moi terminons enfin notre bonhomme de neige, à l'orée du bois. J'inspecte notre œuvre commune : un charmant tas de neige fraîche, avec des branches mortes d'un bouleau voisin en guise de bras, une carotte fatiguée pour le nez, des pierres pour les yeux et la bouche. Je n'ai pas pu m'empêcher de rajouter une vieille écharpe rouge et une herbe folle sur le haut de sa tête pour lui donner la contenance d'un vieux monsieur. Dommage que nous n'ayons pas eu de pipe en bois. Après avoir improvisé un petit chant de départ à notre nouvel ami enneigé, nous nous éloignons pour entamer une bataille de boules de neige. Crowbar ne se laisse pas faire, le sacripant, et je dois trouver refuge dans un bosquet voisin. J'attends l'accalmie des tirs, cachée entre deux épais buissons. Le Vent me porte un rythme, une mélodie syncopée de petits craquements, comme des pas sur la neige.

Je passe une tête au-dessus de mon abri de fortune, à l'affût d'une embuscade de Crowbar, tout en lui demandant un cessez-le-feu. Notre bonhomme est toujours là où nous l'avons laissé, les bras tendus vers le ciel... J'aurais dû lui mettre des gants et un bonnet, le pauvre. Mais il y en a désormais un autre qui lui tourne autour.  Il a la taille d'un petit enfant, une casquette de trappeur aux rabats couvrant ses oreilles et un gros sac à dos. Un vrai explorateur ! Il semble pour l'instant très intrigué par son homologue fait main, le toisant de haut en bas. Sans nul doute, il cherche la filiation entre lui et notre création. J'hésite à sortir un peu plus de mon sous-bois pour continuer d'observer son petit manège. Dans mon dos, je sens Crowbar qui le regarde également. Le petit être de neige finit par saluer le vieux bonhomme d'un signe de la main, avant de reprendre sa route. Et si je lui lançais une boule de neige, prendrait-il part à notre échauffourée ?"
2f7bdf03-463f-40df-a255-5e80bbd527a1,ALT_ALIZE_B_LY_34_C,Character,"Nyala, Gifted Conjurer","393 AC","« Bien sûr que je triche. La magie, c'est de la triche. »",,AURAQ,"Nyala me lance un regard noir. Non, vraiment, le rabibochage n'est pas pour aujourd'hui. Emmitouflée dans sa couverture de survie, trempée comme soupe et grelottante, la belle Nyala n'a pas fière allure au coin du feu de camp. Est-ce ma faute s'il fallait d'abord mettre à l'abri les enfants plutôt que de lui éviter le bouillon ? Après tout, n'est-elle pas l'experte des disparitions et des apparitions ? Je tente de réprimer le sourire qui naît aux coins de mes lèvres. Allons, allons. Il faut savoir être à la hauteur de sa réputation. Je vais donc être fidèle à moi-même et laisser ma superbe indifférence faire le reste. Je tourne les talons d'un geste souple et calculé, croisant les jambes avec lenteur pour attirer les regards. Oui, c'est du dédain. Voyons, on ne mélange pas les serpillières comme Nyala et les étoffes brodées comme moi.

Tout en m'éloignant de cette triste scène, je laisse mes pensées vagabonder sur les performances de la malheureuse avant qu'elle ne sombre dans les glaces. Il faut dire que Nyala a bien mené son show tout à l'heure. Je me remémore ses passes à la magie assurée. On sentait toute la sensualité de cette spécialiste des tours de passe-passe. Ses mains décrivaient des vrilles et des arabesques, au rythme de ses boucles sur la glace. Un ballet magnifique où je voyais ondoyer le Mana au bout de ses doigts, générant des bouches vers je-ne-sais-où. Elle semblait toucher du doigt les capacités de relocalisation que les Yzmir exhibaient parfois, fendant la réalité pour mitiger les distances. Certes, sa maîtrise est spectaculaire, mais cette pauvre Nyala s'en sert pour faire des numéros de prestidigitation digne d'une foire de campagne. Elle a juste remplacé le lapin du chapeau par une martengale ou un moissonneur du fuseau... Un éternuement me sort soudain de ma rêverie, et je souris. À tes souhaits, Nyala !"
dea5e48f-31e9-464f-af64-2a3d851d3869,ALT_ALIZE_B_LY_35_C,Character,Will-o'-the-Wisp,"393 AC","« Au frais ondin s'unit l'ardente salamandre - Et de bleuâtres feux se croisent sur les eaux. »","Depuis des temps immémoriaux, on raconte partout dans le monde que les feux follets hantent les lieux déserts, prompts à faire s'égarer les voyageurs. Apparaissant sous la forme de petites flammes sans fumée, que ce soit dans les marécages, les forêts sombres ou les cimetières, ces esprits malins ont parfois pour réputation d'attirer les imprudents vers le danger. Il se pourrait que ces apparitions soient en réalité dues à des phénomènes physiques tout à fait normaux : combustion de gaz issus de la décomposition de matières organiques, ou bien bioluminescence.",AURAQ,"Est-ce mal de jouer un mauvais tour ? Je réfléchis quelques instants à la question en observant du haut de mon promontoire les éclaireurs qui évoluent en contrebas. En réalité, je n'ai pas besoin de cogiter plus que cela. Si je les envoie sur une mauvaise piste, cela ne les fera que se dégourdir un peu plus les jambes, et ne dit-on d'ailleurs pas que marcher est aussi bon pour la tête que pour les pieds ? Il me suffit d'un bref instant pour matérialiser devant moi un feu follet. La petite flammèche rose se met à luire dans la lumière déclinante, mâtinant la glace d'un éclat rosé du plus bel effet. D'un souffle, je le pousse en direction des explorateurs, et il se met en route. Je le vois dévaler la pente, folâtrant entre les fleurs coralliennes comme une bulle de savon fantomatique. Si tout se passe bien, mon petit assistant saura les dévoyer un peu pour les entraîner vers des chemins de traverse...

Il y a quelque chose de magique à le voir se dandiner en approchant des éclaireurs, se faufilant entre les pétales pétrifiées comme une luciole globuleuse. Bientôt, il entamera sa petite danse pour les attirer hors des sentiers battus. Bien qu'en réalité, il n'y a aucune route balisée, ici. S'ils refusent de le suivre ? J'en enverrai d'autres. Ils ne sauront résister à leur magnétisme hors de ce monde, que les légendes leur ont attribué. J'ai utilisé à de nombreuses reprises ces petites boules lumineuses lors de mes spectacles, pour détourner l'attention ou pour captiver l'auditoire. Et à chaque fois, cela a fonctionné à la perfection. Il n'y a aucune raison que ces énergumènes résistent à leur envoûtement. Je les plains un peu, en vérité, en pensant qu'ils seront fort marris de se retrouver perdus dans la pampa, loin de leur objectif. Mais c'est toujours mieux que de débouler dans le nid de Belisenki vers lequel ils étaient en train de se diriger..."
a07529cf-85e9-4cb1-9639-1d5d66ed535b,ALT_ALIZE_B_LY_36_C,Character,Nisse,"393 AC","« Qui sait ce que vous trouverez dans vos chaussettes ? »","Aussi connu sous le nom de Tomte, le Nisse est une petite créature humanoïde, haute comme trois pommes, issue du folklore scandinave. Proche du farfadet ou du lutin, on raconte qu'il veille sur les enfants et les protège du mauvais sort, surtout de nuit, après qu'ils se sont assoupis. Au 19e siècle, le Nisse a été associé à la fête de Jul, l'équivalent de Noël dans les pays nordiques. La tradition veut qu'il faut toujours leur laisser un bol de porridge la veille de Noël, sous peine de retrouver au matin quelques objets cassés ou mis sens dessus-dessous.",NEVENKA,"Une porte entrouverte, c'est une invitation à entrer, non ? Si je me faufile dans l'entrepôt de la poste sans que personne me voie, ça vaut pour autorisation puisque personne m'a rien dit, non ? Moi ça me paraît être d'une logique imparable. Et puis quoi, je suis juste venue déposer une lettre, et vu qu'on est dans les bureaux du Talaria, je suis exactement là où je dois être. Hop, un coup de tampon, et zou, dans la pile de courrier avec le reste. Au final, en faisant pas la queue, j'ai aidé les diligents employés en les allégeant d'un peu de travail. On pourra pas me reprocher ça non plus, si ? Tant pis, c'est fait. En plus, on va pas défaire un boulot emballé ET pesé. Allez, on file, histoire de dire à Blotch qu'il a plus à faire le guet. Sauf que... Oh, ben voilà un truc intéressant !

Je m'approche de la grosse pile de cadeaux, papier d'emballage, ruban et tutti quanti. C'est ça de confier les expéditions aux lutins du Papa Noël. Le problème, c'est que ça me donne envie de les ouvrir. Je zieute autour de moi discrètement (juste pour pas déranger). Les petits gnomes sont tous affairés à plier, emballer, envelopper. Hihi, il y en a même un qui galère sur le convoyeur mécanique que l'Axiom a installé pour soi-disant optimiser le processus d'envoi. Et si... J'appuie sur quelques boutons pour accélérer la vitesse du tapis, histoire de les aider à avoir un meilleur rendement. Et puis, ce sera aussi la diversion parfaite pour chiper un ou deux colis. Il y en a tellement que même trois ou quatre, ça passera carrément inaperçu ! OK, ça commence à se bousculer au sein de la chaîne. Plus qu'à choisir soigneusement les cadeaux qui semblent les plus prometteurs !"
9abc3ea0-c576-4358-8c25-60005d1049ce,ALT_ALIZE_B_LY_37_C,Character,"Santa Claus","393 AC","« Ho, ho, ho ! »","Hé, les punks ! Bon, j'imagine que vous connaissez déjà le Père Noël ? Vous êtes sûrement au courant de sa proximité avec Saint Nicolas (de Myre), et qu'il distribue des cadeaux aux enfants sages ? Vous avez déjà entendu parler qu'avant de se parer de rouge, il s'habillait plutôt en vert ou bien en bleu ? Mais connaissez-vous le nom de ses rennes ? Je vous pose une colle, hein ? Dans le poème A Visit from St. Nicholas attribué à Clement Clarke Moore ou Henry Livingston Jr, ils se nomment Tornade, Danseur, Fringant, Furie, Comète, Cupidon, Tonnerre et Éclair. Rudolph, avec son nez rouge, n'arrivera que bien plus tard...",NEVENKA,"Je claque des doigts pour signaler à Blotch que le casse s'est bien passé, posant sur mon nez mes lunettes de soleil pour faire plus classe. Les bras chargés de cadeaux, tirant un sac rempli de mon butin, je sors sans me retourner, avec l'attitude la plus stylée possible pour pas paraître louche. Genre pépère, parce que l'attitude, ça te sort des pires situations. Mais c'est sans compter sur la vague de neige qui m'asperge soudain, comme sortie de nulle part. Je secoue la tête pour faire tomber la bouillasse gelée, et tombe nez à nez sur un grand gaillard baraqué avec une grosse barbe blanche. Mastoc, le bougre. Chaîne en or, lunettes de soleil vissées sur le nez, et l'attitude d'un motard qui a bien bourlingué... On se dévisage pendant une longue seconde avant que je le reconnaisse, et je me dis que je suis un peu dans la panade. Je le vois froncer les sourcils et faire une moue contrariée.

Puis il me fait un signe de la tête en désignant le compartiment vide à l'arrière de son attelage. Ah, il me prend pour une manutentionnaire ? Je grommelle intérieurement, mais c'est pas comme si j'avais le choix. Je charge son traîneau rouge pétant et profilé comme une voiture de course, un peu désappointée de devoir me délester du fruit de ma rapine. Une fois la cargaison chargée, l'Eidolon perd pas de temps. Il fait claquer les rênes de l'équipage, et ses rennes se mettent à bondir en avant, slalomant entre les tentes du campement. Puis il s'élève dans le ciel, et disparaît dans les nuages, ni vu ni connu, youplali, youplala. OK, j'ai eu chaud, c'est pas passé loin. Et puis j'ai paumé tout mon loot. Mais son bolide, là... Waouh, il tabasse. Je sais tout de suite que c'est la prochaine cible de mes méfaits. Un jour, il sera mien. Oh oui, un jour, il sera mien."
93665629-967e-49f6-b034-9c0635e59ab9,ALT_ALIZE_B_LY_38_C,Character,Heimdall,"393 AC","Fier gardien du Bifröst, il décide qui vire de bord.","Divinité de la lumière et de la lune, Heimdall est un dieu Ase du panthéon nordique, enfanté par neuf mères différentes. Il est le gardien du pont Bifröst, un arc-en-ciel qui relie Asgard à Midgard. Porteur du cor Gjallarhorn, il a pour charge de souffler dans son instrument pour annoncer le Ragnarök, la fin du monde. Lors de cet événement, il devra tuer le dieu Loki... et être tué par lui.",AURAQ,"Je déteste perdre mon temps dans des grottes glacées, à tourner en rond pour chercher une issue. Je déteste perdre mon temps tout court, d'ailleurs. Je me maudis d'avoir pris ce chemin qui s'est révélé être une impasse. Une juste punition pour avoir joué des tours à ces pauvres hères, l'autre jour, ou pour avoir critiqué les pouvoirs de Nyala, dont j'aurais bien besoin en ce moment... La roue du karma, sûrement. Mais j'ai bien plus d'un tour dans mon sac. Il y a toujours une clé pour chaque porte ! Et s'il n'y en a pas... pourquoi ne pas en créer une ? Et Heimdall est le candidat parfait pour ce tour de force. Mon Ignescence l'appelle, et il ne tarde pas à répondre. Ah, comme il a fière allure ! C'est toujours un ravissement de le voir, étincelant, chatoyant, coloré ! Il émane de cet Eidolon toute la puissance de la lumière la plus vivante, un feu intérieur similaire au mien. Et que dire de Gjallarhorn, son cor aux multiples pavillons. Je ne peux quitter des yeux le gardien du Bifröst et son instrument à quatre voix. Je ne peux m'empêcher de les voir comme autant de fontaines de couleurs, ou d'appareils à barbe à papa, dans une autre mesure. Des vagues d'énergie roses et bleues en émanent, avec à la clé la naissance prometteuse d'un arc-en-ciel. Comment ne pas craquer ?

Je lui souris, l'encourageant à souffler toujours plus. Nos regards se croisent. Il m'a comprise. Son torse se gonfle, puis ses joues. Ses sourcils se froncent. C'est le moment tant attendu. Le son enfle, se transforme en une vibration toujours plus forte. Les vagues qui sortent de Gjallarhorn se parent de diverses teintes saturées. Elles envahissent les lieux, emplissant chaque recoin. Je ne résiste pas à l'envie de me baigner dans cette lumière en esquissant de petits pas de danse aux pieds d'Heimdall, le frôlant de mes mains. Il reste toutefois concentré. Il sait me résister. Le son gagne en intensité, et la roche explose, faisant s'effondrer la paroi de pierre ! La lumière du jour se mêle enfin aux filaments colorés de l'arc-en-ciel. Je reste de longs moments à contempler cette scène aux couleurs hypnotiques. Quel dommage que Fen ne soit pas là pour partager ce spectacle à mes côtés."
041cedff-30e7-4371-a707-c24e16eb18a3,ALT_ALIZE_B_LY_39_C,Spell,"Sleight of Hand","393 AC","« Un vieux tour bien exécuté vaut mieux qu'un nouveau tour raté. » - Houdini",,FEN,"Des petits cris de joie et d'excitation jaillissent d'une tente au milieu du campement. Je soulève un pan de tenture et je m'immisce au milieu du public qui s'y presse, en rabattant bien l'étoffe avant que le froid ne pénètre à l'intérieur. Au milieu, il y a quelques personnes assises à une table. Devant eux se tient une adolescente aux grands yeux noisette et au sourire espiègle. Elle manipule des gobelets, posés à l'envers sur la table. Elle les déplace avec vitesse et dextérité, montrant par moment une petite statuette représentant un comédien Lyra. Les contenants glissent, permutent, reviennent à leur place initiale dans un ballet savant mais chaotique. Elle s'arrête enfin. Les gens à la table posent des pièces en face des godets, pariant sous les cris frénétiques des spectateurs. Les paris sont clos, la jeune femme réclame le silence d'un geste.

Elle soulève les verres, un à un. La foule retient son souffle à chaque fois avant d'exprimer de la surprise. C'est sous le gobelet sans mise que la statuette apparaît. Elle rafle l'argent sous les rires de la foule. Un parieur, furieux, sort en soulevant la tenture, laissant le Vent s'engouffrer à l'intérieur. Voyons voir comment elle s'y prend. Où est l'arnaque ? Je me concentre sur ses gestes. Ses mains. C'est ça. Elle ne manipule pas que les gobelets, elle joue aussi avec le Mana. J'aperçois les flux magiques qui entourent ses doigts. Je devine les effets à l'intérieur des godets, aspirant la statuette cachée dans l'un par un minuscule portail pour le faire ressortir dans l'autre verre par le même procédé. Un beau tour de passe-passe. Maintenant, se pose la question de la dénoncer ou de la laisser continuer comme si de rien n'était... Je n'ai pas trop envie de provoquer une émeute ou — a minima — un esclandre. C'est alors que je vois, autour de son cou, la babiole que j'ai offerte à Nev, il y a des années de ça. Mon sang ne fait qu'un tour..."
ff7f7817-891e-4c38-95d1-35a61b95f242,ALT_ALIZE_B_LY_40_C,Spell,Joyride,"393 AC","Toutes les choses amusantes de la vie sont soit interdites, soit complètement folles.",,NEVENKA,"Wouhou ! Plus vite, plus vite ! Voilà, même sans monture, ça fonce à toute berzingue ! Ça sert à quoi, d'avoir des rennes en idées et en os quand on peut donner vie à la figure de proue ? Je savoure le vent qui fouette mon visage, mais un peu moins le tangage incessant — droite, gauche, coup de frein, accélération — qui me donne des haut-le-cœur. Heureusement que les moucherons se font rares dans les parages. Je déteste quand y'en a un qui se colle à mes dents ou me titille la glotte. À chaque virage serré, on creuse de profondes stries dans la glace, d'où affleure petit à petit l'eau glaciale de l'immense lac. Oups, c'était pas prévu au programme. Mais j'écarte vite mes craintes (forcément superflues), parce qu'au fond, ça facilitera sûrement la tâche aux pêcheurs. C'est ce qu'on appelle faire une B.A. ou je m'y connais pas, foi de Nevenka ! 

Devant moi, bien sanglés à la banquette, les enfants rient aux éclats, comme si on était en train de faire un tour de montagnes russes dans je ne sais quel parc d'attraction. Ça, c'est ce qu'on appelle faire une virée de tous les diables ! Suite à un salto avant, je réprime une courte nausée. Hmm. Pas si agréable que ça, la sortie, au final. Bon, ça suffit, j'ai eu mon compte. Il faut savoir se montrer raisonnable. Avoir l'estomac tout retourné, c'est clairement pas le kiff. Je tire sur le frein en toute hâte, et saute de l'embarcation à la première occasion. Bien sûr, je glisse et tombe sur les fesses, mais c'est anecdotique tellement le malaise me guette. Soudain, alors que je cherche à récupérer, je vois l'un des moutards enlever le frein à main. Le traîneau se met à filer à toute allure, me laissant sur le carreau à perpète du campement. Double oups."
f73aa392-8957-4a33-823f-d1dbd2ab35d0,ALT_ALIZE_B_LY_41_C,Spell,"Silent Night","393 AC","Dans les cieux, l'astre luit.",,FEN,"Alors que je passe sous la frondaison des arbres recouverts de neige, j'entends enfin le Vent souffler de nouveau avec vigueur. Durant tout mon périple à travers la taïga, il avait été mis en sourdine, étouffé par la densité de la forêt boréale, asphyxié par les monticules de poudreuse. Je n'avais pas l'habitude d'évoluer dans des lieux si dénués de sons. Bien sûr, il y avait l'occasionnel froissement d'une branche, ployant sous le poids de la neige. Mais même alors, le bruit était mat et sourd, presque inaudible. C'était une mer de bruit blanc à mes oreilles. Alors entendre de nouveau le Vent siffler, chuinter, murmurer... c'est un soulagement. Comme si j'avais tout ce temps retenu ma respiration, et que je la relâchais soudain. Peu se rendent compte à quel point le monde est musique. Chaque son est une note au sein d'une symphonie, et le Vent est celui qui est chargé de les colporter, de les diffuser.

Je m'adosse au tronc d'un bouleau, afin de m'accorder un peu de repos. Puis je ferme les yeux, me laissant bercer par la douce mélodie du monde : le craquement de la glace, le hululement d'une chouette, quelque part... Je me mets à fredonner en réponse, mêlant ma voix aux bruits de la nature, et je sens soudain mon Ignescence s'allumer en moi. Je sens la présence d'Aru se lover contre moi, comme elle le faisait parfois durant les veillées nocturnes. Son Eidolon est là, je le sens, mais j'hésite à ouvrir les yeux, craignant qu'il ne se dissipe. Que peut-elle bien faire, en ce moment ? Houspiller Qannik, peut-être ? Ou bien en train de s'occuper de Marang ? Quelques familles du Clan avaient décidé de rester en arrière, surtout celles qui s'occupaient de très jeunes enfants. On leur avait gracieusement alloué des habitations en Kladiver, mais la séparation devait tout de même être dure. Comme elle l'avait été entre Aru et moi..."
fcdee722-d7e3-4b32-bdec-aeb0a5c3731f,ALT_ALIZE_B_LY_42_C,Spell,"Break the Ice","393 AC","Bon, fallait pas prendre ça au pied de la lettre.",,AURAQ,"Hmm, ce bruit ne me dit vraiment rien qui vaille. On pourrait dire que c'est une sorte de craquement lancinant, et la première comparaison qui me vient à l'esprit est le froissement d'un filin qui se casse et qui fouette l'air avant que le chapiteau ne s'effondre. Sauf que je ne suis pas dans un cirque, mais sur une crique gelée. Crique, cirque, c'est juste une lettre qui change de place, au fond. Si Fen avait été là, elle aurait sûrement analysé la musicalité de ce son. Moi, je n'y vois qu'un sinistre présage. Immédiatement, je me mets à observer la glace sous mes pieds. Même si Nyala est passée par là, je ne pense pas que ce soit à cause de ses patins que la banquise est en train de se rompre. Non, il y a là de profonds sillons qui ont été creusés par quelque chose de plus lourd et volumineux.

Dus au passage de skis ou d'une luge ? Non, bien plus gros. Un traîneau ? J'avoue que leur tracé a un caractère élégant, tout en entrelacs chaotiques et lacis effréné. Mais les zébrures qui commencent à en émaner... Brrr. Elles n'ont rien de raffiné ni d'harmonieux. Elles sont colère et atrabile. Je vais pour avertir Nyala, qui continue d'exécuter des axels et des boucles piquées sans prêter attention au lac en train de se briser. Mais soudain, j'entends des cris et des rires d'enfants à proximité de la berge. Je tourne le regard dans leur direction, sentant mon ventre se nouer. Ils ne semblent pas avoir conscience du danger qui les guette. J'hésite un temps entre la patineuse et les marmots, avant de me ruer vers les petits bougres, prête à leur jeter des idées éparses de chaleur pour les protéger du froid. En jetant un coup d'œil en arrière, je vois la glace se disloquer sous Nyala. Je voulais briser la glace avec elle, histoire qu'on se rabiboche. Mais ça me semble très mal parti."
b2573dff-83e4-418f-90e8-f52d59abf833,ALT_ALIZE_B_LY_43_C,EXPEDITION_PERMANENT,"Winter Outfits",,"Il n'y a pas de mauvais temps, seulement de mauvais vêtements.",,," Veste imperméable et doudoune MATRYOSHKA rose/bleu

Testée en conditions réelles face au Silg sur les contreforts de la presqu'île d'Enosha, la gamme Storfit de The West Ridge® propose de nombreux vêtements déperlants et thermo-isolés, designés par la styliste Venera Ritz. Conçus autant pour les randonnées occasionnelles que les treks prolongés en montagne ou dans les régions polaires, les vêtements Storfit sont respirants et imperméables, régulant la transpiration tout en garantissant un rempart efficace contre les éléments. En duvet et ultrarésistants pour protéger autant les explorateurs chevronnés que les alpinistes en herbe, ils n'en demeurent pas moins légers et compressibles, et permettent de faire face à des températures allant jusqu'à -45°C.

La collection Storfit s'accompagne de nombreux accessoires compatibles, du bonnet double épaisseur à l'écharpe de maille tricotée spéciale grand froid. Pour une protection maximale, combinez la veste ou la doudoune Matryoshka avec le sous-maillot compact Matryona et la polaire Matryosha, disponibles également en coloris rose/bleu.

-20 % de remise immédiate pour tous les explorateurs du Storhvit."
2858ecea-8383-4481-b7d4-f85f688ae253,ALT_ALIZE_B_LY_44_C,EXPEDITION_PERMANENT,"The Magic Sleigh","393 AC","On le traîne haut.","Un traîneau est un véhicule, le plus souvent équipé de patins à la place des roues. Tracté ou tiré par une force motrice extérieure, qu'elle soit humaine ou animale, il glisse sur le sol pour faciliter le transport des personnes et des marchandises. Attention toutefois à ne pas l'utiliser sur des terrains trop accidentés, parce que dans ces cas-là, c'est vachement moins pratique.",NEVENKA,"Coussins molletonnés en velours rouge, guidon et patins en or massif, j'suis sûre... Profil aérodynamique, figure de proue finement sculptée... Et puis ce galbe, ces finitions bling-bling ! Qui ne voudrait pas de cette bombe ? Je me retourne dans mon lit, incapable de penser à autre chose. Je l'imagine en train de tourner devant moi, auréolé d'une douce lumière. Il brille de mille feux. Je visualise comment je vais le tuner. Des pompons ? Des lunettes en or ? Des boucles d'oreille et pourquoi pas une moustache ? Aaaaah, je veux ce traîneau, au moins pour faire un tour. Et puis quoi, ça fera un jour de congé en plus pour l'Eidolon, il l'a bien mérité, non ? Normalement, il bosse qu'un jour par an, faut ménager ses articulations ! Fiouuuu, fiouuuu, on glisse sur la banquise, Blotch et moi. Sur le mur, ma Chimère bouge légèrement. Oups, si je le réveille, il va être d'une humeur massacrante, demain matin.

Faut dire que j'aurai besoin de lui pour subtiliser le traîneau magique. En attendant, va falloir que j'échafaude mon plan de toute façon. Intrusion par les toits avec une corde ? Trop cliché, surtout qu'il faudrait ouvrir les portes du hangar... Je lui fais signe sur son itinéraire de livraison et je le lui propose un arrêt au stand avec un ou deux cocktails de mon cru ? Bof, y'a des chances qu'il passe sans même s'arrêter. Et pourquoi pas un pari sur le Bifröst ? Celui qui gagne remporte le traîneau... Mais qu'est-ce que j'aurais en échange pour placer les paris ? Je me tire les cheveux et enfouis ma tête dans l'oreiller pour crier ma frustration. C'est nul, les plans ! Ça se passe jamais comme prévu et ça prend la tête à chaque fois que j'essaie d'en mettre un sur pied... Tant pis, ciao les plans. Ce qui marche le mieux, c'est toujours l'improvisation de toute façon !"
361b5677-db1c-4391-a959-c4242b0062d3,ALT_ALIZE_B_LY_45_C,LANDMARK_PERMANENT,"Teal Tundra","393 AC","On peut entendre son écho résonner dans les vastes étendues.",,AURAQ,"Heureusement, il n'y a pas que des grottes sombres et des montagnes hostiles dans cette région. Ç'aurait été d'un ennui ! Des paysages surprenants peuvent heureusement vous attendre au détour d'un défilé, comme ici, où le paysage est parsemé de curiosités biologiques et géologiques à couper le souffle. On dit que c'est lors de l'exploration d'un canyon, où serpente un cours d'eau gelé, que nous sommes tombés sur cet endroit aussi impressionnant qu'original. Imaginez des berges blanches d'où émergent des formations rocheuses ocres. De forme évasée, ces blocs minéraux semblent avoir jailli brutalement du sol, en faisceaux. Alors que nous progressons sur la glace, j'imagine de gigantesques bouquets de pierres, comme un jardin dédiés à des géants, où ils pourraient cueillir les fleurs de roche de cet Éden blanc. Je découvre également sa végétation : de longues herbes bleues qui se couchent au gré des rafales de vent. Je tends la main vers ces plantes pour en apprécier la souplesse. C'est à la fois magnifique et incongru de les voir pousser à travers la neige, au mépris du froid.

Chaque pas qui nous rapproche de ces gerbes de concrétions orangées me permet d'en deviner la véritable nature. Ils sont peut-être faits de pierre, mais leur origine est clairement organique. Je fais donc face à des hybrides mêlant minéralité et floralité. Une sorte de corail qui palpite de vie végétale. Certaines branches révèlent un cœur coloré. On distingue également des auréoles plus foncées et concentriques. Des anneaux, comme ceux d'un tronc d'arbre. Leur apparition ou coloration obéissent-t-elles à un cycle, ou bien une saison ? Étrange et fascinant. Je vais de formation en formation pour affiner mon étude, quand j'entends soudain un froissement qui ne me dit rien qui vaille au sein des étendues jusqu'ici silencieuses. J'ai entendu certaines rumeurs concernant des attaques sur certaines de nos équipées. Je reste sur mes gardes. Je sais parfaitement bien que la beauté peut parfois être vénéneuse... "
bb1335e3-e0fd-4bd2-a68b-ecb63655bff1,ALT_ALIZE_B_MU_02_C,Hero,"Arjun & Spike",,"C'est en aérant la terre que l'on permet aux racines de devenir fortes et endurantes.",,,"392 AC - Ouvre les yeux et baaaaaille. Ça tangue, c'est tout chaud et ça berce dans la capuche. Faufile sous le tissu, vers l'air libre. S'étirer, mais pas faire sortir épines pour pas piquer Arjun. Fait froid dehors, s'enrouler dans tissu, au chaud, avant de regarder dehors. Brrrrr. Montagne. Désert me manque. Chaud dans désert. Fleur sur tête, alors que là, coiffure toute rabougrie. Tire. Enlever fleur fanée. Fleur tombe sur le sol tout blanc. Au revoir, fleur. Brrrr. Moi retourner dans capuche. Chaud bien mieux que froid. Oh ? Main d'Arjun vient me chercher. Moi cramponne à ses gants. Mana et chaleur. Miouuuu. Chaud dans ses mains. Glisse sous son manteau avec fourrure. Hmmmm. Bien mieux, à l'intérieur contre poitrine. Dehors, pas beaucoup couleur. Noir et blanc et un peu bleu. Banquise, glace et pas trop d'amis plantes. Seul ici, pas comme forêt. Ici, pas grand-chose voir.

Sauf. Oh. Petite forme qui tombe, comme plume. Se pose sur nez. Brrrr. Froid, mais rigolo. Autres plumes tombent du ciel. Plein plumes, mais pas oiseau. Plumes ciel ? Tendre main. Attrape petite poussière blanche. Flocon, dit Arjun dans tête. Ça flocon de neige. Spike sourit parce que Spike content. Flocon fond. Devient goutte eau. Comme Altération ! Mais pas Altération. Neige beau. Beau mais froid. Maintenant mouillé ! Flocon parti ! Arjun rigole. Bien. Elui content aussi. Hihi, rentrer. Profiter chaud. Demain, Arjun a dit Spike partir vers Tumulte. Mais pas aujourd'hui. Aujourd'hui, trouver source chaude et petit bain, avec Vera copine. Boire jus et détendre ! Oui oui, bon programme. Spike aime être chaud, Spike adore barboter dans onsen ! Main Arjun caresser tête Spike. Hihi. Ici chaud sous écharpe et veste et manteau. Ici encore meilleur endroit pour dodo ! Rouler en boule et fermer yeux. Ici, tout est bien contre Arjun. Ici, meilleur endroit du monde ! Ici, dodo..."
d386f4e3-bb6b-40b2-a394-6aa220319ddb,ALT_ALIZE_B_MU_03_C,Hero,"Rin & Orchid",,"Si on donne à la forêt, alors elle saura se montrer généreuse en retour.",,,"392 AC - Les rayons du Soleil filtrent à travers les branchages, tombant depuis la canopée en patchworks moutonneux. C'est comme un vitrail sur le sol, un camaïeu indistinct de vert et de jaune, qui ondoie au rythme du vent. Je m'étire, sifflotant alors que nous avançons dans la dense forêt. Devant moi, Kiddo cisaille et tranche, taille et fend sans discontinuer. De ses pattes ravisseuses, elle élague les buissons épineux comme si c'étaient des faucilles, libérant un passage à travers les futaies aiguisées. À sa suite, je désintègre les ramures tronçonnées, libérant leur Mana pour le réinvestir dans les plantes que nous avons meurtries. Derrière moi, les bosquets se mettent de nouveau à pousser, à bourgeonner et à fleurir. Et une fois que je suis passée, c'est comme si nous n'avions jamais emprunté ce chemin à travers les ronces et les halliers. Comme si nous n'avions jamais été là. Régénérée, la forêt continue de bruire de ses sons habituels.

Alors que nous débouchons sur une clairière, je regarde autour de moi en écarquillant les yeux. Au-dessus des fourrés spinescents, de gros fruits juteux à l'aspect étrange poussent en lourdes grappes jaunâtres. Je m'approche de l'une d'entre elles, intriguée. Je tends les mains, et Orchid coupe l'une des tiges, faisant chuter un chapelet de fruits. Je l'ausculte par le biais de l'Altération, observant les idées qui le composent. Nulle trace de ""Poison""... Satisfaite, je sors mon couteau et entaille l'un des fruits, qui se met à suppurer un jus couleur émeraude constellé de pépins. Je le renifle, puis lape le suc qui coule sur mon poignet. Immédiatement, une saveur acidulée et herbeuse sature mon palais. Hmmm. Je croque dans le fruit, réfléchissant à comment il pourrait se marier avec du poisson ou bien des fruits de mer. Il faudrait d'ailleurs lui trouver un nom. Une idée, Kiddo ?"
1b9851c0-8d31-498f-8127-b22817e264f2,ALT_ALIZE_B_MU_31_C,Character,"Jack Frost","393 AC","Toujours frais et dispo !","Allégorie de l'hiver, issue de la culture anglo-saxonne, Jack Frost serait à l'origine du givre, de la couleur des arbres en automne, ainsi que des mains et des pieds gelés par le froid. Il est souvent représenté comme un elfe aux cheveux blancs, aux yeux bleus et aux vêtements couverts de givre. C'est un être espiègle au caractère enfantin. Il peut d'ailleurs geler sur place les gens qui le mettent en colère. Parmi les pouvoirs qui lui sont attribués, on peut noter la production de glace, de souffle glacial et de précipitations hivernales, dont la neige et le verglas.","RIN
","Je traîne des pieds pour arriver sur les lieux. Il est déjà là à m'attendre, perché dans un arbre, assis sur une branche, les jambes ballantes dans le vide, son bâton sur les genoux. Sa tignasse blanche se balade de gauche à droite, comme s'il récitait une comptine. C'est du Jack Frost tout craché. Il sifflote en contemplant l'œuvre de Perséphone sur les lieux. Je sais qu'il feint de m'ignorer. Cela fait partie du jeu. C'est une leçon. Je regarde à mon tour le paysage, comme pour m'imprégner une dernière fois des esprits qui animent l'endroit d'une gaieté printanière, comme pour fixer dans ma mémoire les couleurs, les parfums des arbres et des fleurs. Je soupire.

Jack Frost ricane et descend d'un bond sur le sol. Il me raille, me rappelant qu'il est là pour réparer mes erreurs. Piquée au vif, je veux lui répondre avant de me rappeler qu'il est un peu soupe au lait... Et cela peut produire des étincelles... Enfin, plutôt des flocons ou des glaçons. Comme avec Saskia, je contemple mes pieds sans rien dire. Il est temps de redonner à ce biome sa nature hivernale originelle. Jack lève son bâton et les couleurs changent instantanément, passant du vert au jaune, puis à l'ocre automnal. Les feuilles tombent, tandis que le sol se couvre de givre. Les Bickrosts, ces petits lapins blancs à cornes typiques des forêts enneigées, réapparaissent déjà. Fascinés, ils fixent l'Eidolon alors qu'il poursuit son travail. Il entame une petite chorégraphie pour son public à fourrure, et la neige entre dans la danse. Le blanc a de nouveau tout recouvert. Jack Frost fait une petite révérence. La leçon est finie. Je tourne les talons, réajustant le col de mon manteau en murmurant un au revoir au printemps..."
56eb9583-ad45-481e-8900-507f6412f3a5,ALT_ALIZE_B_MU_32_C,Character,"Snoozer Shroom","393 AC",« Zzzz... »,,ARJUN,"J'ai appris à aimer la quiétude des forêts enneigées. Cette douceur silencieuse, ouatée, est propice à l'introspection. Chaque pas dans la neige me permet de lâcher prise et de laisser mon inconscient vaquer à la réflexion, à la recherche de possibilités et de solutions potentielles pour le Fuseau. Je n'entends que le craquement feutré de mes pieds qui s'enfoncent dans la neige, mais un son incongru à proximité me sort soudain de mes pensées. Je me tourne vers Spike, mais non, ce n'est pas lui qui est à l'origine de ce bruit. Je me fige, tendant l'oreille. La source est proche, et chaque pas qui m'en rapproche me permet d'affiner sa nature : un léger vibrato, un... ronflement. Qui peut donc dormir ici ? Derrière un tronc, je découvre une jeune recrue Ordis, allongée de tout son long, dormant du sommeil du juste. Cela ne me semble pas très prudent de piquer un roupillon dans la neige...

Je tends la main vers son épaule pour la secouer afin qu'elle se réveille, quand je remarque sur son torse un mush en train de contempler le visage de la dormeuse. Un champignon exténueur, pour être précis. Je remarque rapidement qu'un bout de son chapeau a été grignoté. Voilà donc l'explication de la sieste inopinée de la soldate. Ah, encore une novice qui n'a pas écouté durant sa formation sur les dangers des forêts. Le chapeau rouge à écailles bleues du mush est pourtant un avertissement évident. Je récupère les gants étanches de la recrue, et saisis le champignon qui me propose un bout de son chapeau. Non, petit, très peu pour moi. Je connais tes propriétés soporifiques. Mais cela me permettra de concocter une soupe pour offrir un sommeil réparateur, comme le font certaines mamans pour leurs enfants agités. Mais il faudra aussi que je prépare une petite tisane pour la recrue, car elle va sans doute se réveiller avec un bon rhume... Que faisait-elle toute seule dans les parages, au juste ?"
6df29f1a-dfc9-404f-9448-8db47dc37e22,ALT_ALIZE_B_MU_33_C,Character,Persephone,"393 AC","Après l'hiver vient le printemps.","Aussi connue sous le nom de Coré, ou Proserpine dans la mythologie romaine, Perséphone est la fille de Déméter, la déesse grecque des moissons et de l'agriculture. Après avoir été ravie par le dieu Hadès et retenue aux enfers, un accord est trouvé entre le dieu souterrain et Déméter : chaque année, elle demeurera six mois auprès de son époux, et les six autres à la surface et au sein de l'Olympe. Lors du printemps et durant l'été, la joie de Déméter de retrouver sa fille provoque le fleurissement de la nature, et au contraire, la douleur de la perdre amène avec elle l'automne et l'hiver...","RIN
","Je me pose sur une souche après avoir déblayé la neige qui la recouvrait. Tout autour de moi, la forêt est calme, presque trop calme. On est loin de ce que je pouvais entendre au sein de la Katkera, qui en comparaison était un tohu-bohu incroyable. Entre les jacasseries des oiseaux, les brames, les caquètements et les vagissements, il n'y avait que peu de place pour le silence. Même la forêt de Nutsuwa, pourtant si sereine, bruissait fort si on tendait l'oreille, et si on savait écouter. Mais la taïga ressemble à un désert ouaté et feutré. Je suis au cœur de la forêt boréale, là où les arbres semblent être les plus vieux, et quelque chose me chiffonne. Il y a de nombreux troncs morts, des arbres qui habituellement n'auraient rien à faire dans un climat si arctique. C'est comme si l'hiver s'était abattu ici soudainement, dans une région qui était avant cela tempérée, et qu'il était resté jusqu'à faire dépérir ses précédents habitants.

Peut-être est-ce à cause de cela que j'appelle à moi Perséphone, celle par qui le printemps est censé revenir ? À cause de cette profonde mélancolie que je ressens en étendant les filaments du Skein ? La déesse apparaît en même temps que la stèle sur laquelle elle était assise, un livre à la main, comme si je l'avais dérangée pendant sa lecture. Mais je sais d'où vient cette idée. Elle appartient à mes souvenirs, quand Turuun prenait une pause. Durant nos escales, elle sortait souvent un ouvrage en me disant d'aller voir ailleurs si j'y étais, pour ne pas que je la dérange avec mes questions incessantes. Perséphone regarde autour d'elle, et alors que les parterres de neige se mettent à fondre en sa présence, les anciens esprits se réveillent. Ici, l'émanation d'un chêne, là, celle d'un châtaignier. L'âme d'un hêtre se joint à eux et se rapprochent de la déesse comme pour lui demander si le printemps est de retour, et s'il est temps de se réveiller..."
8b25346f-e542-4807-b8b4-c71c9930ed54,ALT_ALIZE_B_MU_34_C,Character,"Repotter Otter","393 AC","« T'as du pot que j'm'occupe de toi. »",,"ARJUN
","À travers la baie vitrée de la serre, l'extérieur est un voile blanc que rien ne semble pouvoir transpercer. Je tiens Spike sur mes genoux, et récupère le thermomètre qu'il avait dans la bouche. 23°C, c'est bien plus que les 21°C habituels... Normal qu'il se sente si faible depuis hier. Assis·e sur un tabouret, j'attends que le jardinier termine avec ses précédents patients. La loutre se saisit d'un pot et le remplit avec des billes d'argile, un peu d'écorce et du terreau humide. Puis elle saisit la première plante sentiente et la positionne délicatement à l'intérieur de son récipient de convalescence. Comme elle borderait un lit, la loutre rempote tendrement le végétal, et le pose bien en évidence sous une source de lumière, pour qu'il puisse bénéficier de l'éclairage suffisant pour activer sa photosynthèse. Elle fait de même avec le petit Pignon, avant de s'occuper du champignon éternueur, qui n'arrête pas de crachoter des spores à moitié filtrés.

C'est au tour de Spike de bénéficier de ses soins. Elle emmaillote le pot dans lequel elle le dépose, et tasse un peu la terre autour de ses petons. Puis la loutre rempoteuse enlève les fleurs fanées qui couvrent sa tête, afin que les nouveaux bourgeons puissent fleurir plus aisément. Quand Spike ira mieux, de nouvelles corolles rougeoyantes écloront au-dessus de sa petite bouille, et il aura sûrement la bougeotte. Il n'a jamais eu beaucoup de patience quand il s'agit de rester cloîtré quelque part à ne rien faire. Mais en attendant, il va lui falloir du repos. Quant à moi, j'avoue qu'un peu d'oisiveté ne me fera pas de mal. Plonger les mains dans l'humus me manque terriblement, et il y avait de quoi faire au sein de la serre. Je caresse doucement le crâne de ma Chimère, qui dodeline déjà de la tête, visiblement exténuée. Je n'aime pas la voir ainsi alitée, et j'espère que son rétablissement ne sera pas trop long..."
b882b921-4951-416b-9a1d-637f44ec7669,ALT_ALIZE_B_MU_35_C,Character,"Saskia, Sly Naturalist","393 AC","Parasitisme ou symbiose, la vie trouve toujours un moyen d'éclore.",,"RIN
","Je regarde mes pieds, honteuse, après avoir été sermonnée par la jeune naturaliste. Saskia continue de me dévisager d'un air sévère, pour bien s'assurer que j'ai compris la leçon. Oui, j'ai compris. Oui, j'aurais dû faire preuve de plus de jugeote. Invoquer Perséphone de la sorte, au mépris de l'écosystème, avait été une cruelle bêtise, qu'elle avait même qualifié d'erreur de débutant. Et je savais qu'elle avait raison. Je me mords les lèvres en repensant à ce que j'ai fait. Provoquer la fonte des neiges, sans penser au bien-être des espèces qui s'étaient établies ici... Je ne sais pas à quoi je pensais à ce moment-là. Est-ce que c'était à cause du mal du pays, et du fait que mon papa me manquait ? Je me fustige de nouveau. Je ne peux pas réfléchir comme si j'étais encore une enfant. Et je n'y peux rien, les larmes viennent embrumer mes yeux.

Saskia soupire et vient entourer tendrement mes épaules de ses bras. Étonnement, je me laisse faire. Je suis même heureuse de ce contact. Elle m'avait parlé des hakupopo, des autres espèces de ce qu'elle appelait le Peuple de l'Hiver. Le Storhvit avait retrouvé un semblant d'équilibre qu'il ne m'appartenait pas de changer et de mettre en péril. Je le voyais maintenant, j'avais causé cette disharmonie parce qu'intérieurement, je n'étais pas en euphonie avec moi-même. Elle caresse mes cheveux, et je me dis que c'est peut-être ça, la sensation d'une mère qui prend soin de sa fille. Tout ce que j'avais connu, c'était les mains calleuses de mon père. Un sanglot soudain me traverse en repensant à lui, et au fait qu'il me manque terriblement. Mais une pensée négative me tire de ma rêverie et de mon spleen. C'est de l'animosité, presque de la malveillance qui provient d'Orchid et qui cible Saskia. Je me relève, m'arrachant à son étreinte, me demandant si ma Chimère ne fait pas preuve de trop de jalousie..."
76f2e5e3-2cbc-4c53-8e38-c49747e18210,ALT_ALIZE_B_MU_36_C,Character,Yeti,"393 AC","Il n'a rien d'abominable.","Aussi connu sous le nom d'abominable homme des neiges, le Yéti est une créature légendaire supposée habiter les cimes de l'Himalaya, du Tibet au Népal, en passant par le Bhoutan. De nombreux explorateurs et sherpas, gravissant l'Everest ou les sommets voisins, rapportèrent avoir observé d'étranges empreintes dans la neige, qu'ils attribuèrent ensuite au cryptide.","ARJUN
","Je frissonne en découvrant une nouvelle couche de neige apparue durant la nuit. Le manteau blanc qui habille le paysage alentour a doublé d'épaisseur. Si c'est magnifique, c'est aussi un piège pour la faune et la flore la plus fragile de ce milieu : pavots arctiques, myrtilles, saxifrages, linaigrettes... J'hésite un instant, mais Spike me pique le derrière. Aïe ! Oui, ça va, on va aller aider les malchanceux qui se sont fait surprendre par la dernière décharge réfrigérante. Ne t'inquiète pas, petit vaurien. Ma canne, une grosse paire de bottes doublées, une écharpe supplémentaire, et nous sommes partis à la rescousse. Aidé·e de ma Chimère, je pars sur les sentiers des plus grosses congères à la recherche de ceux qui ont besoin d'aide. J'espère que d'autres personnes auront le même réflexe que moi. Il faut faire vite, le froid est vif. Au bout d'un moment, quelque chose me titille. Certes, la forêt sous la neige est silencieuse... Mais là, elle est vraiment trop silencieuse. Même les oiseaux semblent avoir disparu.

Continuant ma mission de sauvetage, je garde en tête cette étrange absence. C'est Spike qui m'apporte la solution à ce mystère. Il m'attire sur un petit chemin au détour duquel je retrouve le pépiement des oiseaux. Transis de froid, ils ont trouvé refuge dans les bras d'un débonnaire bonhomme couvert d'une épaisse fourrure blanche, au visage bleu azur, surmonté d'une paire de cornes noires pareilles à celle d'un bouquetin. Le Yéti semble ravi de pouvoir servir de perchoir à ses petits amis à plumes, qui se sont pelotonnés contre son torse. Assis dans la neige, souriant au point de montrer ses canines, il n'a pas l'air pressé de se séparer des volatiles qui lui donnent un joyeux concert. Rassuré·e, je laisse l'Eidolon réchauffer l'ambiance sylvestre pour repartir aider ceux qui n'ont pas pu bénéficier de ce genre de bienfait."
1ea37502-52ee-43e7-a83d-187d1a3e9c43,ALT_ALIZE_B_MU_37_C,Character,"Mighty Simbi","393 AC","On garde sans remords ce qu'on acquiert sans crimes.","Esprit de la nature du folklore centrafricain, affilié à l'eau et aux forêts, les légendes autour du Bisimbi ont été propagées jusqu'aux Amériques, à travers la diaspora forcée des peuples Bantu. Gardien de la nature et intermédiaire entre le monde des esprits et les vivants, le Simbi est une créature métamorphe qui peut prendre de nombreuses formes pour servir de guide spirituel. Dans certains cas, il peut même prendre l'apparence d'un Kalûnga, une étincelle de feu à la source de la création du monde.","NAURAA
","Il n'y a rien à faire, j'ai beau m'en débarrasser, ils s'agglutinent à moi comme une nuée de puces. Je dois filer d'ici au plus vite et sortir de cette satanée forêt. Les hordes de Belisenki s'acharnent, et je dois reconnaître qu'ils ont de la suite dans les idées. Je suis sur leur territoire. Non, tout le Storhvit est leur, à n'en pas douter. Tout ce que je peux attendre, c'est une accalmie. Tant que nous serons ici, nous serons des intrus. Oh, Tei a bien tenté de les toucher du Skein pour implorer leur clémence et apaiser leur hargne, mais il faut se rendre à l'évidence, cela ne fonctionne pas. Tout ce à quoi je peux me résoudre, c'est recourir à mon instinct de survie, et ce dernier m'intime de leur rendre la pareille. Alors je claque des mâchoires et lacère de mes griffes pour percer leurs rangs.

Je file comme le vent, mais eux pleuvent depuis les hauteurs, m'entourent, m'encerclent. Alors je bondis et esquive, me faufile et zigzague. Autour de moi, les Eidolons que Tei manifeste me permettent de me sortir des mauvaises passes, mais je sais que malgré tout le Mana que j'ai ingurgité, il brûle plus vite qu'une allumette. Tei ! C'est un appel à l'aide, dans lequel filtre mon exaspération. Soudain, une lumière bleutée colore la frondaison des arbres. Je me dirige dans sa direction, pour voir un petit être capturer le Mana ambiant. Je reconnais son odeur. Je sais quelle est sa nature de petit pourvoyeur. Je gobe l'orbe de Mana qu'il a réussi à façonner pour moi, sans pour autant m'arrêter dans ma course. D'un coup d'œil en arrière, je le vois se dissiper. La larme qu'il m'a offerte ne tiendra pas longtemps dans mon estomac. Je suis déjà en train de la digérer. Mais peut-être qu'elle me permettra d'atteindre l'orée du bois."
c2701150-1d62-4df1-a7e2-6d71b7b0c99f,ALT_ALIZE_B_MU_38_C,Character,Leshy,"393 AC","« Je suis fort, et tu es dans mes bois ! »","Esprit gardien de la forêt et de ses habitants, le Liéchi est une créature de la mythologie Slave. À la fois humanoïde et végétal, il a l'apparence d'un vieil homme hirsute. Traditionnellement, sa barbe est faite de mousse et ses habits de fourrure. Il n'a pas d'ombre et peut changer de taille, apparaître et disparaître à volonté. Il prend également la forme de toutes les plantes et de tous les animaux, qui lui obéissent. S'il aime égarer les voyageurs et les chasseurs, on peut toutefois s'attirer ses bonnes grâces en respectant la forêt.","TEIJA
","La crevasse est large, bien trop large pour nos cordes et nos grappins. Une douzaine de mètres. Et elle court sur plusieurs kilomètres, si bien qu'on n'en voit pas la fin. L'expédition est à l'arrêt, à la recherche d'une solution pour éviter un détour de plusieurs heures, voire plusieurs jours. Chacun échafaude une solution de secours. Dans d'autres circonstances, je pourrais sauter par-dessus en prenant appui sur l'Altération, ou arc-bouter un arbre pour nous faire un passage. Mais la frondaison est trop loin, et je dois penser à tous ceux qui me suivent, et qui ne peuvent recourir aux mêmes subterfuges que moi. Dans ma poche, je touche du doigt les quelques graines qui me restent. Non, je vais les réserver pour des moments plus critiques que celui-ci. Le groupe devise sur comment enjamber l'obstacle sans avoir à abattre les arbres avoisinants, et je profite de cet intermède pour me reposer et boire une gorgée d'eau.

Alors que le groupe se dispute sur les options restantes, j'entends un bourdonnement provenant du fond de la faille. Interloquée, je me penche au-dessus du trou et aperçois une touffe verte qui remonte. On dirait un buisson. Non, du lichen ! Une grande surface de mousse, de cinq mètres de circonférence, arrive à notre niveau. C'est en fait le haut d'un visage en forme de fleur, avec des bois sur la tête tel un élan ; une tête gigantesque dont les cheveux et la barbe sont faits de mousse. Elle fait ensuite place à un buste d'homme avec plusieurs couches d'écorce de différentes essences. L'Eidolon nous adresse un étrange sourire complice. Il s'arrête de grandir alors qu'il occupe la moitié de la largeur de la crevasse. L'entité déplie ses immenses bras pareils à des troncs d'arbre. Sa main se pose sur le sol à l'autre extrémité de la faille, puis son coude vient lentement redescendre à côté de nous. Je saisis mon sac et souris en retour, me dirigeant vers le pont ainsi formé. Parfois, la nature est mieux que bien faite..."
8271417d-3158-47df-b6fe-4aa510a5814f,ALT_ALIZE_B_MU_39_C,Character,"The Snow Maiden","393 AC","« Maman Printemps, sois bonne, et donne-moi un peu de soleil pour réchauffer mon pauvre cœur ! »","Aussi connue sous le nom de Snegourotchka, la Fille de Neige, est un personnage du folklore russe. C'est la petite-fille de Ded Moroz, le Grand-Père Gel, équivalent russe du Père Noël. Dans le conte dont elle est issue, un couple de paysans, qui se désole de ne pas avoir d'enfant, décide d'en fabriquer un avec de la neige. La fille de neige prend alors vie, grandissant vite tout en conservant un teint très pâle. À l'arrivée du printemps, elle est prise de langueurs. Ses amies, pour la distraire, lui proposent de jouer et de danser en sautant au-dessus d'un feu de joie. Mais, lors du saut, Snegourotchka disparaît, ne laissant à sa place qu'un flocon de brume.","RIN
","Un chant s'élève dans la forêt gelée où la vie semble avoir disparu. Les arbres, les buissons... tout ici n'est que glace, donnant à l'endroit une teinte bleutée. Le son produit dans ces lieux n'en est que plus cristallin. C'est une douce mélopée, fredonnée avec lenteur, qui m'attire immédiatement. Qui peut bien être à l'origine de cette complainte ? Je suis une sorte de sentier qui serpente entre les troncs. Un sentiment de solitude m'étreint le cœur. Si le chant est triste, il n'est cependant pas désespéré, plutôt mélancolique. Et soudain, la modulation change, plus rapide, plus enjouée. Et voufff, un lapin de glace me passe entre les jambes. J'écarquille les yeux, tentant d'en comprendre la provenance. Il vient de là où l'on chante. J'accélère le pas. Et voufff, je manque d'être renversée par un faon de glace filant à toute allure. Et soudain, je la vois : une magnifique jeune fille, au teint pâle, à la tête coiffée d'une couronne en forme de flocon.

Elle tourne sur elle-même, fredonnant sa ritournelle tout en façonnant la glace qui sort de ses doigts : un corps svelte, de petites pattes fines, un museau effilé et enfin une longue queue touffue. C'est un renard de glace qui prend forme dans ses mains. Il s'anime, court autour d'elle. C'est étrange. Plus nous nous enfonçons dans les étendues glacées du Storhvit, plus de nouveaux Eidolons se manifestent à nous sans qu'on le leur demande. En Asgartha, même s'il arrive qu'ils s'incarnent naturellement, cela reste tout de même rare. Je devrais poser la question à Akesha, elle saurait sûrement pourquoi ici, ils se rappellent à nous sans qu'on ait à les connaître ou à se souvenir d'eux. La jeune demoiselle enchaîne les sculptures d'animaux comme si elle cherchait à repeupler l'endroit d'une vie glacée. Ses créations font la ronde autour d'elle. Et le sentiment de solitude, qui précédemment me minait, s'estompe peu à peu."
6d344f11-4ba1-461b-bd7e-c7d227d0ffed,ALT_ALIZE_B_MU_40_C,Character,Demeter,"393 AC","Avec le printemps vient l'espoir.","Fille des Titans Rhéa et Cronos, sœur des Olympiens primordiaux, Déméter est la déesse des récoltes et de l'agriculture. Elle incarne la Terre Mère, la vie et la fertilité, et on la célèbre comme une divinité du grain, des champs et de la sustentation. Lors du rapt de sa fille Perséphone, dérobée par son frère Hadès, elle n'eut de cesse de la chercher partout, abandonnant par la même occasion ses fonctions. Cette désertion provoqua une famine telle qu'elle força Zeus à prendre parti et à réclamer le retour de Perséphone.","TEIJA
","Resplendissante et solaire, Déméter se dresse devant l'Amirale Singh dans une parure végétale faite de feuilles évasées d'un vert jeune. Sa longue traîne se termine par des épis de blé, qui auraient pu ressembler en d'autres circonstances à la queue d'un crotale. Mais il n'y a aucune véhémence dans son attitude, plutôt une aura affable qui lentement finit par me mettre à l'aise. Prenant place face à la dirigeante des Corps expéditionnaires, elle fait croître sous elle un siège de branches entrelacées pour s'y asseoir délicatement. Esquissant un sourire, Temera Singh s'installe à son tour pour évoquer la possibilité de modifier durablement le climat du Storhvit. Je sais que pour beaucoup, la traversée est une épreuve difficile, en particulier à cause de la rudesse de l'hiver omniprésent. En plus de rendre la progression laborieuse, de nombreux explorateurs ont été sujets à des engelures, des problèmes cardio-vasculaires, des cas d'hypothermie... sans parler des Belisenki.

À maintes occasions, j'avais essayé de tenir tête aux membres de l'état-major, dont beaucoup réclamaient la terraformation de ce biotope. Les tractations avaient été nombreuses, au point que certaines discussions s'étaient envenimées. C'est ce qui avait poussé l'Amirale à solliciter le patronage de l'Eidolon, pour recueillir son avis et s'enquérir de la faisabilité d'une telle opération. Les poings serrés, j'assiste aux débats. Déméter écoute toutes les opinions, de la plus radicale à celles qui essaient de faire preuve d'un minimum de compromis. J'aurais moi-même souhaité trouver un terrain d'entente, mais on parlait là de modifier drastiquement des environnements. Je me mordille les lèvres, luttant pour garder ma contenance. Il y avait tellement en jeu : des habitats à protéger, des espèces qui pourraient se retrouver menacées... Après avoir longuement écouté toutes les parties, Déméter se lève et prend la parole simplement. C'est à nous de nous adapter à la nature, et pas l'inverse. Je sens soudain un poids être retiré de mes épaules, et je soupire de soulagement."
7fb7f41c-54d7-452e-92d0-ea3cbaf829b8,ALT_ALIZE_B_MU_41_C,Spell,Sow,"393 AC","Le jardinier avisé se prépare bien avant le printemps.",,"ARJUN
","Creusant à même le sol avec mes mains, je fredonne une petite comptine Muna, mon petit rituel quand je vais planter quelque chose. C'est toujours un moment sacré, celui où on met des graines en terre. Surtout lorsqu'on le fait dans un terrain peu propice à l'éveil, où le froid pousse les plantes à rester en sommeil. Il faut prendre le temps de dégager un sillon, de le creuser pour qu'il soit assez profond et de garantir l'accès de la future plante aux nutriments, à la protection salvatrice de la terre. Il ne faut jamais négliger le départ, car la suite dépend du soin apporté dès les premiers instants. À genoux, je termine de façonner le futur cocon, dégageant bien la neige et malaxant la terre pour l'émietter et la réchauffer. J'ajoute un peu de Mana, juste un soupçon. Il ne faut pas forcer la magie de la nature. C'est une opération lente où on ne doit pas tenter d'accélérer le processus. Lorsque tout me semble prêt pour le semis, je plonge ma main dans la petite bourse en cuir où j'ai mis mes graines. Au creux de ma paume, je les écarte les unes des autres d'un doigt précautionneux.

Qu'importe leur taille ou leur forme, elles sont parfaites. Rin les avait découvertes au fond de l'un de mes pots, alors que nous rangions la tente florale avant de lever le camp. Nous nous les étions partagées, comme je l'avais fait avec Teija. Les célèbres haricots, mais revisités par mes soins... Je m'essuie le front. Tout est prêt. C'est le moment fatidique : la mise en terre. Je termine mon rituel, alors que le Mana parcourt la semence. Je frémis en sentant la magie opérer, en sentant leur Skein se lier au reste de la nature. La germination s'accélère, les cotylédons s'ouvrent, la radicule pousse et la tigelle se déploie dans un scintillement doré. Je reste émerveillé·e alors que j'ai déjà assisté à cette scène des centaines de fois. Si seulement je pouvais offrir ce type de renaissance au Fuseau... Alors que les premières feuilles apparaissent, je laisse maintenant la nouvelle pousse suivre le chemin de vie que lui dicte l'idée qui est enchâssée en elle. Je passe alors au sillon suivant, replongeant dans mon cérémonial immuable."
009fc04b-8b16-4ce9-a9be-54eb3691c83f,ALT_ALIZE_B_MU_42_C,Spell,"Lost in the Woods","393 AC","Lierre de rien, ils ont perdu leur chemin.",,"TEIJA
","Je tends l'oreille, et discerne une série de cris étouffés émaner de la forêt. Cette dernière a changé durant les dernières heures, la profonde taïga faisait peu à peu place à des étendues boisées dénuées de neige... Pour autant, ce n'est nullement le havre de paix qu'elle est supposée être. Les arbres sont agités, tout comme les plantes. Chaque dendrite du Skein que je déploie se confronte à une décharge hostile. Si seulement c'était la simple pétulance de la nature en train de renaître... Non, ici, elle est conquérante, hargneuse, mordante, comme si elle avait une revanche à prendre. Je me dirige vers les cris, bifurquant de ma route, et la forêt ne semble pas apprécier. Une ronce me fouette le visage, ses épines perçant ma peau jusqu'au sang. Et plus j'avance, plus je sens qu'elle devient teigneuse, au point que je dois sortir mon coutelas pour taillader les bosquets de lianes urticantes et les branches suppurantes de poison.

Je débouche sur la sombre clairière, où les Eidolons des Trois Petits Cochons sont aux prises avec des racines voraces et des tiges préhensiles. Elles émergent de la terre meuble, hystériques et menaçantes, et cinglent l'air comme des serpents, essayant de s'enrouler autour de tout ce qui se trouve à proximité. Je vois l'une d'entre elles attraper l'un des cochons ingénieurs avant de le soulever de terre. Je me précipite et tranche la liane, le laissant retomber au sol. Bon sang, qu'est-ce qui a bien pu provoquer l'ire de la nature à ce point ? Je la sens lutter de toutes ses forces, pour repousser... Soudain, je comprends. Cette forêt avait connu l'arrivée du froid, et avait été supplantée par la taïga. Désormais réveillée, elle souhaitait reprendre possession de cet écosystème, et bataillait pour s'imposer de nouveau... Je me tourne vers les Eidolons, dont émane un sentiment d'effroi. Je leur crie de fuir sans se retourner, tandis que je garde à distance les appendices forestiers."
c65a7284-72a3-498c-9bc2-a161db537fb2,ALT_ALIZE_B_MU_43_C,EXPEDITION_PERMANENT,"Magic Beans","393 AC","C'est la fin des haricots !","Dans le conte populaire anglais Jack et le Haricot Magique, Jack, le protagoniste principal, rencontre sur le chemin du marché un vieil homme qui parvient à le convaincre de lui échanger la vache qu'il était censé vendre contre une poignée de haricots soi-disant magiques. Quand ils sont plantés, ils ont la possibilité de pousser si vite et si haut que leur tige peut monter jusqu'au ciel. Au matin, quelle n'est pas sa surprise de découvrir que le vieillard n'avait pas menti. Une tige herculéenne vient tutoyer les nuages, là où se poursuivront ses aventures...","TEIJA
","J'empoche le sachet de haricots magiques qu'Arjun m'a confié avant mon départ. Iel m'a expliqué qu'il suffisait d'y insuffler une idée pour la voir germer dans le monde, et je lae crois. Quant au fait de faire grandir une idée complexe, comme une échelle de lierre ou un pont de roseaux, cela va sûrement demander un peu de pratique pour aboutir au résultat escompté. Pour autant, je lui suis reconnaissante de ce coup de pouce bienvenu. Surtout que si cela fonctionne, je vais pouvoir laisser une grande partie de mon barda dans la remise et voyager plus léger. Après m'être écartée du feu de camp, je trouve une petite clairière où je pourrai mener mes expérimentations. Autant commencer simple, par exemple avec une bassine pour me laver le visage près du ruisseau. Je me concentre, et convoque une idée claire dans ma tête, avant de l'ancrer dans l'une des graines.

Le haricot se met soudainement à germer à une vitesse irréelle. Puis les tiges et les feuilles qui éclosent s'entremêlent, jusqu'à aboutir à une sorte de cruche végétale. Peut-être ai-je mal maîtrisé l'idée initiale ? Je plonge le récipient dans le ruisseau, cassant la croûte de glace pour accéder à l'eau vive. Je vois que le contenant est assez étanche, même si de minces filets d'eau s'infiltrent entre le réseau de tiges qui façonne toute sa surface. C'est acceptable, mais imparfait. Voyons si je me débrouille mieux avec le second essai. En faisant le tri de mes possessions, je me dis soudain que c'est ma tente qui prend le plus de volume et de poids dans mon paquetage. Serait-ce possible ? Je lance le deuxième haricot, en imaginant ce à quoi une tente de feuilles et de pétales pourrait ressembler. Si la tentative est concluante, je montrerai sûrement à Arjun le résultat de mes expérimentations, histoire de lae remercier pour ce présent."
8b1baf61-4e81-43b9-b899-88e8c90f168c,ALT_ALIZE_B_MU_44_C,EXPEDITION_PERMANENT,"Floral Tent","393 AC","Un joli abri face aux éléments déchaînés.",,"ARJUN
","Je pose le dos de la main sur le front de Rin, et soupire de soulagement en remarquant l'absence de fièvre. Tout autour de nous, les pétales de la tente florale sont ballottés par les vents tourbillonnants. C'était une chance d'avoir été dans les parages et de l'avoir vue tomber malgré le blizzard. Et heureusement, l'épaisse couche de poudreuse avait été suffisante pour amortir sa chute. Pour autant, j'avais mis presque une heure à la rejoindre, suffisamment pour que son corps se refroidisse sensiblement. Spike tire soudain sur ma manche. Oui, petite pousse, je sais. Je retire la bouilloire du feu et verse un peu d'eau chaude dans une timbale. Puis j'y saupoudre un peu de terreau noir pour lui cuisiner la mixture dont il a besoin pour endurer le froid. Une bourrasque agite les pans de pétales, sifflant agressivement à nos oreilles. Spike s'emmitoufle dans sa couverture, l'air inquiet et peut-être un peu désespéré.

Heureusement que nous avons pu faire pousser cet abri malgré la violence des éléments. Bien positionnée en direction du vent, notre couronne de feuilles nous permet de casser une grande partie de sa force. Je me tourne vers les pistils qui commencent à s'illuminer. Cela veut dire qu'au-dehors, la nuit est en train de tomber. Espérons qu'au matin, la tempête ait perdu un peu de son intensité... On gratte soudain à l'entrée de la tente, et d'une main, je caresse la membrane florale pour la faire s'entrouvrir. Le mush que j'ai envoyé prendre des nouvelles des autres explorateurs entre, couvert de neige et visiblement transi de froid. Se lovant au milieu des pistils, s'imprégnant de leur chaleur, le champignon retrouve un peu son aplomb, et me partage, par le biais de son mycélium, quelques émotions qui me rassurent grandement. D'autres tentes florales ont réussi à pousser pour tous les abriter. Je soupire. Il ne reste plus qu'à attendre que la petite se réveille."
65109c6e-8b12-4752-ad50-7e29e03b7e52,ALT_ALIZE_B_MU_45_C,LANDMARK_PERMANENT,"Periwinkle Taiga","393 AC","On peut le percevoir dans le silence de la forêt, comme un frémissement.",,"RIN
","On nous observe, j'en mettrai ma main au feu... Enfin, c'est plus une façon de parler, même si c'est sûr que ça la réchaufferait un peu. J'essaie de plaisanter pour me rassurer, mais cette taïga ne m'inspire pas confiance. Je sens plein de présences dissimulées depuis tout à l'heure : quand j'ai pêché les petits poissons, quand je les ai fait griller, quand on s'est remis en route... J'ai le sentiment que quelque chose d'énorme est passé ici, entre les grands pins et les séquoias, laissant une trace résiduelle derrière elle, sous la forme d'une vague de froid. Ce devait être une très forte personnalité, car elle a délogé nombre d'animaux sur son passage, qui reviennent peu à peu maintenant que son essence se dissipe petit à petit. Mais avec leur retour, d'autres choses sont aussi en train de réinvestir les lieux. J'ai des picotements derrière la nuque. Et ça, je sais ce que ça veut dire : on nous espionne. Je me retiens de ne pas me retourner toutes les cinq minutes.

Le terrain semble se dégager pour nous offrir une clairière vallonnée, toujours entourée de ces arbres gigantesques, dont des sapins et des bouleaux au tronc craquelé. C'est sans doute le moment pour essayer d'en avoir le cœur net. Je fais une pause avec mes compagnons de route et scrute la futaie. Des bruissements suspects, des branches qui bougent... L'atmosphère est pesante. L'autre présence, toujours aussi forte, semble garder nos espions à distance tant que nous restons dans le sillage de son passager. À l'aide d'un peu de Mana, je ferme les yeux et ouvre mon esprit à la taïga. Je me projette autour de cet espace, fouillant les buissons à travers le Skein. Ma respiration se fait plus hachée alors que je sens les Belisenki nous encercler petit à petit. J'ouvre les yeux et avertis mes compagnons. Mieux vaut ne pas traîner ici. Suivons la piste de la présence qui tient nos observateurs en respect. C'est la voie la plus sûre à suivre."
106c4d54-b034-4e42-85fb-c60d1e85c6ce,ALT_ALIZE_B_NE_01_C,Mana,"Mana Convergence",,"Le Mana est le ciment qui lie la substance des idées à celle de la réalité.",,,
92bf4da9-03ab-4226-ad60-6413b15409a0,ALT_ALIZE_B_NE_02_C,Token,"Dragon Shade","393 AC","C'est un spectre, un fantôme, chuintant et chuchotant sans cesse. Il veut qu'on le trouve. Il veut qu'on le libère.",,"BASIRA
","Le souffle frappe mon torse, et je plante mes pieds dans la neige pour ne pas basculer. Tout autour, la neige est soulevée de terre et propulsée au loin, cinglant les visages par la même occasion. À côté de moi, un porteur se bouche les oreilles en entendant la clameur qui chevauche l'onde de choc. Quant à moi, je l'écoute avec la plus grande attention. C'est comme un rugissement, comme une complainte qui se réverbère au sein de la vallée enneigée. Des croûtes de neige et de glace se disloquent et chutent depuis les sommets quand le cri résonne, hurlement à glacer les sangs. Et en même temps, je sens l'excitation monter. Quelle créature peut-elle, de son seul cri, provoquer de tels séismes ? Quel mastodonte peut-il propager ces titanesques déflagrations ? Se peut-il qu'un Léviathan se cache derrière les signes et les présages qu'on a pu observer ? Ou est-ce totalement autre chose ?

Durant ces dernières semaines, on a senti sa présence à chaque instant. Dans la façon dont la neige tombait des branches, dans la façon de se briser des stalactites... ou même dans l'écoulement d'un ruisseau. Des signes et des présages, même dans les scènes les plus banales. On entendait son cri flotter dans l'air comme du bruit blanc, sans qu'on le remarque vraiment. Ou peut-être qu'on n'osait pas vraiment prêter l'oreille. Mais plus on approchait du sommet, plus il devenait impossible à ignorer... Désormais, il s'imposait à nous. Certains disent que ce cri nous intime l'ordre de déguerpir au plus vite. Mais ce n'est pas ce que je crois. Au contraire. Pour moi, c'est un appel... un appel à l'aide, ou une provocation. Il y a bien une ombre qui pèse sur la montagne, une formidable bête qui nous enjoint à la trouver. Et c'est ce que je compte faire."
ed4f007c-730b-46cf-a354-2e038be35975,ALT_ALIZE_B_FOILER_C,Foiler,ALT_ALIZE_B_FOILER_C,,,,,
6930a53e-7e1a-4828-93f2-48b7a8f05771,ALT_ALIZE_B_OR_01_C,Hero,"Sigismar & Wingspan",,"« Suivez-moi, compagnons ! Si nous travaillons de concert, rien ne pourra nous arrêter ! »",,,"392 AC - Wingspan glapit en direction de notre assaillant, tandis que mon épée s'abat sur une autre Chimère qui nous attaque par le flanc. Je jette un rapide coup d'œil vers Sunisa, dont le bouclier présente déjà plusieurs éraflures. Mon aide de camp couvre notre côté gauche, essayant de repousser de la pointe de sa lance les créatures du Tumulte qui nous prennent d'assaut. Elles sont nombreuses, et leur multitude ne semble pas vouloir tarir. Pour autant, nous devons tenir bon pour permettre au convoi de passer le col. Une patte griffue heurte mon bouclier, lacérant sa surface. Je sens le poids de son attaque sur mon épaule, mais parviens à encaisser le choc en serrant les dents. J'écarte la créature, appuyant de toutes mes forces pour la faire déguerpir. Wingspan parvient à l'attraper dans son bec, l'envoie valdinguer un peu plus loin.

Les bêtes qui nous encerclent feulent, aux aguets, attendant qu'une occasion se présente. Je dois profiter de cette brève accalmie pour faire basculer l'échauffourée à notre avantage. Wingspan déploie ses ailes et prend son envol, ses lourdes ailes propulsant de puissantes bourrasques. Les créatures bondissent en arrière. Maintenant. Je plante ma lame dans le sol, puisant dans le Mana de mon Alter Ego. De ma main libre, je trace un Glyphe dans les airs, avant de l'apposer sur le sol. L'Eidolon de Maibritt se matérialise devant moi, brandissant son épais pavois pour me fournir un couvert. Elle n'est pas seule. Une autre recrue Ordis se manifeste à ses côtés. Hallebarde et lance dardent les rangs des créatures du Tumulte. En concentrant mon Mana, j'invoque depuis mon imagination un torrent de feuilles de papier. Elles virevoltent, emplissent l'air comme un blizzard papillonnant. Partout où une page se dépose, elle s'y colle, comme si elle était couverte de glu. Je souris en voyant que les créatures finissent prises au piège dans un amas de feuillets collants."
1a241ca5-d715-40e6-b3a0-1d15a57dea4b,ALT_ALIZE_B_OR_03_C,Hero,"Gulrang & Tocsin",,"L'idéal de l'Ordis repose sur la patience et l'endurance.",,,"392 AC - La pluie tapote contre ma peau de marbre ; Le Kraken rugit, émergeant des sombres eaux ; Résonne mon vaillant cor entre monts et vaux ; Malgré le vent, je ne ploierai pas comme l'arbre ; Portées par le devoir, nul besoin de palabre ; Les troupes chargent, nimbées du pressant halo ; Du courage, de la gloire comme un manteau ; Fendre, fendre, sortez au clair, lances et sabres ; Sable noir où roulent les trépidantes vagues ; Ô, ondées traîtresses où sont cachées des dagues ; Fendre, fendre, que tombent les serpents sifflants ; Pour que la vile bête pour l'éternité sombre ; Et pour qu'enfin, l'espoir rayonne, étincelant ; Faites ployer l'ouragan devant votre nombre... Ha ! Je reçois soudain un sermon de la part de Gulrang, m'intimant au silence. Pas un moment pour la poésie ? Ce n'est pas parce que se dresse devant nous un redoutable ennemi que nous devons mettre en sourdine nos prétentions artistiques. Mais soit !

Debout sur mon piédestal de pierre, je souffle longuement dans mon trombone, signalant aux lanciers de se mettre en branle. Gul se tient parmi eux, son lourd pavois brandi pour couvrir leur avancée. Elle me dévisage et me fait un discret signe de tête. Je fais de nouveau tonner mon instrument, appelant tous les soldats à prendre position. À l'unisson, fifres et percussionnistes Lyra se mettent à jouer en cadence, mais rapidement, le concert se transforme en cacophonie au gré de tous les mouvements de troupes. Ha ! Il va leur falloir un chef d'orchestre pour battre la mesure. J'avertis Gulrang, et sens en retour les idées qu'elle canalise filtrer à travers mon être pour se déverser sur le monde. Des Glyphes signifiant tour à tour ""Coordination"", ""Arrangement"" et ""Harmonisation"" se dessinent sur ma conque. Et j'expire de toutes mes forces dans le cor, mes mécanismes intérieurs servant de soufflerie pour les propager sur tous les troubadours..."
e40cc337-40d6-486b-89d8-394b9bdb3bfe,ALT_ALIZE_B_OR_31_C,Token,"Ordis Recruit","393 AC","Protéger le peuple d'Asgartha est le plus grand honneur qui soit.",,SIGISMAR,"Je jette un coup d'œil en arrière alors que nous cheminons, et vois mon adjudante me suivre diligemment, sa lance double scintillant dans la lumière rosie du crépuscule. Pendant un bref instant, j'hésite à lancer une boutade, avant de me remémorer que ce n'est plus Sunisa qui m'accompagne, mais une toute nouvelle recrue. Sun est à des lieues d'ici, préparant comme je le lui ai ordonné l'ascension du flanc est du Cais Adarra. Le tempérament de Nina est à l'opposé de celui de ma précédente aide de camp. Là où Sunisa était impertinente et n'avait pas sa langue dans la poche, Nina est bien plus discrète, presque déférente, et c'est un changement radical pour moi. Même si je n'ai rien contre elle, je dois avouer que Sun et son effronterie me manquent. Mais peut-être n'est-ce qu'une question de temps avant qu'elle se sente suffisamment à l'aise pour exprimer sa personnalité...

Autour de nous, les troncs se sont couverts de champignons aux chapeaux rouge et bleu, tandis que des spores dérivent dans l'air comme des flocons de neige. Je dois dire que c'est agréable d'avoir quitté les bosquets resserrés de conifères pour évoluer dans des sous-bois bien plus aérés et lumineux. Un froissement louche résonne au loin, et je lève mon poing. Nina s'arrête dans l'instant, lance brandie. En usant de notre langage de bataille, je lui intime de se positionner sur mon flanc et de rester en retrait, tandis que j'avance lentement en direction de la source du bruit. Si jamais nous tombons sur des Belisenki, les choses vont dégénérer bien vite. Je regarde la cime des arbres, les talus recouverts de neige... Je ne tarde pas à identifier la cause du friselis, car elle ne se cache nullement. C'est un petit bonhomme de neige, pas plus haut que mon genou, portant sur son dos tout un attirail de camping. Une Chimère ? Je me mets en tête de la suivre..."
eafeb3d6-89aa-4201-a439-25819fba76f2,ALT_ALIZE_B_OR_33_C,Character,Hound,"393 AC","Un mastard qui a du chien.",,SIGISMAR,"Viens donc là, toi ! Si tu crois que tu vas m'échapper, petit filou, c'est vraiment mal me connaître. La créature palmée file à travers les troncs d'arbre, sautillant et glissant parfois sur le ventre pour profiter des pentes neigeuses. Elle a dans sa besace pas mal de bibelots qu'elle a dérobés au sein du camp, dont la bague que m'avait rendue Hasret. Cette dernière était bien trop chargée de souvenirs doux-amers : le jour où elle avait accepté ce présent, essayant de cacher son émotion derrière une barrière de sarcasme et d'indifférence ; la nuit où elle me l'avait rendue, sachant que nos jours ensemble avant mon départ étaient comptés... Il n'y avait aucune chance que je laisse ce volatile me la subtiliser. En usant du Heka, j'imprime un Glyphe sur le tronc d'un vieux bouleau et une meute de limiers en bondit, jappant et aboyant allègrement.

Que la chasse à courre commence. Les chiens se mettent immédiatement à renifler la piste et partent sans tarder à sa poursuite. Si cet oiseau de malheur pourrait me semer, ce ne sera pas le cas de ma petite horde personnelle. Fen avait bien fait de solliciter mon aide. Elle m'avait confié la localisation de son nid rempli du fruit de ses maraudes. Mes limiers sont en train de le rattraper. Dans la panique, il laisse choir quelques objets, qui tombent mollement dans la poudreuse. Mais qu'importe son rythme effréné, rien ne pourra l'empêcher de finir acculé. Soudain, des cris et des grognements me parviennent. Je m'interromps dans ma course, pour voir les Trois Petits Cochons cavaler dans ma direction. Ils semblent poursuivis, talonnés par un danger indicible. Je peste intérieurement, sachant pertinemment que je ne peux les laisser là sans assistance. Je siffle en direction de mes chiens, pour qu'ils filent vers le camp. Puis je hurle aux Eidolons — qu'importe qui les a invoqués — de suivre mes toutous sans tarder."
a6e1c118-0018-405e-a21b-11f73564c63a,ALT_ALIZE_B_OR_34_C,Character,"Ordis Overseer","393 AC","Une bonne répartition des ressources peut rattraper un retard.",,GULRANG,"Les contreforts rocheux annonçant la toundra dessinaient des crêtes dentelées en forme de coraux démesurées. De grosses formations rocheuses ocres, mi-minérales mi-organiques, d'après ce que racontent les Muna. J'avoue ne pas avoir trop suivi les explications scientifiques. Je prends place dans les rangs des officiers chargés de mener des opérations d'exploration, face à la gradée venue nous détailler les grandes lignes stratégiques pour les semaines à venir. Même si elle semble clairement hors de son élément, elle n'a rien perdu de son autorité naturelle. Malgré le froid qui règne ici et le vent de la toundra qui souffle sur la vallée, elle a conservé l'uniforme réglementaire. Elle doit être transie, mais elle se garde bien de montrer le moindre signe de malaise ou de faiblesse. Droite comme un piquet, elle déroule les rouleaux d'ordres officiels, les commentant d'une voix forte et ferme. Elle rappelle les directives bureaucratiques, les lois primaires à respecter que nous connaissons par cœur.

Les rangs habituellement dissipés des sous-officiers et des officiers de terrain sont d'un calme olympien, subjugués par l'aplomb de cette commandante. Derrière elle, ses ordonnances tentent tant bien que mal d'éviter que les documents, cartes et plans ne s'envolent, emportés par une bourrasque capricieuse. C'est peine perdue, mais les papiers qui voltigent autour de la superviseuse ne perturbent en rien son briefing. Elle nous annonce l'envoi de renforts suite à une situation critique, plus loin dans la zone. Elle évoque les rapports alarmants sur le harcèlement de nos éclaireurs par les Belisenki. J'écoute car je sens que la suite nous concerne. Évidemment, c'est à nous qu'on va confier la tâche de faire la jonction avec l'avant-garde et de tenir en attendant les renforts. Elle se tait enfin et nous regarde droit dans les yeux. Un silence lourd s'installe. Comme mes camarades, je saisis la gravité du moment. Une fois qu'elle estime que le message est passé, ses maxillaires se détendent. Des questions ?"
cf8d2d94-1c05-458e-8474-a2e9eb372259,ALT_ALIZE_B_OR_35_C,Character,"Dong Da Shen","393 AC","La justice est un plat qui se mange froid.","Dong Da Shen est la divinité de l'hiver de Taïwan, qui instille la peur et la menace chez ses adversaires. Sans pitié, il tient les ennemis en respect. Son visage est peint avec les traits d'un tigre et d'un chrysanthème. Il est muni d'un serpent ou d'un bâton en forme de serpent pour effrayer les prisonniers du camp adverse.",WARU,"Je lutte pour faire taire la douleur dans mes articulations et mon point de côté. Nous courons à perdre haleine pour rejoindre la lisière de la forêt, les Belisenki à nos trousses, et l'exercice est éreintant. La course — dans la neige de surcroît — n'est pas mon fort, et je doute qu'un exposé sur les bienfaits de pourparlers diplomatiques intéresse beaucoup nos poursuivants. Je ne vais pas tenir longtemps à ce rythme. Et le reste de mes compagnons, qui se dispersent dans un désordre à la martialité questionnable, ne constitue pas vraiment le fer de lance d'une hypothétique contre-attaque. Nous devons stopper nos agresseurs et mettre fin à notre déroute, faire quelque chose pour inverser la situation. Inspirer la peur et l'effroi chez l'adversaire, c'est pourtant bien là une des cordes nécessaires à un tribun comme moi. Ah, que n'ai-je pas plus étudié les débâcles et les retraits stratégiques pour nous sortir de ce guêpier !

Devant nous, le blizzard augmente d'intensité. Cela ne va pas faire notre affaire. À moins que... Le Heka illumine mes mains tandis que je trace dans le vent les symboles dont j'ai besoin. Porté par les bourrasques, un gigantesque rouleau de papier se déploie en cercle devant nous. En son centre, Dong Da Shen se prélasse, assis sur une motte de neige, une magnifique cape bleue claquant dans son dos. Par son entremise, j'espère que la peur va changer de camp. Des idéogrammes inscrits sur le rouleau scintillent d'une flamme azur. Je me souviens que c'est un acte d'accusations que Dong Da Shen brandit. Sa voix inquisitoriale tonne, tandis qu'il pointe son sceptre dans la direction des engeances hivernales. Cela tombe à pic, car il est le dieu du froid, et son masque de peinture est le visage de l'hiver. Devant son autorité, les Belisenki se dispersent et regagnent le couvert des arbres. Bientôt viendra pour moi l'heure des courbatures et des jointures douloureuses, mais ce n'est pas une mauvaise chose, toute proportion gardée..."
7fbc2fc9-1f90-416c-9f6a-a89c389526a6,ALT_ALIZE_B_OR_36_C,Character,"Ordis Nightwarden","393 AC","Ce n'est pas parce que la nuit tombe qu'il ne reste rien à faire.",,WARU,"La lumière d'une bougie filtre sous l'entrée de la tente. J'ai toujours trouvé rassurant de savoir que je pouvais rendre visite à la veilleuse, et ce, à n'importe quelle heure de la nuit. Exigu, encombré de livres et de papiers, son logis ne désemplit jamais du fatras bureaucratique. Toujours attablée derrière son bureau rempli de documents, engoncée dans une tenue chaude mais peu pratique, elle inventorie, répertorie, compte, défraie, commande tout ce qui demain nous servira à réussir notre expédition. Non contente de gérer l'approvisionnement alors que nous dormons du sommeil du juste, elle poursuit son œuvre invisible de protection, changeant les plannings des rondes de surveillance, assurant le roulement des sentinelles, prévoyant l'entretien des feux... Toutes ces petites choses, ces détails pourtant vitaux, mais totalement invisibles au reste de l'équipe.

Comme à l'accoutumée, je soulève le pan de l'entrée de sa tente, faisant vaciller la flamme de sa bougie. Et je l'y trouve, bien entendu, fidèle à son poste. Je lui adresse mon bonsoir, auquel elle répond automatiquement en essayant de me sourire, alors que je sais pertinemment qu'elle est toute dévouée à ses tâches. Puis elle reprend ses occupations, soulevant ses papiers, griffonnant dessus. J'attends qu'elle termine afin que de pouvoir la questionner sur mon sujet d'étude actuel. En effet, j'ai pu récemment recenser de tenaces rumeurs quant à l'apparition fortuite d'Eidolons jusque-là inconnus. Ce phénomène m'intrigue, moi qui avais l'habitude de bâtir mon arsenal d'invocations par le biais de la lecture, et non par l'observation pure. Serait-il possible que le simple fait de nous confronter à l'hiver ravive en nous des rémanences connexes au sein de notre inconscient collectif ? Y avait-il un atavisme caché au sein de notre psyché commune ? Il me tardait d'en discourir avec la veilleuse. Elle pose enfin son calame et se tourne vers moi, me proposant une tasse de thé toujours bienvenue par ces temps frisquets."
58a8ea2f-623b-4739-94d9-29b66450e0fb,ALT_ALIZE_B_OR_37_C,Character,"Ebenezer Scrooge","393 AC","L'obscurité ne coûte pas cher, c'est pour cela que Scrooge ne la détestait pas.","Personnage du roman A Christmas Carol de Charles Dickens, Ebenezer Scrooge est initialement un misanthrope froid et avare qui va finalement changer de point de vue. Méprisant la fête de Noël, il va être confronté à trois fantômes (esprits de Noël du passé, du présent et du futur) qui vont lui permettre de comprendre ses erreurs. Il va finir par devenir un homme meilleur et plus généreux. Emblématique des récits de Noël, il est décrit comme un vieux bonhomme rabougri et raide, solitaire et avide, qui passe son temps à convoiter toujours plus de richesses.",WARU,"Je soulève le couvercle de la caisse de provisions, et la trouve désespérément vide. Définitivement, tristement, absolument vide. Je me tourne vers mes compagnons d'infortune qui regardent ailleurs, honteux. Comment en est-on arrivés là ? Décidément, cette équipe n'est pas la mieux organisée, ni la plus solidaire. N'y a-t-il donc personne pour gérer équitablement les ressources ? Je vais pour discourir sur les bienfaits de la gestion collective, de la responsabilité du bien-être de chacun, de l'importance de la prévision... mais je n'en ai pas la force. Et puis, je suis certain que ma rhétorique va être interrompue par des gargouillis d'estomacs vides. Autant réserver mes forces pour plus tard, quand viendra l'heure de dresser le bilan. Je referme le couvercle avec un soupir d'exaspération et m'assieds sur la caisse. Pour autant, ce n'est pas parce que je ne vais pas vocaliser mes remontrances que je vais rester oisif. De ma canne, je dessine des Glyphes dans la neige, y insufflant tout juste le Mana nécessaire.

J'avise un petit bonhomme, sec et ridé comme un sarment, rabougri comme un morceau de viande trop cuit. Il porte un haut-de-forme hors d'âge et fatigué, qui surmonte une tête sévère mangée par une barbe blanche broussailleuse. Il est emmitouflé dans un vieux pardessus troué, mité, effiloché qui attend visiblement une mise au placard qui aurait dû arriver bien des années plus tôt. Il m'interpelle, de sa voix grinçante et éraillée, avant de taper du pied la caisse sur laquelle je suis assis. Elle sonne creux, bien entendu, et il saisit immédiatement dans quel pétrin nous nous trouvons. À situation d'urgence, j'ai besoin d'un soutien d'égale intensité. Ebenezer est un intendant inflexible, qui saura administrer et rationner efficacement nos stocks restants. Il a la vigilance d'un busard quand il s'agit d'optimiser, de prévoir et de prescrire les bonnes doses afin qu'au bout du compte, nous puissions tous nous en sortir. Mais en attendant qu'il desserre les liens de la bourse, il fallait nous attendre à nous serrer la ceinture..."
3bf06b81-39e4-485e-88cf-dbedf494aeaf,ALT_ALIZE_B_OR_38_C,Character,"Sunisa, Dedicated Ensign","393 AC","Progresser ou tenir, mais ne jamais reculer.",,SUNISA,"Serrer les dents et avancer, un pas après l'autre. Concentre-toi sur ça, Sun. Uniquement sur ça. La douleur, aux oubliettes ; le froid, c'est que dans la tête. Bouclier brandi devant moi pour m'abriter du vent glacial, je remonte la pente avec une pénible lenteur, tandis que mes bottes s'enfoncent profondément dans la poudreuse. Et ce blizzard... Il ne cesse de souffler et de gagner en intensité, et plus on monte, plus ses flocons cinglants nous lacèrent le visage, comme si on se frottait les joues avec du papier de verre. Pendant quelques instants, je m'autorise à pester à l'encontre de Sigismar, qui est resté derrière pour accompagner les derniers explorateurs et couvrir leurs arrières. Oh, je sais qu'il voulait bien faire et me donner des responsabilités, mais j'en ai plein les bottes, à l'heure qu'il est, de ces soi-disant responsabilités. Et je déteste, mais alors je déteste, avoir les pieds mouillés.

Mais je ne vais pas abandonner pour autant. On viendra à bout du Cais Adarra, et tout ce dont on a besoin pour y arriver, c'est de volonté. Une volonté intransigeante et militaire. Sig plaisantait régulièrement en me demandant ce que je faisais là, alors que j'aurais très bien pu postuler chez les Bravos, vu mon attitude bourrue. Il se plantait dans les grandes largeurs, bien entendu. Ce qui importait à mes yeux, c'était l'effort commun ; dédier mon énergie aux autres, pas à moi-même. Et il le savait, au fond. Mais ça n'allait pas m'empêcher de dire ce que j'avais à dire, ni de me plaindre quand ça n'allait pas. Je sais que je ne dois ma position qu'aux caprices de mon supérieur. Si d'autres avaient jugé de mon cas, ils auraient sûrement écarté mon dossier à cause de mon insolence notoire. Le pire, c'est que je ne sais toujours pas pourquoi Sig m'a choisie pour être son adjudante. Tout ce que je sais, c'est que je ne vais pas gâcher la chance qu'il m'a offerte."
d49fd109-4354-434d-a77a-52eed0f6f374,ALT_ALIZE_B_OR_39_C,Character,Valemon,"393 AC","Promets-moi d'attendre, et je te montrerai mon vrai visage.","Issu d'un conte populaire norvégien, Kvitebjørn Kong Valemon, collecté au 19e siècle, Valémon est un roi sous le coup d'une terrible malédiction, lancée par une sorcière et l'ayant transformé en ours polaire. La fille d'un roi, qui tombe amoureuse de lui malgré son apparence, fait le pèlerinage vers le château de la sorcière, afin de libérer Valémon de son emprise. Ensemble, ils mettent au point un stratagème pour se débarrasser de la sorcière et son entourage, et par ruse, finissent par y parvenir.",WARU,"Nous chuchotons au sein de la caverne, discourant à mi-voix pour ne pas emplir la cavité de mille échos incommodes. C'est un plaisir de parler avec ce conteur Lyra, car il semble avoir dans sa besace un millier d'histoires et bien plus encore d'anecdotes historiques ou fictives. Bien entendu, rien ne vient étayer par des faits la véracité de ses propos, mais il est plaisant de plonger dans les légendes qu'il a apprises par cœur, et qu'il peut transmettre oralement au coin du feu, ou comme maintenant, alors que nous cheminons dans les boyaux de ce glacier. Je ne l'avais jamais encore croisé au sein de l'Ouroboros, mais cette rencontre fortuite avec son équipée était une véritable aubaine, une réelle bénédiction. Soudain, cependant, quelque chose attire mon attention, et je pose une main sur le bras de mon interlocuteur pour lui demander un moment de silence. Un son, ténu, qui semble venir de plus loin.

Cela ressemble à un tambourinement sourd, suivi de cris époumonés. Le conteur écoute à son tour, et fronce les sourcils. Les exclamations semblent provenir de derrière une épaisse barrière de glace, qui nous bloque le chemin vers l'origine de ce qui semble être un appel à l'aide. Je dresse le catalogue des possibilités et jette mon dévolu sur l'Ours-Roi Valémon, dont la force sera bien suffisante pour briser ce carcan de glace. J'appose mes Glyphes sur les parois, et le vieil ours blanc se matérialise au sein de la chape translucide, pattes avant tendues. Par la seule force de sa volonté, il tord la glace, la déforme. Je recule et me mets à l'abri, bien entendu. Puis dans un panache de vapeur, la glace se sublime, libérant un passage vers un goulet évasé. Hâtons-nous, désormais, car il semble que quelqu'un a besoin de nous."
35f501f0-a104-48be-9e2b-000e6d946508,ALT_ALIZE_B_OR_40_C,Spell,Hypothermia,"393 AC","S'endormir dans le froid, c'est risquer de ne jamais se réveiller.",,WARU,"Je passe ma main sur la paroi de glace, scrutant ce qui se trouve de l'autre côté. Bien que déformées par l'épaisseur de la cloison, j'y distingue les silhouettes d'un sorcier Yzmir et d'un autre explorateur, coincés de l'autre côté sur la berge d'un grand lac souterrain. Je tape contre le mur de glace, et voit le sorcier avancer dans ma direction. À travers mes yeux, Mack regarde la scène, et me prévient que l'homme n'a plus suffisamment de Mana pour faire quoi que ce soit, trop occupé qu'il est à l'utiliser pour se prémunir du froid. Je sonde de mes mains la glace qui nous sépare. C'est comme si elle était apparue subitement, ne laissant pas aux pauvres hères le temps de sortir. Et ce même phénomène est en train de rapidement aspirer leur chaleur, et de couvrir leurs vêtements de givre et de croûtes de glace avec une célérité surnaturelle.

Le temps presse. Tous deux présentent des signes d'hypothermie aiguë. Si le sorcier parvient encore à se tenir debout, ce n'est pas le cas de son compagnon, qui est allongé et se vide rapidement de ses forces vitales. Il convient de les tirer de là au plus vite. Je fais signe au conteur Lyra, et ce dernier dénoue une corde pour tirer les prisonniers dès que j'aurai brisé les barreaux translucides de leur geôle. Je trace un Glyphe grossier sur la paroi. Il est porteur de l'idée brute de l'explosion — ni plus, ni moins — et j'espère que cette idée sera suffisante pour transpercer le mur. Déjà, je vois de nouveaux entrelacs se former sur sa surface, signe que le processus de glaciation est toujours en cours, et que la gangue de glace ne fera que s'épaissir avec le temps. Le sorcier grelotte, mais ses yeux sont pleins d'espoir. J'insuffle mon Mana, tandis que le conteur fait tournoyer son grappin..."
f16132ea-9575-4bf9-87ae-99ebc37e39b8,ALT_ALIZE_B_OR_41_C,Character,"Ordis Liaison","393 AC","« Comment puis-je vous aider ? »",,SIGISMAR,"Je pénètre dans le palais de glace, bâti à grand renfort d'Altération. Au dehors, le ciel est en train de perdre ses teintes, et bien qu'il fasse encore jour, la nuit ne va pas tarder à tomber. Clercs et estafettes s'inclinent sur mon passage, et je leur rends leur salut, même si je n'ai que peu de temps pour les amabilités. Je m'approche du dais principal de l'officine et de l'agente de liaison. La jeune femme passe ses doigts sur les missives, déchiffrant les lettres en braille qu'elle reçoit avant de les répercuter aux services ou aux personnes concernés. Je me présente à elle, toussotant légèrement pour signifier ma présence, et elle interrompt sa lecture. J'impose mon Glyphe personnel sur son registre, et elle en prend connaissance du bout des doigts avant de me tendre deux Hérauts de Papier. L'un vient de l'Amirauté, et l'autre... L'autre vient de ma sœur, restée en Arkaster.

Je décachette tout d'abord l'origami en forme de serpent, le déplie prestement pour découvrir le sigle personnel de l'Amirale Singh. Tandis que je parcours la missive, je sens une boule se nouer dans mon ventre. L'Ouroboros a détecté des flux de Tumulte venant dans notre direction, et dans quelques jours, ses courants déferleront sur notre localisation. Je me mets immédiatement en route vers les bureaux de la Générale Sekifu. C'est une course contre la montre. L'état-major doit être averti au plus vite de l'ordre d'évacuation. Les consignes nous intiment de nous diriger au plus vite vers le Cais Adarra, et de nous abriter au cœur de l'Oasis. Mes pas résonnent sur le sol de la citadelle temporaire, et je retrouve Sunisa à l'entrée, qui perçoit instinctivement mon trouble. Et pour une fois, elle se garde de faire le moindre commentaire. Je remarque que j'ai toujours dans ma main la lettre de ma sœur. Cette dernière devra attendre."
5eee4ee7-6d5c-49bb-813a-d25efc78b931,ALT_ALIZE_B_OR_42_C,Spell,"Tiny Jail","393 AC","Ne touchez pas 200 Fleurons.",,SIGISMAR,"Le Djinn furibond est au milieu du passage, dans ce défilé étroit, un charmant petit parc de verdure qu'il a visiblement bien l'intention de garder pour lui. Il fait fondre la neige, bien décidé à batailler tout seul contre l'hiver, s'agaçant du froid qui assaille sans cesse son îlot. Je sens le regard de mes hommes dans mon dos, y perçois un air de défi. Je lève un sourcil. Très bien, je vais leur montrer de quel bois je me chauffe. Mais je ne vais pas lancer un assaut face à ce barbecue sur pattes. Je n'ai pas envie d'abîmer mon uniforme. Je croise les bras et prends mon air le plus blasé, avant de me tourner vers mes troupiers, plus par jeu que par réelle défiance. Je fais signe à ma nouvelle aide de camp de m'apporter mes affaires, et elle s'exécute promptement. Puis, comme un matador entre dans l'arène, je fais quelques pas vers la créature.

Je rédige mes Glyphes sur un morceau de papier, le charge de Mana tranquillement, comme un sicaire aiguiserait ses lames. On murmure dans les rangs, et les paris se lancent. C'est là que ça devient amusant. D'un geste dédaigneux, je projette le papier sur le sol, aux pieds de l'Eidolon, comme un gant jeté. Ricanement collectif derrière moi... Je me tourne vers eux, leur adresse un sourire ironique, puis je crie en direction du Djinn enragé. Il va sans dire que l'Eidolon bondit vers moi instantanément, comme un taureau outré vers une cape carmine... et il tombe dans le piège, comme je l'avais prévu. Dans une explosion de feuillets de papier, une cage se forme autour du Djinn échaudé. Résonnent derrière moi les bravos, les applaudissements et les exclamations déçues. Les Fleurons s'échangent de main en main tandis que je salue la foule. Il me tarde de savoir quelle était ma cote."
ddda92f4-56bb-4b6f-aed3-42883b1731e6,ALT_ALIZE_B_OR_43_C,Spell,"Field Reinforcements","393 AC","Les lignes d'approvisionnement peuvent faire la différence entre la réussite et l'échec.",,GULRANG,"Une nouvelle marée de Belisenki vient s'écraser contre nos boucliers. L'un des troupiers bascule en arrière et chute, mais je ne peux pas m'inquiéter de sa santé. Il faut combler le trou qui vient de se former dans nos rangs. Je m'élance et viens colmater la brèche, sentant les coups de boutoir des créatures résonner contre mon égide. Mon épaule me lance, et je serre les dents, hurle à mes compagnons de tenir, même si je doute qu'ils m'entendent. La mêlée est devenue un océan de lames et d'ailes, nos rangs initialement resserrés se clairsèment de plus en plus. À ce rythme, nous ne tiendrons pas longtemps. Je lève les yeux et vois une nuée ennemie tenter une nouvelle incartade depuis les hauteurs. Des archers Bravos et Muna décochent des flèches pour les chasser, mais à chaque fois, les Belisenki se rapprochent de plus en plus de leur objectif.  Et si nous sommes pris entre deux feux, c'est la défaite assurée.

Je jette un regard vers Tocsin, qui bataille ferme contre des hordes de créatures qui tentent de le submerger sous le nombre. Il fait résonner son cor, dont les vibrations semblent repousser les assaillants. Mais même ainsi, de plus en plus de Belisenki atterrissent dans son dos ou s'arriment à ses bras, au point où il devient un amas pulsant d'ailes de papillons. Toute la nuit, ils n'ont eu de cesse de nous harasser. Je relève un soldat tombé, frappe le casque d'un autre pour le réveiller. Tous les défenseurs sont accablés, fourbus et exténués. Mais nous n'avons d'autre choix que de résister. J'essuie prestement le sang qui goutte d'une entaille sur mon front, cligne des yeux alors que le monde vire au rouge. Le soleil est en train de se lever, à l'est. Cela fait des heures que nous combattons. Soudain, le chant tonitruant d'un cor résonne dans l'immensité, et je me tourne dans la direction du son. Sur la crête occidentale, je vois deux cavaliers gravir la pente, suivis bientôt de tout un peloton. Enfin, les renforts sont arrivés."
247ca79e-a471-4f07-bf6c-a516cac6cc9f,ALT_ALIZE_B_OR_44_C,Spell,"Rallying Call","393 AC","Le son du cor les sortit de leur sommeil, tandis que les ombres blanches émergèrent des bois.",,TOCSIN,"Boooooooooooo ! Boooooooooooo ! Je fais résonner mon cor de toutes mes forces.
Au combat, à vos postes, vaillants combattants !
Parez-vous de votre fierté, militants !
Tout autour de nous, la résistance s'amorce.
Au combat, à vos postes, vaillants combattants !
Comme un hardi arbre se recouvre d'écorce.
Tout autour de nous, la résistance s'amorce.
Faites donc un mur de vos boucliers brillants !
Comme un hardi arbre se recouvre d'écorce.
Levez au ciel vos épieux scintillants.
Faites donc un mur de vos boucliers brillants !
Qu'importe si les coups avec le temps se corsent.
Levez au ciel vos épieux scintillants.
Convoquez de votre âme la fougueuse force.
Qu'importe si les coups avec le temps se corsent.
Jusqu'à ce que l'aurore abatte son tranchant.
Boooooooooooo ! Boooooooooooo ! Rien de tel que quelques rimes pour se mettre en jambe et se dérider un peu, surtout quand on voit ce qui arrive dans notre direction, porté par la brume.

Gulrang se positionne à côté de moi, emmitouflée dans un manteau bordé de fourrure, ses longues dreads fouettant l'air. Elle frappe mon torse de sa main gantée, comme pour me rappeler au moment présent, mais avec le blizzard, le bruit du métal contre la pierre peine à se faire entendre. Je suis là, Gul, lui dis-je simplement. Je replace mon cor dans mon compartiment de marbre, enroulé autour de mon épaule, et je regarde les défenses. Le fort que nous avons fait pousser de terre grâce à l'Altération nous donne un certain avantage, mais il ne résistera pas éternellement aux assauts des Belisenki. Les remparts de la bastide se couvrent de troupiers, et les officiers commencent à transmettre leurs ordres. Le krak concentre une cinquantaine de soldats, qui accourent suite à l'alarme que je viens de sonner. Je suppose qu'il n'est plus l'heure de s'adonner à la poésie, mais de faire chanter l'acier."
8b0ea844-a2f3-4971-83c6-a6271d72d8b3,ALT_ALIZE_B_OR_45_C,EXPEDITION_PERMANENT,"Mobile Armory","393 AC","L'Ordis est toujours prêt.",,GULRANG,"Le plus étonnant, c'est l'absence de bruit produit par l'armurerie mobile. Ce coffre-fort haut comme une bicoque lévite à plusieurs mètres du sol dans un silence inquiétant. L'Aérolithe ouvre des perspectives de déploiement vraiment performantes, preuve qu'une bonne coordination entre les Factions peut faire des merveilles. Le génie Axiom et la rigueur Ordis donnent de bons résultats, en fin de compte. La troupe, massée sur la banquise, lève les yeux au ciel. Toujours facile à distraire, ceux-là, en dépit de toutes mes directives de sécurité. Il va falloir revoir les procédures au prochain briefing. Je crie quelques ordres pour qu'ils s'écartent et laissent le champ libre à l'appareil. Il ne manquerait plus que l'un d'entre eux reste sur sa trajectoire lors de l'atterrissage. L'engin se fige dans un vol géostationnaire et entame lentement sa descente, déployant ses différents compartiments de stockage. Je tapote ma cuisse avec mon porte-documents : manifeste de bord, check-list des équipements, bon de sortie... tout est bien là.

L'armurerie est à peine au sol que mes hommes se ruent dessus, excités comme des puces. On dirait Kojo un soir de fête. Je modère leur enthousiasme et commence à dresser l'inventaire : nécessaires médicaux, matériel de campement avancé sur terrain glaciaire, kits d'escalade, de déneigement... de quoi équiper toute mon escouade pour cette expédition. On va pouvoir avancer sereinement. J'avise les petits engins supplémentaires : des autochenilles pour trimballer le plus lourd. Parfait, on ira plus vite en voyageant léger. Le pilote sort de sa cabine, va pour dire quelque chose de drôle, mais il m'aperçoit, me reconnaît, se ravise et me salue très protocolairement. Je fais de même. Je signe le bon de livraison et le lui tends. Une fois tout le barda déchargé, on remplit les compartiments vides de l'armurerie de tout notre matériel usagé ou cassé. Pas question de le laisser rentrer à vide. Je glisse également la mallette avec le courrier de mes hommes à leur famille... Ça aussi, c'est vital."
5d23d7e0-f265-46ec-84b3-2f8832a68902,ALT_ALIZE_B_OR_46_C,Character,Benzaiten,"393 AC","Tout vient à point à qui sait attendre.","À la fois japonaise et hindoue, Benzaiten est la divinité Bouddhiste du savoir, de l'art et de la beauté, de l'éloquence, de la musique, de la littérature, des arts et des sciences, de la vertu et de la sagesse, de la prospérité et de la longévité. Elle fait partie des sept divinités du bonheur, mais c'est aussi l'une des plus puissantes déesses guerrières. Elle serait la synthèse de la version bouddhiste de Sarasvati et du kami shinto, Ugajin. Elle est souvent représentée avec des serpents dans sa version bouddhiste, et toujours avec un luth dans sa version shinto.",GULRANG,"Le message qui émane du Gestalt est clair : il faut aller vite. Les contingents orientaux ont besoin de renforts à leur tour, comme nous avons eu besoin d'eux il y a quelques semaines de cela. Je replie l'ordre dans ma main, et scrute le paysage devant nous. La toundra et ses pièges vont nous ralentir, c'est sûr. Je ne peux pas me permettre le luxe d'avancer prudemment sur ce terrain, comme je l'envisageais initialement. Il me faut une solution pour éviter cela : un transport sûr et rapide, et il me le faut maintenant ! Je contracte ma mâchoire. J'aimerais parfois avoir la simplicité de Kojo et foncer tête baissée. Mais j'ai pris la responsabilité de mes soldats ; mon devoir est de les ramener à bon port. Ah, si la bonne fortune pouvait être de notre côté... Et elle peut l'être, bien entendu.

Je trace une série de Glyphes dans la neige, et un tourbillon apparaît, nous entoure. Je demande à mes hommes de serrer les rangs. Le vortex se teinte d'un bleu violet, prend une surface écailleuse. J'aperçois également des éclats dorés. Il se transforme en serpents géants enroulés autour de nous. Le premier effroi passé, je remarque que l'un deux a une cavalière : une grande femme dotée de huit bras, indiquant à ces colosses reptiliens où ils doivent aller. Elle tient également un biwa — le luth traditionnel — et une épée. Le voilà, notre atout stratégique, notre arme secrète : Benzaiten. Dans une chorégraphie aérienne rythmée par son instrument, les serpents se posent et chargent ma troupe sur leurs têtes, aptes à transporter trois voyageurs. Si mes hommes ne semblent pas très rassurés, je les encourage à grimper. Une à une, les créatures effectuent leur rotation au sol. Nous sommes au complet. L'escadrille se prépare au départ. En amazone sur sa monture, l'Eidolon change de mélodie. Un vibrato différent parcourt le groupe. L'espoir est de retour parmi nous. Tenez bon ! Nous arrivons !"
190e8a70-f999-433e-afd4-88a22cdee3a9,ALT_ALIZE_B_OR_47_C,LANDMARK_PERMANENT,"Celadon Lake","393 AC","Ses hurlements évoquent le tonnerre ou le craquement de la glace.",,SIGISMAR,"La progression est lente malgré tout notre équipement. Nous sommes en file indienne, écartés chacun d'une dizaine de mètres pour respecter les distances de sécurité réglementaires. Les hommes sont nerveux, et cela se comprend aisément. Nous avançons sur un lac gelé dont la surface d'un turquoise pâle permet de discerner une activité bioluminescente dans ses profondeurs. Quelles formes de vie se cachent donc là-dessous ? Je m'arrêterais bien un moment pour observer un peu plus les nuées colorées qui dérivent sous nos pieds, mais la fébrilité de mes troupes me laisse à penser qu'il vaut mieux ne pas traîner. D'autant que la distance pour rejoindre la berge est assez décourageante. Nous ne l'atteindrons probablement qu'à la nuit tombée, et pas question pour nous de bivouaquer sur la glace. Je ne peux toutefois pas détacher mes yeux de ce qui se passe en dessous, ce qui me vaut un léger vertige. La transparence de la glace nous donne l'impression de marcher dans le vide. Et dans l'obscurité insondable, il me semble voir de massives silhouettes glisser, comme des ombres en clair-obscur.

Des cris résonnent à l'avant ! Je lève la tête et vois que les éclaireurs s'agitent. Je n'arrive pas à discerner ce qu'ils font ni ce qu'ils disent. Au diable la prudence, il faut savoir prendre des risques. Je cours vers eux, remontant la colonne, croisant un à un mes hommes qui me dévisagent, à la recherche d'une réponse à leur question muette : Que se passe-t-il ? Sommes-nous en danger ? Je ne prends pas le temps de les rassurer. Nina m'a emboîté le pas. Et je réalise que la lumière remonte vers la surface, serpente sous la glace, devenant de plus en plus grosse sous nos pieds. Est-ce l'activité d'une ou de plusieurs créatures ? L'avant-garde que je tente de rejoindre se disperse en fuyant dans toutes les directions. Je comprends que la glace est en train de se fissurer sous la pression d'une bête abyssale. Et la surface explose !"
c3827577-4fbf-4b3a-98cf-fb206f9c9678,ALT_ALIZE_B_YZ_01_C,Hero,"Akesha & Taru",,"Les bonnes manières et la politesse ne sont jamais hors de propos, quelle que soit la situation.",,,"392 AC - Je me penche au-dessus d'Itoro, posant un linge humide sur son front. La calligraphe Lyra esquisse un sourire malgré la douleur, et je le lui rends en lui serrant la main. Pendant un instant, j'ai l'impression de me retrouver au Cloître, en train de m'occuper de ma sœur. J'espère que Kumari va bien... Demain, si le temps me le permet, je lui enverrai une lettre pour lui raconter comment se passent mes aventures. J'en profiterai pour lui glisser les quelques croquis que j'ai faits des paysages que j'ai pu voir, peut-être en les agrémentant de quelques émotions pour lui donner un petit goût de ce que j'ai pu ressentir. Taru me tire de mes rêveries en posant un tentacule visqueux sur mon avant-bras. Oui, ce n'est pas le moment d'être dans la lune. L'onde du Tumulte qui a frappé l'Ouroboros a causé de nombreuses avaries, mais aussi des parasitages légers.

Je positionne mes mains sur la poitrine de l'artiste Lyra, invoquant un Sceau pour stimuler son métabolisme. À travers mes Iris, je diagnostique son être, l'ausculte pour distinguer la nature et la localisation des idées qui se sont malencontreusement greffées à elle. ""Ruban"" et ""Caoutchouc"". En effet, sa jambe est flasque et élastique, comme si tous ses os s'étaient liquéfiés et que ses muscles s'étaient transmués en gomme. Et sa main gauche... À la place de ses doigts, elle arbore des lacets de chair soyeuse qui pendent mollement. À mes côtés, Esmeralda croise les bras sur sa poitrine, inquiète de l'état de son amie. Mais en puisant dans les pensées de l'Eidolon, je pourrai sûrement me faire une idée mentale précise de ce à quoi Itoro ressemblait avant ces fâcheuses modifications. En convoquant ses souvenirs, je pourrai lui rendre son apparence d'origine. Ok, allons-y ! Je me tourne vers Taru, qui agite ses appendices. J'aurai besoin de son ""doigté"" pour isoler et ôter les idées intruses..."
9de2ba65-fa84-4c01-8dca-b9dbb91ecb24,ALT_ALIZE_B_YZ_03_C,Hero,"Afanas & Senka",,"Le monde se nourrit de magie, et s'étiole en son absence.",,,"392 AC - J'ouvre les yeux et contemple ma création, exhalant longuement pour dissiper le reste du Mana qui s'agite en moi. Le cercle de pierres levées luit encore d'un éclat améthyste alors qu'il s'ancre dans le monde, grâce au Mana que Senka a ramené du Tumulte. Je me redresse en faisant craquer mon cou, tandis que des éclairs mauves zèbrent les alentours. Oui, ce lieu crépite de magie et de puissance, un maelström d'idées fugaces capturées par le nodus que j'ai façonné. Je pose une main sur la surface d'un menhir. La pierre aux teintes violacées a pris une texture organique, amas noueux de stries et de rainures, comme s'il s'agissait de fibres et de ligaments. Partout autour, des géoglyphes complexes et de fragiles cairns parachèvent mon ouvrage ésotérique, que d'autres Initiés pourront exploiter à loisir quand ils parviendront jusqu'à ce lieu.

Je tends la main, et Senka vient se poser sur mon bras, plantant ses serres dans ma chair. De son bec, il perce ma peau, faisant couler un peu de sang dont il se repaît. C'est mon offrande pour le service qu'il m'a rendu. Je serre les dents et le laisse aspirer mon fluide vital. Il suffit. Mon oiseau de nuit reprend son envol, alors que je matérialise autour de mes blessures une bandelette de tissu, qui se pare immédiatement de rouge. Telle une ombre, Senka tournoie au-dessus du site. Tel un oiseau de proie, il fonce sur des idées, qu'il attrape au vol et gobe comme s'il s'agissait de vulgaires souris. Et pendant un bref instant, une angoisse affleure à la surface de mon esprit. À chaque avancée, je le vois devenir de plus en plus puissant. Ses ailes grandissent, de même que la nuit qu'il contient. J'ai besoin qu'il prenne de l'ampleur, mais est-ce sage de le laisser se gaver de la sorte ?"
b1653250-8591-4c2a-b787-cd4c862028bd,ALT_ALIZE_B_YZ_32_C,Character,"Moth Larva","393 AC","Au début de leur courte vie, les larves sont physiques...",,AKESHA,"La chenille grimpe le long de la branche et vient se poster sur une brindille, sondant les environs par le biais de petits mouvements circulaires. Regarde, Taru, on dirait qu'elle se met au garde à vous. Mon Alter Ego se penche pour observer la larve annelée, pas impressionné pour un sou. Je sens même les reproches tacites qui bourgeonnent à la lisière de mon esprit et filtrent dans son comportement bougon. Parce qu'il fait froid, parce que la route est encore longue, et parce qu'il est le seul à surveiller les environs tandis que je passe mon temps à contempler les feuilles cristallines et la beauté irréelle de la taïga. OK, message reçu cinq sur cinq. Je lui rappelle qu'une partie de notre mission est de répertorier les choses intéressantes pour les indiquer aux Corps expéditionnaires, et que ce n'est pas que de la flânerie intempestive. Il hausse les tentacules, à ces mots, comme s'il me disait ""oui, oui, cause toujours"".

Je soupire, résignée et à vrai dire un peu agacée. Quand il s'empêtre dans une humeur de cochon, je sais que c'est peine perdue de vouloir le dérider. En observant plus attentivement la chenille, je la vois tisser une boule de Mana, comme si elle le secrétait elle-même. Et ce faisant, son enveloppe physique devient diaphane, presque translucide. Est-ce qu'elle amorce sa transformation en chrysalide ? Je me mets à repenser à Saskia, et à tout ce qu'elle m'a expliqué ce jour-là. Le cycle de vie de ces phalènes de Mana, de l'état larvaire à celui de papillon de lumière. J'avais pensé, en découvrant les particularités de ces petits insectes, que la solution pouvait se trouver non dans la magie seule, mais peut-être dans la biologie. Elle m'avait dit, après avoir écouté mon histoire autour d'une tasse de thé — plusieurs, en réalité — qu'elle m'aiderait à trouver un remède pour ma sœur. Et ça faisait du bien de pouvoir enfin partager ça avec quelqu'un."
7a2864e0-c10b-4bd2-be9d-951b9eb3409e,ALT_ALIZE_B_YZ_33_C,Character,Chrysalis,"393 AC","... Elles construisent leurs cocons de glace et en ressortent incorporelles.",,MAW,"Je sens Lindiwe me demander une petite parenthèse où elle peut être elle-même, et j'accède à sa demande. Nous sommes seuls au sein des étendues boisées de la taïga, et il n'y a aucun mal à la laisser tirer les ficelles de son existence quelques minutes, ou même quelques heures, si je me sens d'humeur clémente. Ses épaules s'affaissent alors que je lui laisse reprendre un peu le contrôle de son corps. Des larmes coulent sur ses joues tandis que je prends place sur la plage arrière. Mais elle ne se laisse pas abattre. Elle titube, se met à toucher la neige. Elle sait qu'elle n'a que peu de temps devant elle, et qu'elle doit en profiter. Elle regarde à gauche, à droite : le Lait d'Arcolano coulant dans ses veines lui offre le spectacle d'une terre immaculée. Elle touche le tronc d'un bouleau et le hume, savourant cette brève liberté retrouvée.

Puis elle voit sur une branche une petite chrysalide presque transparente. Ah, une phalène de Mana. Je sens son ventre se nouer, alors que la pensée lui vient qu'elle n'est pas si différente. Elle aussi attend de sortir de son cocon, de sa prison. Mais je lui rappelle d'une pensée que tant que je suis son geôlier, c'est moi qui décide quand elle peut sortir, et quand elle doit rester terrée. Défiante, elle concentre son Mana, et l'insuffle dans la nymphe. C'est peut-être une rébellion pour elle, d'utiliser le Mana que j'ai glané pour une action si insignifiante. Mais je la laisse faire. Presque immédiatement, la chrysalide se fend, et un papillon en émerge poussée après poussée. Souhaite-t-elle vraiment passer sa récréation à ça ? Ah, je comprends. Lui peut être libre, contrairement à elle. Alors elle se grise de cette scène, la vivant par procuration. Car elle sait bien que je ne relâcherai jamais mon emprise..."
a45ec8ee-c48e-4fe9-95f4-45fc1a866326,ALT_ALIZE_B_YZ_34_C,Character,Pamola,"393 AC","Pamola se fâche toujours contre ceux qui escaladent le sommet.","Esprit oiseau de la mythologie Amérindienne Abenaki, dieu du tonnerre et protecteur de la montagne, Pamola est à l'origine du froid. Créature légendaire, il a la tête d'un élan, le corps d'un homme, ainsi que les ailes et les serres d'un aigle. Il est connu pour habiter Katahdin, la plus haute montagne du Maine, dont il empêche l'ascension par les mortels. La légende dit qu'il a retenu captif pour l'éternité les malheureux qui ont tenté de briser ce tabou.",MAW,"Une bourrasque de neige fondue vient fouetter le visage de Lindiwe, stoppant sa progression difficile dans l'ascension de la façade rocheuse. Ses doigts sont engourdis par le froid malgré ses gants épais récupérés au camp, en bas de la montagne. L'équipement d'escalade est assez rudimentaire, mais suffisant. À grand renfort de Mana, l'Altératrice maintient sa température corporelle à un minimum vital. Le baromètre dégringole au fur et à mesure qu'elle gravit la paroi. Je sens que ce n'est pas normal, mais je me garde bien de la déconcentrer : les conditions météorologiques désastreuses et les appuis coupants comme des lames sont déjà une difficulté suffisante pour que je vienne en rajouter. Lindiwe marque une pause, le temps de lever les yeux vers le sommet pour évaluer la situation : les pitons rocheux enneigés, pareils aux dents acérées d'un prédateur et désormais recouverts d'un givre glissant, sont autant de pièges qui peuvent la précipiter dans le vide. Mais qu'importe la difficulté, je ne vais pas lui donner le luxe de baisser les bras.

Pour autant, braver les éléments est affaire de spécialiste, et elle peine à maintenir la cadence que je la force à prendre. L'ascension reprend, plus dure à chaque mètre. Le blizzard redouble. Une silhouette imposante et fantomatique apparaît sur un surplomb. Elle s'accroupit, comme un oiseau de proie sur son perchoir. Au prix d'un effort redoublé, Lindiwe se rapproche. La créature se redresse et fait claquer ses immenses ailes dans son dos, tandis que d'un geste auguste, elle déchire le voile de neige et de verglas mêlés qui les sépare. On distingue alors son épaisse coiffe de cervidé, pareille aux bois d'un élan. Son corps est celui d'un humain athlétique, muni d'ailes dans le dos et de serres d'aigle en guise de pieds. Pamola, l'Eidolon qui a fait siens les hauteurs et le froid, se penche vers l'Altératrice. Il lui tend la main. Est-ce pour l'aider ou pour la capturer ? Ha ! Les voies de l'Empyrée sont parfois retorses..."
fbc13056-60e1-43bc-bd3f-fae1707c6de8,ALT_ALIZE_B_YZ_35_C,Character,Belasenka,"393 AC","Ils chevauchent les vagues de froid, comme une houle palpitante.",,AFANAS,"Je les vois enfin, ces calamités. J'ai entraîné mes Iris à saisir leurs mouvements furtifs, leur schéma de vol, aussi silencieux que celui d'une chouette effraie. Et par-dessus tout, à percer leur camouflage, lorsqu'ils restent tapis dans les branchages ou contre une paroi glacée. C'est pour cela que je ne suis nullement pris au dépourvu quand ils fondent soudain sur nous, profitant de la tempête de neige pour chevaucher ses vents furieux. Leurs ailes ressemblent à celles d'un papillon, dont les motifs blancs ressortent sur un fond d'améthyste. Leur tête, surmontée d'antennes pectinées en forme de plumeaux, rappelle celle d'un hibou dont les yeux brillent comme des phares dans la nuit. Mais ce sont leur double paire de bras, terminées par des griffes tranchantes, que je crains le plus. Jamais ennemi n'a été aussi silencieux, aussi discret et imperceptible... Je m'étais laissé surprendre à quelques reprises en assurant la protection du convoi. Mais pas cette fois.

Il était hors de question de les laisser garder l'ascendant et miner le moral des troupes par leur harcèlement incessant. Aujourd'hui, les Belisenki allaient recevoir la monnaie de leur pièce. Mais pour cela, j'allais avoir besoin de plus que mes Iris. Je jette un œil à Akesha, qui manifeste autour d'elle des dizaines de phalènes de Mana. Si elle dit vrai, les Belisenki n'attaqueront pas s'ils risquent de blesser les insectes. Et effectivement, ils interrompent leurs piqués, évitant précautionneusement tout contact avec les papillons. Est-ce qu'ils les craignent ? Ou bien évitent-ils de leur faire du mal ? Qu'importe, au fond. Je sais désormais que je peux exploiter cette faille. J'étudie avec soin comment fait la mage, analyse la façon dont elle manifeste les mites. Avec mes Iris, je peux tenter de disséquer sa méthode, pour mieux la copier, pour mieux reproduire ce qu'elle est en train d'accomplir..."
60c1f197-c645-4396-add4-df3f31634b3b,ALT_ALIZE_B_YZ_36_C,Character,"Aroro, Savior of Asgartha","393 AC","Même seule, elle parvint à dompter la marée.",,AFANAS,"Je lutte contre les éléments que j'ai moi-même créés. Tout autour, le blizzard frappe, se déploie comme une houle furieuse. Je sens dans mon esprit des idées parasites : celles d'écailles qui se meuvent, comme si j'étais tombé dans un nid de serpents. Akesha hurle encore, mais je ne l'entends pas. Je ne suis plus que le jouet de quelque chose de plus grand, et qui fait de moi le vecteur de sa rage. Une colère sourde gronde en moi, alors que je deviens moi-même tempête. Je suis le vent qui déchire, la pluie qui cingle, la neige qui lacère. Je suis le froid qui transit, l'éclair qui fend l'air... En face de moi, un Eidolon apparaît. Ce n'est pas moi qui l'ai invoqué. Akesha ? Je reconnais Aroro Niski, la pourfendeuse de cyclone. Elle se dresse face à moi, comme elle s'est dressée face au tsunami qui a ravagé Arkaster et menacé d'engloutir Asgartha. Et je comprends que c'est ce que je suis en train de devenir : un souffle impitoyable, prêt à dévaster le monde.

L'Eidolon enchaîne Gestuelle après Gestuelle, et se barde de Sceaux. Le tonnerre gronde autour et à l'intérieur de moi. Aroro se prépare à réceptionner ma ruée, à faire rempart de son être, comme elle l'a fait il y a de nombreuses années de cela. Au fond de moi, je sais que je dois l'aider. Mais à mon corps défendant, quelque chose est en train de faire de moi son instrument. La puissance crépite dans mes doigts, tandis que je vomis rafales après rafales, cueillant mes ennemis, qui tombent comme des fruits trop mûrs. Mais de plus en plus, je sens la pression qu'exerce Aroro. Je la sens essayer de contenir mes attaques, de les contrer, de les annuler. Comme une machine qui perd son carburant, l'orage que je génère est en train de refluer."
937449b2-1915-4d47-9d10-e78df42d6712,ALT_ALIZE_B_YZ_37_C,Spell,"Winter Nova","393 AC","Une puissance oubliée aspire à se réveiller.",,AFANAS,"Ma route est claire, maintenant. J'entrevois le chemin du triomphe. Je vais devoir faire appel à la puissance de la Phonomancie et de la Cinémancie combinées pour mieux capter leur approche et les cisailler en plein vol, utiliser tout ce que j'ai en stock pour protéger le reste des Corps. Je ferme donc les yeux et me mets à écouter le sifflement de la tempête de neige, à isoler le bruit du vent en expurgeant les cris des guerriers, le fracas des griffes lacérant les boucliers. Là, dans la tourmente, un filet d'air qui tranche le maelström comme un fil coupe le beurre. Là, l'un d'eux qui plane comme un faucon surveille sa proie depuis le ciel. Je commence à interpréter les bruits qui m'entourent, et surtout à les distinguer du reste du canevas de sons qui m'enveloppe... En usant de phalènes de Mana en des lieux bien spécifiques, des goulots d'étranglement, je peux leurrer les Belisenki pour les attirer où je veux.

Je fais appel à l'Eidomancie pour manifester des membres fantomatiques, que j'utilise pour tracer dans l'air des Gestuelles plus complexes. Je vais domestiquer la tempête qui leur sert de couverture et en faire leur linceul. Le vent qui les abrite devient peu à peu l'artifice de leur chute. Bourrasque. L'un d'eux est déchiqueté, et son corps valdingue, emporté par la tornade que je façonne. Glace. Les ailes d'un autre se givrent, et il plonge vers le sol avant d'être aspiré à son tour dans le typhon. Je ne sais pas si je tiendrai longtemps. Le Mana coule entre mes doigts comme du sable. Je vois Akesha me regarder, s'abritant le visage, et hurlant quelque chose que je n'entends pas. Je réalise que l'ouragan continue de grandir, qu'il échappe à mon emprise. Il lacère autant mes ennemis que ceux que je veux protéger. Et je comprends enfin. Quelque chose est en train de nourrir ma propre puissance, provoquant une réaction en chaîne..."
78746678-ffe3-4e72-940a-3774a2a4a90d,ALT_ALIZE_B_YZ_38_C,Character,"The Snow Queen","3XX AC","Le froid est pour elle le prix de la liberté.","La Reine des Neiges, conte de fées danois écrit par Hans Christian Andersen et publié en 1844, suit les péripéties de Gerda, une petite fille qui cherche à retrouver son ami disparu, Kaï. Ce dernier a été ensorcelé et enlevé par la Reine des Neiges, la souveraine des abeilles des neiges, qui lui a ôté ses souvenirs et gelé son cœur. Après avoir affronté une sorcière, des voleurs et d'autres personnages, Gerda arrive enfin au palais de la reine. Elle retrouve Kaï sur un lac gelé — appelé le Miroir de la Raison — en train de tenter de former un mot qui lui garantira la liberté. Avec l'aide de Gerda, il y parvient enfin, et brise le sortilège qui le retenait prisonnier.",MAW,"Lindiwe prend place parmi les autres disciples, qui ont déjà fermé les yeux pour entamer l'exercice que leur a confié la Reine des Neiges. Certains frissonnent, essayant de réguler leur chaleur, d'autres essaient de s'acclimater du mieux qu'ils peuvent au froid... La Reine passe entre les rangées d'élèves, tandis que se forment autour d'elle, sur tout ce qu'elle touche ou effleure, des dentelles de givre. Les respirations ralentissent, et les esprits en font de même, afin d'élaguer toute pensée parasite. Le but de la manœuvre est d'atteindre un niveau de stase où n'existe plus que l'idée, le puzzle de raison que nous devons résoudre. Avec mon accord, la psyché de Lindiwe devient un miroir aux multiples facettes, et le temps semble ralentir. C'est comme si nous avions désormais l'éternité pour contempler ce qui se trouve devant nos yeux. Comment capturer une idée de l'Empyrée, en limitant la Rémanence ? Pour Lindiwe, la réponse serait un prisme, donc je la laisse en façonner un.

En jouant avec les reflets et les fractales, Lindiwe peut faire disparaître certaines images pour ne conserver que les aspects qu'elle souhaite. Ainsi, à travers elle, je raffine l'idée qu'elle a enfermée, l'aiguise jusqu'à la rendre telle que je le souhaite : incisive. Sans cela, sa force éthérique serait bien trop primordiale et brute pour être contrôlée à cent pour cent. Je sens la Reine des Neiges explorer l'esprit de mon hôtesse, observer le casse-tête qu'elle a construit dans sa psyché pour juguler l'idée que j'ai hameçonnée pour elle à travers le Voile. Comme une pêcheuse à la ligne timorée, elle a utilisé un petit appât et un filet, pour ne pas se salir les mains. Alors qu'elle aurait bien entendu pu plonger les mains dans le torrent pour attraper sa proie... Mais je ne dois pas trahir ma présence. Je dois faire de l'esprit de Lindiwe un casse-tête suffisamment complexe pour pouvoir me cacher dans ses recoins, sans pouvoir être détecté."
da734c8b-88a1-45bf-b90b-b00f8bc0c02d,ALT_ALIZE_B_YZ_39_C,Spell,"Rime Frost","393 AC","La gelée tardive repousse le printemps.",,AFANAS,"Tout semble figé et inerte, comme une série de sculptures. Une épaisseur de givre a recouvert toute vie dans la clairière, qu'elle soit végétale ou animale. Un sanglier qui fouillait le sol, une famille de lièvres en train de se pelotonner dans un bosquet... immobilisés à tout jamais dans la glace. Une scène étrange et inquiétante, parée néanmoins d'une beauté funeste. Plus un bruit n'émane des alentours. Je relève la tête. Sur un arbre touché par le même phénomène, un couple de pies me regarde, tristes sujets gelés. Elles semblaient se disputer une brindille, ou bien un phasme. Mais ces volatiles ne produiront plus jamais aucun son. J'appelle Senka pour qu'il se pose sur mon épaule. Tant que je n'en sais pas plus, je préfère l'avoir sous ma protection directe. Je me concentre pour tenter de comprendre le pourquoi du comment de ce sortilège.

Toute ma Cinémancie est à l'œuvre pour l'analyse, combinée aux bribes d'Horomancie que j'ai pu acquérir au fil des années. Les fluides de ma perception se dispersent autour de moi tandis que les passes s'enchaînent. La morsure du froid. Le dévoreur de chaleur, source de vie. J'en saisis la logique, l'origine, le sens. Une force magique primaire, brutale et pourtant insidieuse. C'est comme si une lame de fond avait serpenté hors de la montagne pour frapper ce lieu avec violence et soudaineté. Fort de ces déductions, j'esquisse une manipulation de cette énergie, avise une branche d'un arbre encore vert, en périphérie de la zone touchée. Je projette le Mana dans cette direction, et y insuffle les idées que j'arrache de l'Empyrée. La glace remonte le long du bois, comme une ondée, parant chaque centimètre d'une fine couche scintillante, transparente et rigide. Le temps s'arrête là où le froid a déposé sa mortelle morsure. Oui, il me sera aisé de reproduire ce phénomène. Et il me sera particulièrement utile..."
6682bbcf-25ef-463e-af8d-59769f00e127,ALT_ALIZE_B_YZ_40_C,Spell,Freeze,"393 AC","Pour qui sonne la glace.",,AKESHA,"Le camp est aux abois. On a volé la réserve de sirop d'érable ! Encore un vol. Qui a bien pu commettre ce larcin ? Je ne peux pas laisser passer une telle provocation, surtout de si bon matin. Nous devons tous pouvoir mettre un peu de sirop d'érable sur nos pancakes du petit-déjeuner. C'est une règle d'or. Sinon comment pourrions-nous faire face aux frimas de la région et progresser sereinement sans être frappés à mi-parcours par une fringale anticipée ? Ces chapardages incessants doivent finir ! Je fais signe à Taru, et nous ratissons ensemble les environs à la recherche d'une piste intéressante. Des empreintes palmées traînent non loin de la tente où le vol a été commis, comme à l'accoutumée. Non, ça ne va pas se passer comme ça ! Taru se met à émettre des gloussements pour se moquer de mon humeur. Lui comme moi savons très bien que je ne suis pas du matin.

C'est au détour d'une congère que nous tombons nez à nez avec le coupable. Je me radoucis en voyant sa démarche claudicante, son dandinement bonhomme. Mais l'attendrissement n'est que de courte durée, tandis que je remarque l'étendue de son maraudage. Il n'a pas volé que du sirop d'érable ! Il a aussi pris le couvre-chef du planton, ainsi que l'écharpe de Fen ! Ça ne va pas se passer comme ça. Je vais lui faire regretter d'avoir mis une patte dans le campement. Mais malgré mes injonctions à s'arrêter, il continue de tracer sa route. Je vole vers lui, mais il change de direction à une vitesse surprenante. Visiblement, il ne veut pas entendre raison. D'un geste impérieux, je tends mes deux paumes face à lui, et propulse un souffle glaçant. Il s'arrête net, emmuré dans une épaisse gangue de glace. Statufié, le vil volatile voleur ! Ça lui apprendra à me priver de petit-déjeuner !"
5a0de4f7-128e-4e8a-a5ed-8d1b627c9461,ALT_ALIZE_B_YZ_41_C,Spell,"Moth to a Flame","393 AC","Durant les quelques heures de leur brève existence, les Phalènes papillonnent, porteuses de l'idée d'elles-mêmes.",,AKESHA,"Elles virevoltent autour de moi, aériennes et silencieuses. Même le battement de leurs ailes ne provoque aucun bruit. C'est comme si elles étaient là sans vraiment l'être, suintant du Mana dans l'air comme un encensoir embaume l'atmosphère. Peut-être certains Muna ont-ils déjà découvert quel était leur rôle dans l'écosystème ? Peut-être ces phalènes participent-elles à la dissémination de la substance dans le monde, pour renforcer l'Oasis ? Tout ce que je peux dire à mon échelle, c'est que le spectacle de leur danse est enchanteur, presque hypnotique. Il y a une chose que j'ai remarquée, pourtant : la présence de phalènes de Mana veut souvent dire que des Belisenki ne sont pas loin. Elles apparaissent comme des signes avant-coureurs, comme pour nous avertir de faire un détour, ou bien de rebrousser chemin sans tarder. J'ai vu même d'intrépides Bravos rechigner à aller de l'avant en remarquant une clairière peuplée de mites. Mais elles ne me terrorisent nullement.

Peut-être que le bon sens voudrait que je les craigne un peu plus, mais je ne peux m'empêcher d'être fascinée par leur existence éphémère, la vie si courte dont elles se contentent sans geindre. C'est sûrement parce que pour moi, elles évoquent autre chose que le présage d'une attaque. J'ai pu les observer longuement, à chaque visite de la petite cabane de Saskia. Pour moi, leur présence évoque l'odeur de la camomille, la douceur du feu qui se consume dans l'âtre, la silhouette de la Muna qui étudie ces petites créatures, à quelques mètres de moi... Il me suffit de les voir, et je suis irrémédiablement attirée vers ces souvenirs, comme un aimant. Je lève lentement la main et fait affleurer sur ma paume une goutte de Mana. Un papillon se pose et se met à butiner le liquide en déroulant sa trompe. Bois, petit. Avec ce nectar, tu gagneras quelques instants de vie."
34edd78d-a0d8-4c9d-9c05-4ff9fd229eeb,ALT_ALIZE_B_YZ_42_C,Spell,Blizzard,"393 AC","Malgré des mois de préparation, le vent glacial dévasta l'armée Ordis.",,AKESHA,"Dans l'œil du cyclone, Afanas abat les nuées de Belisenki comme des mouches. Je le regarde avec horreur. Lorsque je lui ai révélé la nature de la relation entre les phalènes et ceux qui n'ont de cesse de nous harasser, je pensais qu'il utiliserait ce savoir pour les repousser, non les faucher de la sorte. J'ai beau crier, rien n'y fait, il n'entend plus. C'est comme si quelque chose avait soudain pris possession de lui, faisant de lui sa marionnette. Et ce n'est pas seulement nos ennemis qu'il malmène. Je vois des soldats Ordis tituber ou ramper pour se mettre à l'abri, ou bien lever leur bouclier pour se protéger des bourrasques terrifiantes. Je vois des combattants Bravos en déroute, s'arrimant comme ils peuvent à des rochers. Mais les cordes cèdent, et ils sont emportés, disparaissant dans les méandres de la tempête de neige que le sorcier est en train d'alimenter.

Une corniche neigeuse s'effondre, et est balayée par les courants impétueux. Je vois les tentes du camp être arrachées de terre, réduites en lambeaux. Les feux s'éteignent, comme des bougies d'anniversaire. Et la neige se met à tout recouvrir. Un Recycleur Axiom finit enseveli sous un monticule de poudreuse, un arbre — appelé par l'Altération — est déraciné, avant d'être jeté en pâture aux vents tourbillonnants. C'est une catastrophe. Je dois faire quelque chose. À l'heure qu'il est, la solution est pire que la menace. C'est comme si quelqu'un était en train de se servir d'Afanas comme d'un conduit pour régurgiter un puits sans fond d'idées évoquant la tempête. Mais comment le faire se tarir ? En le coupant de la source ? Non. Avant ça, je dois juguler le danger immédiat. Et je ne connais qu'une seule personne, dans toute l'histoire d'Asgartha, qui a réussi à tenir tête à tant de dévastation..."
3d5360a4-b156-41d6-ba2c-17d9d5ba2a63,ALT_ALIZE_B_YZ_43_C,Spell,"Aerie of Moths","393 AC","Les papillons de lumière gardèrent tout leur mystère.",,AKESHA,"Si la biologie est la spécialité de Saskia, la mienne demeure la maîtrise d'au moins une Sphère du Naali. Même si Taru n'a pas arrêté de dire que c'était une perte de temps, j'ai continué à allumer mes Iris à chaque fois que j'étais en présence d'une phalène de Mana, les disséquant du regard à la moindre occasion. L'Horomancie est une discipline polyvalente, surtout si on l'associe aux principes de l'Eidomancie que Kuwat m'a enseignés. Je pouvais le faire. Je pouvais y arriver. Bien sûr, j'avais commencé par utiliser une Effigie, mais après quelques échecs, j'avais réalisé que la nature des phalènes de Mana n'était pas compatible avec l'usage d'une statue physique. Il vaut bien mieux faire appel à quelque chose qui évoque leur caractère fugace pour les matérialiser, et quoi de plus adapté pour cela que l'art éphémère de la danse ? Prêt à faire quelques entrechats, Taru ?

Sans attendre de réponse de sa part, j'exécute un ballonné et enchaîne sur quelques déboulés. Taru, quant à lui, use de tous ses membres pour réaliser des chorégraphies ensorcelantes. Je le vois tournoyer comme un soleil, tandis que j'alterne entre pas de bourrée et arabesques. Nos compétences cumulées en Cinémancie ne tardent pas à manifester dans le monde une nuée de phalènes. Jour après jour, j'ai appris par cœur leurs motifs comportementaux, leur anatomie hyaline, les spécificités linguistiques de leur vol... tout cela en vue de faire appel à elles. Et alors que je me lance pour un grand jeté, je remercie intérieurement Bogna d'avoir été intraitable au sujet de nos cours de danse. À chaque pirouette, de plus en plus de phalènes se mettent à apparaître, jusqu'à former de compactes nuées. Façonner des êtres d'idées et de Mana, si peu incarnés, n'est pas difficile. Mais les Belisenki se laisseront-ils berner par la supercherie ?"
8c4ee50f-0bd2-41f4-a04f-87b3aaed1aff,ALT_ALIZE_B_YZ_44_C,EXPEDITION_PERMANENT,"Moth Lantern","393 AC","À sa lumière, les choses muent pour devenir illusions.",,MAW,"On n'y voit goutte, comme disent les humains qui nous accompagnent. Il faut se rendre à l'évidence : briser la lampe de spéléologue en pleine exploration d'une grotte n'était pas la meilleure option. Cela fait déjà un moment que l'on progresse à tâtons, et les affleurements de roche se font de plus en plus dangereux, asymétriques, acérés, pointus. Coupures et hématomes garnissent les genoux et les mains des membres de l'expédition. Impossible de voir clairement à quoi ressemblent les pièges dans ce boyau. Je suggère à Lindiwe de trouver une solution éclairante. Elle s'arrête, réfléchit, fouille ses poches à la recherche d'un objet : une ampoule en verre translucide plombée, dont l'extrémité comporte une chaînette. Un objet courant aux multiples usages : réceptacle pour prélèvement, fiole à ouvrir d'urgence ou à briser sur le sol... Pour l'instant, il est vide de tout contenu. L'Altératrice dévisse la partie métallique supérieure de l'objet et y glisse son fragment d'Éther, comme je le lui intime.

Elle souffle ensuite doucement à l'intérieur, produisant une brume opalescente, puis elle referme le couvercle d'un rapide tour de vis. Le Mana à l'intérieur du tube fait s'agiter le bijou. Et soudain, une nuée de phalènes lumineuses apparaît, tournoyant autour de l'objet, qui se transforme en lampe de fortune par la simple présence de ces créatures virevoltantes à l'éclat incandescent. Le boyau s'éclaire alors enfin, révélant la nature du défilé. C'est un véritable feu d'artifice qui s'offre à nous, et je laisse à Lindiwe le plaisir de le ressentir : les affleurements rocheux sont en réalité de magnifiques et impressionnants cristaux, aux angles aigus qui projettent des rayons lumineux sur toutes les surfaces de la caverne. Les papillons tournent autour de l'objet ; il faut désormais les y fixer. Lindiwe se concentre, pose ses mains sur le verre de la lanterne et, d'un geste sec, après avoir senti une poussée de Mana, imprime une torsion à l'objet qui aspire et capture les phalènes. L'Altératrice sourit, miroir de ma propre satisfaction."
f39b869b-061e-452e-9bd1-c5896446c05c,ALT_ALIZE_B_YZ_45_C,LANDMARK_PERMANENT,"The Nilam, Withered Tree","393 AC","Longtemps après sa mort, le Nilam a abrité la vie en devenant le lieu de nidification des Phalènes de Mana.",,MAW,"Non, ce ne sont pas des branches de saule soulevées par les vents, ni même des nuages s'agitant en guise de frondaison... Ce sont des grappes de milliers, non, de millions de phalènes qui dérivent dans l'air comme les tentacules d'une méduse échouée. Il y a là l'illusion de la vie, un simulacre, rien de plus. Car l'arbre-monde qui me fait face est bel et bien mort. Enchâssé entre les éperons jumeaux du Cais Adarra, le vénérable colosse semble prostré comme un vieil homme. La vie l'a quitté, et il n'est plus que l'ombre de lui-même, une carcasse qui peu à peu va s'étioler. Son tronc n'est d'ailleurs plus fait de bois, mais de cristal. Si toutes les phalènes s'envolaient en cet instant, il ne resterait qu'un vieil arbre recourbé, décharné et malingre. Un fantôme sénescent, promis à l'oubli. Au final, tout ici n'est qu'illusion...

Je force Lindiwe à lever les yeux, et elle regarde l'obscurité qui est tapie entre les deux sommets. La nuit qui recouvre la gorge est parsemée de flocons de neige, qui dérivent dans l'air comme des étoiles ondoyantes. Selon mes instructions, mon hôtesse prend une gorgée de Lait d'Arcolano et scrute de ses Iris la dépouille de l'arbre-monde. Son écorce, translucide, semble avoir été scarifiée, comme si elle arborait des morsures, d'innombrables marques de ponction. Je comprends alors qu'il a été vampirisé en maintes occasions. L'œuvre des phalènes ? Mais plus que ça, il semble contenir quelque chose. Un ver dans la pomme, un parasite. Lindiwe étrécit les yeux pour me permettre de mieux distinguer ce qui couve sous sa surface. Quelque chose qui n'est définitivement pas à sa place... Comme un serpent qui glisse le long de ses branches, de ses racines. Quelque chose qui y est définitivement bien à l'étroit..."
2e13edcd-dd92-4589-b417-9ccd1017c004,ALT_ALIZE_B_YZ_46_C,LANDMARK_PERMANENT,"Cobalt Pass","393 AC","On peut l'entendre gronder dans les cols enneigés.",,AFANAS,"Fascinant, tout simplement fascinant ! Chaque pas dans cette passe composée de gigantesques murs de glace est tout bonnement impressionnant. La force primaire du froid, que j'avais déjà pu observer ailleurs à une échelle moindre, est ici démultipliée. Des pans entiers d'une vie passée sont prisonniers dans la glace, murés à tout jamais, figés en plein mouvement. J'ai l'impression de visiter un musée où les sujets, mannequins d'une vie antérieure, sont derrière une vitre épaisse. Ici, un cerf. Là, une bande d'oiseaux volant en formation. Il y a même une sorte de mammouth doté de tentacules pris dans sa gangue frigide alors qu'il semble en train de charger, ou de fuir ce qui l'a emprisonné ici. Et ces scènes s'étendent à perte de vue au sein des parois titanesques de ce dédale de glace. C'est comme si nous étions en train de visiter une galerie d'histoire naturelle, observant des spécimens empaillés.

Au loin, à l'extrémité du défilé, j'aperçois le Cais Adarra, éclairé par la lumière d'un ciel enfin apaisé. Alors que les nuages s'écartent, les rayons du soleil pénètrent dans la passe, jouant sur les parois pour nous offrir une clarté bienvenue, et tout un jeu de lumière à travers les pans de glace vertigineux. À la faveur d'un reflet, j'aperçois en hauteur, au milieu d'un mur de glace, ce qui pourrait ressembler à un Glyphe. À demi-translucide, il reste cependant d'une discrétion suffisante pour ne pas être perceptible par les non-initiés. J'envoie Senka m'en apprendre un peu plus sur l'étonnant symbole, tandis que ma Géphyromancie est à l'œuvre. En aspirant les idées contenues dans ce Sceau, je pourrai... Mais je n'ai pas le temps d'en apprendre davantage. Le sol se met soudain à trembler. Devant moi, une partie du groupe pousse des cris de terreur. Il me faut quelques secondes pour comprendre que les parois se fendillent. Je comprends trop tard que ce séisme est dû à mon arrogante curiosité."
fc7f8ec3-c522-4a22-910b-17c66531f0a6,ALT_ALIZE_B_YZ_47_C,Token,"Mana Moth","393 AC","Durant leur courte existence, elles diffusent continuellement un Mana d'une pureté incroyable dans l'environnement.",,SASKIA,"Les papillons se mettent à danser ensemble, à tournoyer l'un autour de l'autre. À la fois une parade nuptiale et une danse macabre... Ils se suivent, font une ronde, frétillent au son d'un requiem qu'eux seuls peuvent entendre. Leur union signifiera leur mort. Mais ils sont attirés l'un vers l'autre, inexorablement, comme deux corps célestes face à la gravité. En réalité, les phalènes ne sont qu'illusion. Des créatures de pure idée. Tout à coup, dans leur jarre en verre, les deux mites de Mana se percutent. L'explosion est instantanée, propageant dans le bocal un nuage de spores physiques, nées de leur interaction fugace. Puis, à ma grande surprise, je vois les spores se condenser, se réamalgamer, jusqu'à ce que deux papillons se tiennent à nouveau devant mes yeux, mais dont les pas sont inversés. C'est comme si le temps se rembobinait. Nouvelle explosion, mise en pause, retour arrière, ralenti. Cela me permet d'observer en détail la déflagration...

À travers le bocal en verre, je ne peux m'empêcher de regarder Akesha, dont les yeux pétillent devant ce spectacle sans cesse joué et rejoué sous son influence. C'est elle qui manipule le temps, le fait aller d'avant en arrière, d'arrière en avant, afin que nous puissions scruter toutes les étapes du processus. Un talent bien pratique. Et dangereux. Je me surprends à la dévisager plus qu'à m'intéresser au mode de reproduction des phalènes. Son teint hâlé, ses yeux dont l'éclat rappelle celui du sphène, ses longs cheveux noirs et lustrés cascadant sur ses épaules... et le sourire qui illumine son visage à chaque fois que les deux insectes évanescents s'entrechoquent... Collision, nuage poudreux. À travers la paroi en verre, ses yeux rencontrent les miens pendant une fraction de seconde qui semble durer une éternité. Elle détourne subitement le regard, et je peux discerner son trouble tandis que ses joues s'empourprent légèrement."
85a4609a-2415-4cd1-ba6d-1c57c7e594fd,ALT_ALIZE_P_OR_48_C,Character,"Kuraokami OR","393 AC",,"Dragon primordial et divinité shinto de la mythologie japonaise, Kuraokami est le kami de la pluie et de la neige. Lors de la naissance de Kagutsuchi-no-Kami, fils d'Izanami et Izanagi, ce kami du feu brûla si vivement sa mère qu'elle décéda de ses blessures. De rage, Izanagi décapita son fils, ou selon d'autres versions, le découpa en plusieurs morceaux. C'est de son sang que naquit Kuraokami, qui fut alors chargé de faire tomber des précipitations sur les vallées, et d'amener avec lui l'hiver.",FEN,"J'écarquille les yeux en voyant le tronc se briser en mille morceaux, certains aussi gros que des navires. Les blocs de bois cristallisés se fracassent sur le sol en propulsant tout autour des nuages de neige et de débris. L'onde de choc est terrible, au point que je dois détourner les yeux et retenir ma respiration, tandis que le nuage s'abat sur moi. Et le Vent... le Vent hurle comme jamais je ne l'ai entendu hurler. Son grondement se diffuse dans la vallée, se réverbère sur les parois rocheuses et glacées. Des îlots de glace se disloquent et chutent, des agrégats de neige durcie sont précipitées des sommets... Toute la gorge est en train de trembler, de s'ébrouer, de s'ébranler tandis que le sol vacille. Je tombe à genoux et me protège la tête de mes bras, sentant des bris de glace me heurter violemment. Et je serre les dents en attendant que ça passe...

Puis, alors que la neige retombe, je vois une silhouette émerger du tronc fendu, comme un halo sinueux. Peu à peu, je me mets à distinguer ses écailles luisantes et irisées. J'écarquille les yeux, envoûtée par le spectacle du dragon en train de se libérer de sa gangue de cristal. Il est sublime, et s'élance vers le ciel en guise de célébration. Je l'entends dans son exultation, une sorte de feulement qui fend l'air comme le tonnerre : c'est la liesse qui l'habite, et non plus la rancœur. L'allégresse de la liberté retrouvée, celle de pouvoir de nouveau errer à sa guise. Et je sens que c'était lui qui avait fait de cette Oasis un paradis — ou un enfer — de glace et de froid. J'ignore quel sera l'avenir du Storhvit, mais en cet instant, face au somptueux ballet du dragon à travers les nuages, je ne peux que m'émouvoir du spectacle. Et je sens une larme de joie se solidifier au coin de mon œil, avant même de dévaler la pente de ma joue."
