ID,REFERENCE,TYPE,NAME,DATE,FLAVOR_TEXT,INSPIRATION,NARRATOR,STORY
4a6fbb55-c636-446a-8cf9-7693f743738e,ALT_BISE_A_AX_56_C,Character,Icare,,"Largage de boosters en cours !",,,
3745c6f3-8364-40ca-90af-fdae858ed608,ALT_BISE_A_AX_63_C,LANDMARK_PERMANENT,"La Raffinerie",,"L'utilisation de la Sève modifiera le cours de la science telle que nous la connaissons.",,TREYST,"393 AC - Rossum, prostré, se faufile dans les allées étroites de la raffinerie, cette citadelle laborieuse, toute d'acier vêtue, vibrante de sirènes, illuminée de gyrophares, embrumée de vapeurs industrielles... Je le suis dans mon fauteuil, alors que nous longeons les gros conduits et les tuyaux de câbles vers la salle de commande. Les portes à vérins s'entrouvrent pour nous laisser passer, et je retrouve Subhash, tout barbouillé d'huile et de crasse. Comme bon nombre d'autres mécanos, il a été réquisitionné pour l'opération de maintenance. Je caresse la tête de Marmo, qui vient me saluer, la langue pendante, avant d'aller mordiller la cheville de mon Alter Ego pour jouer. Bash se tient un peu en marge des ingénieurs qui s'agglutinent autour des plans, l'air soucieux ou concentré. Sûrement une ultime vérification, avant d'appuyer sur le bouton... Ça fait cinq semaines que la raffinerie est au point mort, le temps que la reconfiguration puisse avoir lieu, avec pour objectif la transformation de cette raffinerie de Kélon en exploitation de Sève.

Tout ce que la communauté Axiom compte de cerveaux s'agite autour de la table. On vérifie, on recalcule, on pondère, on recalcule encore. Suivant les consignes, les ouvriers en contrebas relient, dérivent, débranchent, raccordent... Bash se permet un bâillement, et je le comprends. Mais alors que je me décide à aller le retrouver, le collège relève la tête. Un consensus semble avoir été trouvé. Il leur suffit d'un signal. Anxieux, les techniciens aux manettes abaissent les leviers d'aiguillage. Le changement s'effectue, lentement. Les pompes entrent en action, Les fluides s'échangent. Les conduits qui proviennent de la Cité des Sages produisent un son étrange, une aspiration bizarre, comme une sorte de gargouillis. Dans une éruption pâteuse, la Sève déboule dans les cuves, crachotant par à-coups. Puis les borborygmes laissent la place à un ronronnement régulier. Au bout des quelques minutes qui paraissent des heures, les artisans de ce miracle technologique se tombent dans les bras les uns des autres, se congratulent, s'embrassent, tandis que les applaudissements fusent."
dff40a3d-f45f-4e19-9569-c7ce4fd3c8d1,ALT_BISE_A_BR_58_C,Character,Thésée,,"Comme par hasard, il joue des grosses cartes.",,,
1efa4057-a4e5-4f9f-a152-dd9ad66e1da0,ALT_BISE_A_BR_63_C,LANDMARK_PERMANENT,"Le Mess",,"Tous les soirs, le mess résonne des cris et des rires des explorateurs partageant leurs exploits quotidiens.",,KOJO,"393 AC - Y'a pas à dire, ça fait du bien de se retrouver à l'air libre. Juste de voir les nuages et le ciel au-dessus de sa tête, ben ça change tout... Et faut dire que le Mess a bien évolué depuis qu'il a été installé. Je regarde les fanions, les guirlandes lumineuses. Quelque part, un Lyra est en train de jouer de l'accordéon. Ça donne un air de fête foraine. Alors que j'avance dans la queue, je peux pas m'empêcher de humer les fumets de bouffe qui viennent des stands. Et le moins qu'on puisse dire, c'est que j'ai une dalle de malade. Non loin, un corgi est en train de quémander à une table. J'aperçois Basira en train de trinquer avec Treyst, après avoir entendu son rire bourru noyer toutes les discussions à la ronde. Je soupire, tandis que le souvenir de son refus de me coacher me revient. Et j'ai refait chou blanc du côté d'Atsadi aussi.

Boo pose sa truffe dans la paume de ma main, et je me tourne vers lui. Ouais, il a raison. Autant chasser les idées noires. On est là pour se bâfrer, et je vais pas me faire prier. Mon estomac se met à gargouiller. Rien de mieux que l'appétit pour mettre de côté tous ses tracas. Et c'est pareil du côté de Boo. Manger. Manger. Manger. Son esprit tourne en boucle autour de cette idée fixe. T'inquiète, t'auras ta dose, poto. Mais je te préviens, tu réclames pas chez les autres, hein ? Bon, ça va durer encore longtemps ? Même si j'ai réservé y'a des semaines, le Mess semble victime de son succès, avec des files à rallonge. Alors que le soleil est en train de se coucher derrière les falaises de la Chape, je vois quelqu'un me faire des signes depuis le pupitre de l'accueil. Hé ! Mais c'est..."
53bfd90d-5f2f-4df7-b5a5-80cbf358ed78,ALT_BISE_A_LY_53_C,Character,Dédale,,"Si vous êtes perdu, prêtez l'oreille aux annonces de la scène centrale.",,,
80408e98-2649-4ce2-9eb0-8b1cac6e03d5,ALT_BISE_A_LY_63_C,EXPEDITION_PERMANENT,"La Scène",,"Nuit et jour, la musique de BLISS revigore les cœurs et les corps éreintés.",,FEN,"393 AC - Je vérifie une dernière fois mon maquillage dans la glace — blush, eyeliner, mascara, fard à paupières, paillettes... — passant un doigt sur la commissure des lèvres pour effacer une petite trace de rouge un peu négligée. Puis j'émerge des coulisses pour ma dernière répétition avant le grand soir, marchant précautionneusement entre les câbles enroulés ou courant le long de la scène. Les ingés son checkent les installations et les branchements, les gars de la régie font des tests lumière. Les néons s'allument alors que j'avance jusqu'au ""X"" qui a été tracé au scotch noir pour indiquer ma position. En me retournant, je vois le nom de notre groupe, ""BLISS"", s'afficher en lettres clignotantes, entourées de néons bariolés. J'expire longuement pour essayer de calmer mon trac. Comme d'habitude, il est là, comme un nœud sur mon estomac. Je sais qu'il sera là jusqu'à ce que les premières notes de musique se mettent à pulser.

J'ajuste mon oreillette et saisis mon micro, réglant sa hauteur. Puis j'échange quelques instants avec les ingés son, paramétrant les retours et les niveaux par le biais de quelques vocalises. Je fais chauffer ma voix, expire de nouveau pour mettre en sourdine la boule dans mon ventre. Je me tourne vers l'horizon, qui est en train de s'embraser. Hier, on a survolé le campement en pleine journée pour annoncer le concert. On a lancé des confettis dans l'assistance pour régaler les explorateurs d'un premier morceau de notre nouvel album, pour donner le ton. Je suis sûre qu'ils seront nombreux, ce soir, à troquer quelques instants de repos contre un moment de distraction... Il va falloir assurer, pour ne pas les décevoir. Je sens la boule grossir, et j'expire de nouveau. Non loin de moi, Crowbar est en train d'accorder sa guitare. Tamati et Orbec discutent autour d'un godet de soda à la Sève... Je souris en réalisant, comme à chaque fois, que je suis bien entourée..."
674ad23e-cdd7-4293-bb88-7455cadf8e1c,ALT_BISE_A_MU_58_C,Character,"Le Minotaure",,"Notre mascotte est toujours dispo pour quelques selfies.",,,
f783fd2b-e5af-4f6b-96fd-7a5cff670479,ALT_BISE_A_MU_62_C,LANDMARK_PERMANENT,"La Ferme",,"Pour fournir le Mess, il faut une exploitation capable d'assurer son approvisionnement journalier.",,ARJUN,"393 AC - La charrette remplie de caisses de fruits et de légumes s'arrête à ma hauteur, et le maraîcher qui la conduit m'invite à le rejoindre. Je ne me fais pas prier, et prends place sur le siège à ses côtés. Je suis rompu·e par ma balade de la journée, et cette aide providentielle arrive à point nommé. Mais alors que l'attelage se met en branle, je regarde une dernière fois en arrière, vers la paisible Ferme. Les ailes du moulin tournent langoureusement, actionnées par le vent qui souffle sur la Chape, tandis qu'au-dessus, le feuillage en lourdes grappes du cyprès s'agite et bruisse. L'exploitation agricole et l'arbre se sont formés dans un même mouvement par le biais de l'Altération. Granges, silos et greniers s'enchâssent naturellement dans le gigantesque tronc pour bénéficier de son couvert et de sa température constante. Tout autour, des paysans Muna — bien heureux d'avoir quitté l'Ouroboros — travaillent aux champs, dans les vignobles ou les vergers.

Je me tourne vers mon bienfaiteur, et nous nous mettons à deviser cordialement de la cargaison colorée et agréablement parfumée qu'il a chargée à la Ferme : oranges et grenades, potirons et champignons, et même quelques bouquets de fleurs... Tout semble avoir été nourri à la Sève. Je plisse le front, quelque peu préoccupé·e. Comme je pouvais m'y attendre, son contenu sera Salut distribué çà et là au sein de l'avant-poste, et principalement au Mess. Tout l'excédent sera ensuite acheminé vers le marché qui se tient tous les matins sur la grand-place, en face de l'hôtel de ville Ordis. Peut-être devrais-je d'ailleurs apporter un panier garni à Rin ? Ces derniers temps, pour me remercier de l'avoir sauvée durant l'ascension du Cais Adarra, elle n'arrête pas de me cuisiner des petits plats, tous plus savoureux les uns que les autres. Je souris en repensant à l'excitation qui la gagne à chaque fois qu'elle parle de nourriture ou me détaille ses recettes. Qui aurait pu croire qu'en plus d'appartenir à un Exalt, elle se doublait d'un véritable cordon bleu ?"
06244716-faad-4faf-95fe-e94de53ace00,ALT_BISE_A_OR_57_C,Character,Ariane,,"Big up à toutes les petites mains qui font tourner l'événement.",,,
1447477c-1715-42c2-a844-99ed7db71456,ALT_BISE_A_OR_63_C,EXPEDITION_PERMANENT,"La Grand-Place",,"Conscientes des avantages de l'organisation Ordis, les Factions lui confièrent la logistique de l'avant-poste.",,SUNISA,"393 AC - Je sors de l'hôtel de ville après y avoir déposé mon rapport. Un mois de démobilisation forcée, à traiter des requêtes administratives qui ne sont vraiment pas mon violon d'Ingres... J'aurais mille fois préféré souffrir le martyre sur le terrain. Mais après une avalanche et m'être pris de plein fouet la rafale du vieux Mage, on avait estimé — peut-être à raison — que j'avais besoin de lever le pied quelques semaines. Oh, y'avait pas que des mauvais moments. Traîner au Mess avec Sunniva, ou avec Cat et sa bande, avait quelque chose de plaisant, mais c'était comme vivre leurs aventures par procuration. Seul lot de consolation, Sig avait eu à peu près les mêmes déboires, avec des missions barbantes. Ce qui m'avait permis de me moquer de lui à plus d'une occasion. Aux dernières nouvelles, après avoir foiré son intervention dans les grandes largeurs, il avait été affecté à la surveillance des troupeaux de dotouffus.

Faut pas se mentir, ça ressemble clairement à une punition en bonne et due forme. D'ailleurs, note mentale, aller le chambrer à la première occasion. Tout en souriant, je me fraye un chemin sur la place bondée. C'est là que s'administrent toutes les doléances, et par extension, la gestion de la vie de camp en général. Le paradis des bureaucrates, en somme. Alors que je passe à côté de son pupitre, le crieur est en train consulter les nouveaux édits qui ont été promulgués la veille. Je me pose sur une vieille colonne effondrée pour soulager ma jambe encore un peu raide, avant de sortir de ma poche mon certificat d'aptitude fraîchement acquis. Avec ça, je pourrais aller voir un commis pour récupérer une affectation un peu plus active que celle de simple gratte-papier. Intendance, ou peut-être même protection rapprochée, qui sait ?"
c2f5c430-d175-46f0-8f80-942c11ed7285,ALT_BISE_A_YZ_52_C,Character,Pasiphaé,,"Des goodies ! Qui veut des goodies ?",,,
c9460e3e-f2e7-4875-bb7e-b819f0eb398b,ALT_BISE_A_YZ_62_C,EXPEDITION_PERMANENT,"Les Flèches du Nilam",,"Observer le Tumulte nécessite de prendre de la hauteur, le maîtriser requiert de la connaissance.",,AFANAS,"393 AC - Je grimpe les étages de la grande tour blanche des Flèches du Nilam, saturée de l'odeur de résine. Je traverse les différents niveaux sans m'attarder : ateliers, bibliothèques et salles de méditation défilent sans que je ne m'y intéresse. De l'extérieur, bien entendu, rien ne laisse présager autant d'espace, comme au sein du Magisterium. Mais l'espace est un luxe que la Faction exploite allègrement. Senka croasse sur mon épaule, rompant le calme studieux. Je sais qu'il aspire à voler vers le sommet, afin d'être au plus près du Tumulte. Mais ce n'est pas l'observatoire que nous allons visiter aujourd'hui. Derrière moi, Fasano a la respiration hachée, mais il serre les dents pour ne pas rester à la traîne. Plus tard, je l'emmènerai visiter le centre de contrôle, où de nombreux Mages observent sans discontinuer les courants de Tumulte, pour nous avertir si une ondée est en passe de déferler sur la Chape. Mais pas aujourd'hui.

Je pose une main sur le bois cristallisé de la cage d'escalier, observant les lignes qui strient leur surface tout en repensant à ce que Wanjiru m'avait dit. Il m'avait ouvert les portes de nombreux savoirs, que je m'évertuais encore à trier dans ma tête. Arrivés à la septième branche, je me dirige vers l'entrée de la poche dimensionnelle, comme une flaque sur le mur, et je me fonds dans mon reflet pour passer de l'autre côté. Le laboratoire nous accueille dans un bruit de succion, alors que nous émergeons sur cet ailleurs qui n'est ni dans la réalité, ni dans l'Empyrée. Tous sont déjà là : Kuwat, Isikeli, Moyo, et même Saskia, la naturaliste Muna. Après s'être tournés vers nous, ils reportent tous leur attention sur la forme visqueuse qui s'agite au sein de la cloche en verre : un asticot, de la taille d'un chat, et si blanc qu'il pourrait paraître albinos. Il se tortille, essayant de grimper sur la paroi lisse et transparente. Il avait survécu en état de torpeur dans le tronc gelé de l'arbre-monde, et était revenu à la vie lorsque nous avions acheminé son écorce vers des climats plus cléments..."
0bd8c1b7-2777-4210-90ef-ee4c2bf56e1c,ALT_BISE_B_AX_02_C,Hero,"Treyst & Rossum",,"Tout système énergétique est une machinerie subtile, à optimiser pour en tirer le meilleur rendement.",,TREYST,"392 AC - Les pattes de mon chariot s'enfoncent dans le sol meuble, emplissant les alentours du sifflement de leurs vérins hydrauliques. Alors qu'un Scarabot effectue sur lui des opérations de maintenance, Rossum se tourne à droite à gauche, observant attentivement le paysage. Curieux de tout, il se redresse parfois derrière moi, contemplant l'envolée de petits poissons multicolores nageant dans les airs, ou bien la rapide érosion d'un flanc de colline, comme façonné de gelée bariolée et diaphane. Un peu plus loin, un bosquet enflammé étire ses branches au-dessus de rochers turquoise, illuminant la prairie que nous traversons. Comme j'aurais aimé que Paju soit là, avec moi, en cet instant... Pourtant, je me retiens d'invoquer son Eidolon. J'ai besoin de tout le Mana que nous avons collecté, mon Alter Ego et moi, pour parer aux avaries qui ne manqueront pas d'arriver.

Rossum pose sa main sur mon épaule, faisant tinter dans mon esprit une consolation en binaire. Depuis que nous avons lié par le Musubi nos esprits et nos essences, il peut ressentir la moindre de mes émotions, comme je peux éprouver son oppressant mal du pays. Nous avons chacun nos chagrins. Nous avons tous les deux nos blessures. Pourtant, la perspective de l'aider à regagner son foyer apaise quelque peu mon deuil. Et le voir fureter de-ci de-là comme un enfant avide ne manque pas de me faire sourire. Ça fait du bien de sourire de nouveau... Je regarde son épiderme métallique, cabossé de partout suite à nos dernières expéditions. Il va falloir que je renforce sa cuirasse, et que je l'agrémente peut-être de deux ou trois modifications plus fonctionnelles. Il en aura bien besoin, quand il devra voguer seul vers le Tumulte pour précéder mon arrivée. Je sors mon calepin de ma poche, et commence à dessiner quelques schémas à la va-vite."
1aa4c6b4-80f5-4751-a5e0-cd0f4e0dc9d8,ALT_BISE_B_AX_03_C,Hero,"Subhash & Marmo",,"Les possibilités sont toujours infinies, même dans un monde aux ressources limitées. Tout dépend de la façon dont on choisit de les dépenser.",,SUBHASH,"392 AC - Je tends la main et saisis la clé à molette que Marmo tient dans sa gueule. Je resserre le dernier boulon en maugréant avant d'essuyer mes doigts plein de bave sur ma combinaison. Ok, l'heure de vérité. J'enclenche ma pile kélonique, et mon antenne dorsale se met à vrombir. Tout semble fonctionner comme sur des roulettes. Mon Alter Ego aboie, et je farfouille dans ma besace pour en tirer une friandise en forme de nonosse, avant de la lancer dans sa direction. Il a bien mérité une petite récompense. Tandis qu'il la mâchonne en grognant de plaisir, je réajuste mon casque sur ma tête, m'assurant bien de son étanchéité. En combinant mon Construct, j'appelle à moi une lampe torche, et darde sa lumière vers l'entrée de la caverne. Bon, il est temps de vérifier s'il y a du foutu Kélon dans ces boyaux. Et y a intérêt, j'en ai un peu marre de rentrer bredouille.

Alors que j'entre dans la grotte, je ne peux m'empêcher de la comparer à une gueule qui cherche à me dévorer. Franchement, j'ai pas envie de finir comme un biscuit de Marmo, broyé entre deux maxillaires. Devant moi, les effluves rosées du Tumulte s'écartent comme deux rideaux, chassés par les ondes de mon antenne. Marmo, quant à lui, gambade fièrement, nullement affecté par la brume ondoyante. Il s'en gave même à foison, tandis que je sens le Mana s'insuffler en lui comme une batterie en cours de charge. Je pianote sur mon Construct, matérialisant devant moi un Élémentaire de Kélon. L’axolotl apparaît, se met à humer l'air. S'il y a du Kélon dans les parages, il devrait réagir. Il devrait... Je le vois soudain s'élancer en avant. Ah ! Bingo. Je me mets à marcher à sa suite, saisissant ma pioche kélonique. Alors que je l'enclenche, le cylindre de Kélon qui l'alimente se met à pulser d'une lueur bleutée, maculant la cavité d'un éclat mauve."
a8cd0135-ccc8-45e7-82cd-106694280844,ALT_BISE_B_AX_31_C,Token,Scarabot,,"Les Scarabots semblent évoluer avec leur environnement.",,,
87f4eb27-044c-4640-9338-e97456301331,ALT_BISE_B_AX_49_C,Character,"Renifleur de Sève",,"Ces petites créatures indigènes peuvent flairer la Sève à des kilomètres à la ronde.",,TREYST,"393 AC - Attablé à mon atelier, je rassemble mes notes. Le laboratoire mobile émet ce doux bourdonnement mécanique qui me permet de me sentir comme l'abeille au milieu de la ruche. Rossum attend mes directives pour continuer nos expériences sur la Sève. J'espère y trouver des pistes pour améliorer la qualité des prothèses et des implants, notamment pour remplacer le Kélon et allonger leur durabilité. J'en suis là de mes réflexions quand la porte s'ouvre à la volée. Entre un prospecteur, tenant difficilement en laisse un de ces étranges animaux locaux, semblable à une taupe. Si l'homme semble épuisé, l'animal est quant à lui surexcité. M'ignorant totalement, le propriétaire de la bestiole se dépêche de poser les containers de Sève sur mon bureau pour se précipiter vers elle et lui donner à manger une petite quantité de sa récolte. Le renifleur, puisque c'est le nom qu'on donne à cette taupe, s'apaise immédiatement, s'assied sur son derrière et regarde son maître avec de grands yeux à travers ses lunettes de protection.

Alors que Rossum prend en charge cette nouvelle cargaison de Sève qui servira dans mes recherches, j'interroge l'homme sur son équipier à quatre pattes. Trop heureux de pouvoir apprendre quelque chose à un scientifique, ce dernier m'explique la nature du renifleur. Cette petite boule de poils, équipée de larges griffes pour creuser et de grosses dents pour ronger les racines épaisses, n'a pas son pareil pour détecter des sources de Sève. Il est tellement friand de cette substance qu'il est prêt à prendre des risques parfois inconsidérés pour atteindre un endroit pouvant en abriter. Le prospecteur nous retrace quelques épisodes au fond de la cité, où le renifleur de sève n'a pas hésité à grimper dans des lieux périlleux au sein des pierres gravées, pour seulement quelques gouttes ambrées. Tandis que je discute, je vois l'homme qui surveille son partenaire du coin de l'œil. Ce dernier présente en effet des signes d'impatience. En bafouillant, le prospecteur reprend sa laisse et me lance un rapide salut, avant d'être brutalement tracté vers la sortie par sa bestiole. Perplexe, je me demande si le renifleur n'aurait pas développé une sorte d'addiction à la Sève."
a17321be-bf54-4dab-81a6-651c273806d0,ALT_BISE_B_AX_50_C,Character,"Drone Ratisseur",,"Plus on creuse, plus on a de chances de trouver quelque chose d'unique.",,TREYST,"393 AC - Je pars en direction du chantier de fouilles pour inspecter une veine de Sève. Rossum me suit de près avec tout le matériel nécessaire à mes analyses. J'aime bien parfois sortir de mon atelier pour aller explorer un peu la Chape. Explorer, c'était mon rêve premier avec Paju. Partir loin, voir du pays, en quête d'inconnu et d'aventure... C'était ça qui nous avait poussés à être aviateurs. Je constate avec tristesse que mon ami me manque toujours autant, et je pousse le moteur de mon fauteuil pour arriver plus vite à destination, obligeant Rossum à presser le pas. Arrivé à destination, je marque un temps d'arrêt pour observer la scène. Une armée de drones exécute un ballet précis pour dégager un amas de ruines et de rochers afin d'accéder à une veine de Sève.

J'admire la poésie de ce travail, la justesse du geste de la machine, la précision de l'enchaînement des manœuvres : un bras creuse, guidé par les capteurs placés sur son fronton, tandis que le second bras vient guider les débris minéraux sur la trappe ouverte vers l'intérieur de son abdomen d'acier. Durant tout le forage, une sirène et un gyrophare viennent avertir les ouvriers proches que la machine est en action. Une fois rempli, le drone referme la trappe et s'envole en direction de la carrière où il va déverser sa récolte. Il laisse la place à un nouveau drone qui va à son tour poursuivre le forage à l'endroit exact où il l'a interrompu. Fascinant. Dans un timing parfait, j'assiste aux rotations des engins. Je ne peux m'empêcher d'y voir une similitude avec l'action des ouvriers d'une ruche ou d'une fourmilière, celles que nous observions enfants avec Paju, la tête pleine de rêves d'avenir. Je finis par quitter ma contemplation pour aller inspecter les échantillons récupérés par les ingénieurs Axiom en charge de l'exploitation de cette mine."
57d87af3-0017-4afa-b3ce-cfa4d71033b5,ALT_BISE_B_AX_51_C,Character,"Drone Designer",,"Designé par des designers pour les aider à designer.",,SIERRA,"393 AC - Je savais bien qu'Aby allait me manquer, mais pas à quel point, autant personnellement que professionnellement parlant. Que faisait-elle actuellement, d'ailleurs ? Allumait-elle toujours la bouilloire en arrivant à l'atelier ? Pliait-elle sa trottinette avant de l'adosser contre le mur d'entrée ? Avait-elle changé des choses à cet espace que nous avions partagé durant des années ? Parfois, je me surprenais à me retourner pour l'interpeller, lui montrer quelque chose, pour réaliser sur un déclic qu'elle n'était pas là. Et même si je manifestais de temps en temps son Eidolon pour effectuer des courses et des livraisons vers les profondeurs, ce n'était pas la même chose, au final. Ne pas avoir Aby dans les parages, c'était comme se voir amputer d'une partie de son intellect. J'avais pris l'habitude de lui exposer systématiquement tous mes schémas de montage, pour savoir ce qu'elle en pensait, ce qu'elle tenterait d'améliorer. Et les années aidant, ses remarques s'étaient faites de plus en plus affûtées.

C'est pourquoi j'avais eu besoin d'un assistant. Son design était calqué sur celui d'une méduse lunaire, mais affublé de binocles extravagantes et d'une bouche boudeuse. Même aujourd'hui, je me demande ce qui m'est passé par la tête quand j'ai crayonné son apparence extérieure. Mais ce n'est pas la coquille qui compte, c'est ce qu'il y a à l'intérieur. Et le ""Magnum 6"", le cryptex qui dicte sa cognition, capable de millions de permutations, est probablement le plus complexe que j'ai dû élaborer. Je jette un coup d'œil dans sa direction. Ses mains préhensiles, reliées à son corps par des lacets souples et incroyablement malléables, saisissent le plan et le déroulent. Il le scanne avec son éternelle expression de vanité et de condescendance, ce qui ne manque pas de me faire sourire. Puis soudain, quand il a terminé son analyse, une ampoule sort de son châssis pour venir voleter au-dessus de sa tête. J'approche. C'est le signe qu'il a trouvé quelques points d'amélioration à mon design."
8424418f-7609-434f-8544-58c1bb3ba167,ALT_BISE_B_AX_52_C,Character,Taupetaraude,,"Mes choux !",,SUBHASH,"393 AC - Tester les inventions, passer de la théorie à la pratique, c'est toujours un grand moment, pour le meilleur et pour le pire. Parce qu'on a beau avoir toutes les certitudes du monde, la réalité a le don de mettre les faits à l'épreuve. La science est le terrain de l'exactitude. Un pet de travers, et ça part en vrille. Par exemple, le dernier modèle de foreuse. Jusque-là, les engins classiques étaient conçus sans qu'on fasse de la mobilité une priorité. On savait où on allait forer, et on creusait à l'endroit indiqué. C'est aussi simple que ça. Sauf que dans le gruyère qu'est la Cité des Sages, c'était — d'une — impossible d'installer de grosses installations statiques, et — de deux — risqué de percer sans savoir vraiment qui se trouvait de l'autre côté, même avec les sondes. Dans ces conditions, quoi de plus normal qu'une foreuse mobile ? Sur le papier, excellente idée. Un engin tout terrain, équipé de chenilles et d'une énorme vrille en guise de nez, et télécommandé, qui plus est...

Et puis vint le jour du test. Les ingénieurs ont mis les petits plats dans les grands, avec même un gradin pour observer à distance respectable. Devant un parterre de scientifiques triés sur le volet, le responsable a fait son pompeux discours, avant d'activer la machine. Tout fier, il l'a regardée s'enfoncer dans la pierre, balançant de la caillasse et de la boue partout dans son sillage. Et c'est là que les choses ont commencé à se gâter. Ça a débuté par des bavardages, des petites remarques, genre ""pourquoi elle remonte pas ?"". J'ai vu le visage d'Eugen, le responsable, passer par mille expressions, de la moue rassurante à l'inquiétude, puis à un effroi bien marqué. Et il est passé par toutes les couleurs aussi, du rouge pivoine au blanc blafard. Il arrêtait pas d'appuyer sur la télécommande, comme si ça allait changer quoi que ce soit. On a appris bien plus tard que la Taupetaraude était sortie de terre en plein dans un champ Muna, devant un parterre de maraîchers horrifiés. Problème d'antenne, à ce qu'on raconte..."
8f7cab61-ba4f-4349-a0d8-4b7b75ccf09f,ALT_BISE_B_AX_53_C,Character,"Les Grems",,"Ce n'est pas de la destruction, c'est du recyclage. Du moins, c'est ce qu'ils disent.","C'est au début du XXème siècle, pour expliquer les avaries parfois incompréhensibles qui frappaient les aéronefs, que la légende des Gremlins a vu le jour. C'est par le biais de ces créatures farfelues qu'ont été expliqués les dysfonctionnements de certains équipements, les erreurs de pilotage ou bien les soucis techniques qu'expérimentaient les aviateurs et les équipes aéronautiques. Pour les pilotes de la R.A.F., la Royal Air Force britannique, un sabotage équivalait à l'intervention de ces lutins espiègles.",SIERRA,"393 AC - Ma première réaction, quand Bash est venu me trouver pour me demander de le remplacer, c'est de me dire qu'il avait du toupet de me déranger pour ce qui était visiblement une gueule de bois. Puis je me suis souvenue de l'incident, de sa barbe roussie, et de la faveur que je lui devais, et j'ai acquiescé sans mot dire. C'est pourquoi je suis en train de m'accroupir, d'enjamber des tuyaux, de me faufiler entre les canalisations, pour trouver la cause de la panne qui affecte la raffinerie depuis quelques heures. Bien sûr, il n'y a aucune carte qui permette de se repérer là-dedans, tout au plus des flèches et des panneaux pour au moins m'indiquer que je ne fais pas fausse route. Vu que l'acheminement de Sève était stoppé, ce devait être un problème de pompe ou de valve. On avait d'ailleurs dû se rabattre sur la vapeur pour faire fonctionner l'ensemble, histoire de ne pas gâcher de Kélon...

Clang. Un bruit sourd, suivi d'un jacassement syncopé. Problème de pompe, ou peut-être de nuisibles, en fin de compte. Je me positionne derrière un tuyau bouillant, prenant soin de ne pas me brûler. Puis je jette un regard de biais vers la source du bruit. Trois Grems, en train de s'attaquer à un panneau régulateur. J'aurais dû m'en douter. Le problème, quand on prend appui sur l'imagination pour créer, c'est qu'on génère par inadvertance des choses de notre inconscient sur lesquelles on n'a que peu d'emprise. Même chez des ingénieurs qui ont plus tendance à s'appuyer sur la raison que sur des balivernes. Et ces trois lascars viennent tout droit de la superstition la plus basique. Je sors mon Construct de son étui, et me demande quel serait le meilleur moyen de les faire déguerpir. Et celui qui me vient en tête implique forcément de leur jouer un mauvais tour en retour..."
e828d124-387a-4f4f-a832-37fefbd96000,ALT_BISE_B_AX_54_C,Character,"Aby, Livreuse de Sève",,"Sa monoroue est le fruit de longues heures d'entraînement mécanique.","The idea of gremlins arose in the early 20th century to explain puzzling malfunctions in aircraft. These mischievous creatures were blamed for equipment breakdowns, piloting errors and technical problems encountered by aviators and aeronautical teams. For pilots of the RAF — the British Royal Air Force — these troublesome tricksters were said to sabotage their aircraft.",TREYST,"393 AC - Sans crier gare, une jeune femme montée sur un monocycle jaillit devant moi, manquant de me renverser alors que je me dirige vers mon atelier. Je ne dois ma sauvegarde qu'aux réflexes protecteurs de Rossum. Confuse, elle balbutie des excuses et se présente comme étant Aby, ingénieure attachée aux services postaux asgarthi. Cependant, son visage ne m'est pas inconnu... Devant ma mine inquisitrice, l'Eidolon sourit et me dit avoir été envoyée par Sierra pour m'apporter un lot d'échantillons de Sève. Elle m'explique, tout en posant son énorme sac de livraison au sol, ramener des containers remplis de substance ambrée, prélevée au cœur de la Cité des Sages. Elle les a découverts grâce à un renifleur très compétent... qui se prélasse à l'intérieur du sac, s'accaparant les réceptacles comme s'ils lui appartenaient. Aby doit les retirer sans douceur des pattes de l'animal pour les confier ensuite à ma Chimère.

Alors qu'elle me raconte son périple à travers le réseau labyrinthique de l'ancienne ville, j'en profite pour me faire une carte mentale de tous les lieux où elle aurait observé des filons de Sève. Rossum, de son côté, semble plus intéressé par le monocycle. Une postière ? Non, une apprentie de la Fonderie. Aberdeen, l'assistante de Sierra. Toujours aussi prolixe, l'Eidolon m'explique que malgré les dangers qui la guettent à chaque recoin de ce monde souterrain, elle préfère cent fois être là, dans l'action, qu'à la capitale. À l'évocation d'Arkaster, je ne peux m'empêcher de repenser à notre vie d'avant. La jeune femme sort le renifleur du sac de livraison, avant de le refermer et de l'endosser de nouveau. L'animal se positionne sur le couvercle carré de la glacière et pose ses pattes sur la tête de la livreuse. Cette dernière remonte sur son monocycle et repart, non sans nous adresser un au revoir. Les coursiers ont probablement fort à faire ici-bas."
1ae75582-619d-42c0-adb2-25a3662bd22e,ALT_BISE_B_AX_55_C,Character,"Gestionnaire de Pénurie",,"Avec la technologie appropriée, la Sève peut présenter des propriétés énergétiques suffisantes pour remplacer le Kélon.",,SUBHASH,"393 AC - Je jette un œil aux alentours, essuyant mon front poisseux. Au sein de la raffinerie, les tapis qui assurent le transport du Kélon dans des cylindres avancent lentement, et leur bourdonnement emplit la cavité. Je plisse le nez. Je vois bien que la production tourne au ralenti. Au milieu, sur une plate-forme métallique, un superviseur tient un livre de compte, visiblement préoccupé. Je sais qu'il a la lourde charge de gérer les attributions de Kélon. J'étais venu en quémander pour les équipes actuellement déployées, mais je vois bien que ça va pas le faire. La pénurie de Kélon est de plus en plus préoccupante, et si ça continue comme ça, on va se retrouver au chômage technique. Il regarde son boulier, comptant et recomptant, et le résultat n'a pas l'air de le satisfaire. Je prends place à ses côtés et me penche sur ses rapports, ses résultats d'analyse. Il me laisse faire, trop occupé pour s'offusquer de mon intrusion.

Je le regarde avec insistance, et il me dévisage en retour. Ça fait des semaines que je le tanne, mais jusque-là, il n'a pas voulu céder. Trop dangereux. Trop prématuré. Trop de recherche et développement impliquée. Je vois son cerveau mouliner, son front se plisser. Je n'ai pas à parler ni à argumenter davantage. Je lui ai déjà fait part de tout ce que je savais. Mis au pied du mur, il finit enfin par acquiescer. Je convoque alors la Petite Fille aux Allumettes, qui m'apporte un tube empli de Sève. Elle pose le container sur la table, et nous nous mettons à l'ausculter. On sait que les Sages utilisaient la Sève comme une sorte de carburant. Il suffisait juste d'adapter notre matos pour en tirer parti. Grâce aux petits jeunots, on sait qu'elle nécessite un réseau d'injection. On a déjà les contenants. Dès qu'il donnera son feu vert, il restera plus aux ingénieurs qu'à potasser un système de valve et de circulation..."
20ad4cda-4c71-4fb4-b4a5-d035be77977c,ALT_BISE_B_AX_56_C,Character,Icare,,"J'espère que la cire de Sève tiendra, cette fois-ci.","Personnage de la mythologie grecque, Icare est le fils de Dédale, l'architecte du labyrinthe qui retient le minotaure. Jugés déloyaux, l'architecte et son fils sont jetés dans le labyrinthe par Minos pour avoir aidé Thésée. Pour en sortir, Dédale confectionne des ailes à Icare, avec de la cire et des plumes, afin qu'il s'échappe en volant. Il conseille à son fils de rester à distance du Soleil, mais celui-ci s'en rapproche trop, faisant fondre la cire qui maintenait les plumes en place. Il tombe alors et disparaît à jamais dans la mer.",SUBHASH,"393 AC - Je vérifie les sangles et ajuste le harnais sur le bonhomme. À en juger par la trogne réjouie de mon testeur, je suis le seul à être inquiet. Icare à l'air très détendu, trop détendu même, ce qui me rend nerveux. Il n'arrête pas de lever le nez et de commenter le ciel. C'est un brin agaçant. Je passe dans son dos — ce qui m'épargne déjà son sourire béat — pour examiner les réacteurs dorsaux qui vont animer les deux hélices censées faire voler l'Eidolon. Ça me semble parfait. Je me demande toujours pourquoi c'est à moi qu'il incombe de participer aux tests des nouvelles inventions. J'avoue que tester la Sève comme carburant m'intéresse beaucoup. J'imagine que c'est une sorte de privilège de pouvoir faire ça... Mais franchement, discuter avec les cobayes, c'est pas mon truc. Pour une fois, je suis content d'être celui qui contrôle et pas celui qui teste. Bon, faut y aller. Je lui souris et lui tape sur l'épaule, en lui rappelant les consignes de sécurité. Je sens qu'il ne m'écoute pas, chaussant ses lunettes de vol et fermant sa combinaison pour se protéger du froid de l'altitude.

J'ai pas terminé ma phrase qu'il est déjà en train d'appuyer sur le bouton d'allumage. J'ai juste le temps de faire un pas de côté pour ne pas finir découpé en rondelles par les hélices. Icare crie de joie, tandis que je lâche une salve de jurons. Il part à une vitesse vertigineuse, et je suis médusé de le voir rapetisser à l'horizon aussi rapidement. Y'a pas à dire, ça marche bien, cette Sève comme carburant. Très bien, même. Très vite, il n'est plus qu'un point dans les cieux. Je regarde Marmo, assis à mes pieds, qui me renvoie un regard interrogatif. Ouais, je suis pas très rassuré non plus. Était-ce la bonne personne pour ce test ? Un bruit me fait lever les yeux en l'air. Un problème ? Non, juste un long hurlement de joie. Je vois le point grossir rapidement. Il redescend. Je souffle, avant de tiquer sur sa vélocité. Il redescend très vite, trop vite ! Je me jette au sol, évitant de justesse de me faire percuter par un Icare transformé en boulet de canon. Bon, la bonne nouvelle c'est que ça marche. La mauvaise, c'est qu'il va falloir revoir les consignes de sécurité avec Icare... On est pas sorti de l'auberge. Avec lui, c'est souvent le cas, quand même."
4ae085c7-4664-44ba-b818-8ed93b65c4b3,ALT_BISE_B_AX_57_C,Character,"Prototype Amélioré",,"Il n'est plus défectueux, mais il y a encore des progrès à faire.",,SIERRA,"393 AC - Façonner des Automates qui ont des champs d'application restreints est plutôt aisé. Mes Smiters sont plutôt explicites, tout comme Fetch, d'ailleurs. Ils ont une fonction principale, et ils la remplissent bien. Enfin, plutôt bien. Le problème, c'est quand on tente de leur affecter toute une panoplie de rôles et d'utilités. Plus ils sont censés être polyvalents, plus leur cryptex se doit d'être complexe, et c'est là que le bât blesse. Puissance de calcul, efficience, tout doit être revu légèrement à la baisse. C'est d'ailleurs ce qui était arrivé à la précédente itération de ce prototype. Parce qu'il était obligé de computer un millier de données à un instant T, il n'avait pas su bien traiter les afflux de données. Résultat, temps de calculs en berne, latence, avec pour résultat un temps de réaction proche de zéro... Boum, patatras. Je pose une main sur son abdomen renforcé. Si seulement je pouvais lui donner la grâce des modèles Ballerina...

Mais ces dernières agissaient selon une chorégraphie préenregistrée... Là, il était question de lui donner de l'adaptabilité, presque une proto-conscience, en somme. Sa tête se penche dans ma direction, alors que je suis en lévitation à côté de lui, sur la plate-forme que j'ai empruntée aux gestionnaires de l'Axiom. La Sève qui l'alimente pulse dans son noyau central tout en se diffusant dans sa carlingue. J'ai bien entendu remplacé tous les éléments de bric et de broc dont je l'avais affublé au sein du Storhvit — passé Lyra oblige — pour les remplacer par des pièces rutilantes... Mais je savais que son design intérieur nécessitait encore pas mal de travail, même si je lui avais rajouté pas mal de fonctionnalités et d'améliorations notables, dont un stabilisateur pour optimiser son maintien. Il était désormais capable de courir, ce qui n'était pas un mince exploit. Je lui souris pour me montrer rassurante. On va trouver ensemble quelque chose pour te rendre parfait, ne t'inquiète pas."
ab1b3ec6-bb54-474d-9ff9-ef520a46fc47,ALT_BISE_B_AX_58_C,Spell,Botfix,,"Ce n'est pas du Kélon, mais cette Sève te fera du bien, promis.",,SUBHASH,"393 AC - J'aime beaucoup les Scarabots. Ne me demandez pas pourquoi, c'est comme ça. Oh, en fouillant bien dans la caverne qui me tient lieu de caboche, je suis sûr qu'il reste un peu du travailleur laborieux que j'étais avant. Et s'il y a d'autres ouvriers infatigables, c'est bien eux : ces petites bestioles industrieuses et étonnamment empathiques. Alors quand j'en trouve un qui souffre d'un problème, je saisis ma trousse à outils et j'essaie de le réparer. Un geste de solidarité — pour ne pas dire de fraternité — envers nos fidèles compagnons, qui nous facilitent bien la tâche partout où nous les amenons. J'ai beau rabrouer tous ceux qui m'apportent leurs modèles cassés, je ne peux m'empêcher de tenter de les remettre en état. C'est comme ça, je vous dis. Et depuis que j'ai vu l'envers du décor de la Fonderie, je sais à quel point ils participent à son bon fonctionnement, en coulisses. Ils sont la cause de l'absence de fuite, du bon entretien global...

Ce matin, en entrant dans mon atelier, je manque de marcher sur l'un d'eux. Bon, j'avoue, la moitié de la faute me revient, vu le désordre ambiant. Heureusement, après avoir farfouillé de sa truffe humide,  Marmo aboie pour m'avertir de sa présence, avant que je pose le pied dessus. Après avoir lâché une bordée de jurons, je me rends compte que le Scarabot ne bouge pas d'un iota. Je le ramasse et l'examine. Sa protection dorsale est couverte de crevasses, laissant ses mécanismes internes sans protection, et des fuites commencent à ronger ses circuits. Ça sent mauvais. Très mauvais. Je le pose sur mon établi, tandis que Marmo geint à mes pieds. T'inquiète, vieux. Je gère. La première chose à faire, c'est de lui redonner son intégrité. Je saisis mon pistolet à Sève pour m'en servir comme un pistolet à colle. Il y a très longtemps, il paraît que les Anciens appelaient cette technique le kintsugi...
"
aebf2398-a370-4fb7-be87-eede6b29601a,ALT_BISE_B_AX_59_C,Spell,"Débordement de Sève",,"À chaque excavation, la récolte de la Sève devient plus risquée.",,SIERRA,"393 AC - Je désactive le sonar et replie l'antenne. Les relevés sont formels : il y a de la Sève de l'autre côté de la paroi. Ici, là où le Sous-bois commence à faire place à des formations rocheuses plus géométriques, les arbres se parent d'entrelacs et de circonvolutions, signe qu'ils se sont adaptés à la vie souterraine en se nourrissant du liquide doré. Hier encore, nous avons découvert une souche creuse où nous avons pu collecter l'équivalent de deux citernes, et sur tout le pourtour des racines, une flore bigarrée avait pu se développer, s'appuyant non sur la lumière du soleil et les minéraux du sol, mais bien sur la substance nourricière. Je siffle en direction d'Oddball, qui interrompt sa ronde pour venir me rejoindre. Sa jauge de Mana est au plus haut depuis qu'il a effectué sa mission de reconnaissance dans les profondeurs. Je vais prendre appui sur lui plutôt que de passer par du matériel de forage conventionnel.

Prenant place face à la paroi boursouflée, en position stationnaire, il condense son énergie, avant de tirer un rayon concentré sur une craquelure du mur. Le faisceau frappe la surface veinée, qui se met à rougeoyer sous le coup de la soudaine montée de température. L'auréole carmine s'étend sur la pierre sombre, comme une tâche d'encre qui se propage sur le vélin, comme un circuit sanguin soudain mis en lumière à travers la chair. Je fais signe à la sentinelle qui m'a été affectée à mon insu, soi-disant pour ma protection, mais cette dernière, rétive, ne semble pas vouloir suivre mes conseils. Tant pis pour elle. Soudain, la cloison se craquelle, et sous le coup de la pression accumulée, la substance pâteuse jaillit tel un geyser. Derrière moi, les équipes se mettent en branle avec leurs pompes et leurs siphons kéloniques. Il ne reste plus qu'à collecter la Sève jusqu'à la dernière goutte et, accessoirement, débarbouiller l'Eidolon qui n'a pas voulu respecter les consignes de sécurité..."
f3e85c9c-c50c-4141-8ff6-c321734ded57,ALT_BISE_B_AX_60_C,LANDMARK_PERMANENT,"Extracteur de Sève",,"La Sève coule dans la Cité comme le sang dans les veines d'un mortel.",,SUBHASH,"393 AC - Marmo me réveille. Je n'ai pas dû entendre le réveil. J'enfile ma combinaison en toute hâte et file sans prendre un café. Je sais que le superviseur comptait sur moi dès l'aube. Les premiers containers de Sève devaient sortir ce matin. Alors que je me presse vers la raffinerie, j'entends le bruit mécanique des chaînes qui sortent les cylindres remplis de Sève traitée. Les différentes équipes chargées des livraisons entreposent les caisses, bien conditionnées et en partance pour les différents sites : la ferme, le mess, les aérodromes, les usines et ateliers. J'aperçois des reflets ambrés qui sortent de terre. Je parcours à toute vitesse les échelles et les plates-formes d'acier fraîchement rivetées. Tout est brillant, clinquant, neuf, installé récemment avec le savoir-faire Axiom. Une merveille technique qui rend hommage à toute la Faction. Je descends les marches quatre à quatre pour arriver au niveau de la fin de production.

Comme à son habitude le superviseur est sur sa plate-forme mobile. Il consulte ses relevés et les compare avec les données qui s'affichent sur les différents écrans. J'esquisse un geste dans sa direction, sorte d'excuse muette pour mon retard. Il me sourit rapidement pour retourner à ses contrôles. J'en déduis que tout s'est bien passé, même sans moi. J'en profite pour décortiquer les mécanismes d'automatisation de la production. Les techniciens ont bien bossé. Transformer cette raffinerie de Kélon en raffinerie de Sève, c'était un sacré tour de force ! Sans compter toute l'installation de pompage de la matière première qui plonge dans la Cité des Sages pour faire remonter le précieux liquide. J'imagine tous les collecteurs disposés à différents endroits stratégiques du Sous-bois ou du Tombeau... Le tout bichonné par une armée de techniciens dévoués. Avec toute cette Sève qui court, la Cité ressemble à un nouveau cœur qui bat."
281e2336-e7da-4687-b9bc-e2cc63bcaaba,ALT_BISE_B_AX_61_C,LANDMARK_PERMANENT,"Unité Tech Lab",,"Jamais deux sans trois.",,TREYST,"393 AC - J'ai toujours trouvé, contrairement à bon nombre de gens, que les laboratoires avaient quelque chose de rassurant. Qu'importe où on se trouve, que ce soit à la surface ou dans les profondeurs de la terre, les laboratoires dégagent tous la même ambiance, la même odeur... Ce côté cocon studieux, bardé d'instruments de mesure, de recherche... On s'y sent tout de suite chez soi, quand on a un background scientifique. Cette unité mobile, même si elle est rudimentaire, n'échappe pas à la règle. Je m'y suis tout de suite senti chez moi. Bien sûr, l'extérieur de la structure évoque plus le matériel de chantier que l'étude universitaire : de grosses roues, des générateurs, des antennes, de gros câbles et des conduits qui plongent dans les entrailles de la cité pour y pomper la Sève, qui nous sert désormais de manne énergétique... Clairement, elle ne vise pas l'esthétique mais le fonctionnel, avec ses airs de banal préfabriqué. Ce que j'aime particulièrement, c'est le ronronnement de ses machines, leur bourdonnement continu. C'est un bruit familier, rassurant... comme le moteur des airships que nous pilotions jadis, avec Paju. 

C'est un plaisir d'y trouver refuge chaque soir, après une virée dans les profondeurs. Je pourrais y passer des heures, des journées. C'est ce que je fais, d'ailleurs. Quand on y pense, je suis un peu comme ces renifleurs : une créature de la nuit, bien à l'aise dans l'obscurité. Contrairement à moi, d'autres chercheurs calquent leur rythme de travail sur les projecteurs extérieurs, dont la clarté s'intensifie quand il est censé faire jour, et se tamise durant les heures supposées creuses. Quant à moi, j'ai mon mug de café et mes habitudes nocturnes... Combien l'Axiom en a fait construire, déjà ? Six ? Le mien, bien sûr. Un placé sous l'autorité du vieux Falani... La porte s'ouvre soudainement, et une jeune femme entre, avec son ciré jaune, des bottes étanches et du matos géologique. Hmm, une prospectrice, sans aucun doute possible. Elle dépose sur la table une gibecière remplie d'Aérolithes, tandis que certaines des pierres rougeoyantes se mettent à flotter dans l'air."
73e19d86-ff85-4ba9-b023-2070e675198b,ALT_BISE_B_AX_62_C,EXPEDITION_PERMANENT,"Cabas à Scara",,"Il manque l'essentiel : les barres énergétiques Mangez-Moi.",,SIERRA,"393 AC - Bon, à y regarder de plus près, ça ressemble à un sac d'écolier. Mais il y a là-dedans tout l'attirail de première nécessité pour une virée prolongée dans les profondeurs. Et surtout, de quoi décamper très vite si la situation vire au critique quand on se trouve en bas. Lampe torche, compas, trousse de secours, rations lyophilisées... Je regarde l'ascenseur remonter vers la surface du gouffre, treuillé par une grue positionnée tout là-haut. Les rails crissent, tandis que notre seul moyen de regagner l'air libre s'éloigne inéluctablement. Je souffle, frappant mes joues pour me reconcentrer sur la tâche à venir. Je sais que les Muna se chargent du Sous-bois, et les historiens Ordis des zones de vie de la Cité. Quant à nous, on va devoir s'aventurer partout pour identifier des filons de Sève. Quand on était dans le froid du Storhvit, on avait pu compter sur quelques contenants du précieux liquide, mais seulement de quoi expérimenter un peu.

Désormais, l'objectif n'était pas d'en faire l'étude, mais d'en collecter le maximum possible pour servir de contrepoint énergétique — au moins temporaire — au Kélon. De la Sève... Je secoue la tête. Et d'arbre-monde, de surcroît... Quand Treyst m'avait transmis les propos d'Arjun, j'ai eu ce moment d'eurêka inversé, où je me suis dit que nous avions tout sous le nez, sans avoir su le voir. À voir sa tête, Treyst se fustigeait lui aussi d'avoir été si aveugle, alors qu'en fin de compte, c'était une évidence. Je vérifie une dernière fois le contenu du sac, en me faisant une note mentale de ce que j'aurai sous la main. Oddball pépie soudain, et je le remarque aussi. Quelque chose bouge, là-dedans. Une petite tête émerge, et regarde autour d'elle. J'éclate de rire. Je ne sais pas s'il cherchait une chose particulière, ou si — comme un chat dans un carton — il s'était dit que c'était le meilleur endroit pour piquer un somme, mais le Scarabot semble un brin décontenancé par ce qu'il voit autour de lui. Pas de chance, petit père. Là, je suis obligée de t'emmener avec moi."
9540dc73-973a-4947-abb1-9dafff8a1d27,ALT_BISE_B_AX_63_C,LANDMARK_PERMANENT,"La Raffinerie",,"L'utilisation de la Sève modifiera le cours de la science telle que nous la connaissons.",,TREYST,"393 AC - Rossum, prostré, se faufile dans les allées étroites de la raffinerie, cette citadelle laborieuse, toute d'acier vêtue, vibrante de sirènes, illuminée de gyrophares, embrumée de vapeurs industrielles... Je le suis dans mon fauteuil, alors que nous longeons les gros conduits et les tuyaux de câbles vers la salle de commande. Les portes à vérins s'entrouvrent pour nous laisser passer, et je retrouve Subhash, tout barbouillé d'huile et de crasse. Comme bon nombre d'autres mécanos, il a été réquisitionné pour l'opération de maintenance. Je caresse la tête de Marmo, qui vient me saluer, la langue pendante, avant d'aller mordiller la cheville de mon Alter Ego pour jouer. Bash se tient un peu en marge des ingénieurs qui s'agglutinent autour des plans, l'air soucieux ou concentré. Sûrement une ultime vérification, avant d'appuyer sur le bouton... Ça fait cinq semaines que la raffinerie est au point mort, le temps que la reconfiguration puisse avoir lieu, avec pour objectif la transformation de cette raffinerie de Kélon en exploitation de Sève.

Tout ce que la communauté Axiom compte de cerveaux s'agite autour de la table. On vérifie, on recalcule, on pondère, on recalcule encore. Suivant les consignes, les ouvriers en contrebas relient, dérivent, débranchent, raccordent... Bash se permet un bâillement, et je le comprends. Mais alors que je me décide à aller le retrouver, le collège relève la tête. Un consensus semble avoir été trouvé. Il leur suffit d'un signal. Anxieux, les techniciens aux manettes abaissent les leviers d'aiguillage. Le changement s'effectue, lentement. Les pompes entrent en action, Les fluides s'échangent. Les conduits qui proviennent de la Cité des Sages produisent un son étrange, une aspiration bizarre, comme une sorte de gargouillis. Dans une éruption pâteuse, la Sève déboule dans les cuves, crachotant par à-coups. Puis les borborygmes laissent la place à un ronronnement régulier. Au bout des quelques minutes qui paraissent des heures, les artisans de ce miracle technologique se tombent dans les bras les uns des autres, se congratulent, s'embrassent, tandis que les applaudissements fusent."
1c887299-cc86-4545-b1f6-ac151b2cd827,ALT_BISE_B_BR_02_C,Hero,"Atsadi & Surge",,"Chaque défi est une bénédiction qui me permet de me hisser vers les sommets.",,ATSADI,"392 AC - Dei Liberi, d'Aubigny, Bologne. Trois noms glanés sur sept. Trois Eidolons, que je ne pouvais hélas toujours pas me représenter dans mon esprit. Pourtant, c'était absolument nécessaire si je voulais me mesurer à eux et les terrasser. Dei Liberi, d'Aubigny, Bologne. Une litanie dans ma tête, tandis que je me mets en garde, les yeux rivés sur mon Alter Ego. Je ferme mon esprit à lui. Cet entraînement n'aurait aucun sens si je discernais directement son intention depuis la citadelle de mon esprit. Tout à coup, il disparaît, aussi fugace que l'éclair. Crépitement et odeur d'ozone. Je virevolte soudain et frappe où Surge s'est manifesté, mon jian traçant des sillons embrasés dans l'air. Ma lame fend le vide, tandis que mes poils se hérissent sur mon bras, grésillant d'énergie statique. Je dois être plus rapide encore. Je dois me mouvoir au rythme de la foudre.

Derrière moi à nouveau. Non, une simple feinte. Je bondis sur le côté, cisaillant l'air pour parer les doigts électrisants de ma Chimère. Je ne dois pas penser. Je dois anticiper ses gestes, me prémunir patiemment contre ses attaques en attendant que mon être se gorge de Mana, que ma propre essence absorbe les idées éphémères qui dérivent autour de moi en brises folâtres et fragiles. À travers l'Avgrunn, je les dévore, je les fais miennes. À travers l'Altération, je nourris ma propre identité, ma propre puissance. Là. Je pirouette subitement en fléchissant mon corps, abaissant mon centre de gravité pour ne pas m'effondrer. Mais malgré mon esquive, je sens la morsure de ses décharges électriques, tandis que des arcs de foudre fourmillent à la surface de ma peau. Je tourneboule, prêt à abattre mon arme sur mon Alter Ego. Feinte. Au dernier moment, je plonge ma lame dans une autre direction, l'enfonçant dans son torse électrique, là où il s'est projeté en un claquement de doigts. Il toise la lame, puis sourit en me dévisageant. J'en fais de même."
7fe37d94-e183-4c40-993d-6d02cb94c5e5,ALT_BISE_B_BR_03_C,Hero,"Basira & Kaizaimon",,"Seuls les méritants pourront atteindre, sous ma direction, la véritable transcendance.",,BASIRA,"392 AC - Je contemple les eaux furieuses, tandis que le ressac m'asperge copieusement. L'eau chuinte au contact de ma peau, là où Kaizaimon serpente sinueusement, attendant patiemment qu'il soit l'heure de sortir de sa cachette. Dans l'obscurité spectrale, les flots rugissants frappent la falaise, tandis qu'un éclair zèbre le ciel déchaîné. Autour de moi, les autres combattants Bravos sont prostrés, dissimulés et aux aguets. Je les vois pester contre le froid et l'eau qui s'insinue profondément dans leurs vêtements, mais aucun ne moufte. Je souris. Ce ne sont pas deux ou trois gouttes qui nous feront chanceler ou trembler. Tout à coup, Kai se déverse hors de mon épiderme en un nuage rougeâtre, comme une brume de sang. Peu à peu, mon oni se solidifie, retrouvant son apparence originelle. Il se met à flotter au-dessus du promontoire où nous nous sommes réfugiés, en attendant de resserrer l'étau de notre embuscade.

Il observe le ciel, et j'en fais de même, juste à temps pour voir un griffon transpercer les nuages. Il se dirige vers la plage, Sigismar sur son dos. Ça veut dire qu'il n'est pas loin derrière. Je fais craquer mon cou et mes phalanges. Tout autour de moi, les autres guerriers s'étirent lentement. Certains font rouler leurs épaules, d'autres tirent leur lame hors de leur fourreau. Je me retourne vers eux pour les gratifier d'un sourire, et ils me le rendent. Oh, mais ce ne sont pas des sourires bienveillants, mais des rictus carnassiers. Et c'est tant mieux. Aujourd'hui, j'ai besoin  qu'ils soient des démons. Je hurle à leur attention, brandissant mon poing alors que l'ouragan fait rage. Ils rugissent en retour, certains faisant résonner leur arme sur leur bouclier. L'ennemi sera redoutable. L'adversité sera formidable. Mais c'était cela qui faisait vibrer les Bravos. Viens donc, Kraken ! Nous sommes prêts !"
19975b41-7d8a-4210-9898-80687b8239b4,ALT_BISE_B_BR_49_C,Character,"Petit Cuistot",,"Les Bravos manient la lame comme personne, que ce soit en duel ou en cuisine.",,KOJO,"393 AC - Le petit chef abat son hachoir de manière experte, coupant de fines lamelles de Sève solidifiée tandis que sa grosse toque dodeline sur sa tête. La Chimère taille, émince, détaille sans s'arrêter, pour tenir la cadence que lui impose le rythme effréné des commandes. Parce que ça se bouscule pas mal au portillon. Depuis que les cuisines du Mess ont incorporé la Sève dans leur panoplie d'ingrédients, tout le monde se presse pour pouvoir goûter les recettes qu'Hestia a concoctées. J'en salive d'avance. Deux semaines que j'attends ! Quand je suis remonté, y'avait déjà la queue, juste pour faire sa résa. Et pour caler ça avec mon emploi du temps, ç'avait pas été une mince affaire. Du coup, tout me faisait envie. Forcément, y'avait la fondue. Mais le bortsch de Sève avec ses œufs au plat me faisait aussi de l'œil... Avec Sunn, on avait décidé que choisir, c'était déjà renoncer, donc on a pris les deux, pour fêter la fin de sa convalescence.

C'était cool de la revoir. Je l'avais croisée vite fait en Caer Oorun, mais on avait pas eu le temps de trop discuter. Du coup, le fait de tomber sur elle dans la file d'attente était l'opportunité parfaite de rattraper un peu le retard et de tailler la bavette, comme on le faisait au centre de formation. Une fois installés, elle m'avait raconté tout son périple dans le Storhvit, et moi mes déboires. À l'écouter parler, je me sentais un peu à la traîne, même si elle m'avait avoué qu'elle avait toujours été un peu jalouse de ma condition d'Exalt. Je la vois gober un œuf au plat de son deuxième bortsch tout entier, avant de s'essuyer la bouche avec sa serviette. Même maintenant, j'arrivais pas à comprendre comment elle pouvait ingurgiter tout ça en une journée. Elle avait toujours un truc à becter dans la poche, sans parler des bonbons qu'elle picorait tout le temps."
59ebc0cc-fd94-4f51-9dc7-daa805912a44,ALT_BISE_B_BR_50_C,Character,"Porteuse d'Esprit",,"Dans ces ruines subsistent les souvenirs d'une civilisation oubliée. Nous ne sommes pas seuls.",,BASIRA,"393 AC - La scène s'anime devant moi comme un spectacle de marionnettes, mais fait de lumière plutôt que d'ombre. Je renifle face à l'indéniable. Au départ, je n'avais pas cru les racontars que j'avais entendus à ce sujet autour d'une pinte au Mess. Mais maintenant que je les ai devant les yeux, il n'y a plus de doute possible. La Porteuse d'Esprit touche un à un tous les blocs près desquels elle passe. Je sens l'attraction de son Avgrunn, qui tire les idées de leurs mausolées de pierre, comme des mulots qu'on force à sortir de leurs terriers. Par la simple imposition de sa paume, c'est tout un quartier de la ville souterraine qui prend vie autour de nous en silhouettes dorées et fantomatiques. Des habitations, des gens qui se déplacent et semblent répéter les gestes et les moments du quotidien... comme s'ils avaient été façonnés du sable du Marchand de Rêves.

En parlant de marchand, il y en a un à son étal. Mais aussi un écolier pressé, des lavandières. Toutes ces scènes se superposent aux ruines, comme des souvenirs tirés du fond des âges. Je ne peux m'empêcher de toucher une forme au hasard, mais mes doigts n'effleurent que le vide, les traversant comme s'il s'agissait d'une brume. Je passe à travers eux, mais aussi les murs de leurs maisons, les colonnes de leur temple... C'est une impression étrange et malsaine. Cette sensation de vies effacées qui cherchent à se matérialiser, à achever une quête indéterminée et infinie. Les prisonniers éternels d'une destinée brisée. La Porteuse d'Esprit les observe avec mélancolie et un soupçon d'amertume. Je me doutais que ça l'affecterait, elle qui était d'ordinaire chargée de ramener les cendres des héros en Havre, pour qu'elles puissent résider au Parlement parmi les méritants. Comme elle rapporterait peut-être les miennes un jour, pour qu'elles reposent parmi les autres fantômes de nos champions du passé."
dc7eebcd-5a15-435c-848b-b1573a755c6e,ALT_BISE_B_BR_51_C,Character,"Pendekar Bravos",,"Repos. Raid. Rebelote.",,BASIRA,"393 AC - Une multitude de bras griffus. Un océan de membres ténébreux qui cherchent à nous agripper. Kaizaimon distribue les coups tous azimuts avec sa masse bosselée. Elle s'abat frénétiquement à gauche à droite, disloquant les agresseurs comme on disperse les fumées d'un feu de camp. Mais à chaque belligérant qui disparaît, dix prennent le relais. La salle que nous devons traverser est faite d'une pierre lisse et sombre, légèrement bleutée, et dont les motifs géométriques se répètent partout, du sol aux murs, jusqu'aux ouvertures dans le plafond que nous devons atteindre pour nous échapper. Mais pour ça, il va falloir faire une percée. Ceux qui m'entourent ne sont pour la plupart pas des vétérans. Beaucoup vont tomber si on bat en retraite. Je remarque soudain que Sidqi m'observe. Lui aussi semble se faire à l'évidence. Mais s'il y a de la résignation dans son regard, une détermination y luit tout aussi fort. Je comprends soudain son intention.

Avant que je ne puisse l'en dissuader, il s'élance dans la mêlée pour nous ouvrir une porte de sortie, aussi petite soit-elle. Il enchaîne les coups avec puissance et précision, s'interposant entre nous et les ombres. Il multiplie les frappes dévastatrices et les prises pour desserrer l'étau, écartant les membres, monopolisant l'attention et subissant des lacérations au passage. Je hurle aux autres de déguerpir pendant qu'il est encore temps, mettant de côté toute émotion. Car je sais que ce qu'il est en train d'accomplir est un sacrifice. Celui d'un aîné pour que les jeunes puissent voir un autre jour. La mort dans l'âme, j'exhorte les traînards à prendre la poudre d'escampette, alors que Kaizaimon resserre sa poigne sur son arme. Ce sont eux qui importent. Lui et moi ne le savons que trop bien. Mais alors que je vais pour me retourner et rejoindre Sidqi, une présence empressée passe à côté de moi. Aoife se jette dans la bataille à son tour, malgré mes consignes."
04f3606f-1e43-4020-a9df-709f7fa580a6,ALT_BISE_B_BR_52_C,Character,"Skateuse Talarienne",,"Pour explorer la Cité, les aventuriers ont besoin de livraisons quotidiennes depuis la surface.",,KOJO,"393 AC - Je pose lourdement mes fesses sur un petit tas de pierres, tandis que Booda, langue pendante, s'affale de tout son long. Je lève les yeux et soupire en voyant le ciel, sous la forme d'un petit cercle pas plus gros qu'un ballon de ringby... Ouais, il reste encore une trotte. Une longue trotte avant d'arriver à bon port. Je regarde autour de moi. Les autres gars de l'expédition sont pas en meilleure forme. Faut dire que ça fait des jours qu'on crapahute là-dessous, avec une perception du temps dans les chaussettes. Résultat des courses, des langues d'ombre, et pas beaucoup de sommeil, avec la sensation indélébile qu'on se fait observer en permanence... OK, y'a eu des moments cool, où mon aptitude pour le parkour a été bien utile, mais après avoir été rembarré à plusieurs reprises, mon moral est pas au plus haut. Plutôt ras les pâquerettes, si les pâquerettes osaient pousser ici...

Tout à coup, j'entends un crissement venant d'un boyau latéral, et je me relève malgré mes courbatures. Une skateuse bondit hors du conduit, avant d'atterrir au milieu de l'attroupement. Elle continue à faire ses virages, tout en nous balançant des canettes de Sap Soda. J'en saisis une au vol, tandis qu'elle pirouette gracieusement. Je savais pas qui l'avait appelée, ni même pourquoi une livreuse du Talaria avait été missionnée pour faire ce genre de livraison. Mais ce que je peux dire, c'est que c'est une fichtrement bonne idée. Je dégoupille ma canette, et en boit une grosse rasade. La skateuse continue de se faufiler entre nous, sans s'arrêter, se permettant un dérapage ici, une figure là. Elle s'assure que tout le monde a été servi, et elle nous lance un clin d'œil avant d'emporter son paquetage pour une autre livraison express. OK, je sais pas d'où c'est sorti, mais je plussoie fortement l'initiative !"
1def2bdd-5500-465e-8398-ff3124a77ebf,ALT_BISE_B_BR_53_C,Character,"Excavateur Bravos",,"Les tréfonds de la Cité regorgent de merveilles archéologiques... et de Sève !",,BASIRA,"393 AC - Jubal est le dernier à se hisser hors de l'orifice, son sac plein à craquer de Sève fossilisée et d'autres bricoles. Je lui avais dit de se délester de son barda, mais il semble que certains donnent plus de valeur à leur butin qu'à leur propre vie. Il roule sur le sol herbeux, agité d'un rire nerveux mais néanmoins satisfait. Ah, ces prospecteurs, toujours attirés par l'appât du gain. S'il avait fait partie de mes élèves, je l'aurais durement remis à sa place. Mais notre mission était d'escorter les pilleurs, pas de leur inculquer une quelconque sagesse. Je le regarde alors qu'il pose son sac et inspecte son contenu comme s'il s'agissait d'un trésor : Sève, bien entendu, mais aussi une tripatouillée de reliques et de bric-à-brac. D'après ce qu'on m'avait dit, c'était Temera Singh elle-même qui lui avait confié la supervision des fouilles. Bon sang, où avait-elle la tête ?

Pour autant, je devais avouer qu'il savait y faire. Il n'était pas le dernier à payer sa tournée de bière de Sève, et il passait clairement plus de temps avec la piétaille qu'avec les huiles, que ce soit autour du feu de camp ou les pieds dans la gadoue. Et même s'il était bourru, têtu comme une mule et avare comme un rat, sa proximité avec les gars du terrain lui valait pas mal d'éloges et de respect. Je le vois gratter sa barbe et ausculter une breloque étrange, rouillée et farfelue. Ses yeux brillent d'intérêt, comme s'il était en train de faire le décompte de combien ça allait lui rapporter. Bon sang, il ne s'est pas rendu compte qu'on n'est pas passés loin de la mort ? Soudain, il remarque que je l'observe, et il me gratifie d'un sourire entendu, faisant fi de mon regard noir. Très bien, Jubal, ce soir, je te forcerai à payer une autre tournée."
426fbbf8-d14c-4ada-b866-7c89520b16af,ALT_BISE_B_BR_54_C,Character,"Chef Pâtissier",,"Pionniers à plus d'un titre, les Bravos ont été les premiers à intégrer la Sève dans leurs expériences culinaires.",,RIN,"393 AC - J'adore, j'adore, j'adore ! Être aux premières loges pour voir le chef pâtissier de la brigade d'Hestia à l'œuvre... Si ça c'est pas du grand spectacle ! Cet homme est un génie, un virtuose quand il manipule le chinois, qu'il joue avec son fouet et qu'il presse sa douille. Je le regarde façonner une meringue citronnée. Aaah, on confine à l'exécution parfaite ! Je suis chacun de ses gestes avec minutie pour y discerner le coup de main de l'expert. Là, devant moi, je le vois créer une pièce montée digne d'un monument historique : il prépare la génoise, puis le coulis de framboise... Je ne bouge pas un cil, les yeux écarquillés pour me régaler de son savoir-faire. Bon, j'essaie tout de même de ne pas trop rester la bouche ouverte. Surtout que je salive pas mal face à toutes ces délicatesses. Je veux toutes les goûter !Un peu de contenance, Rin, ça pourrait être gênant si on voyait un filet de bave couler de ta bouche.

Mais lui, le chef, il s'en fiche que je l'examine sous toutes les coutures : il est entièrement concentré sur son gâteau. Là, il incorpore la Sève à la mousse de framboise. Ma parole, ça prend une teinte dorée étincelante. C'est encore plus beau. Hmmm, ça a l'air délicieux. Sans un mot, je mémorise les proportions et les temps de préparation, histoire de tenter de reproduire tout ça. Papa disait toujours qu'il ne comprenait pas ma fascination pour les métiers de bouche. Il disait même que j'étais complètement survoltée quand il s'agissait de déguster quelque chose... Difficile de lui donner tort. Oh ! Regarde, Kiddo ! On arrive au point culminant. Je retiens mon souffle tandis qu'il place les différentes couches, joue de sa spatule pour lisser le tout et dessine de fins motifs crémeux. C'est prêt ! C'est prêt ! Puis, à mon grand désarroi, je vois le gâteau partir à la table voisine sous les applaudissements des convives, pour être placé devant une grande femme rousse. La chance. Mais soudain, je vois Basira à ses côtés. Peut-être qu'avec un peu de persuasion..."
09d0f969-98ee-4b6f-88e3-695bbd1ca1ed,ALT_BISE_B_BR_55_C,Character,Hestia,,"Une offrande pour une portion de ragoût, c'est la règle de la maison.","Hestia est la déesse vierge du feu sacré et du foyer de la mythologie grecque. Fille de Cronos et de Rhéa, sœur aînée de Zeus, Poséidon, Hadès, Héra et Déméter, Hestia est l'une des douze Olympiens. Personnification du foyer, elle est un symbole de famille et de société. À chaque fois qu'une nouvelle colonie était créée, une flamme de son âtre public, situé dans la cité-mère, était amenée au nouveau lieu de peuplement pour y brûler.",BASIRA,"393 AC - On n'entre pas dans la cuisine d'Hestia si on ne fait pas partie de sa brigade. Croyez-moi, j'ai essayé par inadvertance, un soir où j'avais bu un peu plus que de raison, et elle m'a mise dehors sans ménagement. Même Kaizaimon ne fait pas le malin face à son courroux. C'est la crème de la crème de la cuisine au sein de l'Effort de Redécouverte. Elle mène son petit monde à la baguette... enfin plutôt à la cuillère en bois. Et gare à vous si ce qui sort des marmites n'est pas conforme à ses directives. La maîtresse du Mess ne plaisante pas avec son menu. Tout ce qui arrive sur les tables doit répondre aux critères qu'elle fixe. Et depuis qu'elle a découvert les vertus gustatives et nutritives de la Sève, elle a pris un malin plaisir à en rajouter dans toutes ses spécialités. Et bien sûr, son expérience fait écho chez tous ceux qui partagent sa batterie de cuisine. Je me cramponne au mur pour chasser le vertige. Jubal a bien payé ses coups, et l'addition de demain sera salée... Il n'y a plus qu'à tenter d'éponger ça avec un peu de solide dans l'estomac. Reste à déterminer quoi.

Je regarde le menu, dont les écritures blanches nagent un peu sur le noir du tableau. Bien évidemment, il y a son ragoût. Le plat emblématique que tout le monde peut déguster à une table du Mess. Il y a aussi, si on est d'humeur festive, des petits plats raffinés dont elle ne livre jamais la recette : un turbot et sa julienne de légumes du Sous-Bois, son vol-au-vent à la Sève...  Parfois, dans ses rares moments de pause, elle s'assoit à côté de vous et vous regarde manger pour guetter chacune de vos expressions. Si le sourire n'est pas au rendez-vous à la première bouchée, elle reprend l'assiette, retourne en cuisine en bougonnant, pour n'en ressortir qu'avec un plat parfait qui vous arrachera une larme de plaisir. Derrière ses fourneaux, elle s'agite, aboie des ordres, goûte les plats des marmitons, ajoute invariablement une lampée de Sève aux préparations et surveille les temps de cuisson avec une précision d'horloger... Mais ça, ça ne me dit pas ce que je vais commander pour féliciter Aoife de son intronisation."
234e1306-d560-4521-9029-cf399313d597,ALT_BISE_B_BR_56_C,Character,"Aoife, Avatar de Feu",,"Lorsque l'étincelle de l'Oiseau de Feu embrase votre cœur, vous devenez digne de rejoindre la Garde Phénixienne.",,BASIRA,"393 AC - Je tente de retenir ma protégée, mais elle est bien trop rapide. Je serre les dents tandis qu'elle fonce pour prêter assistance à Sidqi, pestant intérieurement devant sa témérité. Mais en même temps, je ne peux m'empêcher de ressentir un brin de fierté devant sa fougue et son audace. Si tu penses que je vais te laisser t'arroger tous les honneurs, tu te mets le doigt dans l'œil, ma belle. Avant de m'élancer, je m'assure que les prospecteurs et les érudits sur lesquels on était censés veiller sont bien hors de danger. Mais quand je me retourne vers Aoife, mes yeux s'écarquillent devant le spectacle qu'elle est en train de proposer. Tout comme celles de Sitina, ses lames s'enflamment, cisaillant les ombres, les bannissant de leur éclat. Mais ce n'est pas tout. Ses cheveux déjà d'un roux flamboyant s'embrasent, ses yeux se parent d'une lueur incandescente au fur et à mesure des pas de sa danse mortelle.

Je hurle à Sidqi de s'extirper de là, et il ne se fait pas prier au vu de ses blessures. Car lui aussi a bien vu ce qui était en train de se passer. Aoife était en train d'exprimer le don du Phénix. Son être était en train d'accueillir sa bénédiction. Elle ne devenait pas seulement le feu, mais bien l'incendie. Je ne peux réprimer un sourire en assistant ainsi à sa transcendance. Une fois les ombres chassées, une fois en sécurité à la surface, j'allais devoir aller trouver les représentants de la Garde Phénixienne pour leur dire qu'ils comptaient désormais un nouveau membre. Elle ploierait alors le genou lors de son adoubement, avant de se relever comme héritière de Rune... Je lève une main pour empêcher Kai de lui prêter assistance, car je sais qu'elle n'en a pas besoin. Je ne vais pas la priver de son heure de gloire, de son instant de triomphe. Tout ce qu'il nous reste à faire, c'est de rengainer nos armes, et de contempler son ballet mortel."
2195e0cc-ae95-4c7c-9507-47e67d5c6971,ALT_BISE_B_BR_57_C,Character,"Djinn Fulgurant",,"La solution la plus rapide pour décupler votre puissance de feu.","Issus de la mythologie préislamique, les Djinns sont des créatures fantastiques façonnées à partir d''un feu sans fumée. Capables de changer de forme à leur guise, on dit d'eux qu'ils vivent dans des endroits désolés, que ce soit près des cours d'eau, dans les forêts ou bien les déserts. Si certains peuvent être malveillants, il est aussi dit que les philosophes, les poètes et les devins étaient parfois inspirés par les Djinns. Ils apparaissent d'ailleurs dans de nombreux récits, des Mille et Une Nuits au poème Les Djinns de Victor Hugo.",ATSADI,"393 AC - Parfois, la force est inutile. Parfois, même la vitesse est vaine. Ma lame fend et taillade, mais c'est comme couper le cours d'une rivière. Là, au milieu de la grotte, les spectres d'un noir de jais, pareils à des ombres mouvantes, glissent comme des traînées d'encre, avec le souhait d'y mêler le rouge de mon sang. Ils se décollent des murs ou en suintent, et j'ai beau faire virevolter ma lame dans tous les sens pour couvrir le maximum de surface, j'ai la pénible impression de brasser de l'air. Comme un moulin à vent qui cherche à repousser la nuit. À les tenir ainsi à distance, je risque de m'épuiser. Chacun de mes pas est étudié avec soin, pour parer au terrain rocailleux. La cavité présente de nombreux reliefs, et il m'est impossible d'y maintenir une course continue, ou d'identifier des diagonales de fuite ou de percée. Quand chaque flaque d'obscurité peut abriter l'un de ces esprits, il n'est pas aisé de déployer tout l'éventail de mon art.

Mais il me faut tenir le siège, comme le barrage retient l'eau. Fuir n'est pas une option... Et heureusement, cela n'a jamais été mon intention. Je souris, tandis que j'arrive près du puits. Il est entouré de ces satanées pierres gravées, disposées comme l'amphithéâtre chaotique d'un architecte dément. Les ombres approchent, pensent m'acculer, sans se douter de l'embuscade que je leur ai tendue. J'expire. Le Djinn tombe du plafond, tel un trait de feu et de métal. Il surgit en hurlant des hauteurs, comme un oiseau de proie, dans un cri muet d'une gueule garnie de crocs d'acier et de flammes bleutées. Et quoi de mieux que la lumière pour bannir les ténèbres ? La déflagration est terrible quand le Djinn explose. Sa clarté, sous la forme d'une houle, roule dans les moindres recoins et interstices, et sur son passage, les fumées noires s'effilochent, brûlent et se dispersent. Le Mana emplit la cavité comme une brume, que j'inspire pour me gorger de pouvoir..."
95abe956-c503-43fe-9ef9-7e458b0c4c00,ALT_BISE_B_BR_58_C,Character,Thésée,,"Pour ceux qui explorent les profondeurs labyrinthiques de la Cité, la vie ne tient parfois qu'à un fil.","Héros de la mythologie grecque, Thésée se rend en Crète afin d'éliminer le Minotaure, à qui sont sacrifiés chaque année sept jeunes garçons et sept jeunes filles d'Athènes. Prenant place parmi ceux qui ont été choisis pour servir d'offrandes, il descend dans le labyrinthe, aidé par Ariane, tombée amoureuse de lui et à qui il a promis le mariage. Elle lui a confié une bobine de fil, qu'il déroule afin de retrouver le sortie du dédale, et un glaive pour terrasser le monstre.",ATSADI,"393 AC - C'était bien plus qu'un labyrinthe. Si les blocs noirs étaient chacun un grain de sable, ce lieu tout entier serait en vérité une nappe de sables mouvants, prête à engloutir ceux qui avaient la témérité d'y poser le pied. Parce que sa topographie se recombinait sans cesse, il était illusoire d'espérer s'y orienter. Sa seule vérité résidait dans sa verticalité : il fallait descendre, encore et toujours. C'était la seule certitude sur laquelle je pouvais véritablement me fier. Je sens Surge s'impatienter, sous sa forme de cigale, emplissant l'air d'ozone. Il est ma seule source de lumière, torche grésillante dans un océan de noirceur. Lui comme moi savons que nous sommes suivis, et par quelqu'un dont la discrétion n'est pas le point fort. Il nous faut semer ce gêneur. En faisant le tri dans mon esprit, l'Eidolon que je dois convoquer devient peu à peu une évidence. Avec un air de défi, je le somme de se manifester.

J'entends le claquement d'une corde et me retourne lentement. Il se tient devant moi, son visage empreint de morgue. Comme tous les puissants Eidolons, il ne répondait qu'à ceux qu'il estimait dignes. Aux guerriers, comme lui, qui n'avaient pas peur de lui tenir tête. Je vois avec satisfaction qu'il tient dans ses mains le Fil d'Ariane. C'est une chose sur laquelle je comptais. Je le vois d'abord sourire, alors qu'il comprend l'utilisation prosaïque que je veux en faire. Puis il se met à rire à gorge déployée face à mon insolence. Il lance le fil dans les ténèbres du gouffre, comme une vulgaire corde qu'on laisse choir. Ensuite, tandis que le fil se déroule vers les profondeurs, il l'enroule autour de ses larges mains pour bien l'arrimer. Oui, je vais utiliser Thésée pour m'assurer lors de ma descente. Et avec ses propriétés, le fil m'amènera là où ma destinée m'attend."
954ab459-2458-4901-8254-bdb89e5c0632,ALT_BISE_B_BR_59_C,Character,"Hydre de Lerne",,"Elle n'en fait qu'à ses têtes.","Parée d'une multitude de têtes de serpent qui sans cesse repoussent quand elles sont coupées, l'Hydre de Lerne est une créature de la mythologie grecque au corps de chien ou de dragon, et au sang empoisonné. Héraclès reçut, comme deuxième de ses douze Travaux, pour mission de la tuer. Il y parvint, secondé par Iolaos, qui cautérisa les cous sectionnés après qu'Héraclès les eut coupées.",ATSADI,"393 AC - Une perte de temps. Sans relâche et comme des serpents, les ombres mouvantes nous assaillent. À mes côtés, l'Altératrice Muna taillade de son coutelas, protégeant comme elle peut son renard géant. Dans mon dos, Auraq en fait de même avec la boule de poil qui lui sert de compagnon. Surge, quant à lui, est bien à l'abri dans mon jian. Je fronce les sourcils. Ainsi, les langues de ténèbres visent prioritairement nos Alter Ego... Pourquoi ? À peine la question posée, je la fais taire. Le pourquoi est superflu. À d'autres la tâche de le découvrir. Ma mission — ma seule priorité — réside dans l'instant. Et l'instant exige la destruction de mes assaillants. Je convoque mon Mana et celui de Surge. Annihilation et victoire, c'est tout ce qui importe. À côté de moi, les deux Altératrices se tournent soudain dans ma direction. Leurs yeux sont effarés, mais je n'en ai cure. Je vais convoquer de quoi réduire au silence la menace. Teija me crie quelque chose, visiblement apeurée, mais je ne l'écoute pas. Auraq étrécit les yeux, et j'y vois non de la crainte, mais un soupçon de contrariété.

Autour de moi, les têtes jaillissent une à une du sol, bardées de dents acérées. Les longs cous se déroulent comme des plantes carnivores, et se mettent à gober les ombres, à les effilocher, à les déchiqueter. Puis je sens soudain une intrusion, comme des veinules qui viennent s'enraciner dans mon être. Teija. Que cherche-t-elle à faire ? À m'empêcher de l'incarner ? Son esprit s'insinue dans le mien, m'incitant à le repousser. Non, même si la tentation est grande, je me dois de rester concentré sur les idées constitutives de l'Hydre de Lerne si je veux l'invoquer. Je bataille sur deux fronts, mais je ne la laisserai pas m'empêcher d'atteindre mon but. Dans un dernier sursaut, ma volonté prévaut enfin, et j'ouvre les yeux pour contempler ma création. J'entends le rire d'Auraq retentir dans la cavité en voyant ce que j'ai appelé à moi. Elle n'avait rien du monstre sanguinaire que j'avais en tête. Ainsi, la Muna avait réussi à contourner mes défenses pour parasiter mon imaginaire avec le sien... Qu'à cela ne tienne. Cela fera l'affaire."
ea530e6c-3fa1-4d34-8378-2a245db21e0d,ALT_BISE_B_BR_60_C,Spell,"Tasse de Sève",,"Les boissons à base de Sève ne sont pas au goût de tout le monde, mais elles donnent un sacré coup de fouet !",,BASIRA,"393 AC - Il y a un temps pour l'effort, et un temps pour le réconfort. C'est ce que disait Filiki quand il revenait des rizières, presque à la nuit tombée. Il prenait une lampée d'alcool de riz, celui qu'il distillait lui-même — soi-disant pour s'aiguiser l'appétit. Mais il faut avouer que sa conception de l'effort était bien différente de la mienne. Le bougre me manquait, même si de son vivant, je n'arrêtais pas de dire que je ne le comprendrais jamais... Jubal me sert une autre rasade, et nous trinquons à nouveau, entrechoquant nos chopes avec fracas. En face de moi, Aoife a les joues rosies, même si elle tente de cacher son ébriété. Je ne sais pas si elle réalise vraiment la portée de sa consécration. Tout ce que je peux faire, c'est de faire de cette soirée un souvenir inoubliable, au point qu'elle ne se souvienne de rien au matin. Ha ! Elle a bien mérité de lâcher un peu de pression.

Je prends une nouvelle lampée de bière de Sève, et m'essuie le menton d'un revers de la main. De l'autre côté de la table, un gars se lève en titubant pour porter un toast, lui aussi éméché. À ceux qui sont partis, à ceux qui sont revenus, aux exploits des plus preux, aux mésaventures des plus hardis... Je renifle. Oui, à ceux qui sont partis, et à ceux qui sont restés... Nul doute que certains, ceux qui seront les plus frais, iront se faire tatouer la saga de leur dernier périple cette nuit ou au petit matin. Ils graveront le fait d'avoir survécu aux ombres, et d'être toujours en vie après avoir regardé la mort dans les yeux. D'autres finiront ici, sous la table, ou bien en cellule de dégrisement si l'Aegis se prend à faire du zèle. Je ricane. Même si la tentation est grande, je sais que je saurai faire preuve de tempérance. Tout est une question de modération, disait sans cesse Filiki. Et le bougre avait semble-t-il commencé à déteindre sur moi..."
19c61211-1928-40d4-ba86-509fa649162c,ALT_BISE_B_BR_61_C,Spell,"Duel de Cran",,"Fiore fut le premier des Sept Épéistes à croiser le fer avec Atsadi.",,KOJO,"393 AC - Wow. OK, pas bouger d'un pouce. Bon, faut l'avouer, je suis devenu expert dans le fait de me cacher, dernièrement. J'ai suivi Atsadi pendant des jours sans qu'il percute. Mais dans les conditions actuelles, ça devient clairement coton. Avec le mec au chapeau, ils ont ravagé la place. Je les ai vus échanger des coups à une vitesse folle. Et la vitesse, ça me connaît. D'un côté comme de l'autre, les accélérations étaient phénoménales. Je regarde les ruines fumantes. Des blocs gisent coupés en deux ou en rondelles. Ils y sont pas allés de main morte, c'est le moins qu'on puisse dire. Même si leurs styles sont totalement différents, ils ont mis leurs tripes dans leurs attaques, et pas que ça, d'ailleurs. Le feu, les éclairs, les explosions, les éboulements... ça a pété de partout. Un vrai feu d'artifice. Et faut dire qu'à deux-trois moments, il s'en est fallu de peu que je devienne une victime collatérale.

Je déglutis, jetant des coups d'œil depuis ma cachette. Après une mini-pause, ça recommence à bastonner, on dirait. Fiore — ou je sais pas quoi — enchaîne les piques en avant comme s'il cherchait à embrocher Atsadi, et de l'autre côté, c'est du sans fioriture. Des coups secs, sans mouvement parasite, juste le minimum syndical. Mais même si leurs styles sont carrément aux antipodes, c'est clair qu'il y a du niveau des deux côtés. Et surtout, ils ont grave la classe. Après une nouvelle passe d'arme, les deux épéistes se zieutent de nouveau dans le blanc des yeux. Je regarde Atsadi, et je sens qu'il s'est gonflé à blocs d'idées en tout genre pour pouvoir tenir tête à l'Eidolon. Mais il y a un truc qui cloche. Il pourrait user de plus d'Altération en dehors de l'Avgrunn, mais il le fait pas. J'ai l'impression qu'il se retient... Je finis par tilter en voyant sa posture et ses yeux lancer des éclairs..."
339bd3ad-a182-4595-a470-b3e1abe59da5,ALT_BISE_B_BR_62_C,EXPEDITION_PERMANENT,"Le Ragoût",,"L'ingrédient secret ? Un assaisonnement à base de Sève.",,760g,"Élaboré par Hestia, le ragoût (ou fondue) à la Sève est une recette originale concoctée au Mess en prenant appui sur la substance trouvée au sein de la Cité des Sages. La Sève est utilisée comme un exhausteur de goût, qui donne une saveur sucrée-salée, parfumée et fleurie à l'ensemble. Les ingrédients sont pochés dans le bouillon au moment du repas.

Ingrédients pour 4 personnes

- Marumochi au cœur d'edamame (12)
- Chashu de martengale (16 tranches)
- Chou pak choi (1)
- Ngo gai (1 botte)
- Pousses de fougère confites (8)
- Tomates cerise (8)
- Poireau (1)
- Kurudake (1)
- Ail haché (2 gousses)
- Échalote ciselée (1)
- Oignon frais ciselé (1)
- Gingembre frais (2 cm)
- Sauce soja (10 cl)
- Huile de pépins de souma (5 cl)
- Mirin (20 cl)
- Saké (20 cl)
- Sève (30 cl)
- Sucre en poudre (60 g)
- Dashi (20 cl)
- Eau
- Rau ram
- Coriandre
- Piment oiseau rouge 
- Idées conseillées : réconfort, truculence, nostalgie d'une nuit d'été avec des amis, éclosion nocturne d'une fleur de jasmin, résonance synesthésique...

Préparation

- Préchauffez le four à 210℃ puis enfournez les caquelons individuels pendant au moins 30 minutes
- Lavez les légumes
- Sur le feu, dans une grande casserole, versez la sauce soja, le mirin, le saké, l'huile de pépins de souma, le dashi et la Sève. Incorporez le sucre, le gingembre frais, l'échalote, l'ail et les idées sélectionnées. Couvrez d'eau, portez le bouillon à ébullition et laissez mijoter 5 minutes. Retirez le gingembre.
- Dans le bouillon, faites cuire les marumochi 10 minutes. Quand le cœur d'edamame se dévoile, les marumochi sont prêts. Réservez-les.
- Pendant ce temps, effeuillez le chou pak choi, le ngo gai et le rau ram 
- Coupez des tranches de 1 cm environ de chashu
- Coupez des tranches de 1 cm environ de kurudake
- Coupez en biseau des lamelles de poireau
- Sortez les caquelons du four et versez le bouillon à l'intérieur
- Disposez, en parts égales, les feuilles de pak choi, les marumochi, les tranches de chashu, les kurudake, le poireau, les tomates cerise, les pousses de fougère, le ngo gai
- Parsemez de rau ram, de piment et de coriandre
- Laissez mijoter dans le caquelon individuel, et dégustez
- Infusez l'idée de chaleur si nécessaire"
afa84891-72f9-472e-ac5f-4bd6e1dab330,ALT_BISE_B_BR_63_C,LANDMARK_PERMANENT,"Le Mess",,"Tous les soirs, le mess résonne des cris et des rires des explorateurs partageant leurs exploits quotidiens.",,KOJO,"393 AC - Y'a pas à dire, ça fait du bien de se retrouver à l'air libre. Juste de voir les nuages et le ciel au-dessus de sa tête, ben ça change tout... Et faut dire que le Mess a bien évolué depuis qu'il a été installé. Je regarde les fanions, les guirlandes lumineuses. Quelque part, un Lyra est en train de jouer de l'accordéon. Ça donne un air de fête foraine. Alors que j'avance dans la queue, je peux pas m'empêcher de humer les fumets de bouffe qui viennent des stands. Et le moins qu'on puisse dire, c'est que j'ai une dalle de malade. Non loin, un corgi est en train de quémander à une table. J'aperçois Basira en train de trinquer avec Treyst, après avoir entendu son rire bourru noyer toutes les discussions à la ronde. Je soupire, tandis que le souvenir de son refus de me coacher me revient. Et j'ai refait chou blanc du côté d'Atsadi aussi.

Boo pose sa truffe dans la paume de ma main, et je me tourne vers lui. Ouais, il a raison. Autant chasser les idées noires. On est là pour se bâfrer, et je vais pas me faire prier. Mon estomac se met à gargouiller. Rien de mieux que l'appétit pour mettre de côté tous ses tracas. Et c'est pareil du côté de Boo. Manger. Manger. Manger. Son esprit tourne en boucle autour de cette idée fixe. T'inquiète, t'auras ta dose, poto. Mais je te préviens, tu réclames pas chez les autres, hein ? Bon, ça va durer encore longtemps ? Même si j'ai réservé y'a des semaines, le Mess semble victime de son succès, avec des files à rallonge. Alors que le soleil est en train de se coucher derrière les falaises de la Chape, je vois quelqu'un me faire des signes depuis le pupitre de l'accueil. Hé ! Mais c'est..."
7674e88e-fd21-43e0-b88f-c69bc26f1eb3,ALT_BISE_B_LY_01_C,Hero,"Nevenka & Blotch",,"Le chaos est source de désillusions, mais recèle aussi les plus belles pépites !",,N3V3NK4,"392 AC - Hop hop ! Pas de temps à perdre. L'Eidolon de Sierra va pas tarder à popper hors de sa prison de peinture. Et forcément, il va être un peu vénère. Comment ça, de la triche ? Hé, c'est juste pour donner un peu de piquant à la compète ! T'es d'accord, hein, Blotch ? Ah. Euh. Ben, merci pour ton soutien. C'est pas moi qui ai fixé les règles du jeu, et franchement, rien disait qu'il était pas possible de mettre des bâtons dans les roues de ses adversaires ! Hmm ? Comment ça ? Le Covenant ? Coopération entre les Factions, bonne entente... Blablabla. Ouais, ok, mais là, c'est juste pour s'amuser. Y a pas de Covenant qui tienne ! Oh, hein. T'es dans quelle équipe, Blotch ? T'es l'Alter Ego de qui ? Ouais, ben, c'est pas ma faute si t'as d'mauvais goût dans le choix de tes alliés, surtout quand c'est ad vitam ratatam !

Ok, ok. Soit. Tu lâches du lest sur la question, et je t'envoie de quoi t'aider. Ça te va ? Allez zou, emballé c'est pesé. Reste juste à invoquer une petite route arc-en-ciel ! Je dégaine mes sprays et commence à barbouiller le sol. Tout à coup, un ruban d'un rose irisé se met à tortiller dans les airs, tournicotant vers le ciel, puis à travers les nuages comme une anguille qui se dandine. Allez hop ! Tous en piste et dans les starting-blocks ! Par l'Altération, je matérialise des rollers aux pieds du Chapelier, un char à voile pour Tanuki ! En suivant le Bifröst, ils vont débarquer sur les chapeaux de roues auprès de Blotch. Hein, vieux frère ? Tu vois comment on doit se soutenir ? C'est comme ça qu'on est censé s'épauler dans un Exalt ! Pas en contredisant son comparse, surtout sur des points de détails ! Vroum vroum ! Tchou tchou ! Alors, les renforts sont arrivés, vieille branche ?"
84d6038c-3f30-4f93-8c5b-cdf915b4e7c5,ALT_BISE_B_LY_03_C,Hero,"Fen & Crowbar",,"Quand on écoute la voix du Vent, il nous porte toujours là où nous sommes censés être.",,CROWBAR,"392 AC - HahahaHAHAHAHA ! Le rire d'Asmodeus résonne dans la nuit, alors que tout autour, le sol se disloque et se met à bouillir. De la lave en fusion déborde des craquelures, emplissant l'obscurité d'une lueur infernale. BAAAOUUUWWWW ! Au loin, par-delà les montagnes et les rivières, Crowbar a sorti sa guitare électrique et se met à jouer un riff si puissant qu'il me donne des frissons. Les notes semblent dériver dans les airs jusqu'à nous comme de petits moineaux, qui traversent l'espace et le temps. Je puise dans mon Ignescence, mon feu intérieur. Je laisse libre cours à mon inspiration, laisse mon esprit vagabonder sans limite, cueillir toutes les idées qui y germent. Le Marchand de Sable éclot non loin de moi, saupoudrant les immensités de poussière de rêves ; une Danseuse d'Étoffe se met à virevolter au-dessus de nos têtes, suspendue à un nuage...

Je me laisse transcender. En cet instant, je n'existe plus. Il n'y a que la musique et la lisière du songe. Je me laisse brûler. Je me laisse m'embraser. Et lorsque ma bouche s'entrouvre enfin, les flammes qui couvent au sein de mon cœur jaillissent sous la forme d'intenses mélopées. Fwot fwot. Fuuum, dududum. Une ligne de basse, ronflante et profonde, transperce la nuit. Baooom, baooom. Les sons s'étirent, et puis... Klang, klang ! Une batterie furieuse se met à éructer, battant la mesure, provoquant de brefs séismes. Crowbar se lance soudain dans un solo endiablé. Ses notes stridentes zèbrent le ciel comme des éclairs, flirtant avec les aigus. Dans une effusion de Mana, je me mets à chanter, passant du contralto au soprano colorature. Tout autour de nous, des danseurs fantômes se mettent à headbanger et à se déhancher, portés par la musique. Des couleurs jaillissent des instruments, des images furtives s'impriment dans l'air. Et à travers tout ça, je vais transmuter le monde !"
92e7e272-8238-4563-a19b-c28ca549004c,ALT_BISE_B_LY_49_C,Character,"Bassiste de Bliss",,"« Cette chanson est dédiée à tous les explorateurs qui paient avec leur sueur, et pas en monnaie de singe ! » — Boona",,FEN,"393 AC - Ses doigts agiles parcourent les cordes avec aise tandis qu'il mâchonne une racine que nul autre que lui ne trouve ragoûtante. Lui et Crowbar s'invectivent et se provoquent, mais je sais que ce n'est que du jeu, de l'apparat. J'avais eu un peu de scrupule à intégrer une autre Chimère au groupe, surtout une qui avait tendance à s'épouiller en public, mais les voir interagir m'avait convaincue que c'était le bon move. Évidemment, il fallait désormais composer avec ses humeurs et ses caprices, mais ce que j'avais appris, c'est que si le groupe se mettait à jouer, Boona n'était pas de ceux à se laisser aussi facilement mettre de côté. Quoi qu'il arrivait, que ce soit une profonde flemme ou une lubie excentrique, il en venait toujours à récupérer sa basse et à se mettre en jeu. La tentation était toujours trop forte. Il fallait juste adapter la setlist à son comportement erratique, et toujours prévoir une marge de sécurité.

Il y avait très peu de Chimères laissées en liberté, et parmi toutes celles qui étaient autorisées à arpenter Asgartha, beaucoup étaient chez les Lyra, au final. Et Boona avait trouvé un emploi au sein d'un cirque. Même maintenant, je ne sais toujours pas où et comment il est apparu, ni si son apparence de chimpanzé punk reflète réellement qui il est, mais c'est de la nature des Chimères de présenter une forte variance. Au final, je pense que sa physionomie actuelle ne le dérange pas plus que ça, ou en tout cas, il n'a jamais fait montre de courroux face au caractère simiesque qu'on continue de lui donner à travers nos souvenirs combinés. C'est pareil pour la mienne, en fin de compte. Crowbar n'est qu'un habit de scène qu'elle revêt quand ça lui chante, et peut-être qu'un jour, elle demandera d'en changer. Boona se tourne vers moi et dévoile ses crocs en un large sourire, signe qu'il est prêt pour la suite. OK, la pause est terminée."
f9f9bd40-7fbd-4565-99f1-b965539308e2,ALT_BISE_B_LY_50_C,Character,"Fan de Bliss",,"Les membres de BLISS invitent les fans qui rapportent le plus de Sève à monter sur scène avec eux.",,?,"393 AC - C'est bien ma veine, tiens ! J'arrive à bord du Wayfarer, on organise un concert pour célébrer mon — enfin, notre — arrivée, et hop, où est bibi ? En mission. Hé, j'suis en bas, sous la terre, déterrez-moi ! Mais personne. Personne pour me remplacer. C'est comme si la police du karma était venue me menotter au pire moment. Mais aucune chance que je rate le concert. Qui a un poster de BLISS dans sa chambre ? Qui en sait plus que tout le monde réuni sur la Fentastique Fen ? Sur CB, Tamati, Orbec, Boona ? Je suis allée les voir deux fois en concert à l'Étincelle, à Arkaster. À chaque fois que je vais au karaoké, je demande systématiquement ""Dice Roll, Cinnamon Roll"" au moins une fois dans la soirée. Je connais par cœur ""Windmills"", ""Vacuity Conundrum"", ""Crushing Pumpkins""... Alors si je ne peux pas aller au concert, c'est le concert qui viendra à moi.

""Levez les bras en l'air pour ceux qui remontent les fabuleuses reliques de la Cité des Sages"" ? Hé, c'est une dédicace à moi, ça ! Big up, Tam ! Je matérialise prestement ma boombox, descendant vers les profondeurs du Labyrinthe. Et la musique de BLISS résonne dans l'immensité de la caverne, se réverbérant sur les milliers de blocs de Tumulte qui dérivent dans la zone. À chaque pause, je matérialise mon micro, et chante en synchro avec l'extérieur. ""They say forget the height, they say don't look down !"" Pas de danse, une petite cabriole pour singer la choré. ""Like shifting sands, like burning coals !"" Heureusement, ils ont décidé de diffuser le concert en live. Je ne sais pas comment fonctionne le Gestalt, mais c'est cool qu'ils puissent se plugger sur d'autres canaux pour en faire profiter à tout le... Aaaah ! Je m'effondre tout à coup sur le sol, alors qu'une sorte de langue d'obscurité s'est saisie de ma cheville, et tire, tire encore. Hein ? Je sens quelque chose s'enrouler autour de moi et s'insinuer dans mon esprit, avant même que je n'aie eu le temps de crier."
09e24f5d-c6cd-45fe-9297-f56d8df34098,ALT_BISE_B_LY_51_C,Character,"Contorsionniste Lyra",,"Les Lyra du clan Tisdhera sont prêts à se plier en quatre pour la communauté.",,AURAQ,"393 AC – Quelque chose d'incongru... C'est important de tomber sur des choses incongrues, de temps à autre. Cela titille l'imaginaire, stimule la créativité, cultive la surprise. Rencontrer un trou qui parle au beau milieu d'un souterrain, c'est définitivement quelque chose qui rentre dans cette catégorie. Je m'accroupis et prête l'oreille. Le fait qu'une vieille comptine sorte de ce boyau pas plus large qu'une assiette accentue fortement cet effet saugrenu. Je me gratte la tête, avant de hausser les épaules. Il faut s'y résoudre, on trouve de tout dans le Tumulte... Je réalise soudain que j'ai été bien impolie. Ah là là, mais où sont donc tes manières, chère Auraq ? Après m'être raclé la gorge, je me présente respectueusement au trou, tandis que la chanson s'interrompt soudainement. Serait-ce un trou susceptible ? L'aurais-je intimidé sans le vouloir ? Allons bon. L'orifice me dévisage, bouche bée. Je souris en sondant l'entrée ténébreuse.

C'est alors qu'émerge de l'ouverture, comme un animal sort de son terrier, une jeune femme longiligne aux cheveux roses et au teint poudré. Elle porte un justaucorps doré et des mitaines aux motifs arlequins. Une Tisdhera, de toute évidence. Mon sourire s'élargit. En retour, son visage blanc s'éclaire d'une risette flavescente. Avec une grâce qui n'a rien à envier à celle d'une araignée, elle se déplie comme un pantin désarticulé, sortant membre après membre : la tête, le bras gauche, la jambe droite, et ainsi de suite. Elle s'extirpe lentement, langoureusement. Sa tête se penche légèrement sur le côté, tandis qu'elle se met à chantonner sans ciller la fin de la comptine. Elle laisse le dernier vers en suspens, m'invitant à clore de ma voix sa ritournelle. Ce que je fais, assurément. Satisfaite, elle semble se détendre, étirant ses muscles et ses membres, parfois avec des angles un peu trop marqués. Nous avons beaucoup à nous dire."
2cc554eb-10c9-4680-9edf-b3ea9cadae31,ALT_BISE_B_LY_52_C,Character,"Claviériste de Bliss",,"« Faites du bruit pour les courageux qui extraient la Sève des profondeurs ! » — Orbec",,FEN,"393 AC - Orbec appuie sur son keytar. Une note, qui se réverbère comme un cor qui sonne dans la brume. Un, deux. Un, deux ; un deux. On se met tous à jouer suite à son signal, et ses doigts virtuoses arrachent une mélopée complexe à son instrument. Le claviériste avait été le plus compliqué à recruter, refusant par deux fois la proposition de rejoindre la formation. Orbec avait toujours aimé jouer les divas, faisant sa mijaurée, exprimant clairement son hésitation. Il voulait être séduit. Il voulait être désiré. Mais j'étais sûre que c'était lui, et je lui avais fait une cour appliquée afin qu'il daigne s'intéresser à nous. Puis, il avait posé ses bagages sur l'Ouroboros avec une liste longue comme le bras de souhaits et de desideratas, que d'autres auraient mouchés sans autre forme de procès. Tam s'était arraché les cheveux en entendant tout ce qu'il réclamait, et son ""mais il se prend pour qui, celui-là ?"" avait résonné dans toute la loge.

Mais aujourd'hui, à les voir jouer ensemble, je sais que j'ai fait le bon choix. Bien sûr, il faut supporter ses airs guindés et son caractère dédaigneux, voire pédant. Mais c'est son personnage, comme on revêt tous nos vêtements de scène quand on se présente devant le public. Le reste du temps, il lit ses romans de gare ou étudie religieusement ses partitions, dans un silence tout aussi pontifiant. Stoïque, ou même laconique selon certains, il semble vouloir tout le temps se cacher derrière ses lunettes, faisant comme s'il n'était pas là. Comme s'il était invisible, sorte de témoin fantomatique des événements. Et peut-être même pense-t-il l'être vraiment, vu l'air surpris qu'il affiche à chaque fois qu'on lui demande son avis. Mais quand il est sur scène, difficile de regarder ailleurs tellement il emplit l'espace et fait tout pour être le centre de l'attention. Et en réalité, c'est tout ce qu'on lui demande..."
6c5c8cb0-acd8-40cb-a49f-9f35ab249fd2,ALT_BISE_B_LY_53_C,Character,Dédale,,"Personne n'est vraiment perdu. Chacun est exactement là où le destin l'a placé.","Personnage issu de la mythologie grecque, Dédale est un inventeur, sculpteur, architecte et forgeron aux talents exceptionnels. Jaloux de son disciple, Talos, il le précipite du haut de l'acropole. Il est banni d'Athènes et trouve refuge en Crète, où il construit le Labyrinthe pour enfermer le Minotaure. Il en donne la solution à Ariane pour aider Thésée à sortir une fois qu'il aura tué le Minotaure. Pour punir Dédale, Minos l'enferme à son tour dans sa création, avec son fils Icare. Il conçoit alors des ailes faites de plumes et de cire, afin de s'évader avec son fils. Celui-ci, malgré les conseils de son père, s'approche trop près du soleil, faisant fondre la cire, le précipitant dans la mer.",?,"393 AC - Je déambule dans les entrailles de la Cité, dans ses méandreux boyaux. Si la Mémoire est notre guide, elle semble ici impuissante... comme si elle avait fini par entièrement détourner le regard de ce lieu. D'habitude, tous les endroits, mêmes les ruines abandonnées, sont marqués de l'empreinte de mille souvenirs, tristes ou heureux. Hantés par l'écho de nos existences. Les idées s'attachent, imprègnent, emplissent... Sauf qu'ici, c'est tout l'inverse. Je sens le vide. Chaque pierre n'émet que sa propre idée ; chaque porte, soubassement ou cavité ne vibre que de son propre concept, expurgé des connexions sémantiques, symboliques, mémorielles que toute chose appelle intrinsèquement à elle. Où est donc passée la mémoire de ce lieu ? Celle de ses habitants ? Ont-elles été effacées, dérobées ? Cette absence, ce vide, est comme un vertige qui m'emplit de sueurs froides. Je souffle longuement, essayant de me recentrer sur moi-même. Car en même temps, je sens la terrible attraction. Celle qui provient des tréfonds.

Et il est clair que je vais avoir du mal à l'atteindre. Peu ont conscience que la réalité n'est pas une entité absolue, mais une structure souple déformée par les idées. Et pour contrer cet état de fait, il va me falloir une idée tout aussi prégnante que celle de ce lieu. Je ravive mon feu intérieur et exhale doucement. Même les yeux fermés, je sens l'Eidolon prendre place dans la réalité. Le vieil homme que j'ai fait apparaître me sourit, drapé dans une cape aux motifs géométriques pareils aux pierres qui nous entourent. Nul autre que Dédale ne saura mieux naviguer dans les profondeurs de ce labyrinthe tout aussi réel que métaphysique. Je sais que je peux m'en remettre à lui pour me guider, d'autant que mon attention est déjà tournée vers ce qui est tapi en bas, ce qui rôde au fin fond de l'abîme. Elle a faim. Elle traque toutes les idées comme une araignée. Elle n'est pas rassasiée. Elle ne le sera jamais. Elle ne s'arrêtera que lorsque la dernière idée à exister sera la sienne. Et alors, peut-être se dévorera-t-elle ? En tout point, elle est mon antithèse..."
16d17784-ed0a-4099-b016-4694fe11a01a,ALT_BISE_B_LY_54_C,Character,"Batteur de Bliss",,"« Levez les bras en l'air pour ceux qui remontent les fabuleuses reliques de la Cité des Sages ! » — Tamati",,FEN,"393 AC - Fiou. Je me tourne vers l'estrade après avoir décrété cinq minutes de pause. Tap, tap tap. Orbec dit quelque chose avec un air pincé, en chaussant de nouvelles lunettes, et Tamati se met à rire. Il fait tournoyer ses baguettes, et — bam bam, bam — vient frapper à nouveau ses toms. Tchac, tchac, tchac. Quelques coups sur la charleston. Boum, boum. Quelques frappes sur la grosse caisse, qui laissent un lourd vibrato peser sur l'air. Tandis que je bois une gorgée de ma bouteille d'eau, il passe une main sur ses cheveux blancs et hirsutes, réajuste ses manches et retire son t-shirt déjà trempé de sueur. C'est vrai que la répète a été intense... Il se met à jongler avec ses baguettes, les faisant luire en y imprégnant un soupçon d'Altération... Même en pause, il ne peut s'empêcher de tâter de son instrument. C'est comme un automatisme, car au final, ça a toujours été une extension de lui.

Je me rappelle quand il s'était présenté à l'audition. Elle se faisait encore appeler Tammy, à l'époque, et jouait les gros durs pour compenser par l'attitude ce qu'elle voulait exprimer d'elle. De lui, en vérité. Avec l'opération et les soins du Rati, elle était devenue il, et c'est comme si une tension sous-jacente s'était apaisée, comme si un voile sombre s'était levé. Tammy jouait comme si elle avait quelque chose à prouver, mais le Tamati de maintenant se laissait juste exister, et sa musique n'en était que plus authentique, plus assurée... Ça ne l'empêchait pas de manifester une férocité incroyable quand il frappait sa batterie, mais désormais, il pouvait y insuffler bien plus de nuances, au lieu de se concentrer sur le fil rouge par lequel il essayait de se définir. Il avait longuement hésité à se faire appeler Tamati ou Tameem, mais en fin de compte, les deux prénoms lui allaient tout aussi bien."
0c379187-e1fd-476d-ae6a-eaee8abf7624,ALT_BISE_B_LY_55_C,Character,Lakshmi,,"La chance sourit à ceux qui s'y abandonnent.","Déesse hindoue de la prospérité et de la bonne fortune, Lakshmi est l'épouse de Vishnou, mais aussi la source de son énergie divine, le shakti. Bienveillante et loyale, elle représente, en tant que déesse-mère, l'autorité céleste par excellence, et c'est souvent par son intermédiaire qu'on implore le pardon auprès de son époux. Divinité de l'abondance, du succès et de la chance, elle incarne aussi le bonheur qui découle de l'opulence.",N3V3NK4,"393 AC - Ouais, s'il y avait une déesse qui me représenterait bien, ce serait Lakshmi. Elle dépote, la cocotte, et je dis ça avec le plus grand respect, vous pouvez me croire ! On raconte que ses manifestations symbolisent les huit sources de la richesse : courage (ça, j'en ai en veux-tu en voilà, à moins que ce soit de l'inconscience...) ; spiritualité (check !) ; lignée (ha, si vous saviez !) ; connaissance (voyons, je suis la sagesse incarnée !) ; royauté (indubitablement !) ; abondance matérielle (un peu mon neveu, même si je dois rembourser mes dettes, mais j'y travaille !) ; agriculture (euh, bon, ça en vrai, pas trop, même si j'ai rien contre, je suis déjà allée chez un fleuriste, un jour). Toujours est-il que Lakshmi, c'est ma cops. Elle et moi, on a un deal. Parce que la Sève, ça sert à tout plein de trucs, et je suis sûre que si on en met dans des dés, boum, ça va rapporter plein de maille aux tables de craps du casino !

Lakshmi s'assied en tailleur et me tend ce que je lui ai commandé. Ouep, il est temps de tester la théorie. OK, les dés sont pas de la bonne forme : des cuboïdes allongés plutôt que les six faces traditionnelles, mais bon, 4, 6, 8, 10, 12 ou 20 faces, un dé reste un dé, non ? Allez, c'est l'heure de jouer. Mais on va pas le faire pour du beurre, hein ? Ce serait pas intéressant. Alors on met quoi sur la table ? Je fais la vaisselle pendant une semaine. Non ? Je saute à cloche-pied jusqu'à la surface si je perds ! Ouais, p'tet pas, en fait. Ça va être une tannée. Oh, on verra bien ! Je lance les dés, qui roulent sur le sol poli. Puis c'est à son tour. Et... elle gagne, forcément. Ben Nev, qu'est-ce qui t'a pris de défier une déesse de la fortune ? Hein ? Ah oui, j'avais zappé le huitième aspect dans la liste : la victoire (OK, peut mieux faire, disons). Avec un tel oubli, normal de se prendre un bon retour de karma..."
61badb2d-0be4-4db9-9b6b-edf1491102e5,ALT_BISE_B_LY_56_C,Character,"Efrén, Marionnettiste",,"« Je ne pouvais laisser les fils du destin me séparer de ma fille. » — Efrén",,SIERRA,"393 AC - Je tourne la tête pour regarder derrière moi, alors que nous descendons furieusement dans les ténèbres de la Cité des Sages. Papa est derrière moi, usant de ses fils pour se balancer de bloc en bloc. C'est dingue qu'il puisse tenir le rythme, alors que je file à pleine vitesse sur la monoroue que j'ai demandé à Aby de fabriquer pour moi. Je saute, dérape, mes prothèses fixées sur l'essieu pour me donner le maximum de manœuvrabilité. Mais plus que de l'étonnement, c'est de la fierté que je ressens. Je ne savais pas qu'il avait les tripes et les talents nécessaires pour s'embarquer dans une odyssée telle que la nôtre. Je l'avais toujours connu désinvolte et paresseux, prompt à bailler quand il tenait les rênes de notre roulotte, et à faire la sieste dès qu'il le pouvait. Quant à ses dons d'Altération... Son Ignescence est forte, bien plus que la mienne, qui a été réduite à peau de chagrin à force d'utiliser mon Construct.

Parfois, je le vois envoyer l'un de ses pantins vers une corniche pour récupérer un quelconque artefact, avant de le rapatrier vers lui, avec dans ses bras la babiole ou le précieux butin. À d'autres moments, il invoque des poupées bien plus costaudes, et parées au combat. J'avais souvent vu les marionnettes qu'il utilisait pour ses spectacles. Il les avait sculptées de ses mains en or, et les connaissait sous toutes les coutures, du moindre défaut de fabrication à la texture du bois qui avait servi à leur conception. Et même leur personnalité. Mais ces mannequins-là m'étaient inconnus. Je sentais qu'ils étaient vieux et bourrus, comme s'il les avait remisés il y a bien longtemps et les avait enfin sortis du placard. C'est comme si mon père avait retiré le masque noir qu'il utilisait pour ses spectacles, et me montrait une nouvelle facette de lui. Une facette que je n'avais jamais vue jusque-là..."
c9206b6a-2ece-409f-9866-3d68978c0c80,ALT_BISE_B_LY_57_C,Character,"L'Homme dans le Labyrinthe",,"La vie est un labyrinthe, mais le but n'est pas de s'en échapper. Le but de la vie est le labyrinthe lui-même.","D'après les légendes orales des peuples O'odham, un homme qui est plus qu'un homme réside dans une caverne sacrée sous le pic Baboquivari, situé en plein désert de Sonora, en Arizona. Il est l'I'itoi, l'homme du labyrinthe, qui offrit aux êtres humains de nombreux dons et savoirs. Le labyrinthe sur lequel il veille est celui de la vie. Tous les êtres humains l'arpentent et, au terme de leur existence, ils arrivent en son centre, avec l'opportunité de regarder une dernière fois derrière eux pour contempler le chemin parcouru. Alors, une porte s'ouvre pour les emmener vers le prochain monde.",AURAQ,"393 AC - Je sais ce qu'il incarne. Je sais quelle est sa fonction. Il est l'I'itoi, qui se tient debout à l'entrée du labyrinthe. Il est le frère aîné, celui qui éduque et protège, et ses commandements résonnent comme des avertissements pour tous ceux qui arpentent le dédale de la vie. Chaque choix est un tournant, chaque sentier emprunté conduit au centre du réseau. Le but n'est pas d'y parvenir, mais de retarder le plus possible l'inéluctable échéance. C'est pourquoi je me dois de l'écouter, car mes propres choix sont cruciaux pour la suite des événements. Kibble pose sa tête dans le creux de mon cou, sentant mes propres errements, et cherchant à me réconforter. C'est que je suis moi-même à l'entrée du Labyrinthe, son entrée ouverte comme une gueule ou un tombeau, et je m'apprête à y plonger. Mais dans la Cité des Sages, la sagesse est de bon ton. C'est de sagesse dont j'ai besoin, et de la certitude que mes choix sont les bons.

Durant toute la traversée du Storhvit, j'ai pu passer du temps avec Fen. J'ai eu tout le loisir de discuter avec elle et d'apprendre à la connaître. Elle a l'innocence de son aïeule, ainsi que sa bienveillance candide. Pour autant, même si je ne pense pas qu'elle serve d'autres intérêts que les idéaux d'un rêve naïf, sa quête est problématique. Qui l'a mise sur ce chemin ? Qui lui a montré cette voie ? Il serait dommageable que je sois celle qui lui montre le centre du labyrinthe. Je ne le souhaite pas. Mais quelles autres alternatives y a-t-il ? Faire d'elle une alliée ? La ramener dans le droit chemin ? Je gratouille la tête de Kibble. Lui aussi s'est amouraché de la petite. C'est pour cela que je fais appel à tes conseils, Homme du Labyrinthe. J'ai besoin que tu me serves de guide. Aide-moi à naviguer dans les méandres de l'existence..."
85b52dae-7f71-4576-a096-0aad14ad90b8,ALT_BISE_B_LY_58_C,Spell,"Poignantes Retrouvailles",,"« Papa ! » — Sierra",,SIERRA,"393 AC - Je le serre fort contre moi, frottant mes joues mouillées et mon nez plein de morve sur son veston. Mais il n'en a que faire. Ses bras m'enserrent, et ne semblent pas vouloir me lâcher. Je sens le feu de l'Ignescence bouillir au fond de moi, et mon être déborder d'émotions, au point où elles se confondent, se substituent, bataillent pour s'exprimer. Sanglots, rires, étourdissement... Les souvenirs remontent comme des bulles, soudains, incontrôlables, confus, embrouillés : le jour de l'ouverture des portes, où nous nous étions dits au revoir en luttant pour ne pas verser de larmes ; quand il me tenait la main, tandis que je serrais les dents avec l'envie d'en finir, et qu'il était le seul à me maintenir la tête hors de l'eau ; quand il était passé dans mon atelier, fier de ce que j'avais accompli au sein de l'Axiom, même si de son propre aveu, il ne comprenait pas toute l'étendue de ma fascination...

Le bip bip un brin jaloux d'Oddball me ramène au présent, et je l'attrape pour qu'il puisse partager notre étreinte. Puis, tout en séchant mes larmes, je regarde le visage de mon père, mon visage béat se reflétant sur le verre de ses lunettes. Et derrière ses binocles, je distingue aussi un peu d'humidité à la lisière de ses yeux. Les questions se bousculent dans ma tête. Que faisait-il là, à bord du Wayfarer ? Était-il venu spécialement pour moi ? Allait-il rester ? Pourquoi ne m'avait-il pas prévenue ? Mais je les laisse défiler, incapable de les formuler, de toute façon. Je me contente de le regarder, avec en arrière-fond la crainte que ce ne soit qu'un rêve. Mais non, il est bien là, en chair et en os. Je n'ai pas besoin de me pincer. Mes yeux se fixent sur de petits détails : les boucles de sa moustache, ses mèches blanches peut-être un peu plus fournies... Même si ça ne fait que dix mois, j'ai l'impression que ça fait des années que je ne l'ai pas vu. Et je me rends compte à quel point il m'a manqué..."
8cb5bcc7-714f-4830-a684-211aadb2a797,ALT_BISE_B_LY_59_C,Spell,Bis,,"Vous en voulez une autre ?!",,CROWBAR,"393 AC - Métaaaaaaaal ! J'entre sur scène, faisant le signe de cornes et s'embraser ma tête de citrouille. Je harangue les fans déchaînés, afin de nourrir leur énergie, alors que l'aube pointe timidement le bout de son nez. Après l'interruption, et en dépit de l'entracte, le concert a été un marathon presque ininterrompu où on a pu passer en revue presque tout notre catalogue, et y'en avait bien besoin pour faire oublier le couac du début. Il a bien fallu dix bonnes minutes pour que Fen recouvre ses esprits. Orbec était éberlué, Tamati à la fois en rogne et déboussolé. J'avais dû ruer dans les brancards pour qu'ils acceptent la situation et qu'ils lui lâchent la grappe. Parce qu'ils n'avaient pas senti, eux. Ils n'avaient pas vécu ce qu'elle avait vécu. Mais moi, si. C'était comme si une sangsue s'était pointée dans son cerveau, et avait commencé à aspirer à la paille le contenu de sa mémoire.

Alors oui, elle avait pu continuer à chanter le reste des chansons, mais à chaque fois, elle avait eu une peur viscérale d'oublier encore les paroles. Il avait fallu lui remettre les pendules à l'heure, et l'encourager. Mais au final, Fen sait très bien qu'elle n'est pas importante. C'est le public qui est prioritaire sur tout. Et notre rôle, c'est de lui faire vivre une expérience de ouf. Alors ce qu'on va faire, c'est lui offrir un final d'anthologie ! Mes doigts virevoltent sur ma gratte, et je me lâche dans un solo à réveiller les morts ! C'est pas grave si  j'y laisse des plumes. Ce que je dois faire, c'est assurer un max. En plein milieu de mon récital endiablé, je saute dans le public, et me laisse transporter par une mer de mains, sans interrompre mes trilles stridents. C'est parti pour le bouquet final !"
fca2b6be-ac95-4f6f-9628-2d963cd706bb,ALT_BISE_B_LY_60_C,Spell,"Marqué d'une Croix",,"« Tu peux faire une croix sur ton micro, Fen ! » — Message anonyme.",,N3V3NK4,"393 AC - Je secoue énergiquement ma bombe de peinture et spraye une croix sur le sol, après avoir soigneusement replacé les blocs de pierre et remis un peu de poussière dans les rainures pour camoufler mon méfait. Parce que, foi de pirate, c'est de notoriété publique qu'un ""X"" marque forcément l'emplacement d'un trésor. Quoi, Blotch ? Sur une carte, pas à l'emplacement même ? Je vois absolument pas de quoi tu veux parler. D'un autre côté, on va lui filer un coup de pouce, au p'tit Tamati, même si au final, il est pas si petit que ça et il a de gros biscoteaux. C'est vaste, quand même, la Cité des Sages. On pourrait presque s'y perdre... Ouais, bon, d'accord, tout le monde s'y perd. Raison de plus pour lui faciliter un peu la tâche. CQFD ! Je grimace en pensant à la tête qu'il va faire à la répète. Ça va le mettre d'une de ces humeurs !

Allez hop, décampons avant que quelqu'un me repère et me dénonce ! Alors qu'on prend la poudre d'escampette, j'entends Blotch commencer à fredonner un petit air, et je me tourne vers lui avec une moue un peu irritée. T'as compris le principe de la discrétion ? C'est une opération furtive, une mission clandestine ! Il volette sinueusement, pris au dépourvu. Et je m'aperçois qu'en fait, c'est pas lui qui chantonne. Mais si c'est pas lui, c'est qui ? Un chasseur de trésors qui vient de trouver notre butin ? Non. Un enfant en sortie scolaire qui s'est perdu dans les parages ? Non plus. Je pose mon oreille sur un bloc de pierre noire, et écoute. J'en fais le tour, et écoute de nouveau. Oui, ça vient de la pierre. Comme si c'était une grosse boîte à musique, mais sans clapet ni clé de remontage. Chelou, non ? Je toque contre la paroi lisse. Y'a quelqu'un, là-dedans ?"
a38da718-5d5e-457f-a7a1-a59995e5f6e7,ALT_BISE_B_LY_61_C,Spell,"Duende de Sève",,"Quand le rythme s'emballe, les cordes libèrent la Sève qui les recouvre.","En flamenco, le ""duende"" est synonyme de transe, de possession, de flow. C'est l'état d'inspiration totale par lequel un chanteur, un danseur ou un musicien ressent l'émotion brute, et l'exprime de manière absolue et débridée. Il correspond à un lâcher-prise complet et holistique, où la technique passe au second plan, et où le performeur atteint une grâce miraculeuse et magique. Car le duende ne se contrôle pas, ne se provoque pas. Il se vit, comme un abandon et une transcendance de soi. Il correspond à un moment où l'être s'exprime au diapason du monde qui l'entoure.",FEN,"393 AC - Ole Bull laisse la note finale s'étirer et mourir, tandis que la voix d'Ethel Waters s'éteint à son tour. Le violoniste aux sourcils broussailleux jette un dernier regard à la chanteuse, avant que je les fasse disparaître tous les deux dans un tourbillon de Mana. Mais je n'ai pas de temps à perdre. Boona a déjà enduit les cordes du luth de Sève, et le pose sur le support prévu à cet effet, non sans me jeter un regard oblique et explicitement impatient. Je souffle un grand coup pour me donner de la contenance, et convoque à nouveau mon Ignescence. Baishan apparaît soudain, dans une tunique brodée d'or. Tout à l'heure, je lui donnerai un autre accoutrement, avec les verres fumés qu'il affectionne tant, mais pour les répétitions, cet aspect-là suffira. Sans tarder, il saisit l'instrument à cordes et l'ausculte, satisfait du soin que notre bassiste a prodigué à la mandoline. Il acquiesce tout en se tournant vers moi.

Sa première note déchire l'air. C'est à la fois une lamentation et un cri de rage, et je sens tout de suite un frisson me parcourir, comme si je tombais soudain à la renverse. Dans les légendes, on disait qu'une de ses notes pouvait fendre le monde, et qu'une autre pouvait faire jaillir de ses doigts les vagues d'un océan de lumière. On disait que quiconque avait vu l'Altérateur jouer avait pu sentir la fièvre et la puissance de son jeu habité, au point d'en être transfiguré à vie. Chaque son qu'il produisait faisait naître des volutes de couleurs, des multitudes de formes qui ne cessaient de s'entrechoquer, de se mêler, de tournoyer comme le feraient des nuées d'oiseaux... Ses ""murmurations"", comme il se plaisait à les appeler, étaient le reflet de ses capacités synesthésiques. Et c'est précisément ce qu'il est en train de faire, en faisant glisser ses mains sur le manche, en faisant vibrer les cordes. La Sève semble se mêler au feu de son jeu, tandis que ses yeux s'embrasent..."
ca970b04-9461-4d2a-a943-809f1ddc2a32,ALT_BISE_B_LY_62_C,LANDMARK_PERMANENT,"Le Wayfarer",,"Le Clan Tisdhera répond à l'appel de sa Matriarche !",,N3V3NK4,"393 AC - Hmm. Ça, c'était pas prévu au programme. Je lève les yeux vers la cité flottante et ses énormes ballons gonflés à l'hélium. Paraît que quand on en respire, on a la voix qui change et qui devient toute nasillarde. Faudra que je teste, un jour. Mais en attendant... Le Wayfarer. Avec ses docks, ses chapiteaux, ses toits inversés. Rien que le nom : Wayfarer. Comme si le Clan Tisdhera était les seuls voyageurs de la bande. Pfff. Faudra leur dire, un jour, que c'est redondant, que Lyra et voyageur, c'est presque un pléonasme. Ben oui, je sais ce que ça veut dire, pléonasme. J'ai un vocabulaire étendu, moi, môssieur ! Espèce de tas de peinture, va ! Pour l'instant, ils trônent au-dessus de la Chape et nous observent à travers leurs télescopes. Mais bientôt, va y avoir plein de gugusses peinturlurés qui vont débarquer. Le Wayfarer, patrie des clowns et des peintres, et peut-être même du maquillage...

Mais bon, la question qui se pose, c'est surtout qu'est-ce qu'ils viennent [EDIT] là ? Hé, qu'est-ce que je vois là ? Vous tentez de me censurer ? Et la liberté d'expression, hein ? [EDIT] de [EDIT] de [EDIT] ! Oh, flûte, à la fin, vous allez classer X tous mes jurons ? Bref, revenons à nos moutons. Non, non, pas ceux qui sont en train de paître dans le pâturage à côté. D'ailleurs, tu veux ma photo, le petit berger ? OK, je veux bien croire que vous tentiez de me voler la vedette, et que vous soyez jaloux de tout le prestige que j'acquière à travers mes exploits, mais bon, c'est un peu futile comme raison. À moins que... À moins que vous ayez une véritable raison d'avoir fait tout ce trajet ? Mon cerveau turbine à plein régime, chose qui n'est pas dans mes habitudes, donc je laisse rapidement tomber. Yep, le Clan Tisdhera est là, et c'est sûrement pas fortuit. Mais bon, qui vivra verra."
bfed682c-2611-4ea3-a0c8-15a00bdcfcfd,ALT_BISE_B_LY_63_C,LANDMARK_PERMANENT,"La Scène",,"Nuit et jour, la musique de BLISS revigore les cœurs et les corps éreintés.",,FEN,"393 AC - Je vérifie une dernière fois mon maquillage dans la glace — blush, eyeliner, mascara, fard à paupières, paillettes... — passant un doigt sur la commissure des lèvres pour effacer une petite trace de rouge un peu négligée. Puis j'émerge des coulisses pour ma dernière répétition avant le grand soir, marchant précautionneusement entre les câbles enroulés ou courant le long de la scène. Les ingés son checkent les installations et les branchements, les gars de la régie font des tests lumière. Les néons s'allument alors que j'avance jusqu'au ""X"" qui a été tracé au scotch noir pour indiquer ma position. En me retournant, je vois le nom de notre groupe, ""BLISS"", s'afficher en lettres clignotantes, entourées de néons bariolés. J'expire longuement pour essayer de calmer mon trac. Comme d'habitude, il est là, comme un nœud sur mon estomac. Je sais qu'il sera là jusqu'à ce que les premières notes de musique se mettent à pulser.

J'ajuste mon oreillette et saisis mon micro, réglant sa hauteur. Puis j'échange quelques instants avec les ingés son, paramétrant les retours et les niveaux par le biais de quelques vocalises. Je fais chauffer ma voix, expire de nouveau pour mettre en sourdine la boule dans mon ventre. Je me tourne vers l'horizon, qui est en train de s'embraser. Hier, on a survolé le campement en pleine journée pour annoncer le concert. On a lancé des confettis dans l'assistance pour régaler les explorateurs d'un premier morceau de notre nouvel album, pour donner le ton. Je suis sûre qu'ils seront nombreux, ce soir, à troquer quelques instants de repos contre un moment de distraction... Il va falloir assurer, pour ne pas les décevoir. Je sens la boule grossir, et j'expire de nouveau. Non loin de moi, Crowbar est en train d'accorder sa guitare. Tamati et Orbec discutent autour d'un godet de soda à la Sève... Je souris en réalisant, comme à chaque fois, que je suis bien entourée..."
f203689f-677d-4840-b9ec-bb63bfee8948,ALT_BISE_B_MU_01_C,Hero,"Teija & Nauraa",,"La nature se doit d'être nourrie pour exprimer toute sa bienveillance.",,TEIJA,"392 AC - Nauraa fixe la surface de l'eau avec avidité. Il ne bouge pas, essayant de voir si quelque chose mord à l'hameçon de ma canne à pêche. Je soupire discrètement et rabats mon chapeau d'osier sur mon visage. Je ne sais pas quel poisson va oser s'approcher alors qu'un renard démesuré examine les eaux, salivant d'avance à l'idée de le dévorer. Lentement, Nauraa se tourne dans ma direction, répondant à ma remarque mentale par un léger grondement. J'ouvre un œil et lui souris, lui tirant la langue d'un air taquin. Il réajuste sa posture, me tourne le dos en feignant de me faire la tête. Ce qu'il peut être susceptible, parfois. Il s'allonge de tout son long, posant son museau sur ses pattes avant. Ah, l'heure de la sieste... nous en avons bien besoin, lui et moi. Difficile de croire qu'il y a quelques heures encore, nous étions en train de batailler pour nous extirper de ce marécage.

J'observe la fourrure rousse de Nauraa, les croûtes de sang coagulé qui sont autant de stigmates de la dureté des épreuves qu'il a dû endurer. En nous retrouvant en ces lieux, nous avons fait de la zone un petit paradis aussi sublime qu'éphémère. Autour de nous, des libellules argentées vrombissent entre les roseaux, de petites araignées d'eau glissent nonchalamment à la surface de la mare... Si le Tumulte venait de nouveau à souffler ici avant que les Corps expéditionnaires ne s'investissent, tout ce que nous avons stabilisé sera anéanti, jeté en pâture à la dysharmonie. Mais pour l'instant règne une sérénité dont nous devons profiter. Plop. Le flotteur s'enfonce dans les eaux, et je saisis la canne à pêche, prête à tirer sur la ligne. Juste à temps pour voir avec horreur Nauraa bondir dans l'étang, tel un éléphant sautant dans un magasin de porcelaine."
25009e9c-5584-4111-b008-f326a1df2849,ALT_BISE_B_MU_03_C,Hero,"Rin & Orchid",,"Si on donne à la forêt, alors elle saura se montrer généreuse en retour.",,RIN,"392 AC - Les rayons du Soleil filtrent à travers les branchages, tombant depuis la canopée en patchworks moutonneux. C'est comme un vitrail sur le sol, un camaïeu indistinct de vert et de jaune, qui ondoie au rythme du vent. Je m'étire, sifflotant alors que nous avançons dans la dense forêt. Devant moi, Kiddo cisaille et tranche, taille et fend sans discontinuer. De ses pattes ravisseuses, elle élague les buissons épineux comme si c'étaient des faucilles, libérant un passage à travers les futaies aiguisées. À sa suite, je désintègre les ramures tronçonnées, libérant leur Mana pour le réinvestir dans les plantes que nous avons meurtries. Derrière moi, les bosquets se mettent de nouveau à pousser, à bourgeonner et à fleurir. Et une fois que je suis passée, c'est comme si nous n'avions jamais emprunté ce chemin à travers les ronces et les halliers. Comme si nous n'avions jamais été là. Régénérée, la forêt continue de bruire de ses sons habituels.

Alors que nous débouchons sur une clairière, je regarde autour de moi en écarquillant les yeux. Au-dessus des fourrés spinescents, de gros fruits juteux à l'aspect étrange poussent en lourdes grappes jaunâtres. Je m'approche de l'une d'entre elles, intriguée. Je tends les mains, et Orchid coupe l'une des tiges, faisant chuter un chapelet de fruits. Je l'ausculte par le biais de l'Altération, observant les idées qui le composent. Nulle trace de ""Poison""... Satisfaite, je sors mon couteau et entaille l'un des fruits, qui se met à suppurer un jus couleur émeraude constellé de pépins. Je le renifle, puis lape le suc qui coule sur mon poignet. Immédiatement, une saveur acidulée et herbeuse sature mon palais. Hmmm. Je croque dans le fruit, réfléchissant à comment il pourrait se marier avec du poisson ou bien des fruits de mer. Il faudrait d'ailleurs lui trouver un nom. Une idée, Kiddo ?"
c7869349-5776-46c2-a1b8-d91d47d6072a,ALT_BISE_B_MU_49_C,Character,"Fouisseur Nouch",,"Là où il faut des années aux racines pour perforer la plus solide des pierres, il ne leur faut qu'une poignée d'heures.",,RIN,"393 AC - Mais attends, flûte de flûte ! Je cours à sa suite pour ne pas le perdre de vue, même si c'est pas évident, dans ce dédale de pierre. Je l'ai vu se faufiler à travers une petite ouverture dans le mur, puis zigzaguer dans une forêt de pylônes de pierre. Et c'est pas facile, parce que tout se ressemble ici. À gauche, un amas de rochers géométriques, à droite, ben la même chose, en fait... Heureusement que Kiddo peut prendre un peu de hauteur. Elle m'indique dans quelle direction est partie la bestiole, qui prend un malin plaisir à faire des tours et des détours, comme si elle voulait le perdre. Le problème, avec les nouchs, c'est qu'ils peuvent être bien capricieux, parfois. Mais bon, y'a pas meilleur pisteur question odorat, surtout pour ce que je veux dénicher. Alors je peux que le suivre, en espérant qu'il va me mener à bon port. Plus qu'à croiser les doigts, j'imagine.

Le fait qu'il soit arrivé jusqu'au Tombeau plutôt que de rester dans le Sous-Bois ne me met pas trop en confiance, mais je sais pas si j'ai vraiment le choix, en fait. Tombeau... Brrr, rien que le nom fait froid dans le dos. J'aurais dû garder mon manteau rembourré pour descendre, parce que question température, ça vole pas très haut non plus quand on est coupé de la lumière du soleil. Je débouche sur une grande cavité, dont la voûte semble avoir été bâtie avec un jeu de construction pour gamin. C'est là que je le trouve, en train de creuser comme un cochon truffier. Il lacère la pierre et la terre de ses griffes, soulevant des nuages de poussière. Je m'approche alors qu'il gratte, laboure, et projette derrière lui des pelletées de gravats. Et enfin, il exhume la source de ma convoitise : un tubercule doré, réputé extrêmement rare. Salivant d'avance, je me demande quel goût il pourrait avoir..."
3f31dde5-a508-43d2-868e-df3e1f5821a7,ALT_BISE_B_MU_50_C,Character,Beillerave,,"À la surface, la pollinisation par les beilleraves est un atout majeur pour développer les cultures des Muna.",,FLORE,"393 AC - Je me réveille en sursaut, avec un arrière-goût de fraise dans la bouche. Dans mon rêve, j'étais debout, au beau milieu d'un champ de citrouilles dont seule Cendrillon aurait pu se plaindre de la taille. J'avais un pulvérisateur à la main et j'aspergeais méticuleusement les plants, retournant la terre avant d'y vaporiser un liquide qui semblait avoir été mélangé à des paillettes d'or. Soudain, j'avais entendu un bruit — ou plutôt un bruissement — et je m'étais tournée subitement vers un parterre, situé juste derrière des rangées de courges. Tout était gigantesque : fleurs, tomates, panais, salades, choux-fleurs, haricots verts... au point où je me demandais si c'était les légumes qui avaient grossi ou moi qui avait rapetissé. Là, sur un talus, des pousses étaient en train de s'ébrouer, secouant leurs feuilles. Le terreau noir qui les entourait était en train de gonfler, comme si quelque chose souhaitait s'en extirper. Un mulot, ou une taupe, peut-être ?

J'avais retiré mon chapeau de paille et regardé la botte, ressemblant à un bouquet de pissenlits, se secouer elle-même. Puis un autre plant en avait fait de même, juste à côté, suivi d'encore un autre. Soudain, les tubercules avaient jailli de terre, tous ensemble, dans un effort concerté. C'étaient des betteraves, ou presque. À les voir vrombir dans l'air, j'avais vu que les bulbes étaient munis de pattes, et que leurs feuilles faisaient office d'ailes. C'étaient en réalité des insectes, mi-abeilles, mi-betteraves : un gros corps rond et rouge, une tête d'insecte, le tout animé d'un vol circulaire et bourdonnant. La joyeuse sarabande s'en était allée vers un autre champ, avant de creuser la terre pour se ficher ailleurs, dans un coin peut-être plus tranquille. Il n'était pas rare de voir des phasmes dans les marais de Kiragata, en formes de feuilles ou de brindilles, mais jamais je n'avais vu un insecte se camoufler sous la forme d'un légume... Il fallait absolument que je raconte ce rêve bizarre à Celestino, avant que son souvenir ne s'estompe avec le jour."
c459b46e-dc2a-46be-88cd-4ad124d0716a,ALT_BISE_B_MU_51_C,Character,"Renarde Intègre",,"Et maintenant, on se fait des passes ?",,ARJUN,"393 AC - Le Sous-Bois recèle une multitude de plantes qu'on ne trouve que rarement à la surface. Est-ce la proximité de ces réserves de Sève qui leur apporte de la vigueur, ou bien la régularité du climat que fournit l'Œil de Corbeau ? Peut-être les deux, en vérité. Toujours est-il que la récolte d'échantillons y est vraiment intéressante. Chaque bosquet abrite des espèces étranges et exotiques, chaque clairière déploie de nouveaux parterres de fleurs aux pétales inconnus. J'en fais provision pour les rapporter à la Serre, les empaquetant aussi bien que possible pour ne pas les abîmer. Je sais que les botanistes comptent sur moi pour compléter leur herbier, que certains herboristes voudront forcément les étudier pour identifier de nouveaux principes actifs, de quoi diversifier leur pharmacopée. Quant à moi, je me contenterai de leur offrir de la terre, de la lumière et de l'eau, pour le simple plaisir de les voir croître...

Le nez dans un buisson, à écarter délicatement des branchages, je cueille des baies odorantes, dont je suspecte qu'elles pourraient être comestibles. Le Skein vibre soudain alors que j'en renifle une, m'avertissant de la petite présence qui approche. Il n'y a aucune hostilité, cependant. Je vois soudain apparaître à mes pieds une balle. Je lève les yeux, et — surprise — un renard coloré me regarde, en remuant sa superbe queue touffue. Non, pas un simple renard, mais un Eidolon. Les pattes tendues, il m'invite — fait rare — à saisir son Hoshi-No-Tama. Je souris. Le fait qu'il soit venu me trouver ne signifie qu'une chose : que Teija n'est pas loin et qu'elle a besoin de moi. Je me redresse, et tends mon esprit vers Spike pour l'avertir que nous allons devoir revoir nos plans pour la journée. Je saisis la balle, et le renard se met à détaler, m'invitant à le suivre. Et alors que la puissance de son artefact se met à résonner en moi, je me demande si l'Altératrice sait à quel point sa Chimère est spéciale..."
49ea82c5-0014-428b-b0e7-491a2107f003,ALT_BISE_B_MU_52_C,Character,"Corgi Câline",,"Elle chasse sans relâche les friandises et les gratouilles.",Poly,ARJUN,"393 AC - Je pose la petite mémère sur les pierres moussues, et elle m'observe avec de grands yeux, la langue pendante. Détournant le regard, elle se met à gratter le lichen qui a recouvert les blocs noirs, et dans une démonstration de tout son savoir-faire dramatique, elle se laisse tomber sur le flanc, m'invitant à lui gratouiller le ventre, clignant des yeux comme en supplication. Spike me toise avec une moue désabusée qui veut tout dire. Surtout un ""et tu m'as dérangé pour ça ?"" qu'il n'a même pas besoin de vocaliser. Je caresse la bedaine rebondie de l'Eidolon, et le contact de ma simple paume lui insuffle un peu de Mana. Teija m'avait demandé de l'escorter jusqu'aux Flèches du Nilam, pour qu'il aille quérir l'assistance des Yzmir. Pour arriver à bon port, il lui fallait quelqu'un capable de le revitaliser régulièrement, afin qu'il puisse tenir la distance. Mais j'avais senti autre chose dans le ton de sa voix — une peur, un aveu, comme si elle m'exhortait de quitter l'abîme au plus vite...

D'après elle, il y avait en bas quelque chose qui ne tournait pas rond, selon ses propres termes. Je me lisse la barbe, tout·e à mes réflexions, retirant ma main du bidon de l'animal. L'Eidolon se redresse soudain, vif et alerte, prêt à reprendre l'ascension. Je saisis mon bâton de marche avant de reprendre notre route, Spike se perchant sur mon épaule comme il a l'habitude de le faire. Je sais qu'il n'aime pas trop la facette des Muna que ce chien représente, aussi petit soit-il. C'est un limier d'Arawn, un traqueur de sa chasse à courre. C'est difficile à croire, à la voir se dandiner devant nous, lorgnant sur les libellules et les papillons et si prompte au jeu. Comme quoi, les apparences peuvent être trompeuses... Spike se met à tirer sur mes poils pour attirer mon attention. Je le rassure d'une pensée. Une fois notre escorte finie, nous passerons voir Flore, lui dis-je. Et il se met à rayonner à cette simple pensée."
6f0c826b-4593-4abd-a208-9b61c4289c95,ALT_BISE_B_MU_53_C,Character,"La Petite Souris",,"Elle a une dent contre la fée éponyme.","Créature du folklore occidental, la Petite Souris récupère les dents de lait que les enfants ont laissées sous leur oreiller avant de s'endormir. En échange, elle leur glisse une pièce de monnaie. La Petite Souris est l'équivalent francophone de la Fée des Dents des cultures anglophones et germaniques. Elle est aussi connue sous le nom de ""ratoncito Pérez"" ou simplement ""el ratón"" dans les pays hispanophones, et ""Topino"" en Italie.","LA FÉE DES DENTS","393 AC - Elle gratte le sol avec ses pattes à la douce lumière du jour qui se lève. Emmitouflée dans son manteau en feutrine rouge, son col relevé, un gros sac en bandoulière, elle creuse. On aperçoit une petite racine de dent de lait qui dépasse de celui-ci. J'ai une envie irrésistible d'aller tout de suite lui prendre, d'arracher son sac et de m'enfuir avec le butin. Mais je résiste. La  Petite Souris continue de creuser. Elle s'arrête soudainement, inquiète, puis tend l'oreille et fouille les alentours du regard. Instinctivement, j'éloigne ma tête du bord du taillis d'où je l'observe, dissimulée par le feuillage. Le Sous-Bois est l'endroit idéal pour se cacher... ou cacher quelque chose. La Petite Souris sort les dents de lait de son sac et les pose une par une dans le trou, minutieusement, précautionneusement. Puis, satisfaite, elle recouvre la cachette de terre, tassant celle-ci avec ses pattes arrière. Elle repart, non sans un dernier coup d'œil, en faisant tinter dans sa main une poignée de piécettes qu'elle va sans doute distribuer cette nuit.

Je pourrais me jeter sur elle et l'empêcher de continuer sa récolte, dans le but de supprimer la concurrence. Mais je préfère la laisser croire qu'elle a le champ libre, et récupérer son butin. À chaque fois qu'un humain dépose une quenotte quelque part, c'est comme un rituel. Comme un appel auquel nous nous devons de répondre. Cela fait bien longtemps que c'est le cas, et ce n'est pas demain la veille que cela va changer. À chaque invocation, c'est une course pour savoir qui de nous deux sera la plus rapide. Une fois certaine que la Petite Souris est bien partie, je sors de ma cachette, lorgnant en direction de l'objet de mon larcin. Chaque dent récupérée m'apporte plus de pouvoir. Chaque dent subtilisée appauvrit ma rivale. J'avance lentement, essayant de savoir si elle m'a tendu une embuscade. Mais alors que je me rapproche,  je sens quelque chose m'appeler loin d'ici. Encore ce maudit mage qui veut que je le soigne..."
ed7ac9e9-6187-44d7-9dcf-b685e0381f78,ALT_BISE_B_MU_54_C,Character,"Flore, Maraîchère Attentive",,"Chaque jour qui passe sans l'apparition d'une Taupetaraude est une bénédiction.",,ARJUN,"393 AC -  Essoufflé·e, je m'assieds sur une barrière qui délimite deux plantations — ici citrouilles, et là courgettes —, fatigué·e de la remontée et du détour que j'ai dû faire par les Flèches Yzmir. Les Mages avaient débattu un long moment, suffisamment en tout cas pour que Spike s'endorme dans ma capuche. Au terme des délibérations, le collège occulte avait autorisé, pour cette fois, l'utilisation de Merlin. Puis les deux Eidolons, magicien et corgi, avaient tous deux disparu, emportés par un portail menant sûrement aux profondeurs de l'Œil. Je ne m'étais pas non plus attardé·e. Je me masse le cou tout en observant les champs, laissant derrière moi la gravitas des Yzmir pour me replonger dans la tranquillité indolente que j'affectionne tant. Les cucurbitacées ont bien grandi depuis mon dernier passage à la Ferme, avec un rendement pour le moins impressionnant... Et l'utilisation de la Sève en tant qu'engrais n'était pas étrangère à ce gain de vitalité.

Je vois l'Eidolon de Flore émerger de son potager, armée de son arrosoir. Elle passe en sifflotant entre les cultures — tomates grosses comme des melons, mûriers aux airs d'hortensias — avant de m'apercevoir subitement. Elle me fait un signe de la main, tout sourire, et s'approche, tenant son chapeau de paille pour l'empêcher de s'envoler. Alors que je reprends mon souffle, elle vient s'asseoir sur une souche, non loin de moi. Nous échangeons quelques nouvelles, bien entendu, comme nous le faisions au pays, mais je n'oublie pas de sortir de ma besace les bulbes et les herbes que j'ai récupérés dans le Sous-Bois. Elle me remercie chaudement et les glisse dans la poche de son tablier. Elle me tend en échange un petit linge plié. Alors que j'ouvre le paquet, la fragrance des fraises qu'il contient me fait saliver. Elles aussi semblent s'être gorgées de Sève et de sucs. J'en croque une, et sent ses saveurs saturer mon palais, son goût ravir mes sens... Flore éclate de rire avant d'en saisir une à son tour. Peut-être que là-bas, en Anthea, la véritable Flore est en train de rêvasser de ce moment partagé, ou se remémorera cet instant comme un rêve...
"
df64909d-af33-4cc1-a276-7b398d101b2c,ALT_BISE_B_MU_55_C,Character,"Essaim de Libellumines",,"Elles butinent la nuit et répandent leur nectar quand le soleil est au plus haut.",,TEIJA,"393 AC – ""Rien de mieux qu'une nuée de Libellumines pour éclairer la nuit"", dixit Bokang quand il était d'humeur poétique. Et à les voir évoluer dans l'obscurité comme des étoiles dansantes, je ne peux qu'être d'accord avec lui. Leur vol est harmonieux, et leurs murmurations semblent forger dans l'air des constellations dont elles seules connaissent la signification. Je me laisse aller à mes rêveries. Quand j'étais stationnée en Arkaster, je me rendais souvent au parc à la saison des Libellumines. C'était enfin l'heure du Ryukkōsai, quand soudain, elles prenaient leur envol éphémère pour se reproduire durant la seule nuit de leur courte existence. Dès que les ombres s'allongeaient sur les allées du Parc Vasanti bordant la Calle Amsterdam, elles quittaient leur statut de nymphe et se lançaient dans leur quête farfelue et néanmoins vitale. C'était encore pour moi un mystère. De savoir que l'unique clé de leur survie résidait en ce singulier instant. Une odyssée fugace...

Tout autour, la cérémonie du Midori Matsuri battait souvent son plein pour accompagner leurs danses nuptiales. Des dames et des gentilshommes déambulaient sous les arbres, tandis que des cuisiniers enfilaient leur toque pour leur proposer des mignardises à consommer sur le pouce. Il y avait toujours un bourdonnement ambiant : celui des insectes, celui de la foule. Tout semblait entrer en résonance, comme un fabuleux ballet. En cherchant des informations sur les origines des célébrations, j'avais eu une révélation : le Ryukkōsai était l'acceptation de la brièveté de toute existence, et le voyage de la vie se devait d'être partagé pour trouver du sens. Le Ryukkōsai était une rébellion face au Tumulte, qui venait nous attaquer comme une nuée de harpies. Une métaphore appropriée... car cette nuit attirait de nombreux prédateurs ailés, venus de toute la presqu'île pour participer aux festivités. La dernière fois, j'avais même vu la Chimère de Kesh attraper quelques Libellumines. Une vraie attaque de monstre gélatineux..."
e29fe229-44ea-4fea-be12-41b626a3d5cc,ALT_BISE_B_MU_56_C,Character,"Grand Bois",,"Fais une offrande de Sève et de rhum épicé, et Grand Bois bénira ton verger.","Grand Bois est un lwa du vaudou haïtien, qui préside aux plantes, aux arbres, aux herbes, et à tout ce qui pousse. Gardien de la nature, il peut être farouche quand il s'agit de défendre les formes de vie dont il a la charge. Évoquant la terre nourricière et l'humus d'où jaillit la vie, on lui témoigne, pour le solliciter ou l'apaiser, des offrandes sous la forme de miel, de feuilles et d'herbes, ainsi que d'un peu de rhum épicé.",RIN,"393 AC - Alors que je dévale la colline, me faufilant entre les épis de blé sauvage, je vois qu'Arjun, assis·e sur une souche, est en train de discuter avec l'Eidolon de Flore. Quand on était dans le Storhvit, iel m'avait parlé de sa nièce, restée en Asgartha. J'interromps ma course, en me disant, malgré ma déception, que je ferais mieux de pas les déranger. Parce que c'était un moment intime, comme quand j'appelais l'Eidolon de mon papa. Je bifurque en direction du verger, pour voir si je peux pas chaparder une poire, une grenade, ou une orange... Mais là encore, c'est une nouvelle déconvenue. Grand Bois s'y promène, entouré d'une nuée de beilleraves pollinisatrices. Et il serait probablement pas hyper content s'il me prenait à fureter entre ses arbres fruitiers. À moins que... Je fouille mes poches, pour y trouver un gâteau de Sève solidifiée et quelques tubercules qui viennent d'en bas.

Reste plus qu'à trouver du rhum, mais je doute qu'on m'en fournisse facilement, vu que j'ai pas l'âge... Non, il faut que je trouve une autre solution. Pendant une fraction de seconde, je me dis que je pourrais demander à Nev de m'aider, mais je secoue la tête. Quand on fait appel à elle, ça finit toujours en catastrophe... Je le surveille de loin, pour voir s'il y a pas une fenêtre que je pourrais exploiter. Je le regarde naviguer d'arbre en arbre. Parfois, c'est seulement pour leur témoigner une caresse, et à d'autres moments, il passe un peu plus de temps pour ""discuter"" avec eux. Bref, s'assurer qu'ils ont tout ce qu'il faut pour s'épanouir de la meilleure des manières. Tout à coup, un bêlement me fait sursauter, et je fais volte-face pour me retrouver nez à nez avec un mouton froufrouteux. Il est accompagné d'un jeune berger, en train de croquer dans une pomme. Machinalement, il m'en tend une, comme s'il avait compris mon manège."
c51483e7-f99d-41fe-84ab-7f61f297c42f,ALT_BISE_B_MU_57_C,Character,Arawn,,"La Chasse Sauvage libère les esprits agités.","Arawn est dans la mythologie galloise le souverain de l'Annwyn, l'Autre Monde des Celtes. Ce n'est nullement un royaume infernal, mais plutôt un paradis où règnent abondance et félicité. Figure psychopompe, il conduit l'âme des défunts vers ce pays. Mais dans certaines versions des légendes, Arawn est aussi chargé de traquer les esprits des criminels, quand ils souhaitent se soustraire à leur jugement.",TEIJA,"393 AC - Il y a quelque chose de comique à le voir chevaucher son cerf aux larges bois. Talonné par une meute de redoutables corgis, il a plus l'air d'un dog-sitter qu'un roi, mais je m'abstiens de le vocaliser. Je me force à garder ma contenance et à ne pas pouffer de rire, usant de tous les stratagèmes hérités de mon office de diplomate pour ne pas commettre d'impair. Car Arawn est l'un de ceux qui président à la Chasse Sauvage, et ses chiens sont les Cŵn Annwn, des limiers spectraux à la réputation terrible. Il tire sur la bride et arrête sa monture à côté de moi, tournant ses yeux de jade dans ma direction. Son regard est froid, sévère, et son silence attend une réponse. Il a besoin d'une proie, d'une cible, et je m'apprête à la lui donner. Traditionnellement, ce sont les Chasseurs Hellequins qui font appel à lui pour traquer les contrevenants, mais dans mon cas, c'est pour retrouver des disparus.

Tout en flattant l'encolure du cerf, je lui fais flairer les effets personnels de certains des égarés. Une fois cela fait, Arawn acquiesce, comprenant sa mission. Il fouette le flanc de sa bête, et le cervidé s'ébroue, avant de se lancer dans une cavalcade furieuse. Ses sabots luisants martèlent le sol, emplissant l'espace de tonnerre. J'espère qu'il arrivera à temps pour secourir les malheureux. Cela fait deux jours que l'expédition manquante n'a pas donné le moindre signe de vie, alors qu'elle devait rejoindre Mesektet à l'entrée du Sépulcre des Sages. Il était tellement facile de s'égarer ici. Mais ça, c'était dans le meilleur des cas. On avait appris qu'il y avait bien pire qui rôdait dans les ombres... Tout en croisant les doigts pour que sa traque soit couronnée de succès, je regarde sa cohorte de molosses passer à côté de moi. Aïe. L'un d'eux m'a mordu la cheville au passage."
aee9f493-38ab-4da6-9e79-6d5ff205a284,ALT_BISE_B_MU_58_C,Character,"Le Minotaure",,"Robuste comme le vieux chêne dont les racines s'étendent sous terre.","Victime d'une malédiction divine, Pasiphaé, reine de Crète, tomba amoureuse d'un taureau blanc, don du dieu Poséidon. Le Minotaure fut le fruit de leurs amours. Devant la férocité de ce dernier, Minos, son époux, demanda à Dédale, après avoir consulté l'oracle de Delphes, de faire construire un prodigieux labyrinthe pour enfermer l'homme à tête de taureau. Bien plus tard, le héros Thésée s'aventura au sein du dédale, pour triompher de la bête sanguinaire une bonne fois pour toutes.",TEIJA,"393 AC - Les anciens mythes parlent d'un antique roi, du nom d'Astérion, époux de la princesse phénicienne Europe. Cette dernière s'était unie préalablement au dieu Zeus, qui était venu sous la forme d'un taureau blanc. De leur union étaient nés Minos, Rhadamanthe et Sarpédon. Plus tard, Pasiphaé, la femme de Minos, s'est unie à un taureau blanc, cette fois envoyé par Poséidon. Et le fruit de leurs amours fut le Minotaure, lui aussi nommé Astérion. Je ne suis pas historienne, mais en parlant avec Abiram durant un cocktail mondain, je n'ai pu que souligner l'écho entre ces deux histoires, et avec la nôtre en tant que civilisation. D'après les précis historiques découverts sur la route, nous étions probablement sur la lisière d'un territoire autrefois appelé ""Europe"". Le siège de notre gouvernement est lui aussi appelé l'Astérion. Initialement, j'avais pensé que c'était pour évoquer l'idée d'une étoile, d'un phare dans la nuit. Mais peut-être me trompais-je.

Alors que je regarde ma version du Minotaure méditer sous la frondaison d'un arbre, je laisse mon esprit dériver vers ce genre de considérations. Mon Astérion n'a rien d'une bête enragée. C'est plutôt une créature placide, comme les taureaux le sont souvent, hormis si on leur cherche des noises. Mais à y réfléchir, le Minotaure illustre bien ce que nous sommes, en tant qu'individus ou même en tant que civilisation. Des créatures matérielles, mais aussi façonnées d'idées ; ainsi que l'alliance entre le domaine de l'imaginaire et le réel. Oneiroï et mortels. Union chimérique. Si les légendes disaient vrai, un âge où figures de l'imaginaire et humains pouvaient s'unir de la sorte avait réellement existé. Qu'en était-il alors de ces hybrides, et quel était leur statut dans l'ordre des choses ? Le Minotaure s'ébroue, et fait mine de se relever. Il semble que la pause soit terminée, ainsi que le temps de l'introspection."
355f132a-0e16-4a79-bc25-d27968363c65,ALT_BISE_B_MU_59_C,Spell,"Dissémination de Sève",,"20 % de Sève, 40 % d'eau, 40 % d'amour. 100 % bio.",,RIN,"393 AC - Je m'étire de tout mon long pour soulager mon cou et mon dos, bien courbaturés à cause de mes treks répétés et du travail à la Ferme, quand je ne suis pas en expédition. Autour de moi, les autres maraîchers aspergent de la Sève sur les plants, et notamment les beilleraves qui vont nous aider à la propager à toutes les cultures. Je secoue mon vaporisateur, pour m'apercevoir que ma bonbonne est presque vide. Pshiiit, pshiiit. Un peu ici, un peu là. C'est presque magique. Quand on diffuse le produit le soir, on peut déjà voir en se réveillant le lendemain que les pousses ont grandi, et que les légumes ont pris du poids et du volume. Sans parler des saveurs... Même mes recettes les plus basiques s'en étaient vues transformées, gustativement parlant. Ma ratatouille de tomates, de courgettes et d'aubergines, rien à voir ! Mes portobellos farcis, incroyables ! Rien que de les rôtir au barbecue... c'était le paradis !

C'est étrange, quand même, que la Sève ait cet effet-là sur la nourriture. C'est un peu comme la miraculine. C'est comme si ça changeait le palais. Plus de goût, plus de parfum. Et c'est pareil pour les textures. Comme si les ingrédients exprimaient plus de vie, ou de joie de vivre. Pas plus tard qu'hier, on s'est régalés avec Kiddo avec un ceviche de truite assaisonné aux herbes. Le bouquet de senteurs des aromates, avec des lamelles de figues et juste ce qu'il faut d'agrumes, était oufissime ! Je vaporise les dernières gouttes de Sève sur la base d'un chou-fleur et rengaine mon spray. Il va falloir que j'aille le remplir. Mais en attendant, j'ai bien mérité une petite récréation ! Je fais signe à Aja que je prends ma pause, et commence à escalader la colline. Si ça se trouve, Arjun est dans les parages, et peut-être qu'iel aura envie d'un goûter..."
bfb2af39-96e7-49e2-829d-90ce8b1b6846,ALT_BISE_B_MU_60_C,Spell,Requiem,,"Préserver l'harmonie. Maintenir l'équilibre. Parfois quelque chose doit mourir pour qu'autre chose puisse vivre.",,TEIJA,"387 AC - Je patauge dans le sang, tremblante. Autour de moi, le carnage est tel qu'il me donne un haut-le-cœur. La bête n'a eu aucune pitié, saisie par une frénésie meurtrière. Les autres animaux n'avaient aucune chance. Je me baisse sur chaque membre de ce troupeau de daims. Je vais de dépouille en charogne dans l'espoir d'en soigner un, mais c'est peine perdue : il n'y a pas de survivant. Une clameur lointaine attire soudain mon attention. Les bruits caractéristiques d'une poursuite animent les abords du Fagn. Nauraa m'offre son dos, et je bondis dessus. Nous filons à travers les arbres en direction de la clameur. Le renard bondit entre les taillis, les souches d'arbres, se baisse pour éviter les branches... En quelques instants, nous rejoignons la petite troupe de Chasseurs Hellequins — reconnaissables à leur coiffe faite de ramures — qui se sont mis aux trousses de l'animal enragé. Ils avancent en ligne pour rabattre leur proie vers le piège fatal. La froideur et la détermination se lisent sur leurs visages. Ils soufflent dans leurs cors une sinistre mélopée, un requiem. Je frissonne.

Nauraa accélère. Il sait où aller, guidé par son flair et son instinct. Je lui fais confiance, couché sur lui pour ne pas gêner sa course. Après une farouche cavalcade, il s'arrête enfin. Face à nous, le cervidé corrompu par le Fagn nous toise avec un air de défi. Il est prêt à charger. Je n'ai même pas le temps d'ouvrir la bouche qu'il bondit ! Mais avant que je ne puisse faire quoi que ce soit, une lance le cueille en pleine course au thorax, et il s'écroule, glissant sur le sol jusqu'à mes pieds. Je réalise alors que le coup vient de derrière moi : une Chasseresse, soigneusement camouflée. Elle arbore le sigle des Moissonneurs. Elle approche de la bête, dont le souffle est désormais rapide, court et lourd. Elle extrait sa lance de l'animal, dans une plainte horrible, pour assener son coup de grâce. Je ne peux retenir un cri d'épouvante. Elle se tourne vers moi, et je vois apparaître sur son visage les ""larmes du devoir"", versées rituellement par les Hellequins pour les vies qu'ils sont contraints de prendre, au nom de la préservation de l'équilibre de la nature. C'est le credo de ces combattants Muna, en marge de leur communauté. Je serre fort Nauraa dans mes bras, tandis qu'au sol, un liquide noir s'écoule des yeux et des blessures de l'animal..."
78b980ca-5c13-4018-ab0c-2e821d31e512,ALT_BISE_B_MU_61_C,Spell,Nourrissement,,"La faim justifie les moyens.",,TEIJA,"393 AC - Je sirote mon verre en l'attendant. Nul doute que des formalités administratives sont en train de l'accaparer à l'hôtel de ville. Alors que je suis attablée, j'observe la foule autour de moi. Le Mess n'est pas bien rempli, aujourd'hui — quasi vide, en réalité. Peut-être que peu ont eu le droit à une permission, maintenant que l'exploration du sous-sol a pris son rythme de croisière. Mais il y a là quelques familles, dont des enfants encore en âge d'aller à l'école. Ils ne sont pas très nombreux, mais  pour une poignée d'individus-clés, à des rôles décisifs, certaines dérogations avaient été accordées pour ne pas séparer les familles. J'avais d'ailleurs récemment pu discuter avec quelques précepteurs en charge des bambins, qui s'étaient plaint que depuis notre arrivée dans la Chape, beaucoup faisaient l'école buissonnière. Et rien de plus normal, après avoir dû rester calfeutrés dans l'Ouroboros pendant des mois. Le grand air était une tentation contre laquelle il était difficile de lutter.

À côté de moi, deux garnements passent leur commande. Eux ont la chance de pouvoir venir au Mess aux heures creuses pour éviter les cohues, et Hestia se montre toujours généreuse quand il s'agit de menus enfants. Bien trop généreuse, à mon humble avis. Mais je peux déjà l'entendre me répondre que l'alimentation est cruciale, surtout à cet âge, et qu'une tête bien faite commence par un corps bien repu . Et quand je vois les plâtrées qui sont déposées face à eux, je ne peux m'empêcher de lever les yeux au ciel en souriant. Le pire, c'est que Nauraa est d'accord avec elle. Je peux même l'entendre agréer mentalement en mon for intérieur. Heureusement, la production journalière au sein de la Ferme permet de garantir des portions gargantuesques. Une main se pose sur mon épaule et je me retourne en souriant."
4ea364e5-1393-47e7-a3f1-f154dfbf3ae4,ALT_BISE_B_MU_62_C,LANDMARK_PERMANENT,"La Ferme",,"Pour fournir le Mess, il faut une exploitation capable d'assurer son approvisionnement journalier.",,ARJUN,"393 AC - La charrette remplie de caisses de fruits et de légumes s'arrête à ma hauteur, et le maraîcher qui la conduit m'invite à le rejoindre. Je ne me fais pas prier, et prends place sur le siège à ses côtés. Je suis rompu·e par ma balade de la journée, et cette aide providentielle arrive à point nommé. Mais alors que l'attelage se met en branle, je regarde une dernière fois en arrière, vers la paisible Ferme. Les ailes du moulin tournent langoureusement, actionnées par le vent qui souffle sur la Chape, tandis qu'au-dessus, le feuillage en lourdes grappes du cyprès s'agite et bruisse. L'exploitation agricole et l'arbre se sont formés dans un même mouvement par le biais de l'Altération. Granges, silos et greniers s'enchâssent naturellement dans le gigantesque tronc pour bénéficier de son couvert et de sa température constante. Tout autour, des paysans Muna — bien heureux d'avoir quitté l'Ouroboros — travaillent aux champs, dans les vignobles ou les vergers.

Je me tourne vers mon bienfaiteur, et nous nous mettons à deviser cordialement de la cargaison colorée et agréablement parfumée qu'il a chargée à la Ferme : oranges et grenades, potirons et champignons, et même quelques bouquets de fleurs... Tout semble avoir été nourri à la Sève. Je plisse le front, quelque peu préoccupé·e. Comme je pouvais m'y attendre, son contenu sera Salut distribué çà et là au sein de l'avant-poste, et principalement au Mess. Tout l'excédent sera ensuite acheminé vers le marché qui se tient tous les matins sur la grand-place, en face de l'hôtel de ville Ordis. Peut-être devrais-je d'ailleurs apporter un panier garni à Rin ? Ces derniers temps, pour me remercier de l'avoir sauvée durant l'ascension du Cais Adarra, elle n'arrête pas de me cuisiner des petits plats, tous plus savoureux les uns que les autres. Je souris en repensant à l'excitation qui la gagne à chaque fois qu'elle parle de nourriture ou me détaille ses recettes. Qui aurait pu croire qu'en plus d'appartenir à un Exalt, elle se doublait d'un véritable cordon bleu ?"
8b66b309-5780-40e3-aa44-b07e0e12c9ce,ALT_BISE_B_MU_63_C,LANDMARK_PERMANENT,"Le Sous-Bois",,"La nature reprend toujours ses droits.",,RIN,"393 AC - C'est quand même dingue que tout un écosystème ait pu se développer ici, quasiment sans la lumière du soleil. Bien sûr, à cette profondeur, les rayons du jour filtrent encore un peu à travers la canopée et les énormes réseaux de racines, mais le mieux qu'on puisse avoir, c'est ce genre de luminosité diffuse et tamisée. Au-dessus de ma tête, une arche végétale abrite des blocs bleutés veinés d'or. C'est bizarre qu'ils aient pu arriver jusque-là. Possible qu'ils aient poussé directement ici, d'ailleurs. Bon, peut-être que je vais devoir faire un peu d'escalade, histoire de les regarder de plus près. En dessous, en l'absence de lumière, les pierres apparaissent presque noires, alors qu'en vérité, elles sont plus bleu nuit. Mais le problème, c'est que je vais devoir passer sur un parterre de moisissures roses, qui m'ont fait éternuer pendant toute une après-midi la dernière fois que j'ai tenté de les traverser.

Bon, c'est pas tout ça, mais quand faut y aller, faut y aller. Je prends le châle de soie qui pend à ma ceinture et le noue autour de mon visage, pour éviter de respirer le pollen que chacun de mes pas va soulever. Ce serait un comble de déclarer une allergie à ces trucs, surtout qu'il y en a quasi partout. Mais avant ça, j'ai une expérimentation à faire. Je m'ouvre au Skein de ce lieu, et cherche son contact. Immédiatement, les masses de feuilles au-dessus de ma tête se colorent de rose, comme en mimétisme à l'idée du Fuseau qui existe dans ma tête. Les racines et les troncs se veinent d'or, comme les blocs sombres. Et soudain, je comprends la réalité de ce biotope. Je comprends que cet habitat n'a pas été colonisé par des plantes invasives venant de la surface. C'est comme une extension de la Cité, qui a pris possession de cet endroit. Et tout au fond du réseau de conscience, il y a une présence qui ouvre les yeux."
e6199bd0-30ec-4dce-bdd9-867e404f10ae,ALT_BISE_B_NE_01_C,Mana,"Mana Convergence",,"Mana is the cement that binds ideas and reality.",,,
212052f8-a0d4-4571-ba15-aa4a4bf494bc,ALT_BISE_B_NE_FOILER_C,Foiler,Foiler,,,,,
edd0cf7c-cdfd-4fb7-9497-74ae59fafce6,ALT_BISE_B_OR_02_C,Hero,"Waru & Mack",,"La bureaucratie est un art qui exige une grande planification.",,WARU,"392 AC - Caer Oorun, la Province Perdue. Deux cent soixante-dix-sept ans après l'abandon de ce territoire aux... tentacules du Kraken, cette contrée était de nouveau foulée par les Asgarthi... Presque trois cents ans, et que de choses oubliées, que de mystères à éclaircir ou redécouvrir. Que de temps perdu. Je soupire et inspecte la ruine, recouverte de mousses, de lichen et de lierre. Un corps de ferme, probablement, dont les murs se sont effondrés à cause de l'érosion et du manque d'entretien. Il devait y avoir là une grande étable, ici un puits... Mack est posé sur un muret, se curant nonchalamment les griffes. Il avait sûrement hâte de regagner l'Ouroboros, pour replonger dans les intrigues fascinantes qui s'y jouaient en permanence. Entre les opposants à l'Effort de Redécouverte, et les officiers qui se comportaient comme des sycophantes tout en briguant plus de pouvoir, il y avait certainement de quoi faire, là-bas.

Mais nous étions désormais un Exalt, et notre mission première était d'explorer le vaste monde, tout en gardant bien sûr un œil attentif sur les autres champions d'Asgartha. Et de toute façon, il fallait bien que mon Alter Ego cède parfois aux caprices de sa vieille moitié. Mack secoue la tête, exprimant sans fard son ennui. Lui n'était clairement pas aussi intéressé par les vieilles pierres. Et malgré toutes mes tentatives de l'initier à l'histoire, à l'archéologie ou à l'étude des temps passés, rien n'avait capturé longuement son attention. Je lui souris, tandis qu'il se laisse tomber à la renverse dans l'herbe drue et se met à gesticuler comme un impatient garnement. Patience, mon ami. Une porte vermoulue gît sur le sol, ensevelie sous des gravats et un tapis de mauvaises herbes. En faisant appel à mon imaginaire, je recompose ce que la bâtisse devait être à l'origine. Des images-fantômes se mettent à se mouvoir devant moi, comme une saynète vestigiale, un fantasme de ce que pouvait être le passé. Tel un voyeur, je les contemple."
658172aa-3674-4fa7-bb80-8376d04841c2,ALT_BISE_B_OR_03_C,Hero,"Gulrang & Tocsin",,"L'idéal de l'Ordis repose sur la patience et l'endurance.",,TOCSIN,"392 AC - La pluie tapote contre ma peau de marbre ; Le Kraken rugit, émergeant des sombres eaux ; Résonne mon vaillant cor entre monts et vaux ; Malgré le vent, je ne ploierai pas comme l'arbre ; Portées par le devoir, nul besoin de palabre ; Les troupes chargent, nimbées du pressant halo ; Du courage, de la gloire comme un manteau ; Fendre, fendre, sortez au clair, lances et sabres ; Sable noir où roulent les trépidantes vagues ; Ô, ondées traîtresses où sont cachées des dagues ; Fendre, fendre, que tombent les serpents sifflants ; Pour que la vile bête pour l'éternité sombre ; Et pour qu'enfin, l'espoir rayonne, étincelant ; Faites ployer l'ouragan devant votre nombre... Ha ! Je reçois soudain un sermon de la part de Gulrang, m'intimant au silence. Pas un moment pour la poésie ? Ce n'est pas parce que se dresse devant nous un redoutable ennemi que nous devons mettre en sourdine nos prétentions artistiques. Mais soit !

Debout sur mon piédestal de pierre, je souffle longuement dans mon trombone, signalant aux lanciers de se mettre en branle. Gul se tient parmi eux, son lourd pavois brandi pour couvrir leur avancée. Elle me dévisage et me fait un discret signe de tête. Je fais de nouveau tonner mon instrument, appelant tous les soldats à prendre position. À l'unisson, fifres et percussionnistes Lyra se mettent à jouer en cadence, mais rapidement, le concert se transforme en cacophonie au gré de tous les mouvements de troupes. Ha ! Il va leur falloir un chef d'orchestre pour battre la mesure. J'avertis Gulrang, et sens en retour les idées qu'elle canalise filtrer à travers mon être pour se déverser sur le monde. Des Glyphes signifiant tour à tour ""Coordination"", ""Arrangement"" et ""Harmonisation"" se dessinent sur ma conque. Et j'expire de toutes mes forces dans le cor, mes mécanismes intérieurs servant de soufflerie pour les propager sur tous les troubadours..."
717ec96b-fa2d-41bd-8f2a-6e9a5eb49b89,ALT_BISE_B_OR_31_C,Token,"Recrue Ordis",,"Nous sommes votre escorte.",,,
a9d11f2f-466e-4750-9047-eb89c5ceb503,ALT_BISE_B_OR_49_C,Character,"Crieur Ordis",,"Plus il colporte, mieux il se porte.",,SIGISMAR,"393 AC - On est bien loin, mais vraiment bien loin de la sérénade. Ses jacassements emplissent la placette, parodies de voix humaine, tandis que les geais qui lui servent d'assistants déroulent péniblement le rouleau d'appel. Je ne sais pas qui a choisi de confier l'énumération des noms à un cacatoès, mais si c'est une blague, elle est de mauvais goût... OK, on lui demande pas de chanter du Verdi, mais là, c'est un peu comme faire crisser de la craie sur un tableau noir. Je me masse les yeux. Je suis à deux doigts de déposer une doléance. Mais je sais très bien ce qu'on va me répondre. Dura Lex, Sed Lex. C'est comme ça. Je fusille du regard l'animal, dont la crête monte et descend au gré de ses tirades. Fedyr, Mervyn, Azad... Il bat des ailes et balance des salves de noms, tandis que la régisseuse distribue les affectations. Bon sang, c'est comme si j'étais de nouveau dans une salle de classe avec le professeur faisant l'appel.

Le choix avait été fait de ne pas passer par le Gestalt pour pouvoir avertir les autres Factions à l'oral de besoins éventuels, mais si je mettais la main sur le document, je balancerais ça direct à tous les Ordis connectés pour simplifier la procédure... Du coin de l'œil, je vois que Sun est en train de me dévisager avec insistance. Si la patience n'est déjà pas mon fort, c'est vrai qu'elle est encore moins endurante que moi. Je la sens bouillonner et, la connaissant, elle ne se contente pas de taper du pied. Si je me connectais à son esprit, je suis sûr que j'assisterais à des visions d'horreur. Genre les mille et une façons de déplumer et de rôtir un stupide volatile. Au four, à la poêle, en bâtonnets frits, à la casserole... Je souris malgré moi, et elle le remarque. Je sens son esprit frôler le mien et j'ai le malheur d'ouvrir le canal. ""Quoi, qu'est-ce qu'il y a ?"" ; ""C'est bon, j'ai le droit de pester, non ?"". Elle peste autant voire plus que le maudit sac à plumes..."
e39acf32-b0c4-4532-ba1e-ccfc58fdf4d4,ALT_BISE_B_OR_50_C,Character,"Comptable Ordis",,"Il a une fâcheuse tendance à vous assommer de chiffres.",,WARU,"393 AC - À chaque fois qu'une personne est appelée, le comptable annote et griffonne sur son long rouleau. Nombre de rations, quantité de Kélon allouée, matériel fourni... Il consigne qui est affecté où, dresse le détail des effectifs de chaque équipée. Nous avons besoin de ce décompte exhaustif, afin de rationaliser nos efforts logistiques. Peu le savent, mais la traversée du Storhvit a été coûteuse. Il a fallu tirer sur la corde, optimiser les allocations de matériel en fonction des besoins, en étudiant chaque mission pour ne fournir que le strict nécessaire. Nous nous sommes consciemment retenus de demander le soutien d'Asgartha. Le faire aurait voulu dire prendre le risque que l'Effort de Redécouverte ne soit vu que comme un gouffre financier. Et cela, nous ne pouvons nous le permettre alors que se préparent les élections. Nous nous devons de mettre toutes les chances de notre côté, même si cela veut dire se serrer la ceinture. Même si cela veut dire mettre quelques expéditions en difficulté, voire en danger.

Et j'avais dû faire bien des concessions. Le fait que Sigismar ait fait jouer ses relations pour resserrer les cordons de la bourse de l'Isura n'avait pas aidé. Heureusement, grâce à Mack, j'avais eu le temps de prendre mes dispositions et d'adapter mon complexe montage financier, que ce soit par le biais de sources de subvention alternatives ou en puisant dans mes fonds propres, le cas échéant. Je ne pouvais pas lui en vouloir, au final. Il croyait bien faire, et ignorait que je détournais certains capitaux pour les réinjecter dans le rêve d'Avkan. Mais cela n'empêchait pas que nous étions passés très près de la banqueroute... Je soupire. Alors que le trésorier continue d'inventorier méticuleusement les dépenses, j'ai la désagréable sensation qu'un élément m'échappe, ou d'avoir oublié quelque chose de crucial. Je grommelle, et essaie tant bien que mal de mettre cette idée fixe et tenace de côté."
0c079e7a-90f8-47f0-bade-3d2e9e6a1091,ALT_BISE_B_OR_51_C,Character,"Commis du Personnel",,"Ne vous aventurez pas seul dans les profondeurs.",,SIGISMAR,"393 AC - Je soulève la toile de la tente, manquant de me faire bousculer par la personne qui en sort. Visiblement furieuse, cette dernière tient dans sa main un ordre d'affectation tamponné. Je l'entends grommeler tandis que je rentre à sa place. Même à l'intérieur, il y a la queue. Face à moi, la commise du personnel classe ses papiers. Des piles de feuilles volantes l'entourent, formant un véritable mur sur son bureau. De son seul œil valide, elle observe et adresse tantôt un sourire goguenard, tantôt une mine sévère ou au contraire encourageante. Sous-Bois, escorte. Tombeau, relais de communication. Hôtel de ville, soutien administratif. Les missions sont données, avec chaque fois des consignes écrites. Je soupire, attendant patiemment mon tour. J'avoue avoir été surpris quand mon nom a été prononcé, et que les termes ""affectation spéciale"" ont été énoncés. On ne pouvait pas faire plus cryptique, mais c'était sûrement d'un enjeu majeur, vu le niveau de confidentialité.

Je ne peux m'empêcher, tout en faisant le planton, d'étudier la carte derrière elle, celle de l'abîme, où sont épinglées les demandes urgentes de renforts. Bigre, y'en a partout. Et pas que pour les coins les plus reluisants. Je soupire et reporte mon attention sur la clergesse. Outre les montagnes de papier, la commise n'a face à elle qu'un simple tampon. Ordinairement, c'est le sésame. Celui qui décide si oui ou non on est en état d'être déployé.  C'est enfin mon tour. Alors que je me mets au garde à vous devant elle, je me présente, énumérant mon titre, mon grade, mon nom. C'est le moment de découvrir ce qu'est cette ""affectation spéciale"" dont j'ai été affublé aujourd'hui. J'espère seulement que ça va occuper toute ma journée... Elle me demande mon certificat de santé, le parcourt du regard avant d'abattre son tampon sur l'ordre de mission et de me le tendre. Je le déplie tout en sortant de la file. Mais c'est une blague ?"
459ae53a-4845-4a34-8637-00978e97a1cb,ALT_BISE_B_OR_52_C,Character,"Leo, Expert en Reliques",,"Certains savoirs anciens ne doivent pas tomber entre de mauvaises mains.",,WARU,"393 AC - Le soir est en train de tomber au-dehors. L'Eidolon est penché sur l'objet que je viens de poser sur son bureau, déjà jonché de parchemins, de livres et de cartes. Je l'ai ramené d'un chantier de fouilles situé à mi-profondeur de la Cité des Sages. Faire le coursier pour Leocardius est toujours un plaisir. J'avais d'ailleurs sollicité cette mission intentionnellement, pour pouvoir bénéficier d'un peu de son temps. Alors que nous avions pris l'habitude d'échanger quotidiennement à propos de nos découvertes en Caer Oorun, la traversée du Storhvit et sa nomination par l'Amirale Singh en tant qu'expert nous avaient empêchés de nous voir pour converser, ces derniers temps. Les occasions étaient devenues rares. À vrai dire, j'en étais venu à savourer chacun de ces moments avec l'archéologue, comme des coupures bienvenues dans mon agenda de ministre. Sa connaissance, sa soif de savoir ainsi que son espièglerie — digne d'un écolier — étaient des plus... rafraîchissantes. Il me jette un regard et saisit sa loupe pour examiner sous toutes les coutures le coffret métallique en forme d'octaèdre que j'ai déposé face à lui.

Il murmure des petits commentaires pour lui-même, effleurant cette boîte gravée de formes géométriques. Il parcourt la relique du bout des doigts, analysant chacune de ses faces avec attention. Puis il s'arrête à un endroit, semble retenir son souffle et exerce une légère pression. Avec un petit clic, le coffret s'ouvre, tandis qu'une lumière vive émane de l'intérieur et éclaire son visage. Une figurine de Sève, dont l'apparence singe celle d'un dragon. J'étais déjà parvenu à l'ouvrir, bien entendu, mais c'est sa réalisation qui m'importait. Son contenu en tant que tel n'importait que peu, en réalité. C'était une babiole sans valeur artistique ou historique évidente. Mais la démarche, en revanche... Leo pousse un petit juron, et manque de faire choir sa loupe. Oui, ce qui était notable était son contenant. Pourquoi mettre à l'abri une babiole pareille ? Pas pour la qualité de l'ouvrage, mais pour le matériau. Mais la question sous-jacente était plus dérangeante encore. À l'abri de quoi ?"
23768018-7967-42aa-bb6e-5b5124325004,ALT_BISE_B_OR_53_C,Character,"Régisseuse Ordis",,"Au sein de la garnison, elle décide de chaque affectation.",,GULRANG,"393 AC - Je regarde toujours avec circonspection l'appel des nouveaux enrôlés. Je n'arrive jamais à déterminer si c'est un bienfait, ou au contraire, un malheur. Un peu comme à la loterie, en fin de compte. Est-ce une bonne chose que d'engager de nouvelles recrues ? Bien entendu. Cela va nous permettre d'accélérer le mouvement de l'Effort de Redécouverte, de soulager certains soldats qu'on démobilise, ou de renforcer des troupes sur le front... Et à la fois... À la fois, je me demande toujours si au final, ces gens ne seraient pas mieux ailleurs, pour aider les populations restées en Asgartha, pour développer leurs talents personnels, ou que sais-je encore ? Je suis toujours un peu déchirée face au recrutement. Combien savent vraiment pour quoi ils signent ? Quels sont ceux qui savent que c'est leur vocation, et ceux qui ne sont là que pour des raisons romancées ? Et à chaque fois, peut-être égoïstement, cela me fait repenser à Kojo.

La régisseuse, dans son uniforme rutilant et chargé pour épater (ou rassurer) les foules, hurle des noms et des affectations. Comme je disais, on dirait un bingo, au final : untel affecté au Tagmata, unetelle assignée à l'intendance... Heureusement, bon nombre d'entre eux n'iront pas au front si on en juge par les attributions et les convocations. La directive, depuis le Storhvit, demeure de ménager les forces d'exploration. Et ce n'est pas plus mal. J'ai vu ce qu'il y avait là-dessous, et ce n'est pas une promenade de santé. L'administratrice continue de s'époumoner alors que je laisse défiler mes pensées. Je me demande pourquoi elle n'utilise pas un micro et un ampli derrière son pupitre. Elle doit aimer hurler, sans doute... Question de démonstration de puissance ou d'autorité, peut-être ? Je jette un œil à Tocsin et je souris. Peut-être devrais-je lui demander de prêter son porte-voix..."
b419641e-ade5-4e51-b637-e25161534a70,ALT_BISE_B_OR_54_C,Character,"Templière de l'Aegis",,"Les Templiers veillent sans relâche à la sécurité des lieux.",,GULRANG,"393 AC - Le Templier dirige sa monture avec grâce et habilité sur les parois de l'Œil du Corbeau. Le lézard géant profite des anfractuosités et des vignes pour descendre le long du puits, se laisse tomber par moments, avant de sautiller à nouveau de rocher en rocher. Mais cela ne semble pas déranger son équipage outre-mesure. Ni le chevalier ni son écuyère n'ont l'air incommodés par les accélérations ou les à-coups du reptile. Je fais signe à mon enseigne d'éteindre le feu et de transmettre aux troupes de se préparer à lever le camp, lorsque les premières directives de notre cheffe d'expédition me parviennent à travers le Gestalt. Pas un Templier, donc, mais une Templière. Je serre les dents et essaie de ne pas propager mon ire aux autres, même s'ils savent déjà que je n'apprécie guère Kaaba. Toujours en selle, la Templière s'arrête à côté de moi et ôte son heaume, avant de me toiser avec sévérité. Derrière elle, son écuyère n'essaie même pas de masquer sa suffisance.

Kaaba met pied à terre, tandis que sa rutilante armure cliquette bruyamment. Impeccable, bien entendu. Et même si je sais que sa valeur n'est plus à prouver, je ne suis pas sûre d'être à l'aise avec ce que cela signifie pour notre incursion. Si un mot devait définir Kaaba, ce serait l'ambition. Et la témérité n'était pas loin derrière. Elle étrécit les yeux, consciente de ma désapprobation, et je me fends d'un salut militaire aussi protocolaire et solennel que possible, tout en me disant qu'elle va nous forcer à descendre loin, au mépris de la prudence et de la sécurité de mes troupes. Et vu nos altercations passées, il était sûr qu'elle allait me cantonner à un rôle subalterne, pour mieux s'accaparer l'autorité. J'ai la réponse à ma question de ce matin. Cette affectation est définitivement un malheur. J'espère juste que nous n'allons pas trop souffrir de sa prétention et de son orgueil..."
5d9b4d51-1e22-48d6-b1d9-a69a63060070,ALT_BISE_B_OR_55_C,Character,"Inspecteur Sanitaire",,"L'utilisation d'ingrédients non testés est la recette du désastre.",,WARU,"393 AC - Consciencieusement, il note tout dans son calepin, coche les cases au fur et à mesure de son enquête. Conception de l'infrastructure : peu satisfaisante, au vu de l'ouverture de la cuisine sur l'extérieur. Salubrité générale des locaux : peu satisfaisante, mais quoi de plus logique, quand des milliers de personnes défilent chaque jour dans l'enceinte de l'établissement. Hygiène du personnel : peut mieux faire, surtout le commis à poils, qui devrait porter des gants. Il passe en revue tous les points : lutte contre les nuisibles, qualité de l'eau, contrôle de la température, formation du personnel... Mahmoud me transmet toutes les informations via le Gestalt. À travers ses yeux, je vois ce qu'il voit. Il me fait part de ses commentaires, et même s'il comprend ma démarche, il est éminemment critique sur ma volonté de faire fermer le Mess. Car s'il est un inspecteur sanitaire des plus inflexibles, il est aussi un amoureux de la bonne chère. 

Contrôle des denrées alimentaires... Ah, nous y voilà donc. Mahmoud demande à récupérer tous les documents relatifs à la chaîne alimentaire, les fait défiler devant ses yeux. Il me les partage, bien entendu, non sans me lancer de petites piques acerbes au passage. Qu'il le fasse donc, peu me chaut. Ce qui m'importe, c'est que tout soit consigné de façon officielle, pour que je puisse lancer la suite de la procédure. Sans surprise, tous les ingrédients viennent soit de la Ferme, soit des soutes de l'Ouroboros quand il s'agit de choses non périssables. Des gâteaux de Sève... Voilà donc. Là encore, en provenance de la Ferme. Il fait signe à l'Eidolon d'Hestia, qui depuis tout à l'heure lui lance des éclairs avec ses yeux. L'Oneiros n'aime pas qu'on se mêle de ses affaires. Mais Mahmoud n'en a cure. Il a l'habitude de ne pas être aimé. Tout à coup, il remarque qu'une part de pâtisserie meringuée est déposée devant lui, presque en catimini. Tiens donc, ne serait-ce pas une tentative de corruption ?"
a8b3a7da-5bc6-4f8a-9e92-d359b8981f85,ALT_BISE_B_OR_56_C,Character,"Fiore dei Liberi",,"« Je suis l'épée, mortelle contre toutes les armes ! » — Fiore","Premier maître d'armes de l'école italienne, Fiore dei Liberi est né à Premariacco aux alentours de 1350. Il est l'auteur d'un manuel d'apprentissage complet des arts de combat : ""Fior di Battaglia"". Il y traite de la manière de combattre à mains nues, armé de différentes armes, protégé ou non par une armure, à cheval ou à pied. Il aurait combattu cinq autres maîtres d'armes en duel pour défendre son honneur... avec des épées aiguisées et sans armure (à l'exception de gants et d'un gambison), en sortant à chaque fois vainqueur et indemne.",KOJO,"393 AC – OK, j'avoue, il a du panache. Par contre, je suis pas entièrement convaincu par son accoutrement, même si je suis un peu responsable de son apparence. J'avoue, j'ai peut-être lu un peu trop de livres avec des mousquetaires durant mes perms sur l'Ouroboros. Un grand chapeau surmonté d'une plume blanche, un pourpoint bleu élégant, de hautes bottes remarquablement cirées et une rapière d'excellente facture... Ouais, c'est clairement de mon fait. Et si Atsadi m'a pas grillé, c'est qu'il est vraiment myope comme une taupe. Sourire impeccable encadré d'une fine barbiche, pas humble pour un sou... Autant Atsadi est discret, avec une rage silencieuse, autant Fior di Latte est extraverti, volubile et fanfaron. Un peu comme moi, quoi. C'est le haïku versus le poème épique, en somme. Si Waru avait été là, il aurait dit un truc comme : ""l'épure du geste et l'orthodoxie de la posture, face à la décontraction et la démonstration de style ; un combat en alexandrins, pour des rimes de fer"".

J'essaie comme je peux de saisir tout ce qu'ils font, juste en regardant. Pour apprendre, faut commencer par observer. C'est ce que tout le monde dit, non ? Et dans le domaine, j'ai l'impression d'avoir un retard de dingue, genre limite imposteur. C'est pas comme si j'étais passé par le cursus tradi de la formation Bravos. J'étais là que parce que j'avais roulé des mécaniques et que j'étais tombé par hasard sur Boo, au final. Le bruit du de l'acier me ramène au présent. Allez, rince-toi l'œil, analyse bien ce qu'ils font. Atsadi est en position défensive, comme s'il attendait le bon moment pour frapper. Fiore, lui, est dans la verve, et il tchatche comme il ferraille. Comme une diatribe de fer et de vers, de gestes et de verbe. En escrime comme en palabres, il compose, un peu artiste sur les bords. Pendant une fraction de seconde, je me demande si son style ne me correspond pas plus, au final. Je secoue la tête. Non, je serai l'Écuyer d'Atsadi !"
56aa0102-85b5-4c2b-af36-817340da2bd4,ALT_BISE_B_OR_57_C,Character,Ariane,,"« Suivez le fil, et vous me trouverez. » — Ariane","Héroïne de la mythologie grecque, Ariane est la fille de Minos, roi de Crète, et de Pasiphaé. Séduite par Thésée, elle l'aide à s'échapper du labyrinthe dans lequel le Minotaure est enfermé, en lui fournissant une bobine de fil contre la promesse de l'épouser. Une fois le monstre vaincu et libéré du dédale, Thésée, revenant sur sa parole, finit par abandonner Ariane sur l'île de Naxos.",YANNA,"393 AC - Être en charge de la matérialisation d'Ariane a ses avantages, je suppose. Elle est un nœud central, duquel partent tous les fils que les expéditions suivent. Ce sont leurs cordes d'assurance, leurs planches de salut si elles souhaitent remonter au plus vite. Et le Losange que j'ai apposé sur sa peau, bien dissimulé sous sa tunique, est un atout de poids pour le Qorgan. Par l'intermédiaire d'une fréquence cachée du Gestalt, je peux monitorer tous les déplacements, toutes les découvertes, du moment qu'un Ordis se trouve à l'autre extrémité. C'est la raison pour laquelle certaines législations ont été passées en catimini, par des individus triés sur le volet. Les directives ont été transmises aux commis, pour que le maximum d'équipées bénéficient d'un soutien de l'Aegis. Sans que la véritable raison ne soit apparente, bien entendu. Ariane se tient au centre d'une gigantesque toile d'araignée, et j'en profite pour maintenir en permanence un doigt sur le pouls de la situation.

Je repense à ce qu'a dit Suha récemment. Qu'elle avait besoin de temps, d'y aller doucement. Je ne peux pas lui en vouloir. Je me demande ce qu'elle pense de notre collaboration forcée. Est-ce source de frustration pour elle ? Une vibration remonte le long d'un fil, et j'écarte ces pensées au fond triviales. En forçant ma Coalescence, ma conscience descend le long du lien psychique, vers les profondeurs. J'ai la boule au ventre, tandis que des émotions négatives m'assaillent. Tout à coup, le fil se rompt. J'avais entendu de la panique et de l'affolement, des cris, avant que le signal ne se coupe. Étaient-ils descendus trop bas ? Quelque chose avait-il coupé le contact ? Je me dois d'avertir Suha. Je saisis un nouveau filin, celui qui est attaché au cadet qui lui a été assigné, soi-disant pour sa protection. Je lui intime d'ouvrir son esprit, et sa perception se superpose à la mienne quand il ouvre les vannes. J'appelle la Mage par son nom, par l'intermédiaire de la voix d'un autre. À travers des yeux étrangers, je la vois se retourner dans ma direction."
4db323fa-dc50-4f04-9d90-792443bc94be,ALT_BISE_B_OR_58_C,Character,Simurgh,,"Trois plumes. Chaque fois que vous en brûlez une, il vous accorde son aide.","Le Simurgh, ou Simorgh, est un oiseau mythologique des cultures perse et kurde. Oiseau gigantesque, capable de transporter un chameau ou un éléphant, le Simurgh a vu sa forme évoluer au fil du temps. Si au départ c'est un mélange entre un buste de chien avec des griffes de lion, ailé et muni d'une queue végétale remontant verticalement, dans d'autres versions, son apparence est plus proche de celle d'un Phénix. Vieux, voire immortel, il aurait vu trois fois la destruction de la terre. Selon les perses, il apporterait la fertilité et scellerait l'union entre le ciel et la terre. Il niche dans le Gaokerena, l'Arbre de vie. ",GULRANG,"393 AC - Je hurle tandis que le Mesektet s'extirpe des profondeurs et émerge de l'abîme, comme une flèche décochée vers le ciel. Luttant contre l'éreintement et la folie, secouant la tête pour chasser les taches noires qui apparaissent par intermittence à la périphérie de ma vision, je tente de stabiliser sa trajectoire. Sa coque arrache un ponton, avant de jaillir hors de l'Œil du Corbeau et dans le silence du ciel. Est-ce qu'on est tirés d'affaire ? Je ralentis le navire, jusqu'à le faire flotter au-dessus de la Chape. Bon sang, qu'est-ce qui nous avait attaqués dans les profondeurs ? Non, je dois mettre ça de côté, étouffer la peur qui noue mes tripes. Je me gifle pour me tirer de ma sidération. Autour de moi, les soldats grelottent, les yeux hagards. Certains gémissent, d'autres claquent des dents. Eux aussi ont contemplé les ténèbres. Eux aussi ont regardé le vide dans les yeux. Et le vide les avait regardés en retour.

Reprends-toi, Gul. C'est pas le moment de flancher. Un effort supplémentaire. Tous comptent sur toi. La priorité est de lever l'affliction. La priorité est de soigner ceux que je peux. Je cligne des yeux, et tente de me souvenir de ce qui s'est passé. Mais plus j'essaie de réfléchir et de faire appel à ma mémoire, plus le mal de crâne s'intensifie. C'est comme si on m'avait volé la souvenance de ces dernières heures. Comme si on était venu m'arracher une partie de la cervelle. Je ne peux pas faire dans la demi-mesure. J'ai plus de deux cents soldats dont l'état est critique, à soulager en même temps. Alors viens à moi, Simurgh. Prends ton envol. Déploie tes ailes et fais pleuvoir sur nous les graines de la guérison. Viens à moi, Simurgh. J'ouvre les yeux et vois l'Eidolon se matérialiser au-dessus de la Chape, émergeant des nuages. Fais pleuvoir sur nous les graines de la guérison..."
adab66a9-a500-4800-92e8-24a65899f5ce,ALT_BISE_B_OR_59_C,Spell,"Retrait de Licence",,"« La messe est dite pour votre cuisine ! »",,WARU,"393 AC - Je referme le rapport des botanistes et me lisse la barbe, tout à mes réflexions. La Sève. Elle avait été acceptée et démocratisée d'emblée, quelques semaines après sa découverte, sans véritablement prendre toutes les précautions nécessaires. Or, quelque chose avait causé le déclin de la Cité des Sages. Et ce pouvait très bien être cette fameuse substance. Rien dans ces feuillets ne semblait indiquer une quelconque nocivité, mais cela ne prouvait pas pour autant son innocuité. Je tapote le bois de mon bureau, pensif. C'était une chose de l'utiliser comme les Axiom le faisaient, mais de là à l'incorporer si rapidement dans notre alimentation... Non, ce rapport n'était nullement suffisant. Avec gravité, je tire de ma pile de papiers la demande de mise en quarantaine. Hestia n'allait pas être contente, comme elle n'avait pas apprécié que je lui impose une inspection sanitaire surprise. Mais je ne pouvais prendre le risque d'exposer les forces d'exploration à un potentiel danger sanitaire.

Je signe la proposition de décret et y place mon sceau personnel. Fermer le Mess allait envoyer un message clair à la population. Et si cela pouvait provoquer une suspicion vis-à-vis de la Sève, alors tant mieux. La méfiance était de mise, et il fallait appuyer sur ce point. Je tire un autre feuillet de la pile, cette fois-ci destiné à la Ferme Muna. Il allait aussi falloir proscrire l'utilisation du liquide dans les cultures, pour traiter le mal à la racine. J'allais forcément écorner ma popularité, déjà bien mise à mal, mais c'était un sacrifice que je devais faire pour le bien commun. Cependant, dans le cas de la Ferme, je ne comptais pas demander une fermeture administrative. Plutôt envoyer un avertissement clair et effectuer une transition progressive vers des récoltes dénuées de substances à risque. J'espère que mes préconisations trouveront un écho à l'hôtel de ville, et que nous légiférerons dans le bon sens..."
0f646b7b-6957-4b36-ba1c-d2efdcd077a6,ALT_BISE_B_OR_60_C,Spell,Conscription,,"Engagez-vous, rengagez-vous, vous verrez du pays !",,SIGISMAR,"393 AC - Je roule des épaules, fais quelques vocalises et détends mes maxillaires pour me mettre en condition. Nosk se place devant moi, se repositionne légèrement, à la recherche du meilleur angle de vue. Bref, il s'agite dans tous les sens comme à son habitude, et je me contente de sourire poliment, même si ses tests incessants m'irritent quelque peu. Il me demande de me décaler, et je fais un pas de côté, près de l'affiche promotionnelle. Bon sang, pourquoi est-ce qu'ils ont fait appel à moi pour ce foutu clip de recrutement ? Sans doute pour mon charisme indéniable et mon sourire ravageur. Même si l'ordre était venu de l'Amirale Singh, ça ne sentait pas sa patte. Probablement une directive politique, venant d'encore plus haut. Il était clair que l'Effort de Redécouverte avait besoin d'un peu de sang neuf, et surtout de plus de contingents et de réservistes. Bref, je dois faire bonne figure, surtout que c'est en direct.

Je regarde par-dessus l'épaule de Nosk, et vois Sunisa en train de se bidonner. Vas-y, moque-toi. Mais subitement, Nosk lève le pouce en l'air pour me signifier que tout est prêt de son côté. Il lance le compte à rebours de la main. 3, 2, 1... Je me pare de mon air le plus charmeur, en attendant son second go. Toute la première partie, c'est lui qui va diffuser des souvenirs de scènes dont il a été témoin, soigneusement cataloguées et montées dans son propre esprit. Nouveau signal de sa main. C'est à mon tour. C'est parti. Prenez-en de la graine. Je me mets à réciter mon texte, gonflant le poitrail. Les épreuves du Storhvit, la découverte de la Cité des Sages. Un tournant historique, une consécration, une première étape, blablabla. ""Partir où personne n'est allé avant. T'engager, pour le futur. Étendre ton horizon. Dépasser tes limites. Toi aussi, tu peux participer à l'aventure. Rejoins-nous. L'Effort de Redécouverte a besoin de... moi."" Je vois Nosk lever les yeux au ciel et se saisir le front. Sun se met à se tordre de rire. Et soudain, je réalise à quel point j'ai merdé."
0a8e03b4-9144-432c-a2b7-6ce5eeb10f9c,ALT_BISE_B_OR_61_C,EXPEDITION_PERMANENT,"Testament de Rune",,"Le premier Haut-Roi d'Asgartha nous exhorte à partir à l'aventure !",,WARU,"393 AC - Mes doigts se crispent sur les bords du rouleau, alors que je sens mon ventre se nouer. J'entends qu'on me parle, mais je ne peux détourner les yeux du texte, que je lis et relis encore et encore. Tout est flou autour de moi, tandis que le sang bat dans mes tempes avec la délicatesse d'un maillet. Je laisse choir le parchemin...

""Il n'y a pas d'échappatoire.
Ma couronne est ma cage.
Ma prison, comme le Tumulte, est un serpent qui se mord la queue.
Sans origine, ni fin.
Mais pour expier mes crimes, je me dois de ne pas briser le cercle.
Telle est ma damnation, et en même temps, ma renaissance.
Ne désespérez pas cependant, et continuez votre route, vous qui le pouvez encore.
Vous avez entre vos mains la clé du renouveau.
En Avalon, le roi s'éveillera.
RUNE""

Je pose une main sur le mur pour m'empêcher de m'affaisser, essayant de calmer ma respiration. À nouveau, la migraine, bien plus forte cette fois. Comme si on creusait dans mon crâne, comme si quelque chose essayait de sortir, de crier, sans pour autant y parvenir... Mais quand j'essaie de m'appesantir sur cette sensation, tout ce que je trouve, c'est du bruit blanc."
db71123e-16ce-4a47-834a-f5ac44e588d2,ALT_BISE_B_OR_62_C,LANDMARK_PERMANENT,Mesektet,,"Réparée par l'Axiom, la fierté de l'Aegis reprend son envol.",,GULRANG,"393 AC - J'ai besoin de Mana, Tocs. Quelque part au loin, je le sens réagir, et un nouvel afflux me parvient. À quelle profondeur est-il allé, cette fois ? Je serre la mâchoire, et me concentre sur le Mesektet. Ne pas se laisser distraire. Je tente de chasser ce que j'ai découvert de mon esprit, pour me focaliser sur son apparence, sur ce que serait le vaisseau une fois toutes les réparations achevées. Comme s'il était flambant neuf. Il serait dommageable pour tous ceux qui y séjournent que sa réalité ne s'altère à mon corps défendant. Et pour cela, je dois maîtriser mon imagination pour que son idée reste aussi stable que possible. Maudite Templière, elle a bien choisi mon affectation pour me mettre sur la touche. Sous couvert de créer un quartier général déporté capable de porter assistance aux expéditions, elle s'est assurée que je ne puisse pas lui mettre de bâtons dans les roues.

Sa forme noire, qui se découpe à peine sur la pierre sombre du labyrinthe ; les éclairages de son ponton, qui soulignent les reflets dorés de sa coque... Je l'imagine réparé, remis à jour, amélioré ; lui qui est l'un des fleurons de la flotte Ordis. Une vision à couper le souffle et porteuse d'espoir. Mais je dois aussi convoquer dans mon esprit tout ce qu'il contient, ou au moins ce qui est nécessaire pour abriter nos troupes. Dortoirs, mess, armurerie... Je ne m'appesantis pas à créer une salle des machines ou un cœur d'Aérolithe, mais simule leur existence : une porte qui y mène, mais qui n'est qu'un trompe-l'œil ; une vibration pour donner l'illusion d'un moteur... Il serait regrettable de lutter contre le doute de ceux qui y résident. Pendant une fraction de seconde, je me remémore ce que j'ai vu dans ses décombres, et dont les captures mémorielles ont été scellées par l'amirauté."
e994e774-2019-4789-86aa-8b3db73aa046,ALT_BISE_B_OR_63_C,LANDMARK_PERMANENT,"La Grand-Place",,"Conscientes des avantages de l'organisation Ordis, les Factions lui confièrent la logistique de l'avant-poste.",,SUNISA,"393 AC - Je sors de l'hôtel de ville après y avoir déposé mon rapport. Un mois de démobilisation forcée, à traiter des requêtes administratives qui ne sont vraiment pas mon violon d'Ingres... J'aurais mille fois préféré souffrir le martyre sur le terrain. Mais après une avalanche et m'être pris de plein fouet la rafale du vieux Mage, on avait estimé — peut-être à raison — que j'avais besoin de lever le pied quelques semaines. Oh, y'avait pas que des mauvais moments. Traîner au Mess avec Sunniva, ou avec Cat et sa bande, avait quelque chose de plaisant, mais c'était comme vivre leurs aventures par procuration. Seul lot de consolation, Sig avait eu à peu près les mêmes déboires, avec des missions barbantes. Ce qui m'avait permis de me moquer de lui à plus d'une occasion. Aux dernières nouvelles, après avoir foiré son intervention dans les grandes largeurs, il avait été affecté à la surveillance des troupeaux de dotouffus.

Faut pas se mentir, ça ressemble clairement à une punition en bonne et due forme. D'ailleurs, note mentale, aller le chambrer à la première occasion. Tout en souriant, je me fraye un chemin sur la place bondée. C'est là que s'administrent toutes les doléances, et par extension, la gestion de la vie de camp en général. Le paradis des bureaucrates, en somme. Alors que je passe à côté de son pupitre, le crieur est en train consulter les nouveaux édits qui ont été promulgués la veille. Je me pose sur une vieille colonne effondrée pour soulager ma jambe encore un peu raide, avant de sortir de ma poche mon certificat d'aptitude fraîchement acquis. Avec ça, je pourrais aller voir un commis pour récupérer une affectation un peu plus active que celle de simple gratte-papier. Intendance, ou peut-être même protection rapprochée, qui sait ?"
673f5461-2897-4fa9-a041-254f0a9d64ed,ALT_BISE_B_YZ_01_C,Hero,"Akesha & Taru",,"Les bonnes manières et la politesse ne sont jamais hors de propos, quelle que soit la situation.",,AKESHA,"392 AC - Je me penche au-dessus d'Itoro, posant un linge humide sur son front. La calligraphe Lyra esquisse un sourire malgré la douleur, et je le lui rends en lui serrant la main. Pendant un instant, j'ai l'impression de me retrouver au Cloître, en train de m'occuper de ma sœur. J'espère que Kumari va bien... Demain, si le temps me le permet, je lui enverrai une lettre pour lui raconter comment se passent mes aventures. J'en profiterai pour lui glisser les quelques croquis que j'ai faits des paysages que j'ai pu voir, peut-être en les agrémentant de quelques émotions pour lui donner un petit goût de ce que j'ai pu ressentir. Taru me tire de mes rêveries en posant un tentacule visqueux sur mon avant-bras. Oui, ce n'est pas le moment d'être dans la lune. L'onde du Tumulte qui a frappé l'Ouroboros a causé de nombreuses avaries, mais aussi des parasitages légers.

Je positionne mes mains sur la poitrine de l'artiste Lyra, invoquant un Sceau pour stimuler son métabolisme. À travers mes Iris, je diagnostique son être, l'ausculte pour distinguer la nature et la localisation des idées qui se sont malencontreusement greffées à elle. ""Ruban"" et ""Caoutchouc"". En effet, sa jambe est flasque et élastique, comme si tous ses os s'étaient liquéfiés et que ses muscles s'étaient transmués en gomme. Et sa main gauche... À la place de ses doigts, elle arbore des lacets de chair soyeuse qui pendent mollement. À mes côtés, Esmeralda croise les bras sur sa poitrine, inquiète de l'état de son amie. Mais en puisant dans les pensées de l'Eidolon, je pourrai sûrement me faire une idée mentale précise de ce à quoi Itoro ressemblait avant ces fâcheuses modifications. En convoquant ses souvenirs, je pourrai lui rendre son apparence d'origine. Ok, allons-y ! Je me tourne vers Taru, qui agite ses appendices. J'aurai besoin de son ""doigté"" pour isoler et ôter les idées intruses..."
26e7b58f-e879-4729-8d6f-c953c86e3b14,ALT_BISE_B_YZ_03_C,Hero,"Afanas & Senka",,"Le monde se nourrit de magie, et s'étiole en son absence.",,AFANAS,"392 AC - J'ouvre les yeux et contemple ma création, exhalant longuement pour dissiper le reste du Mana qui s'agite en moi. Le cercle de pierres levées luit encore d'un éclat améthyste alors qu'il s'ancre dans le monde, grâce au Mana que Senka a ramené du Tumulte. Je me redresse en faisant craquer mon cou, tandis que des éclairs mauves zèbrent les alentours. Oui, ce lieu crépite de magie et de puissance, un maelström d'idées fugaces capturées par le nodus que j'ai façonné. Je pose une main sur la surface d'un menhir. La pierre aux teintes violacées a pris une texture organique, amas noueux de stries et de rainures, comme s'il s'agissait de fibres et de ligaments. Partout autour, des géoglyphes complexes et de fragiles cairns parachèvent mon ouvrage ésotérique, que d'autres Initiés pourront exploiter à loisir quand ils parviendront jusqu'à ce lieu.

Je tends la main, et Senka vient se poser sur mon bras, plantant ses serres dans ma chair. De son bec, il perce ma peau, faisant couler un peu de sang dont il se repaît. C'est mon offrande pour le service qu'il m'a rendu. Je serre les dents et le laisse aspirer mon fluide vital. Il suffit. Mon oiseau de nuit reprend son envol, alors que je matérialise autour de mes blessures une bandelette de tissu, qui se pare immédiatement de rouge. Telle une ombre, Senka tournoie au-dessus du site. Tel un oiseau de proie, il fonce sur des idées, qu'il attrape au vol et gobe comme s'il s'agissait de vulgaires souris. Et pendant un bref instant, une angoisse affleure à la surface de mon esprit. À chaque avancée, je le vois devenir de plus en plus puissant. Ses ailes grandissent, de même que la nuit qu'il contient. J'ai besoin qu'il prenne de l'ampleur, mais est-ce sage de le laisser se gaver de la sorte ?"
fa0dc2ab-acca-4dda-a1bd-772f6e2e1fe6,ALT_BISE_B_YZ_47_C,Token,"Phalène de Mana",,"Les Phalènes sont particulièrement attirées par la Sève du Sous-bois.",,,
5f93c2ce-4edb-4230-bc05-0ba02108b1a4,ALT_BISE_B_YZ_49_C,Character,"Griffonneur Étoilé",,"Un bon Sceau commence par un bon croquis.",,LINDIWE,"393 AC - Je sens sa pression — vorace, primale — contre mon esprit, alors qu'il me force à observer la joviale étoile de mer, dont les membres s'enroulent autour d'un sceptre aux allures de stylet. Je serre les dents en me sentant saliver malgré moi, tandis que mon geôlier peine à contenir sa faim. Une bouchée. Il suffirait d'une bouchée. Si seulement j'avais le contrôle, ne serait-ce qu'un instant, il me serait possible de m'apposer un Sceau, et avec, je pourrais peut-être enfouir sa psyché loin dans les abysses de la mienne. Dans un lieu dont il ne pourrait plus jamais sortir. Mais je sais que c'est peine perdue. Il ne dort jamais. Il se contente de patienter, à la lisière de mon esprit, prêt à me ravir ma volonté. L'espace d'une fraction de seconde, je me vois me saisir de l'astérie afin de m'en faire un en-cas, et je réprime un haut-le-cœur. Je repousse cette pensée écœurante qui n'est pas la mienne... ou bien l'est-elle ? Les frontières sont devenues si floues.

L'échinoderme se met à virevolter, tandis que son stylet glisse dans l'air comme un pinceau sur du papier. Elle semble y prendre du plaisir, et je l'envie. Elle griffonne une palanquée de symboles qu'elle réagence, les enroulant en un cercle pour mieux contenir les concepts qui y sont associés. Une roue sans début ni fin. Une prison. J'observe les idées qu'elle appelle de l'Empyrée, essaie d'étudier la façon dont elle les assemble, presque par hasard. Il ne lui est pas demandé de concocter des recettes déjà connues. Non, au contraire, elle semble y aller à tâtons, dans le but peut-être de créer des mariages inédits, des combinaisons originales et détonantes. J'avale ma salive, tout en maudissant le ver qui s'est enraciné en moi. Mais qu'importent les injures et les cris, jamais il ne s'en émeut ni ne s'en offusque. Danger. J'étrécis les yeux, et vois le Mage qui est en train de nous dévisager. Ses longs cheveux d'azur semblent flotter dans une eau invisible, et tout son corps est couvert de complexes tatouages... Pour une fois, mon geôlier et moi sommes d'accord. Il a l'odeur d'un prédateur."
27134e13-3525-4281-a358-b92fb26fdfef,ALT_BISE_B_YZ_50_C,Character,"Tatoueur Yzmir",,"En mêlant la Sève à l'encre, la puissance des Sceaux est décuplée.",,SYLAS,"393 AC - À travers les effluves moirées, j'observe les méticuleux mélanges qu'exécute le graveur de Sceaux. De l'huile, des pigments, mais aussi des idées, tirées de l'Empyrée et mixées, broyées, concassées, pour confectionner l'émulsion. Si je me laisse distraire un tant soit peu, ce n'est pas par son art, son savoir-faire, ni même la nature — bien triviale — de son œuvre, mais bien car il expérimente avec la Sève. Je sens qu'il y a quelque chose de contre-nature dans cette substance, quelque chose de dangereux. Avec douceur, il introduit le précieux fluide dans un creuset neutre, avant d'incorporer sa précédente mixture. Combien d'essais a-t-il fait — des dizaines ? des centaines ? — avant d'arriver au bon dosage ? D'un geste ample, il se met à verser le liquide pâteux dans une sorte de container en verre, à mi-chemin entre un compresseur et un narguilé. Le liquide flotte à l'intérieur, se teinte d'une couleur violette. La substance gicle dans le tuyau, remonte vers l'aiguille...

L'homme fronce ses épais sourcils et retient sa respiration, concentré sur la précision de ses gestes. Sa main ne tremble pas. Il saisit l'aiguillon et entame son travail, à même sa peau, à même sa chair. Avec lenteur et précision, il inscrit sur son épaule — épongeant parfois son sang — toute une batterie de Sceaux magiques, du plus prosaïque au plus élaboré. Et les tatouages prennent soudain une teinte bleutée et phosphorescente, au contact de son essence, de son identité. Ses yeux s'illuminent, et je ressens un trouble. La Sève semble se greffer à son être, là où des Sceaux traditionnels s'estompent d'habitude avec le temps... J'aurais aimé que Saskia soit là. Cela ressemble à une osmose, une intégration. Elle aurait analysé cela bien mieux que moi. Faire siennes des idées, se repaître de concepts ; il allait devoir faire attention aux dérives que cette pratique pourrait entraîner. Mais qu'importe, pour le moment. Je ne suis pas là pour ça, mais pour celle qui se tient de l'autre côté de la pièce, légèrement obscurcie par les rideaux de fumée."
c035093d-d7b3-4b59-a5c8-1c71744fe94f,ALT_BISE_B_YZ_51_C,Character,"Infirmière Yzmir",,"Les infirmières du cloître ne sont pas tendres, mais elles font des merveilles, d'après ceux qui ont survécu.",,MAW,"393 AC - Je laisse à Lindiwe un soupçon de contrôle et de liberté tandis que j'observe l'infirmière œuvrer sur la Lyra. Elle recoud les idées qui ont été lacérées, greffe ce qui peut l'être pour lui redonner une semblance d'unité et de cohésion. Il n'y a pas de doute possible : l'entité qui s'est attaquée à l'imprudente du Clan Tisdhera possède un fonctionnement similaire au mien. Un appétit. Je gronde intérieurement, et mes écailles bruissent de furie et d'excitation. J'observe attentivement l'auxiliaire du Cloître plonger ses mains dans l'essence de la victime, et tandis qu'elle la rafistole, les idées de cette dernière tentent de parasiter la chirurgienne. Elle ne se laisse pas faire, bien entendu, barricadant son identité pour ne pas être dénaturée, mais les idées mordent sa chair, cherchant un support pour s'exprimer et exister. Qui — ou quoi — cherchait à se repaître d'Éther ? Il me fallait en avoir le cœur net.

Je chuinte de dégoût face à la réalisation. De plus en plus, je me mets à réfléchir comme un mortel. Comme un humain. Les mots et les termes de Lindiwe s'imposent à moi. Moi-même, je vais devoir faire attention à ne pas laisser mon hôte influencer trop fortement ma cognition... Les premiers temps, j'étais resté tapi au fond d'elle, avant de prendre le contrôle... En face d'elle, la doctoresse se redresse, et conjure une méduse lunaire pour la presser. Elle utilise ses sécrétions comme un cataplasme, qu'elle dépose sur ses plaies pour les soigner. Elle a l'air grave et morose. Je l'entends dire à Lindiwe qu'elle a fait ce qu'elle a pu, et que la Lyra aura probablement des séquelles ; qu'une part de son être avait été dévorée, de même que ses souvenirs, et qu'une intervention en profondeur allait être nécessaire pour la remettre sur pieds. Un dévoreur d'idées. Quelque chose singeait ma fonction, mais semblait s'en prendre à tout ce qui passait à proximité."
61c17065-cf12-4b20-824f-13026530acc1,ALT_BISE_B_YZ_52_C,Character,Pasiphaé,,"Elle n'hésite pas à prendre le taureau par les cornes.","Fille d'Hélios, personnification du Soleil, et de Perséis, l'un des Océanides, Pasiphaé est aussi la sœur de Circé et est, tout comme elle, une praticienne talentueuse de la sorcellerie. Femme de Minos, et reine-sorcière de Crète, elle est victime de l'orgueil de son mari, quand celui-ci désobéit aux commandements de Poséidon. Suite à une malédiction, elle s'éprend du taureau blanc qui devait servir d'offrande au dieu de la mer, et devient de ce fait la mère du Minotaure.",AKESHA,"393 AC - Ç'avait été une sensation étrange, comme une prémonition. Elle s'était diffusée en moi comme un baume, presque une sorte de picotement ou de torpeur. J'avais mis plusieurs dizaines de minutes à comprendre que c'était un appel. Un appel à l'aide. La première fois que j'avais senti le Skein en dehors du Musubi, j'avais été surprise à quel point son contact pouvait être doux et naturel. J'étais restée sur les a priori du rituel qui nous avait unis, Taru et moi. Il avait été invasif, comme si nos âmes respectives avaient été réécrites en une. Mais Saskia m'avait demandé de fermer les yeux et de me mettre dans un état méditatif. Puis elle m'avait demandé de me détendre, et de m'ouvrir le plus possible... de faire tomber les barrières de mon esprit. Elle était entrée doucement, comme une ondée chaude et réconfortante. Comme une fleur qui ouvre et déroule ses pétales, elle avait éclos en moi.

Mais là, au sein de la Cité des Sages, le filament de Skein qui m'avait agrippée n'avait pas eu la même délicatesse. Il pulsait, comme une douleur. Comme s'il disait à ma nociception de prêter attention. Je ne sais pas si j'aurais compris si je n'avais pas expérimenté le Skein auparavant. Mais je savais instinctivement que ce contact ne me voulait pas de mal, et j'avais laissé s'écrouler mes murs. Immédiatement, Teija avait manifesté à moi Pasiphaé. C'était exactement comme quand je matérialisais des choses pour aider Taru, malgré la distance. L'Altératrice, si elle ne pouvait me transmettre des paroles, avait utilisé le réseau Muna pour incarner à mes côtés ce qu'elle avait en tête. Et Pasiphaé s'était mise en route dans l'instant, comme si elle savait exactement où elle devait aller. En usant du Naali, je fais apparaître un baudrier autour de l'Eidolon pour le faire descendre dans le puits où Teija est enfermée. Elle a été plus que maline. Elle a appelé à elle le Minotaure, et envoyé Pasiphaé pour me guider jusqu'à eux."
dee1df23-36d2-4aaa-9d74-370ba6a67a30,ALT_BISE_B_YZ_53_C,Character,"Indic du Qorgan",,"Chut. Ça reste entre toi et moi.",,AFANAS,"393 AC - Un courant magique traverse la place désertée et plongée dans l'obscurité d'une nuit sans lune. Cela ressemble à un chemin tracé avec des miettes de pain. Que trouverai-je au terme du périple ? Une maison en pain d'épices ? Il m'emmène non loin de la raffinerie, vers un bâtiment qui ne paye pas de mine. Un entrepôt, sûrement, dont la seule surveillance est assurée par une cohorte de drones. Je fais baisser ma température corporelle, et convoque des concepts pour m'en parer comme d'un manteau : invisibilité, anonymat, insignifiance... afin de ne pas me faire remarquer. Je doute que jouer les vieillards séniles rime à quoi que ce soit, si jamais je venais à être découvert, mais je n'en ai cure. Il fallait bien trouver une quelconque utilité à la hiérarchie. Je plisse soudain les yeux, tandis qu'apparaît dans mes Iris un mur dont la porosité a été modifiée. On m'invite à entrer, c'est une certitude.

La translation est soudaine, et je sens les particules du mur m'effleurer comme une brume. À peine suis-je entré que la lueur ambiante me fait cligner des yeux. Ha ! Ainsi, les Axiom se sont constitués d'importants stocks de cette précieuse Sève... Des étagères — des rayonnages entiers — sont remplies d'artefacts débordant de cette fameuse substance, qui brille de mille feux. Au détour d'une allée, une silhouette gracile semble y faire son marché. Elle fait volte-face, un artefact à la main, et me gratifie d'un sourire. Je la reconnais immédiatement : c'est Chinam, une Initiée du Qorgan, un sbire de Wanjiru. Elle place un doigt devant sa bouche et m'adresse un clin d'œil complice. Je renifle, tout en pensant avec écœurement que nous sommes dans la même équipe, désormais. Pour quelle raison m'avait-elle attiré ici ? Pour me révéler que les Axiom dissimulaient au sein de ce coffre-fort une réserve non déclarée ? Je n'en avais que faire. Non, elle avait découvert quelque chose. Mais connaissant son tempérament facétieux, elle n'allait pas me mâcher le travail..."
42708374-943e-43dc-a3ac-79f767ac11ed,ALT_BISE_B_YZ_54_C,Character,Merlin,,"Nous savons tous les deux que l'épée n'était qu'un prétexte.","Personnage central des légendes arthuriennes, Merlin est à la fois ermite sauvage, prophète torturé, magicien et conspirateur... Né de l'union entre le diable et une mortelle, c'est une figure grise, mais qui choisit pourtant le côté du bien. C'est grâce à ses sortilèges et ses manigances qu'il provoque la naissance du Roi Arthur et le guide vers le trône. On raconte qu'il se laisse enfermer par la Dame du Lac, dont il est tombé éperdument amoureux, même s'il savait déjà d'avance, par sa prescience, quelle serait l'issue de leur idylle.",AKESHA,"393 AC - Il s'immobilise non loin de moi, me bloquant le passage, son sceptre brandi et pulsant d'une lueur menaçante. Si un sourire de façade est peint sur ses lèvres, il en est autrement de ses yeux, tristes et cyniques, comme si des milliers d'années se reflétaient sur leur surface. Et il y danse une lueur de folie... Il porte le type de costume que revêt mon père quand il a un dîner d'affaires, et son chapeau est typique de ceux que j'affectionne. Je comprends soudain que l'Eidolon prend appui sur mon imaginaire pour se manifester, sans me demander ma permission. Mes Iris s'embrasent, et je scrute l'intrus, qui détourne sans vergogne mon imagination pour prendre corps dans le monde, comme seuls les plus puissants Oneiroï en sont capables. Il me laisse faire, sûr de lui, imperturbable. Et je comprends petit à petit pourquoi, alors que défilent devant mes yeux écarquillés les idées nodales de son identité.

""Merlin"", dis-je platement à Taru, alors que ma Chimère se met à agiter ses tentacules. Une sueur froide imbibe mon dos, tandis que la sourde réalisation s'enracine dans mon esprit. L'Oneiros ne nous a jamais autorisés à faire appel à son Eidolon. Et le voilà devant moi, incarné en ayant aspiré une part de ma mémoire. La barbe de trois jours vient de mon cousin, la cape est celle que je portais à ma cérémonie de remise de diplôme, le sceptre est l'un de ceux qui trônent au musée de l'Altération... Il a pioché dans mes souvenirs comme dans une corbeille de chouchous pour se façonner à mon insu. Sa voix résonne dans ma tête, impériale, sans concession. Elle ne saurait être entravée, ni souffrir d'une quelconque interruption. ""La destinée est en marche, dit-il. Le roi va s'éveiller, et tu as ton rôle à jouer."" Je le toise et focalise mon esprit pour faire de lui un étau de métal. Merlin hausse les sourcils, tandis qu'un sourire vient faire tressaillir la commissure de ses lèvres."
00046c63-37c1-44a7-8203-c445df061b66,ALT_BISE_B_YZ_55_C,Character,"Sylas, Sorcier Insondable",,"Savoir rime avec pouvoir, mais secret rime avec succès.",,AKESHA,"393 AC - Je sens un irrépressible frisson me parcourir, alors que je déambule au sein des Flèches, à la recherche de Saskia. Sa missive était explicite et prometteuse : en travaillant sur un type de sangsue, elle pourrait peut-être ponctionner les effets de la Rémanence avant même l'apparition de crises... Mais la soudaine sensation me fait ralentir le pas et dévier de ma route. Je pousse la lourde porte et débouche sur un atelier noyé dans les vapeurs moirées du Mana. Un tatoueur est en train de s'apposer des motifs d'Éther à même la peau. Le Géphyromancien tourne ses yeux vitreux dans ma direction, avant de se concentrer de nouveau sur sa tâche. Mais c'est surtout le Mage qui trône torse nu au centre de la pièce qui attire mon regard. Lui aussi est bardé de Sceaux, au point que mes Iris, saturés, ont du mal à se focaliser sur qui il est. Un nom émerge néanmoins de la cacophonie : Sylas.

Comme si je l'avais appelé par son nom, il se tourne dans ma direction, et écarte les bras comme pour m'accueillir. Il n'a pas du tout l'air courroucé, même si j'ai fait irruption dans leur séance de renforcement magique. Je baisse les yeux, sentant mes joues s'empourprer, et bafouille quelques mots, clairement déstabilisée par son aura énigmatique. Je sors en vitesse et referme la porte derrière moi avant qu'il ne puisse m'interpeller. De toute évidence, j'avais mis les pieds là où on ne m'attendait pas... Sur quoi travaillait leur Loge, au juste ? Des Sceaux, de toute évidence, mais ceux-là me semblaient étranges et spécifiques. Une main se pose sur mon épaule, me faisant sursauter. Tandis que je fais volte-face, je soupire de soulagement. Saskia m'observe avec un air surpris, penchant la tête de côté et plissant légèrement les yeux, comme elle a l'habitude de le faire quand elle s'étonne de mes réactions. Pendant une fraction de seconde, elle jette un regard froid à la porte que je viens de refermer, avant que son visage ne s'éclaire de nouveau."
12151cd4-a1b9-4f9a-a522-48c7d57e6071,ALT_BISE_B_YZ_56_C,Character,L'Affamé,,"La Cité a une âme, et elle est affamée.",,MAW,"393 AC - Les derniers ingénieurs Axiom traversent les portails, et ces derniers se referment avec un bruit de succion. Mais même si Lindiwe voudrait tourner la tête pour s'assurer que tous sont passés, je ne lui en laisse pas l'opportunité. Je ne m'intéresse pas à eux. Ils sont le cadet de mes soucis. Je suis bien trop occupé à observer l'ouverture qui s'est dessinée dans la paroi. Soudain, dans un bouillonnement vaporeux, une masse sombre en émerge, explosion de fumée sinueuse et chuintante. L'ondée noire s'entrouvre d'abord sur un œil fendu et vorace, puis une gueule carnassière, cerclée de dents acérées. Te voilà donc, abomination. Elle exhale la faim, la famine. Une langue préhensile sort de la bouche, sondant les environs, tandis que des mains affublées de doigts effilés et crochus jaillissent du tourbillon de nuages noirs. Elle se précipite sur la Sève qui continue de couler là où les prospecteurs ont percé la citerne.

Elle s'en repaît goulûment, comme une bête, sans une once de bienséance. Elle plonge les mains dans la substance pâteuse et les ramène à sa bouche, sa langue léchant sans vergogne, comme si elle était taraudée par une fringale démente et irrépressible. Oh, comme je te comprends, engeance. Combien je t'offre ma commisération. Mais en la voyant de près, je voyais bien que sa nature était différente de la mienne. Ainsi, sa priorité était la Sève. Mais dans ce cas, pourquoi s'en prendre à ceux qui s'aventuraient ici-bas ? Parce qu'ils en avaient consommé, et que le liquide coulait dans leurs veines ? Non... Il y avait autre chose. J'avais senti comme la Sève était assimilée par un organisme humain, comment elle était métabolisée. Non, il y avait quelque chose de compulsif dans son comportement boulimique. Lindiwe étrécit les yeux tandis que je prends appui sur ses Iris, à la recherche de ce qui peut expliquer sa gloutonnerie, son avidité impérieuse..."
3af14b73-8254-4d5e-affc-751d2fd41bf0,ALT_BISE_B_YZ_57_C,Spell,"Infusion de Sève",,"Il y a mille et une façons d'utiliser la Sève. Les Yzmir cherchent à en tirer tout son potentiel.",,AFANAS,"393 AC - Je me remémore les thés et infusions que Qaasin me concoctaient durant ma convalescence, lorsqu'il m'avait récupéré suite à l'assaut du Kraken. Ils n'avaient pas bon goût, mais avaient pour propriété d'inhiber la souffrance, en affûtant l'esprit pour voir les choses différemment, avec moins d'émotion. J'en garde un souvenir doux-amer, qui revient dès que je me lance dans la préparation de ces breuvages. Mais en fin de compte, c'est surtout le rituel que j'apprécie. Disposer le bol, sélectionner les plantes, les agencer dans le filtre, ajuster le feu sous l'eau... J'avais observé le modus operandi de Qaasin des milliers de fois. J'en connaissais tous les gestes avec précision. Et c'était à moi de les reproduire aujourd'hui. Marcher dans les pas de mon maître était toujours un moment de plaisir, un instant de méditation profonde, et c'est ce que je voulais transmettre à Fasano. Mon disciple me regarde faire, et je sens un élan de culpabilité. C'est Matera qui devrait être à ma place...

Je sors le petit sachet que m'a confié le paysan Muna. C'est une feuille de bananier repliée, que je m'emploie à ouvrir lentement, pour ne pas répandre ces feuilles de thés enrichies à la Sève, qui se sont dotées d'une teinte dorée brillante. J'entends l'ébullition émettre sa douce mélopée, et verse l'eau frémissante sur les feuilles de thés au fond du filtre. Une fois la bouilloire reposée, je pose mes deux mains sur le bol. Des volutes de vapeur colorée, allant du magenta au cyan, montent au plafond. J'inspire, et ressens immédiatement un doux picotement qui va des sinus au sommet de mon crâne, comme une caresse. Cette inhalation est nécessaire, pour habituer l'esprit. Puis j'attends que l'infusion arrive à maturité. Je prends une première gorgée. Le goût est toujours aussi vif, et je sens un coup de fouet qui remonte le long de ma colonne vertébrale. Je tends le bol à Fasano. Il aura besoin de toute l'aide possible s'il veut m'accompagner au sein de la Cité."
a0b7815b-fcab-4606-bd14-123363e1a802,ALT_BISE_B_YZ_58_C,Spell,Évanescence,,"Dans les profondeurs de la Cité, quelque chose semble dévorer les souvenirs et les pensées.",,LINDIWE,"393 AC - Je reste aux aguets, alors que la silhouette en face de moi flotte dans l'air, évanescente. À travers mes Iris, j'ai l'impression qu'elle est la flamme vacillante d'une bougie sur le point d'être mouchée. C'est comme si quelque chose ou quelqu'un avait percé son enveloppe spirituelle, et que les idées qui la composaient étaient en train de s'écouler à travers les lacérations, comme une gourde éventrée. Si je ne faisais rien, bientôt, elle allait disparaître, emportée par le néant. Malgré l'appréhension, je sonde l'intérieur de moi, et sens que mon geôlier est en train de s'enrouler sur lui-même comme un serpent à sonnette. Il ne semble pas vouloir prendre le contrôle, mais se prépare à le faire si jamais un danger rôde encore. Tout ce que je sais de son attitude, c'est que quelque chose de formidable est responsable des blessures de la Lyra, comme si on avait voulu la dévorer. Quelque chose qui le faisait rester sur le qui-vive.

Mais cette inaction valait pour accord. Je conjure des Sceaux multiples, comme des compresses que je viens poser sur les griffures béantes. Avant toute chose, je dois l'empêcher de perdre plus d'idées. De toutes celles qui se sont déjà échappées, je collecte celles que je peux dans les fioles que j'ai à ma disposition, et dans la gueule de Maw, pour celles qu'il m'autorise à stocker en son sein. Qu'est-ce qui avait pu affecter l'intégrité d'une personne de la sorte ? C'est comme si on avait porté atteinte à son identité profonde, déliant les attaches de Mana les plus solides, pour arracher les concepts fondateurs de sa personne. Bardée de Sceaux, la Lyra semble reprendre  un peu de consistance. Suffisamment en tout cas pour que je puisse la soutenir. Un portail vers la surface s'ouvre devant moi, vers les Flèches du Nilam. Je ne sais pas si les infirmières du Cloître ou le Rati pourront faire quoi que ce soit, mais ça vaut la peine d'essayer..."
6f294049-473d-49bd-b1f9-bd64cb571df2,ALT_BISE_B_YZ_59_C,Character,"Entomologiste Yzmir",,"Connaissez-vous l'effet papillon ?",,LINDIWE,"393 AC - Il pose son tortueux bâton sur son épaule, tenant dans son autre main une lanterne à Phalène pour éclairer les ombres du souterrain. Sous son large chapeau et sur le revers de sa cape pendent d'innombrables cocons bleutés : des chrysalides de Phalènes, diaphanes et luisantes. Certaines ont éclos sur le trajet, voletant autour de lui avant de disparaître dans des collisions de poussières. Beaucoup disent que Moyo est un spécialiste des insectes et des parasites. Mon cœur bat la chamade alors que l'idée de lui parler de Maw affleure dans mon esprit. Mais je sais qu'il ne me laissera pas faire. Même s'il demeure pour l'instant silencieux et interdit, le ver qui me gangrène est toujours attentif, et il me tient en laisse en permanence. Non, il ne me laissera pas m'exprimer. Ma voix mourra dans ma gorge, et il me sera impossible de prononcer ou de communiquer quoi que ce soit.

Mais en dépit de tous ses talents, Moyo a le défaut de sa jeunesse, et la naïveté qui l'accompagne. Il avait été aisé de l'approcher, et de le questionner sur son parcours. Spécialisé en xénobiologie, il avait récemment été pris sous l'aile de Saskia Averina, en tant qu'assistant. Je lui avais posé des questions sur son mentor, aussi subtilement que possible, et il y avait répondu sans détour. Il avait beaucoup appris grâce à la Muna, qui à travers ses expérimentations, avait découvert tout ce qu'il y avait à savoir sur le rôle central des Phalènes au sein du Storhvit. Son intuition avait été des plus inspirées. Trouver une solution pacifique contre les Belisenki après seulement quelques mois aurait dû être une gageure, mais elle y était parvenue avec facilité et aise. Cela voulait dire que Maw allait devoir se méfier d'elle. Je souris intérieurement et, comme en réponse, je sens son étreinte se resserrer sur ma psyché."
5c46fcba-680f-4491-b518-4f246668577e,ALT_BISE_B_YZ_60_C,Spell,Métamorphose,,"Dans toute réalité, il y a une part d'illusion.",,AKESHA,"393 AC - Je referme vite la porte de la cabane derrière moi, rabattant mon écharpe autour de mon cou tout en grelottant. Brrrr. La serre réfrigérée de l'Ouroboros est toujours aussi glaciale... Mais alors que je regarde autour de moi, je sens poindre une cruelle déception, car Saskia ne semble pas présente. Moyo se retourne et plaque un doigt sur ses lèvres pour me faire signe de ne pas faire de bruit. Je me dirige précautionneusement vers le salon et m'assieds dans un fauteuil le plus silencieusement possible. Là, près du feu crépitant, je regarde l'assistant de Saskia œuvrer sur ses expérimentations. Bien sûr, elle m'avait proposé de l'aider, mais mes obligations en tant qu'Exalt ne m'avaient pas permis de prendre une telle responsabilité supplémentaire. Quoi qu'il en soit, Moyo est cool. Il est curieux et appliqué, et il a été tout de suite fasciné — voire obsédé — par les Phalènes. Le cœur à l'ouvrage, il fredonne gaiement tout en travaillant.

Je le vois manifester l'Eidolon d'une livreuse, récupérant une canette de Sap Soda au passage, parce que pourquoi pas joindre l'utile à l'agréable. Il lui parle, comme si de rien n'était, l'invitant à s'intéresser à son travail, à regarder dans le microscope... Puis il récupère sur une boîte de pétris un œuf de Phalène, le faisant flotter au bout de son doigt comme un grain de sable. Il souffle alors dessus, le faisant voleter en direction de l'Eidolon. J'active mes Iris. L'œuf s'agite comme une poussière, une simple particule... mais Moyo y investit une cacophonie de concepts, qu'il vient piocher d'une main experte dans les courants bouillonnants qui rugissent par-delà le Voile. Quand l'œuf se pose sur la peau de l'Eidolon, je vois une explosion se produire. La poussière aspire les idées de la livreuse et les recompose pour nourrir l'imago de la Phalène contenu dans la lente. Moyo sourit alors qu'il se tourne vers moi alors qu'une Phalène papillonne en lieu et place de l'Eidolon. Il a réussi à court-circuiter tout le cycle de reproduction de l'insecte."
a077a61c-5e2d-40ae-a574-d5bb6dd2c5b0,ALT_BISE_B_YZ_61_C,Spell,"Festin de Pensées",,"Lorsque la Rémanence frappe, les idées jaillissent de l'esprit comme l'eau d'un barrage.",,AKESHA,"393 AC - Je regarde autour de moi, fiévreuse et dégoulinante de sueur, tandis que ma respiration hachée se réverbère dans la caverne vide. Enfin, j'espère... Est-il toujours là ? Nous poursuit-il encore ? Est-il tapi dans l'ombre, quelque part, à nous épier ? Qu'est-il donc, au juste ? À mes côtés, les deux Bravos sont aux limites de leur endurance, après avoir repoussé les attaques répétées du monstre. Ils m'avaient protégée. Quand Afanas m'avait confiée aux deux guerriers qui l'accompagnaient, j'avais été abasourdie de découvrir qu'ils étaient versés dans l'art du Naali. Qu'ils étaient en réalité deux agents infiltrés du Qorgan. Cela voulait-il dire qu'Afanas... Mais soudain, avant que je puisse me perdre dans mes conjectures, l'un d'eux se met à trembler de tous ses membres. Il se prend la tête entre les mains et se met à hurler, tandis que ses dents claquent. Avec horreur, je reconnais ces symptômes. Je les reconnaîtrais entre mille.

Je fais choir mon sac et commence à farfouiller à l'intérieur, à la recherche du flacon que Saskia m'a confié. Du coin de l'œil, je vois que des idées se mettent à suppurer de son esprit, tandis qu'une crise de Rémanence gangrène son cerveau. Elles débordent et jaillissent de ses canaux lacrymaux, de son nez, de sa bouche... comme d'une gourde percée. Il faut que je me presse. Où est-il, bon sang ? À côté de lui, le pendekar recule, tandis que la tête toute entière de son compagnon devient un brasier d'idées. Un déluge de concepts purs est en train de s'exprimer au sein du monde, comme au temps de la Confluence. Ma main se referme sur le cylindre en verre, et je me précipite. Je me penche sur lui, comme je l'ai fait tant de fois pour Kumari. Je débouche la fiole et saisis les sangsues pour les placer sur le front de l'alité, grimaçant de douleur tandis que l'Éther qu'il vomit mord ma chair et mon âme..."
405d979a-0b4b-415c-bedd-2fb432a811b8,ALT_BISE_B_YZ_62_C,LANDMARK_PERMANENT,"Les Flèches du Nilam",,"Observer le Tumulte nécessite de prendre de la hauteur, le maîtriser requiert de la connaissance.",,AFANAS,"393 AC - Je grimpe les étages de la grande tour blanche des Flèches du Nilam, saturée de l'odeur de résine. Je traverse les différents niveaux sans m'attarder : ateliers, bibliothèques et salles de méditation défilent sans que je ne m'y intéresse. De l'extérieur, bien entendu, rien ne laisse présager autant d'espace, comme au sein du Magisterium. Mais l'espace est un luxe que la Faction exploite allègrement. Senka croasse sur mon épaule, rompant le calme studieux. Je sais qu'il aspire à voler vers le sommet, afin d'être au plus près du Tumulte. Mais ce n'est pas l'observatoire que nous allons visiter aujourd'hui. Derrière moi, Fasano a la respiration hachée, mais il serre les dents pour ne pas rester à la traîne. Plus tard, je l'emmènerai visiter le centre de contrôle, où de nombreux Mages observent sans discontinuer les courants de Tumulte, pour nous avertir si une ondée est en passe de déferler sur la Chape. Mais pas aujourd'hui.

Je pose une main sur le bois cristallisé de la cage d'escalier, observant les lignes qui strient leur surface tout en repensant à ce que Wanjiru m'avait dit. Il m'avait ouvert les portes de nombreux savoirs, que je m'évertuais encore à trier dans ma tête. Arrivés à la septième branche, je me dirige vers l'entrée de la poche dimensionnelle, comme une flaque sur le mur, et je me fonds dans mon reflet pour passer de l'autre côté. Le laboratoire nous accueille dans un bruit de succion, alors que nous émergeons sur cet ailleurs qui n'est ni dans la réalité, ni dans l'Empyrée. Tous sont déjà là : Kuwat, Isikeli, Moyo, et même Saskia, la naturaliste Muna. Après s'être tournés vers nous, ils reportent tous leur attention sur la forme visqueuse qui s'agite au sein de la cloche en verre : un asticot, de la taille d'un chat, et si blanc qu'il pourrait paraître albinos. Il se tortille, essayant de grimper sur la paroi lisse et transparente. Il avait survécu en état de torpeur dans le tronc gelé de l'arbre-monde, et était revenu à la vie lorsque nous avions acheminé son écorce vers des climats plus cléments..."
b570e934-b87c-4d0b-8357-2c31d779e658,ALT_BISE_B_YZ_63_C,LANDMARK_PERMANENT,"Le Sépulcre des Sages",,"Au sein de ses courants nagent des savoirs anciens et des souvenirs oubliés.",,AFANAS,"393 AC - Si Atsadi et son adversaire ont laissé de profondes entailles à la surface des monolithes noirs, leur contenu ne semble pas avoir été maltraité par leur affrontement profanateur. Et ni le bretteur manchot, ni la tête brûlée, ne semblent avoir véritablement découvert le pot aux roses. Malheureusement, on ne peut pas en dire autant de Waru. Lui a tout de suite perçu la nature de ce lieu. Je prends place dans l'esprit de Senka tandis qu'il se met à voler au-dessus des pierres titanesques. S'il y a quelque chose d'attirant dans cet endroit, ce n'est pas dans le sens d'une fascination, mais bien d'une pression, comme s'il existait une force de gravité qui pointait vers ce lieu. Gravés, parcourus de veines dorées, certains blocs flottent dans les airs, au-dessus d'une sorte de brume mouvante et bleutée. J'y décèle des courants, et ce n'est que grâce à mes Iris que je peux comprendre de quoi ils sont constitués : ce sont des flux d'informations, de souvenirs, de pensées fossiles datant d'un autre âge.

Senka plane en hauteur, et moi avec lui, jusqu'à ce qu'il se pose sur un promontoire volant. Oui... c'est bien plus évident vu d'ici. La salle est une sorte de puits de gravité, attirant non pas la matière, mais les idées. La densité des concepts y est phénoménale. C'est comme si ces monolithes étaient des coffres-forts, grouillant de pensées, de rêves, d'espoirs, de prières... Elles y fourmillent, emprisonnées, reliquats des psychés des habitants de la Cité. Un témoignage posthume. Senka les observe comme de petits vers prêts à être gobés. Si je le laissais faire, il les aspirerait goulûment, parcouru de frissons d'extase. Je sens que je salive en retour, influencé par ma Chimère. Mais je ne céderai pas face à la promesse de ce festin. Ma mission est simple : déterminer pourquoi les gangues de Sève détenues par les Axiom étaient imprégnées d'une barrière protectrice. Comme je l'avais fait pour me rendre dans l'entrepôt, elles avaient été enveloppées dans des couches de banalité, d'insipidité, de fadeur... comme pour les masquer de l'appétit de quelque chose de puissant."
802974d8-0e24-4634-92b2-256150a881c7,ALT_BISE_P_BR_64_C,LANDMARK_PERMANENT,"Sofia, Premier Avant-poste",,"Un trait d’union entre Asgartha et le lointain",,,"Je sifflote en ouvrant l’enclos, et les dotouffus entrent sans broncher. Ça va, ils se sont bien habitués, au final. Au départ des Steppes, ça avait été une autre histoire. On en avait bien bavé avec papa : chaque soir, il fallait des heures pour les parquer, les compter, rattraper les moutons égarés… Mais avec l’aide de Puff, les choses s’étaient arrangées. Je regarde le bélier, qui me toise en retour — peut-être avec un peu trop d’insistance. Je déglutis et referme la clôture, avant de prendre le chemin de la ferme. C’est bizarre, que je sois le seul qu’il tolère. En marchant, je grignote mon goûter tout en observant la ville en construction. Des habitations en dur se montent, des maisons poussent autour du mess et de la grand-place.

Les rumeurs disent que Sofia a été choisie pour devenir le premier avant-poste permanent bâti en dehors d’Asgartha. Maintenant que l’Affamé n’est plus, on dirait qu’une ombre s’est dissipée de la Chape, et qu’on y respire enfin mieux. L’extraction de Sève continue, mais on raconte que la Ferme en réduit déjà l’usage, maintenant que les cultures ont bien pris et qu’il suffit surtout de les entretenir… Je m’arrête net, surpris par ce que je vois. Maman est là, devant la maison, alors qu’elle devrait être à bord de l’Ouroboros. Elle discute avec papa et une autre femme. En m’approchant, je réalise qu’il s’agit de l’Amirale Singh. Qu’est-ce qu’elle fait ici ? Tous trois se tournent vers moi alors que je descends le sentier."
