ID,REFERENCE,TYPE,NAME,DATE,FLAVOR_TEXT,INSPIRATION,NARRATOR,STORY
4a6fbb55-c636-446a-8cf9-7693f743738e,ALT_BISE_A_AX_56_C,Character,Icarus,,"Casting off boosters!",,,
3745c6f3-8364-40ca-90af-fdae858ed608,ALT_BISE_A_AX_63_C,LANDMARK_PERMANENT,"The Refinery",,"The use of Sap will alter the course of science as we know it.",,TREYST,"393 AC - A listless Rossum picks his way through the narrow walkways of the refinery — a hard-working fortress, all clad in steel, vibrating with sirens, illuminated by flashing lights, foggy with industrial fumes… I follow in my chair as we make our way along the large ducts and cable conduits to the control room. The power doors open to let us through, and I find Subhash, all sullied with oil and grime. Like many other mechanics, he was requisitioned for maintenance operations. I pet the head of Marmo, who had come to greet me, tongue lolling, before going to nibble playfully on my Alter Ego's ankle. Bash is standing just off to the side of the engineers huddling around the plans, looking worried or focused, I'm not sure which. This must be the final check before pressing the button… The refinery has been at a standstill for five weeks as it's reconfigured and transformed from a Kelon refinery to a Sap operation.

All the Axiom community's brightest minds are clustered around the table. They check, recalculate, adjust and recalculate again. Following directions, the workers below connect, divert, disconnect and reconnect… Bash yawns, and I empathize. But just as I decide to go and see him, the group raise their heads. A consensus seems to have been reached. All they need is a signal. The technicians at the controls anxiously lower the switch levers. Slowly, the change begins. The pumps start up, and fluid flows back and forth. The conduits leading from the City of Scholars emit a strange sound… an odd sucking noise, a bit like a drain. In a gloopy eruption, Sap rushes into the vats, spurting out in fits and starts. Then the gurgling turns into a regular humming sound. After a few minutes that seem like hours, the architects of this technological marvel start hugging, congratulating and embracing each other as applause rings out."
dff40a3d-f45f-4e19-9569-c7ce4fd3c8d1,ALT_BISE_A_BR_58_C,Character,Theseus,,"What a surprise, he's pulling out the big cards.",,,
1efa4057-a4e5-4f9f-a152-dd9ad66e1da0,ALT_BISE_A_BR_63_C,LANDMARK_PERMANENT,"The Mess",,"Every evening, the Mess overflows with laughter and shouting as explorers share their daily exploits.",,KOJO,"393 AC - I must admit, it feels good to be back out in fresh air. Just seeing clouds and the sky above our heads makes all the difference… And I also have to say that the Mess has really changed since it was built. I look at the pennants and string lights. Somewhere, a Lyra is playing the accordion. It makes it feel like a funfair. As I move forward in the line, I can't help smelling the different aromas of food from the stalls. And to say I'm starving is a massive understatement. Nearby, a corgi is begging at a table. I spot Basira clinking a toast with Treyst after hearing her gruff laugh drowning out all the chatter around me. I sigh, remembering about her refusal to coach me. And I've hit a brick wall with Atsadi too.

Boo puts his nose in the palm of my hand, and I turn to him. Yep, you're right, buddy. I should chase away those dark thoughts. We're here to stuff our faces, and I don't need any convincing for that. My belly starts to rumble. There's nothing like a raging hunger to make you forget all your other worries. And it's the same for Boo, too. Eat. Eat. Eat. His mind is fixated on this single idea. Don't worry, buddy, you'll get a good helping. But no begging from other people, OK? Right, how much longer? Even though I booked weeks ago, the Mess seems to be suffering from its own success with such long lines. As the sun sets behind the cliffs of the Screed, I notice someone waving at me from the reception desk. Hey! Look who it is!"
53bfd90d-5f2f-4df7-b5a5-80cbf358ed78,ALT_BISE_A_LY_53_C,Character,Daedalus,,"If you're lost, listen out for the announcements from the central stage.",,,
80408e98-2649-4ce2-9eb0-8b1cac6e03d5,ALT_BISE_A_LY_63_C,EXPEDITION_PERMANENT,"The Stage",,"Day or night, the music of BLISS reinvigorates weary hearts and bodies.",,FEN,"393 AC - I check my makeup one last time in the mirror — blush, eyeliner, mascara, eyeshadow, glitter — and quickly dab at the corner of my lips with one finger to clean up a stray bit of lipstick. Then I emerge from backstage for my last rehearsal before the big night, walking carefully among the coiled cables and those running across the stage. The sound techs check the equipment and connections while the lighting crew run their usual tests. The neon lights go up as I step up to my mark, a simple ""X"" of black tape on the stage. Looking back, I see the name of our group, ""BLISS"", appear in flashing letters outlined in multicolored neon. I breathe out deeply to ease my nerves. As usual, my stage fright is right there, like a knot in my stomach. And I know it'll stay there until the first few notes start to ring out.

I adjust my earpiece and grab the mic to adjust the height. Then I talk with the sound techs for a minute, running through some vocalizations to set the monitor and amp levels. I warm up my voice, and exhale once again to quiet the anxiety in my guts. I turn to the horizon, where a bright sunrise is starting to glow. Yesterday, we flew over the camp at midday to announce the concert. We threw confetti into the crowd to delight the explorers with the first track from our new album and help set the tone. I'm sure a lot of them will show up here tonight, to trade a little bit of their precious free time for some real entertainment. We'll have to really put on a show to avoid disappointing them. I feel the knot tightening up again, and again I exhale. Nearby, Crowbar is tuning his guitar. Tamati and Orbec are chatting over cups of Sap soda… I smile as I realize, like I always do, how lucky I am to have these folks with me."
674ad23e-cdd7-4293-bb88-7455cadf8e1c,ALT_BISE_A_MU_58_C,Character,"The Minotaur",,"Our mascot will always be available for a few selfies.",,,
f783fd2b-e5af-4f6b-96fd-7a5cff670479,ALT_BISE_A_MU_62_C,LANDMARK_PERMANENT,"The Farm",,"The Mess requires a farm that can consistently provide for its day-to-day needs.",,ARJUN,"393 AC - The cart laden with crates of fruit and vegetables pulls up to me, and the gardener driving it asks if I want a ride. I don't need to be asked twice, so I sit down next to him. I'm exhausted after the day's hike, and this stroke of good luck has arrived at the perfect time. As the horse and cart sets off again, I look behind me one last time at the peaceful Farm. The sails of the windmill turn at a leisurely pace, fanned by the wind blowing over the Screed, while above, the dense cypress foliage stirs and rustles. The farm and tree were formed in a single action through Alteration. Barns, silos and granaries are naturally embedded in the gigantic trunk to benefit from its cover and consistent temperature. All around, Muna farmers — all very happy to have left the the Ouroboros — are working in the fields, vineyards and orchards.

I turn to my savior, and we have a friendly chat about the colorful and pleasantly scented cargo he's just loaded up at the Farm: oranges and pomegranates, pumpkins and mushrooms, and even a few bouquets of flowers… Everything seems to have been cultivated with Sap. I crease my brow, deep in thought. As I expected, the goods will be distributed to various areas within the outpost, mainly to the Mess. Anything left over will be sent to the market held every morning in the main square opposite the Ordis town hall. Maybe I should bring Rin a gift basket? Lately, she's been constantly cooking delicious meals for me to thank me for having saved her during the ascent of the Cais Adarra. I smile when I think back to the excitement she feels every time she talks about food or explains her recipes. Who would have thought that besides being part of an Exalt, she's also a master chef?"
06244716-faad-4faf-95fe-e94de53ace00,ALT_BISE_A_OR_57_C,Character,Ariadne,,"Big up to all the little people who keep the event running.",,,
1447477c-1715-42c2-a844-99ed7db71456,ALT_BISE_A_OR_63_C,EXPEDITION_PERMANENT,"The Town Square",,"In light of the Ordis' well-known organizational advantages, the Factions entrusted them with outpost logistics.",,SUNISA,"393 AC - I leave City Hall after dropping off my report. One month of involuntary demobilization and dealing with administrative requests that really aren't my strong suit… I'd much prefer to be getting down and dirty in the field. But after an avalanche and taking the full force of the old Mage's tornado, they thought — perhaps rightly so — that I needed to put my feet up for a few weeks. OK, it wasn't all terrible. It was fun hanging out at the Mess with Sunniva, and with Cat and her gang, but it was like living their adventures vicariously. The only consolation was that Sig was also having the same run of bad luck with his fair share of boring missions. And that had given me the opportunity to make fun of him on more than one occasion. Last I heard, after having royally screwed up his recruitment speech, he had been assigned to watch over herds of Woollybacks.

Let's be honest, that's definitely a punishment that fits the crime. Also, note to self, go and tease him at the first opportunity. Smiling, I make my way through the crowded square. This is where all the complaints are handled, and by extension, where camp life in general is managed. A bureaucrat's paradise, basically. As I pass by the crier's desk, I see that he's reading the new edicts that were announced the day before. I sit down on an old collapsed column to rest my leg, which is still a bit stiff, then take out my newly acquired certificate of fitness from my pocket. With this, I can see a clerk to get a posting that would be a bit more active than simple pen pushing. Supply logistics, or maybe protective detail? Who knows?"
c2f5c430-d175-46f0-8f80-942c11ed7285,ALT_BISE_A_YZ_52_C,Character,Pasiphaë,,"Goodies! Who wants goodies?",,,
c9460e3e-f2e7-4875-bb7e-b819f0eb398b,ALT_BISE_A_YZ_62_C,EXPEDITION_PERMANENT,"Nilam Spires",,"Observing the Tumult requires taking a high-level perspective on it, and mastering it requires knowledge.",,AFANAS,"393 AC - I climb up through the great white tower of the Nilam Spires, with the overwhelming scent of resin all around. I cross the different floors without stopping, barely noticing the workshops, libraries and meditation rooms as I pass by. From the outside, of course, you'd never guess there was so much space, just like inside the Magisterium. But space is a luxury that the Faction exploits gladly. Senka caws on my shoulder, interrupting the studious silence. I know it wants to fly up to the summit to be as close to the Tumult as possible. But we're not visiting the observatory today. Behind me, Fasano is breathing hard, but he digs deep to make sure he keeps up. Later, I'll take him to the control room where a team of Mages tirelessly monitor the Tumult's currents to warn us if a wave is about to batter the Screed. But not today.

I place a hand on the crystallized wood of the stairwell, admiring the striations on its surface while thinking back to what Wanjiru had said to me. He had opened the doors to a great deal of knowledge, which I was still trying to sort through in my head. Upon arriving at the seventh branch, I head to the entrance of the dimensional pocket, which is like a puddle on the wall. I sink into my reflection to pass through to the other side. We enter the laboratory with a sucking sound and emerge into this elsewhere plane that exists neither in reality nor in the Empyrean. Everyone is already here: Kuwat, Isikeli, Moyo, and even Saskia, the Muna naturalist. After turning to us to acknowledge our presence, they return their attention to the slimy shape wriggling inside the glass bell jar: a maggot about the size of a cat, and so white it could be an albino. It squirms and tries to climb the smooth, transparent wall. It had survived in a dormant state inside the frozen trunk of the world tree, and had come back to life when we transported its bark to a warmer environment."
0bd8c1b7-2777-4210-90ef-ee4c2bf56e1c,ALT_BISE_B_AX_02_C,Hero,"Treyst & Rossum",,"An energy system is a piece of subtle machinery to be optimized for better output.",,TREYST,"392 AC - The legs of my chariot sink into the shifting ground, filling the air around us with the hissing of their hydraulic cylinders. As a Brassbug performs maintenance on him, Rossum turns from side to side, diligently watching the landscape. Curious about everything, he sometimes straightens up behind me, contemplating the flight of small rainbow-colored fish swimming in the air, or a hillside rapidly eroding as if molded from translucent multicolored jelly. A little further on, the branches of a flaming tree grove stretch out over turquoise rocks, illuminating the meadow we're currently crossing. How I wish Paju could be here with me right now… But I refrain from summoning his Eidolon. I need all the Mana my Alter Ego and I have collected to shield ourselves from the damage that's surely on its way.

Rossum places his hand on my shoulder and consoles me with a binary tinkling in my mind. Ever since our minds and essences were bonded by the Musubi, he can feel even the least of my emotions, just as I can feel his oppressive homesickness. We each bear our own sorrows. We both have wounds. But the prospect of helping him get back home soothes my grief, at least a little. And I can't help smiling when I see him exploring everywhere like an excited child. It feels good to smile again… I look at his metallic skin, all banged up after our recent expeditions. I'll need to reinforce his armor, maybe upgrade it with two or three more practical modifications. He'll need them when he goes into the Tumult alone before I arrive. I take my notebook from my pocket and start to quickly sketch a few diagrams."
1aa4c6b4-80f5-4751-a5e0-cd0f4e0dc9d8,ALT_BISE_B_AX_03_C,Hero,"Subhash & Marmo",,"There are still endless possibilities, even in a world of finite resources. In the end, it all comes down to how you choose to spend 'em.",,SUBHASH,"392 AC - I reach out and take the wrench that Marmo is holding in his mouth. I tighten the last bolt with a grunt, then wipe my slobber-soaked fingers on my suit. OK, this is the moment of truth. I switch on the kelonic battery, and my dorsal antenna starts to hum. Everything seems to be running smoothly. My Alter Ego barks, and I rummage in my pack for a bone-shaped dog treat. I throw it to him. He definitely deserves a little reward. While he devours it with happy munching sounds, I adjust the helmet on my head to make sure it fits tightly. By arranging my Construct, I summon a flashlight and point its light at the cave entrance. Right, it's time to see if there's any damned Kelon in these tunnels. And there had better be, because I'm fed up with returning empty-handed.

As I enter the cave, I can't help seeing it like a mouth about to swallow me up. I don't really want to end up like one of Marmo's dog treats, crunched up between a giant pair of jaws. The pink wafts of the Tumult part like curtains before me, pushed back by the waves of my antenna. Meanwhile, Marmo bounds along boldly, unaffected by the rolling mist. He even gorges on it, while I feel the Mana flowing into him like a battery being charged. I rearrange my Construct, forming a Kelon Elemental in front of me. The axolotl appears and starts to sniff the air. If there's Kelon in the area, the axolotl should react. Any second now… I see it suddenly rush forward. Ah! Bingo. I set off after it, grabbing my kelonic pickax. As I switch it on, the Kelon cylinder that powers it starts to pulse with a blue glow, bathing the chamber in a pale purple light."
a8cd0135-ccc8-45e7-82cd-106694280844,ALT_BISE_B_AX_31_C,Token,Brassbug,,"The Brassbugs seem to be evolving along with their environment.",,,
87f4eb27-044c-4640-9338-e97456301331,ALT_BISE_B_AX_49_C,Character,"Sap Sniffer",,"Indigenous to the ruins, these little creatures can smell Sap from a mile away.",,TREYST,"393 AC - Sitting down in my workshop, I gather up my notes. The soft mechanical hum of the mobile laboratory makes me feel like I'm a bee in the middle of a hive. Rossum is waiting for my directions to continue our experiments on Sap. I'm hoping to find ways to improve the quality of prostheses and implants, including replacing the use of Kelon and increasing their durability. I'm lost in these thoughts when the door flies open. A prospector crashes in, trying to rein in one of those strange local animals similar to a mole, which he has at the end of a leash. The man seems exhausted, while the animal is overexcited. Completely ignoring me, the creature's owner promptly places some containers of Sap on my desk, then rushes over to the animal to feed it a drop of his harvest. The Sniffer, as we call these mole-creatures, calms down immediately, sits down on its hindquarters, and looks at its master with wide eyes through its protective goggles.

While Rossum deals with this new shipment of Sap, which I'll use for my research, I ask the man about his four-legged partner. The man is all too happy to teach something to a scientist, and proceeds to describe the Sniffer's character. This little ball of fur, with big claws for digging and strong teeth for gnawing thick roots, is a specialist in detecting sources of Sap. Its kind are so partial to the substance that they are sometimes willing to take great risks to reach a place that might have some. The prospector tells us about several occasions when the Sap Sniffer was all too eager to climb into some dangerous places among the engraved stones deep within the city, just to savor a few amber drops. As we talk, I notice the man watching his partner out of the corner of his eye. The Sniffer is showing signs of impatience. Mumbling, the prospector picks up the leash and bids me a hurried farewell, before being pulled forcefully to the exit by his furry friend. The whole scene leaves me puzzled, and I wonder if the Sniffer has developed some kind of addiction to Sap."
a17321be-bf54-4dab-81a6-651c273806d0,ALT_BISE_B_AX_50_C,Character,"Dredger Drone",,"The more you dig, the better your chances of finding something unique.",,TREYST,"393 AC - I head to the dig site to investigate a Sap vein. Rossum follows me closely with all the gear I need for my analyses. I sometimes enjoy leaving my workshop to do some exploring around the Screed. Exploring with Paju was my original dream. Visiting far-off places, exploring the country in search of adventure and the unknown… That's why we wanted to be pilots. With a wave of sadness, I realize how much I still miss my friend, and I rev the motor of my chair to reach my destination faster, forcing Rossum to speed up. Once I arrive, I pause for a moment to look all around me. An army of drones performs a meticulous ballet while clearing a pile of rubble and rocks to gain access to a vein of sap.

I admire the artistry of the work, the precision of the machine's movements, the accuracy of the sequence of maneuvers: One arm digs, guided by sensors on its front panel, while the other arm guides the rubble to the open hatch that leads to the inside of its steel abdomen. As it drills, a siren and flashing light warn nearby workers that the machine is in operation. Its belly full, the drone closes the hatch and flies off to the quarry to drop off its load. A new drone takes its place and continues to drill in the exact spot where the previous one stopped. It's mesmerizing. It's hard to stop watching the perfect timing of the machines' rotation. I can't help noticing a similarity with the workers in a hive or anthill, the ones Paju and I watched as children when our heads were full of dreams. I finally snap out of my trance to go and inspect the samples recovered by the Axiom engineers in charge of operating this mine."
57d87af3-0017-4afa-b3ce-cfa4d71033b5,ALT_BISE_B_AX_51_C,Character,"Designer Drone",,"Designed by designers to help them design.",,SIERRA,"393 AC - I knew I would miss Aby, but I didn't know how much I would miss her, both personally and professionally. Come to think of it, what was she doing now? Did she still put the kettle on as soon as she entered the workshop? Did she still fold her scooter, then lean it against the entryway wall? Had she changed anything in the space we had shared for all those years? I sometimes caught myself turning around to talk to her or to show her something before remembering that she wasn't actually there. And even though I sometimes manifested her Eidolon to run errands and deliveries to the depths, it wasn't the same. Not having Aby around was like having a part of my brain removed. I had got into the habit of routinely showing her all my schematics, to get her opinion, to find out what she would improve. And over the years, her comments had become increasingly insightful.

That's why I'd needed an assistant. Its design was based on a moon jellyfish, but with flamboyant glasses and a sullen mouth added. Even today, I still wonder what I was thinking when I designed its outer appearance. But looks don't matter; it's what's inside that counts. And the ""Magnum 6"", the cryptex that determines its cognitive abilities, capable of millions of permutations, is probably the most complex I'd ever had to develop. I glance over at it. Its prehensile hands, connected to its body by flexible and incredibly malleable strands, grasp the blueprint and unroll it. It scans the document with its permanent expression of vanity and condescension, which always makes me smile. Then, when it has finished its analysis, a bulb suddenly emerges from its body and flutters above its head. I approach. This is a sign that it has found areas when my design can be improved."
8424418f-7609-434f-8544-58c1bb3ba167,ALT_BISE_B_AX_52_C,Character,Drillmole,,"Not my cabbages!",,SUBHASH,"393 AC - Testing inventions and putting theory into practice is always a big moment, for better or worse. Because no matter how sure we are of something, reality has a habit of really putting facts to the test. Science is the domain of accuracy and precision. One nose out of joint, and it can all turn to chaos. The last drill model is a good example. Up until now, conventional equipment was designed without prioritizing mobility. We knew where we needed to drill, and we would dig in that specific location. It was as simple as that. But in the Swiss cheese of the City of Scholars, it was a) impossible to install huge static installations, and b) risky to drill without really knowing what was on the other side, even with probes. In these conditions, a mobile drill was the obvious solution. It was an excellent idea… at least on paper. An all-terrain vehicle, fitted with tracks and a huge auger for a nose, and remote-controlled, no less…

And then the day arrived for actually testing it. The engineers thought of everything, even installing a platform to observe everything from a safe distance. In front of a select group of scientists, the official gave his pompous speech before activating the machine. With utmost pride, he watched the machine drill into the rock, shooting rubble and mud everywhere in its wake. And that's when things took a turn for the worse. It started with hushed chattering, little remarks like ""Why isn't it coming back out?"" I watched the face of Eugen, the manager, go through the whole range of expressions, from a reassuring stiff upper lip to concern, then to outright fear. It cycled through an impressive spectrum of colors too, from bright red to pasty white. He kept pressing the remote control in the vain hope it would change something. We found out much later that the Drillmole had emerged from the ground in the middle of a Muna field, in front of a group of horrified gardeners. A problem with the antenna, they said…"
8f7cab61-ba4f-4349-a0d8-4b7b75ccf09f,ALT_BISE_B_AX_53_C,Character,"The Grems",,"It's not demolition, but basic recycling. Or so they say.","It was at the beginning of the 20th century, in order to explain the sometimes incomprehensible damage that affected aircraft, that the legend of the Gremlins was born. These bizarre creatures were used to explain equipment malfunctions, piloting errors, and technical problems experienced by aviators and aeronautical teams. For pilots in the RAF, the British Royal Air Force, sabotage was equivalent to the intervention of these mischievous imps.",SIERRA,"393 AC - When Bash came to ask me if I could replace him, my first reaction was to say that he had some nerve to disturb me over what was obviously just a hangover. Then I remembered the incident, his singed beard and the favor I owed him, so I agreed without saying a word. That's why I'm now crouching, climbing over pipes and squeezing between conduits to find the cause of the malfunction that has shut down the refinery for the last few hours. Of course, there's no map to help me get my bearings, just a few arrows and signs that let me know I'm on the right track. Considering that Sap delivery had stopped, it must be a pump or valve problem. We had to make do with steam to make everything work to avoid wasting any Kelon…

Clang. A muffled sound, followed by an irregular rattling. Sounds like a problem with the pump… or maybe pests? I position myself behind a boiling-hot pipe, taking care not to burn myself. Then I look to the side towards the source of the noise. I see three Grems attacking a regulator panel. I should have known. The problem with using your imagination to create things is that you can inadvertently create things from your subconscious that you can't control — even among engineers who tend to rely more on common sense than fanciful ideas. And these three rascals come straight from the most basic superstition. I take out my Construct from its case and ponder the best way of driving them off. And the idea that comes to me obviously involves playing a trick on them in return…"
e828d124-387a-4f4f-a832-37fefbd96000,ALT_BISE_B_AX_54_C,Character,"Aby, Sap Courier",,"This wheel is the result of hours of mechanical training.","The idea of gremlins arose in the early 20th century to explain puzzling malfunctions in aircraft. These mischievous creatures were blamed for equipment breakdowns, piloting errors and technical problems encountered by aviators and aeronautical teams. For pilots of the RAF — the British Royal Air Force — these troublesome tricksters were said to sabotage their aircraft.",TREYST,"393 AC - A young woman on a unicycle suddenly appears in front of me without warning, almost knocking me over as I head to my workshop. If it weren't for Rossum's protective reflexes, I would have been hit. She mumbles some embarrassed excuses, then introduces herself as Aby, an engineer working for the Asgarthan postal services. But I've seen her face before… As I look at her quizzically, the Eidolon smiles and tells me she's been sent by Sierra to bring me a batch of Sap samples. While placing her enormous delivery cooler on the ground, she explains that she's bringing me containers filled with an amber substance, taken from deep within the City of Scholars. She found them thanks to a very skilled Sniffer… who seems to be lounging in the cooler, hoarding the containers as though they were its personal property. Aby has to gently remove them from the animal's paws so she can give them to my Chimaera.

As she recounts her journey through the labyrinthine streets of the old city, I make a mental map of the locations where she's found veins of Sap. As for Rossum, he seems more interested in the unicycle. Is she a mail carrier? No, she's a Foundry apprentice. Aberdeen, Sierra's assistant. Still chattering away, the Eidolon explains that, despite the dangers lurking around every corner of the underground world, she much prefers to be there, where the action is, rather than in the capital. At her mention of Arkaster, I can't stop myself thinking of our former life there. The young woman takes the Sniffer out of the delivery cooler, then closes it and slings it over her back again. The animal climbs onto the square lid of the cooler and places its paws on the courier's head. She gets back on her unicycle, bids us goodbye, and leaves. The couriers probably have a lot of work to do down here."
1ae75582-619d-42c0-adb2-25a3662bd22e,ALT_BISE_B_AX_55_C,Character,"Shortage Supervisor",,"With the appropriate tech, Sap can exhibit energetic properties sufficient to replace Kelon.",,SUBHASH,"393 AC - I look around me, wiping my clammy forehead. Inside the refinery, the conveyor belts that transport Kelon to cylinders are moving slowly, and their humming fills the chamber. I wrinkle my nose. It's obvious that production has slowed. In the middle, on a metal platform, a supervisor is holding a ledger and looks visibly concerned. I know he has the heavy burden of managing the distribution of Kelon. I had come to beg for some for the teams currently deployed, but I can tell that it will be pointless. The shortage of Kelon is increasingly worrying, and if it continues, we're going to be out of work. He stares at his abacus, counting and recounting, and he doesn't seem to like the result. I stand next to him to look over his reports and analytical results. He lets me do it, as he's too preoccupied to be offended by my interruption.

I stare at him with an insistent look, and he stares back at me. I've been pestering him for weeks, but he hasn't given me what I want yet. It's too dangerous. Too premature. Too much research and development involved. I can see his forehead creasing as his brain mulls things over. I don't need to say anything more or argue my case. I've already told him everything I know. Backed into a corner, he finally agrees. So I summon the Little Match Girl, who brings me a tube filled with Sap. She places the container on the table, and we start to examine it. We know the Scholars used to use Sap as some type of fuel. We just need to adapt our equipment to harness it. Thanks to the youngsters, we know it requires an injection network. We already have the containers. Once the green light is given, all the engineers need to do is devise a valve and circulation system…"
20ad4cda-4c71-4fb4-b4a5-d035be77977c,ALT_BISE_B_AX_56_C,Character,Icarus,,"This time, I hope the Sap wax will hold.","Icarus is a character from Greek mythology. He is the son of Daedalus, the architect of the Labyrinth where the Minotaur was held. Daedalus and Icarus are thrown into the Labyrinth by Minos for being disloyal and helping Theseus. To escape, Daedalus crafts some wings for Icarus using feathers and wax so he can fly away. He tells his son to stay far from the sun, but Icarus gets too close, which melts the wax holding the feathers in place. Icarus falls from the sky and disappears forever into the sea.",SUBHASH,"393 AC - I check the straps and adjust the young man's harness. And judging by the look of delight on my tester's face, I'm the only one feeling anxious here. Icarus seems very relaxed — too relaxed, even, which makes me nervous. He keeps looking up and commenting on the sky. It's a bit annoying. I go behind him — which at least gives me a break from that blissful look on his face — to check the motors that power the two propellers that will make the Eidolon fly. Everything looks perfect. I wonder why it always falls to me to help test new inventions.  Sure, I'm definitely very interested in testing Sap as a fuel. I guess it's kind of a privilege to able to do that… But dealing with guinea pigs isn't really my thing, to be honest. For once, I'm happy to be the one in charge rather than the one testing. Anyway, time to get going. I shoot him a smile and pat him on the shoulder, reminding him of the safety instructions. I don't think he's listening to me as he puts on his goggles and zips up his suit to protect him from the cold air high up in the sky.

I'm still talking as he starts to push the power button. There's just enough time for me to step to the side to avoid being sliced to bits by the propellors. Icarus hoots with joy, while I utter a string of curses. He sets off at a dizzying speed, and I'm stunned to see how quickly his form shrinks as he rockets away. Well, no doubt about it, Sap works very well as a fuel. Incredibly well, actually. Icarus is soon nothing more than a dot in the sky. I turn to Marmo, sitting at my feet, and he gives me a questioning look. Yeah, I'm not too confident either, boy. Was Icarus the right person for this test? I hear a sound and look up. Is there a problem? Nope, just a long howl of joy. I see the dot rapidly growing larger. He's coming back down. I let out a sigh, then wince as I realize how fast he's going. He's coming down very quickly… too quickly! I throw myself to the ground, narrowly avoiding being hit by an Icarus-shaped cannonball. Well, the good news is that it works. The bad news is that I'll need to review the safety instructions with Icarus… We're not out of the woods yet. And that's often the case with him."
4ae085c7-4664-44ba-b818-8ed93b65c4b3,ALT_BISE_B_AX_57_C,Character,"Enhanced Prototype",,"It's no longer flawed, but there's still room for improvement.",,SIERRA,"393 AC - Designing Automata that have limited duties is relatively easy. My Smiters have quite clear instructions, just like Farfetch. They have a primary function, and they perform it successfully. Well, mostly successfully. Where problems arise is when you try to give them a wider range of roles and functions. The more you ask them to be versatile, the more complex their cryptex has to be, and there's the rub. Calculation power, efficiency… everything has to be scaled back slightly. That's what happened to the previous iteration of the prototype. Because it needed to compute thousands of items of data at any given moment, it couldn't properly process the influx of data. The result was slow calculation times, latency and a response time close to zero… Crash, bang. I place a hand on its reinforced abdomen. If only I could give it the grace of the Ballerina models…

But those operate according to a preset choreography. Here, it was a matter of giving it adaptability, almost a proto-consciousness, basically. Its head tilts in my direction as I float next to it on the platform I borrowed from the Axiom managers. The Sap that powers it pulses in its central core and circulates around its body. Of course, I've replaced all the odds and ends I'd kitted it out with in Storhvit — as you'd expect, given my Lyra past — and replaced them with shiny new parts… But I knew that its inner design needed a lot of work, even though I'd added loads of features and significant improvements, including a stabilizer to optimize support. It could even run now, which was no mean feat. I give it a reassuring smile. We'll find something to make you perfect, don't worry."
ab1b3ec6-bb54-474d-9ff9-ef520a46fc47,ALT_BISE_B_AX_58_C,Spell,Bugfix,,"It's not Kelon, but this Sap will make you feel better, I swear.",,SUBHASH,"393 AC - I love Brassbugs. Don't ask me why, I just do. I guess if you dig deep enough into the gray lump that acts as my brain, I'm sure you'll find a part of the hard worker that I was before. And those industrious and surprisingly empathetic creatures are nothing if not hard workers. So when I find one suffering from a little problem, I grab my tool kit and try to repair it. It's a gesture of solidarity — or even brotherliness — for our loyal companions who make our lives easier wherever we take them. No matter how much I complain to those who bring me their broken models, I can't help trying to fix them back up. That's just how it is. And ever since I got a glimpse backstage at the Foundry, I know how much they help it run smoothly from behind the scenes. They are the reason there are no leaks, and the reason it's generally so well maintained…

This morning, I almost stepped on one as I entered my workshop. Yes, I admit, that was partially my fault because of how untidy the place is. Luckily, after rummaging around with his damp nose, Marmo barked to warn me it was there, just as I was about to tread on it. Now, after emitting a bunch of choice expletives, I realize that the Brassbug isn't moving at all. I pick it up and examine it. Its protective backplate is covered in cracks, leaving its internal mechanisms unprotected, and leaks are beginning to eat away at its circuitry. It smells bad. Very bad. I place it on my workbench, while Marmo whines at my feet. Don't worry, old friend, I've got this. The first thing I need to do is restore its physical integrity. I grab my Sap gun to use as a glue gun. I've heard that a long time ago, the Ancients called this technique kintsugi…"
aebf2398-a370-4fb7-be87-eede6b29601a,ALT_BISE_B_AX_59_C,Spell,"Sap Overflow",,"With every dig, the Sap becomes riskier to harvest.",,SIERRA,"393 AC - I turn off the sonar and fold up the antenna. The evidence is undeniable: There's Sap on the other side of the wall. Here, where the Undergrowth starts to transition to more geometric rock formations, the trees are adorned with interlacing and spirals, a sign that they've adapted to underground life by feeding on the golden liquid. Just yesterday, we discovered a hollow stump where we managed to collect the equivalent of two tanks, and all around the roots, a variegated flora had developed by feeding on the nourishing substance rather than on sunlight and minerals from the soil. I whistle to Oddball, and he stops patrolling to come and join me. His Mana gauge is completely full after his reconnaissance mission in the depths. I'm going to rely on him rather than using conventional drilling equipment.

Taking up a stationary position facing the swollen wall, he condenses his energy and fires a focused ray on a crack in the wall. The beam hits the veined surface, which starts to glow red from the sudden rise in temperature. The vivid red ring expands across the dark stone, like an ink stain spreading across vellum, or a circuit of blood vessels suddenly illuminated under flesh. I try to warn the sentinel who was assigned to me without my knowledge, supposedly for my protection, but she doesn't seem to want to follow my advice. Oh well, that's on her. Suddenly, the wall cracks, and under the accumulated pressure, the gloopy substance spurts out like a geyser. Behind me, the various teams jump into action with their pumps and Kelonic siphons. Now we just need to collect every last drop of Sap… and clean up the Eidolon who didn't want to follow my safety instructions…"
f3e85c9c-c50c-4141-8ff6-c321734ded57,ALT_BISE_B_AX_60_C,LANDMARK_PERMANENT,"Sap Extractor",,"The Sap courses through the whole city like blood in a mortal's veins.",,SUBHASH,"393 AC - Marmo wakes me. I must have slept through my alarm. I quickly put on my suit and head out without grabbing a coffee. I know the supervisor was counting on me being there at dawn. The first containers of Sap were supposed to go out this morning. As I rush to the refinery, I hear the mechanical rattle of chains hauling out cylinders full of processed Sap. The delivery teams are stacking the carefully packed crates, ready to be sent to the various sites: the farm, mess, airfields, factories and workshops. I notice amber glimmers emerging from the ground. I climb the ladders and hurry across the newly riveted steel platforms. Everything has been recently installed and is shiny, sparkling and new — the fruit of Axiom expertise. It's a technical marvel that honors the whole Faction. I descend the stairs four steps at a time and arrive at the end of the production line.

As usual, the supervisor is on the mobile platform. He consults his readings and compares them with the data displayed on the various screens. I gesture to him, a sort of silent apology for being late. He shoots me a quick smile, then returns to his checking. It looks like everything has been going well, even without me. I take the opportunity to check the production automation mechanisms. The technicians have done a great job. Transforming this Kelon refinery into a Sap refinery was a spectacular achievement! And that's in addition to the raw-material pumping installation that plunges down into the City of Scholars to bring up the precious liquid. I imagine all the collectors placed at different strategic locations in the Undergrowth or the Tomb… And all of it fussed over by an army of dedicated technicians. With all this Sap flowing, the City looks like a new beating heart."
281e2336-e7da-4687-b9bc-e2cc63bcaaba,ALT_BISE_B_AX_61_C,LANDMARK_PERMANENT,"Tech Lab Unit",,"Two's company, three's a crowd.",,TREYST,"393 AC - Unlike many people, I've always found something comforting about laboratories. No matter the location, whether above ground or deep underground, laboratories all have the same ambiance, the same smell… They are a haven for study, filled with measuring and research instruments. When you have a scientific background, you can immediately feel at home in one. And though it's rudimentary, this mobile unit is no exception. I immediately felt at home when I entered. From the outside, the structure obviously looks more like some kind of worksite machinery than a university building: huge wheels, generators, antennas, thick cables and conduits that plunge down into the city's bowels to pump the Sap that we now use as our energy source… It's clearly designed to be practical rather than good-looking with its prefabricated utilitarian appearance. What I particularly like is the whirring of its machines, their constant buzzing. It's a familiar and reassuring sound, like the engines of the airships Paju and I used to fly. 

I love seeking refuge here every night after a journey into the depths. I could spend hours or even days here. And that's actually what I do. Come to think of it, I'm a bit like those Sniffers: a creature of the night, at home in the dark. Unlike me, the other researchers set their work schedule to match the outside floodlights, which get brighter when it's meant to be daytime and dim in the supposed off-peak hours. But I'm happy with my mug of coffee and my nocturnal habits. How many of these have the Axiom built already? Six? There's mine, of course. One under old Falani's authority… The door opens suddenly, and a young woman enters. She has a yellow raincoat, waterproof boots and geological gear. Hmm, definitely a prospector. She places a satchel full of Aeroliths on the table, and some of the glowing stones start to float in the air."
73e19d86-ff85-4ba9-b023-2070e675198b,ALT_BISE_B_AX_62_C,EXPEDITION_PERMANENT,"Bug-Out Bag",,"They forgot to pack the Eat Me energy bars.",,SIERRA,"393 AC - OK, looking at it closely, it's a bit like a school bag. But inside, there's all the essential gear you need for a long trip to the depths. And that includes what you need to get out quickly if the situation turns ugly when you're down there. Flashlight, compass, first-aid kit, freeze-dried rations… I watch the elevator climb to the surface of the chasm, winched up by a crane far above. The rails creak as our only means of returning to the open air moves ever further away. I breathe deeply, slapping my cheeks to stay focused on the job ahead. I know that the Muna are dealing with the Undergrowth, and the Ordis historians with the City's living areas. As for us, we need to explore everywhere to find veins of Sap. When we were out in the freezing environment of Storhvit, we had a few containers of the precious liquid we could use, but only enough for a little experimentation.

Now, the goal wasn't research, but to collect as much as possible to use as a power replacement — at least temporarily — for Kelon. Sap… I shake my head. And from a world tree, at that… When Treyst had told me what Arjun had said, I'd had a reverse ""eureka"" moment where I'd realized that we'd had everything under our noses the whole time without being able to see it. Judging by his face, Treyst was also annoyed with himself for being so blind to what was ultimately obvious. I check the contents of the bag one last time while making a mental note of what I have available. Oddball suddenly beeps, and I see it too. Something's moving in there. A little head appears, looking all around. I burst out laughing. I don't know if it was looking for something in particular or, like a cat with a box, if it had decided that this was the ideal place for a nap, but the Brassbug seems a little disconcerted by where it had found itself. Tough luck, little guy. You're with me now."
9540dc73-973a-4947-abb1-9dafff8a1d27,ALT_BISE_B_AX_63_C,LANDMARK_PERMANENT,"The Refinery",,"The use of Sap will alter the course of science as we know it.",,TREYST,"393 AC - A listless Rossum picks his way through the narrow walkways of the refinery — a hard-working fortress, all clad in steel, vibrating with sirens, illuminated by flashing lights, foggy with industrial fumes… I follow in my chair as we make our way along the large ducts and cable conduits to the control room. The power doors open to let us through, and I find Subhash, all sullied with oil and grime. Like many other mechanics, he was requisitioned for maintenance operations. I pet the head of Marmo, who had come to greet me, tongue lolling, before going to nibble playfully on my Alter Ego's ankle. Bash is standing just off to the side of the engineers huddling around the plans, looking worried or focused, I'm not sure which. This must be the final check before pressing the button… The refinery has been at a standstill for five weeks as it's reconfigured and transformed from a Kelon refinery to a Sap operation.

All the Axiom community's brightest minds are clustered around the table. They check, recalculate, adjust and recalculate again. Following directions, the workers below connect, divert, disconnect and reconnect… Bash yawns, and I empathize. But just as I decide to go and see him, the group raise their heads. A consensus seems to have been reached. All they need is a signal. The technicians at the controls anxiously lower the switch levers. Slowly, the change begins. The pumps start up, and fluid flows back and forth. The conduits leading from the City of Scholars emit a strange sound… an odd sucking noise, a bit like a drain. In a gloopy eruption, Sap rushes into the vats, spurting out in fits and starts. Then the gurgling turns into a regular humming sound. After a few minutes that seem like hours, the architects of this technological marvel start hugging, congratulating and embracing each other as applause rings out."
1c887299-cc86-4545-b1f6-ac151b2cd827,ALT_BISE_B_BR_02_C,Hero,"Atsadi & Surge",,"Every challenge is a blessing that lets me rise even higher.",,ATSADI,"392 AC - Dei Liberi, d'Aubigny, Bologne. Three names from seven. Three Eidolons I still haven't been able to manifest in my mind. But it's crucial if I want to face them and defeat them. Dei Liberi, d'Aubigny, Bologne. The names are a mantra in my head as I stand in the en garde position, my eyes fixed on my Alter Ego. I close off my mind to him. This training would be worthless if I could directly perceive his intentions from the fortress of my mind. Suddenly he disappears, as fast and ephemeral as lightning. There's a crackling and the smell of ozone. I suddenly spin and strike where Surge has appeared, my jian carving fiery fissures in the air. My blade cuts through the emptiness as the hairs on my arm stand on end, frizzing with static energy. I need to be even faster. I must move to the rhythm of the lightning.

Behind me again. No, that was just a feint. I jump to the side, slashing the air to parry the electrifying fingers of my Chimera. I must not think. I need to anticipate his movements and patiently protect myself from his attacks as I wait for my body to fill with Mana and for my essence to absorb the fleeting ideas that drift around me in playful, fragile gusts. Through the Avgrunn, I devour them and make them mine. Through Alteration, I feed my own identity and power. There. I suddenly twist by bending my body, lowering my center of gravity to stop myself from falling. But despite having dodged, I feel the bite of his electrical discharges as the arcs of lightning crawl over the surface of my skin. I spin around, ready to strike my sword at my Alter Ego. Another feint. At the last moment, I thrust my sword in another direction, driving it into his electric torso, right where he had suddenly appeared in a flash. He looks at the blade, then to me, and smiles. I return the smile."
7fe37d94-e183-4c40-993d-6d02cb94c5e5,ALT_BISE_B_BR_03_C,Hero,"Basira & Kaizaimon",,"Only the worthy shall achieve true transcendence under my guidance.",,BASIRA,"392 AC - I watch the seething water as the surf drenches me with its spray. The water swishes against my skin as Kaizaimon meanders back and forth, patiently waiting for the right time to come out of hiding. In the spectral darkness, the roaring waves crash against the cliff as a lightning bolt streaks across the raging sky. Around me, the other Bravos soldiers lie on their stomachs, hidden and on the look-out. I see them cursing the cold and water as it penetrates deep into their clothes, but none of them complain. I smile. A few drops of water won't make them waver or shiver. Suddenly, Kai pours out of my skin in a red cloud like a bloody mist. My oni gradually solidifies and regains his original appearance. He starts to float above the bluff where we have taken refuge, waiting to tighten the noose of our ambush.

He looks at the sky, and I do the same, just as a griffon breaks through the clouds. The griffon flies toward the beach with Sigismar on his back. That means it's not far behind. I crack my neck and knuckles. Around me, the other warriors slowly spread out. Some roll their shoulders, while others unsheathe their swords. I turn toward them and give them a smile. They return it. But not with smiles of kindness – more like predatory grins. Good thing that's exactly what I need. Today, I need them to be demons. I scream at them, pumping my fist in the air as the hurricane rages. They roar in return, and some beat their weapons against their shields. The enemy will be formidable, and the challenge immense. But that's what the Bravos have always feasted on. Come on, then, Kraken! We are ready!"
19975b41-7d8a-4210-9898-80687b8239b4,ALT_BISE_B_BR_49_C,Character,"Junior Chef",,"The Bravos are always the best with a blade, whether it's in a duel or in the kitchen.",,KOJO,"393 AC - The little chef wields his cleaver with consummate skill, cutting fine strips of solidified Sap as his big chef's hat wobbles on his head. The Chimaera chops, minces and dices incessantly to keep up with the frenetic pace of orders coming in. Because this place is absolutely packed. Ever since the Mess kitchens incorporated Sap into their recipes, everyone's been impatient to try Hestia's latest dishes. My mouth is already watering. I've been waiting two weeks for this! When I came back up, there was already a line just to make a reservation. And fitting it into my schedule was no easy feat. So now, I was about ready to order one of everything. There was the fondue, of course. But the Sap borscht with fried eggs was also tempting… Sunn and I had decided that choosing between them meant missing out, so we decided to have both to celebrate the end of her convalescence.

It was great to see her again. I'd briefly bumped into her at Caer Oorun, but we hadn't had time to talk much. So, meeting her in the line was the perfect chance to catch up a bit and have a good chat, like we used to at the training center. After we sat down, she told me all about her journey in the Storhvit, while I told her about my run of bad luck. Listening to her, I felt a bit like I was missing out, even though she admitted to me that she'd always been a bit jealous of my Exalt status. I watch her gulp down a fried egg whole from her second helping of borscht, then wipe her mouth with a napkin. I still couldn't understand how she could eat all that in a single day. She always had something to eat in her pocket, not to mention the candies she nibbled on all the time."
59ebc0cc-fd94-4f51-9dc7-daa805912a44,ALT_BISE_B_BR_50_C,Character,"Spirit Wielder",,"Memories of a forgotten civilization linger in those ruins. We are not alone.",,BASIRA,"393 AC - The scene in front of me comes to life like a puppet show, but one made of light rather than shadow. I snort at the irrefutable evidence. At first, I didn't believe the gossip I'd heard about this over a pint at the Mess. But now that I'm seeing them right in front of me, there's no more denying it. The Spirit Wielder touches all the blocks that she passes one by one. I feel the pull of her Avgrunn, which draws the ideas out of their stone mausoleums like mice being forced out of their burrows. With a simple touch of her hands on stone, an entire area of the underground city springs to life around us in golden, ghostly silhouettes. Homes, people milling around, seemingly going about their daily routines… as if shaped out of sand by the Sandman.

Over there is a merchant at his stall. And there's a student in a hurry, and washerwomen. All these scenes are overlaid over the ruins like memories plucked from the depths of time. I can't stop myself from touching one of the nearby shapes, but my fingers just brush against emptiness, passing through the form as if it were fog. I pass through them and the walls of their homes, the columns of their temple… It's a strange and unsettling feeling, a sensation of lives lost but looking to come back, to complete an indistinct and never-ending quest. Eternal prisoners of a shattered destiny. The Spirit Wielder watches them with sadness and a touch of resentment. I suspected it would affect her, as she was usually the one responsible for bringing the heroes' ashes back to Haven, so they could reside in the Parliament among the worthy. As she would maybe return mine one day so they could rest among the other ghosts of our past champions."
dc7eebcd-5a15-435c-848b-b1573a755c6e,ALT_BISE_B_BR_51_C,Character,"Bravos Pendekar",,"Rest. Raid. Repeat.",,BASIRA,"393 AC - A mass of clawed arms. An ocean of shadowy limbs trying to grab us. Kaizaimon strikes left, right and center with his knobbly mace. He swings it from side to side, breaking apart the aggressors like you'd fan away smoke from a campfire. But for every enemy banished, another ten take its place. The room we need to cross is built from smooth, dark stone, with a slight blue tint and repeating geometric patterns everywhere, from the floor to the walls to the gaps in the ceiling we'll have to reach to escape. But before we can do that, we need to create an opening. Most of my companions are not veterans. Many will fall if we retreat. I'm suddenly aware that Sidqi is watching me. He too seems to be realizing the truth of the situation. But even though there's resignation in his eyes, there's also determination just as strong. With a flash of awareness, I understand what he intends to do.

Before I can talk him out of it, he jumps into the fray to create an opening for us, no matter how small. He strikes again and again with power and precision, getting between us and the shadows. He chains together devastating hits and grapples to weaken their vice-like grip, spreading his limbs, focusing attention on himself and suffering deep wounds in the process. I yell to the others to flee while there's still time, putting aside the emotions welling up inside me. Because I know that what he's doing is sacrificing himself. An old man giving his life so the younger ones can live to see another day. With a heavy heart, I urge the stragglers to run, while Kaizaimon tightens his grip on his weapon. They are the ones who matter. He and I know it all too well. But as I go back to join Sidqi, an eager presence passes by me. Aoife throws herself into the battle too, despite my warnings."
04f3606f-1e43-4020-a9df-709f7fa580a6,ALT_BISE_B_BR_52_C,Character,"Talarian Skater",,"To explore the City, adventurers need daily deliveries from the surface.",,KOJO,"393 AC - I plonk my butt down heavily on a small pile of stones, while Booda, tongue lolling, lies down all stretched out. I look up and sigh as I see the sky in the form of a small circle no bigger than a ringby ball… Yep, there's a fair distance still to go. A long trek before we get there safe and sound. I look all around me. The other guys in the expedition are not doing much better. To be fair, we've been trudging around down here for days, and our sense of time is completely out of whack. The result is that we're seeing shadows everywhere, not getting much sleep, and there's a constant feeling that we're always being watched… Yes, there's been some cool moments where my parkour skills have been useful, but after being repeatedly rejected, my morale is not exactly at its highest. In fact, it's so low that it's starting to burrow even further underground…

I suddenly hear a screeching sound from a side passage, and I get up despite my aches and pains. A skater jumps out of the duct and lands in the middle of the crowd. She continues to skate turns while chucking cans of Sap Soda to us. I catch one mid-air as she gracefully spins around. I have no idea who called her, or why a Talarian courier has been given this kind of job. But what I do know is that it's a damned good idea. I crack open the can and take a huge gulp. The skater continues to weave in and out of us without stopping, while showing off with a skid and trick or two. She makes sure everyone has a can, then winks at us before leaving with her supplies for another express delivery. OK, I don't know where this came from, but I strongly support the initiative!"
1def2bdd-5500-465e-8398-ff3124a77ebf,ALT_BISE_B_BR_53_C,Character,"Bravos Excavator",,"The depths of the city are filled with archaeological marvels... along with plenty of Sap!",,BASIRA,"393 AC - Jubal is the last to pull himself up through the hole with a bag crammed full of fossilized Sap and other knick-knacks. I'd told him to get rid of his gear, but it seems some people value their loot more than their own lives. He rolls over the grassy ground, laughing nervously but with a certain satisfaction. These prospectors are always driven by the lure of profit. If he were one of my students, I would have knocked him down a peg or two. But our task was to escort the plunderers, not teach them good sense. I watch him as he takes his bag and examines the contents like it's a haul of treasure. There's Sap, of course, but also a jumble of relics and odds and ends. I'd heard that it was Temera Singh herself that had tasked him with supervising the dig. Good grief, what had she been thinking?

But I had to admit, he knew his stuff. He always paid for his round of Sap beer, and he certainly spent more time with the rank and file than with the brass, both around the campfire and knee-deep in mud. And even though he was surly, stubborn as a mule and miserly as a crow, his bond with the boots on the ground earned him plenty of praise and respect. I watch him scratch his beard and examine a strange, rusty and baffling trinket. His eyes sparkle with interest, as if he's counting how much this will bring him. Jeez, doesn't he realize how close we were to death? He suddenly notices that I'm watching him, and he gives me a knowing smile, ignoring my dark look. Very well, Jubal, I'll make you buy another round tonight."
426fbbf8-d14c-4ada-b866-7c89520b16af,ALT_BISE_B_BR_54_C,Character,"Pastry Chef",,"Pioneers in more ways than one, the Bravos were the first to experiment with Sap in the culinary arts.",,RIN,"393 AC - I can't believe how lucky I am! Getting a front-row seat to watch the pastry chef of Hestia's brigade at work… Now that's an amazing show! This man is a genius, a virtuoso at handling a sifter, whisk and piping tip. I watch him make a lemon meringue. Ah, his execution is close to perfection! I carefully follow each of his movements to appreciate the expert's touch. There, in front of me, I watch him create a layer cake worthy of a historical monument: He prepares the sponge, then the raspberry coulis… I can't even blink. My eyes are wide open, relishing the sight of a master at work. I try not to leave my mouth agape, especially since it's watering so much with all these sweet treats. I'm desperate to try them all! OK, calm down, Rin. It could be embarrassing if a line of drool starts dripping from your mouth.

As for the chef, he doesn't care that I'm scrutinizing every little thing he does. He's completely focused on his cake. Now he's adding Sap to the raspberry mousse. Wow, it's turned a sparkling golden color. It's even more beautiful. Mmmm, looks delicious. I silently memorize the proportions and prep times so I can try to reproduce it all later. Dad would always say how he didn't understand my fascination with food-related professions. He also said that I would get totally overstimulated when tasting something… Hard to say he was wrong, really. Ooh! Look, Kiddo! We're coming to the grand finale. I hold my breath as he places the different layers, uses his spatula to smooth out the fillings, and creates delicate creamy patterns. It's done! It's done! Then, to my complete dismay, I watch the cake get taken to a nearby table to a round of applause from the guests, and then placed in front of a tall lady with red hair. Lucky thing. But then I see Basira at her side. Maybe with a little persuasion…"
09d0f969-98ee-4b6f-88e3-695bbd1ca1ed,ALT_BISE_B_BR_55_C,Character,Hestia,,"One offering for one serving of stew. House rules.","Hestia is the virgin goddess of the sacred fire and hearth in Greek mythology. Daughter of Cronus and Rhea, and eldest sister of Zeus, Poseidon, Hades, Hera and Demeter, Hestia is one of the 12 Olympians. She is a personification of the hearth and a symbol of family and society. Whenever a new colony was established, a flame from her public altar in the mother city would be taken to the new settlement to burn there.",BASIRA,"393 AC - You don't go into Hestia's kitchen unless you're part of her brigade. I know this because I tried, by mistake, one evening after I'd had a few too many, and she kicked me out unceremoniously. Even Kaizaimon watches his step when she's angry. She's the big cheese of the kitchen in the Rediscovery Endeavor. She runs a tight ship… at least the galley part of it. And you'd better watch out if what's in your pot is different than what she asked. The mistress of the Mess does not mess around with her menu. Everything that ends up on the plate must meet the criteria she sets. And ever since she discovered the flavor and nutritional qualities of the Sap, she's taken a crazed delight in adding some to all her specialties. And, of course, her experience is reflected by all those she entrusts with her cookware. I hold onto the wall tightly to fight the dizziness. Jubal certainly bought the drinks I asked him to, and tomorrow's bill will be eye-watering… Now I just need to soak it all up with something more solid. But what?

I look at the menu, but the white writing seems to be swimming across the blackboard. There's her famous stew, of course. The classic dish everyone needs to try when they eat at the Mess. If you're in a festive mood, there are also those fancy little dishes that she never gives the recipe for: turbot with julienne of Undergrowth vegetables, Sap canapés…  Sometimes, during those rare moments when she takes a break, she sits next to you and watches you eat to take note of your expressions. If there's no smile after the first mouthful, she grabs the dish and goes grumbling back to the kitchen, only to return again with a dish that brings a tear of pure pleasure to your eye. Behind the burners, she paces back and forth, barks orders, tastes spoonfuls of the kitchen hands' creations, invariably adds a glug of Sap, and watches cook times with a clockmaker's precision… But none of that helps me decide what to order to congratulate Aoife on her inauguration."
234e1306-d560-4521-9029-cf399313d597,ALT_BISE_B_BR_56_C,Character,"Aoife, Fire Avatar",,"When the Firebird's spark ignites within you, that's when you become worthy of joining the Phoenixian Guard.",,BASIRA,"393 AC - I try to hold back my protégé, but she's much too quick. I grit my teeth and curse her recklessness as she rushes to help out Sidqi. But at the same time, I can't help feeling a touch of pride to see her spirit and audacity. If you think I'll let you take all the accolades, think again, my girl. Before I join in, I check that the prospectors and scholars we were supposed to be protecting are out of danger. But when I turn to Aoife, my eyes widen as I take in the show she's putting on. Her blades burn with fire — just like Sitina's — and slash through the shadows, banishing them with their intense light. But that's not all. Her hair, which is already a flaming red, catches fire, and her eyes burn with an incandescent glow as she performs the steps of her deadly dance.

I yell to Sidqi to get out of there, and he doesn't need to be told twice given his wounds. Because he has also seen what is happening. Aoife is manifesting the gift of the Phoenix. Her whole body is receiving its blessing. She is not just becoming fire, but an inferno. I can't stop a smile as I watch her transcendence. Once the shadows have been chased away, once everyone is safe on the surface, I'll need to find the representatives of the Phoenixian Guard to tell them they now have a new member. She will bend the knee as she is inducted and then will rise as Rune's heir… I raise a hand to stop Kai from helping her, because I know she doesn't need it. I won't deprive her of her moment of glory, her triumph. All we need to do is sheathe our weapons and enjoy her dance of death."
2195e0cc-ae95-4c7c-9507-47e67d5c6971,ALT_BISE_B_BR_57_C,Character,"Swift Jinn",,"The quickest solution when you need extra firepower.","Originating in pre-Islamic mythology, Jinn are fantastical creatures shaped from smokeless fire. With the ability to shapeshift at will, it's said that they live in desolate places, near waterways or in forests and deserts. While some can be malicious, it's also said that philosophers, poets and soothsayers were sometimes inspired by Jinn. They also appear in many stories, from ""One Thousand and One Nights"" to Victor Hugo's poem ""Les Djinns"".",ATSADI,"393 AC - Sometimes strength is useless. And sometimes even speed is pointless. My blade cleaves and slashes, but it's like cutting through the flow of a river. In the middle of the cave, jet-black phantoms like roving shadows glide like trails of ink, eager to mix in the red of my blood. They peel away or seep from the walls, and even though I twirl my blade in every direction to cover as much area as possible, I have an annoying feeling that I'm just stirring air — like a windmill trying to push back the night. By trying to hold them off, there's a risk I'll become exhausted. I choose each of my steps with care to navigate the rocky ground. The cavern's many irregular surfaces make it impossible to maintain a continuous path or to identify openings and routes for escape. When each pool of darkness could be hiding one of these spirits, it's not easy to use the full range of my art.

But I must hold off the siege, like a dam restraining the water's constant push. Fleeing is not an option… And thankfully, that was never my intention. I smile as I approach the well. It's surrounded by those damned engraved stones, stacked in a haphazard pattern like an amphitheater designed by a deranged architect. The shadows approach, hoping to corner me, but unaware of the ambush I've set for them. I breathe out. The Jinn drops from the ceiling like a streak of fire and metal. It descends from above, screeching like a bird of prey with a wordless shriek from a mouth filled with steel fangs and blue flames. What's better than light to banish shade? The detonation is jaw-dropping when the Jinn explodes. The brightness takes the shape of a wave that rolls into the smallest nooks and fissures, and as it flows past, the black smoke unravels, sizzles and disperses. Mana fills the cavern like a fog, and I inhale it to engorge myself with power…"
95abe956-c503-43fe-9ef9-7e458b0c4c00,ALT_BISE_B_BR_58_C,Character,Theseus,,"For the brave souls exploring the labyrinthine depths of the city, life often hangs by the thinnest of threads.","Theseus is a hero from Greek mythology who travels to Crete to defeat the Minotaur, a monster who is given seven young men and seven young girls from Athens every year as a sacrifice. Theseus takes the place of one of those chosen for the offering and enters the Labyrinth. He is helped by Ariadne, who has fallen in love with him and whom he has promised to marry. She gives him a ball of thread, which he unwinds as he walks to help him find his way back out of the maze, and a sword to kill the monster.",ATSADI,"393 AC - This was much more than a labyrinth. If the black blocks were each a grain of sand, this entire place would actually be a sheet of shifting sand that would engulf any who dared to set foot there. Because the topography was constantly rearranging itself, it was useless to try and find your bearings. The only constant was its verticality: You had to descend, further and further into the depths. It was the only certainty I could truly rely on. I feel Surge getting impatient, in his cicada form, filling the air with ozone. He's my only source of light, like a crackling torch in an ocean of darkness. He and I both know we're being followed, and by someone with no particular knack for discretion. We need to shake off this busybody. As I sift through my mind, it gradually becomes clear which Eidolon I need to summon. With a defiant air, I command him to appear.

I hear the snap of a rope, and I slowly turn around. He stands in front of me, arrogance written all over his face. Like all powerful Eidolons, he only responds to those he deems worthy — to warriors, like him, who aren't afraid to stand up to him. I notice with satisfaction that he's holding Ariadne's Thread. That's what I was counting on. I see him smile as he understands the mundane use I have in mind for it. Then he roars with laughter at my insolence. He throws the thread into the darkness of the abyss, like dropping an ordinary piece of rope. Then, as the thread unfurls into the depths, he wraps it around his huge hands to secure it. Yes, I'm using Theseus to support me as I descend. And thanks to its properties, the thread will take me to where my destiny awaits."
954ab459-2458-4901-8254-bdb89e5c0632,ALT_BISE_B_BR_59_C,Character,"Lernaean Hydra",,"If you want to butt heads, it'll probably win...","The Lernaean Hydra is a creature from Greek mythology with the body of a dog or dragon and poisonous blood. It has multiple serpent heads that grow back when cut off. As the second of his 12 Labors, Heracles is given the task of killing it. He succeeds with help from his nephew Iolaos, who cauterized each neck after Heracles cut the head from it.",ATSADI,"393 AC - It's a waste of time. Like snakes, the moving shadows attack us relentlessly. By my side, the Muna Alterer slashes with her cutlass, protecting her giant fox as best she can. Behind me, Auraq does the same with the furball that acts as her companion. As for Surge, he's well sheltered in my jian. I frown. The shadowed tongues are mainly targeting our Alter Egos… Why? As soon as the question comes up, I silence it. I don't need to know why. Others can figure that out later. My task — my only priority — is the here and now. And right now, I need to destroy my assailants. I summon Surge's Mana and my own. Annihilation and victory is all that matters. Next to me, the two Alterers suddenly turn towards me. I see alarm in their eyes, but I don't care. I'll summon whatever I need to silence the threat. Teija, visibly scared, shouts something to me, but I don't hear her. Auraq narrows her eyes, but instead of fear, I see slight annoyance there.

Around me, heads emerge from the ground one by one, crammed with sharp teeth. The long necks unwind like carnivorous plants and start to shred, lacerate and gulp down the shadows. Then I suddenly feel an intrusion, like small veins taking root in my body. Teija. What's she trying to do? Stop me from giving it form? Her mind slips into mine, encouraging me to send it away. No, even though the temptation is strong, I must stay focused on the ideas that make up the Lernaean Hydra if I want to summon it. I fight on two fronts, but I can't let her stop me from achieving my goal. In a final burst, my will finally prevails, and I open my eyes to gaze on my creation. I hear Auraq's laugh echoing around the cavern after seeing what I've summoned. It's nothing like the bloodthirsty monster I had in mind. The Muna had managed to get around my defenses and implant her own ideas in my imagination. Oh well, this thing will have to do."
ea530e6c-3fa1-4d34-8378-2a245db21e0d,ALT_BISE_B_BR_60_C,Spell,"Cuppa Sap",,"Sap beverages may not be everyone's cup of tea, but they sure perk you up!",,BASIRA,"393 AC - There's a time to get your head down and a time to put your feet up. That's what Filiki used to say when he came back from the rice fields just before nightfall. He would knock back some rice spirit, which he distilled himself, to supposedly whet the appetite. But it must be said that his definition of getting your head down was very different than mine. I missed the old bugger, even though when he was alive I always thought I'd never understand him… Jubal pours me another drink, and we clink our tankards together firmly again. Across from me, Aoife's cheeks are flushed despite her efforts to hide the fact she's drunk. I don't know if she truly realizes the significance of her inauguration. All I can do is ensure this evening is unforgettable, so much so that she doesn't remember a thing in the morning. Ha ha! She definitely deserves to let off some steam.

I take another swig of Sap beer and wipe my chin with the back of my hand. On the other side of the table, someone else who has had too many drinks stumbles to their feet to make a toast. To those who have left, to those who have returned, to the feats of the bravest, to the misadventures of the most adventurous… I sniff. Yes, to those who have left and those who are still here… No doubt tonight or in the small hours the rookies will get a tattoo telling the story of their latest adventure. They'll get a permanent reminder of the fact they faced the shadows and survived after looking death in the eye. Others will end up here, under the table, or in a sobering-up cell if the Aegis get too carried away. I snicker. Even if I'm sorely tempted to join in, I know I can show restraint. It's all a matter of moderation, as Filiki would say all the time. It seems the old bugger's influence was starting to rub off on me…"
19c61211-1928-40d4-ba86-509fa649162c,ALT_BISE_B_BR_61_C,Spell,"Duel of Grit",,"Fiore was the first of the Seven Blades to clash with Atsadi.",,KOJO,"393 AC - Wow. OK, just don't move a muscle. I must admit, I've become an expert at hiding recently. I've been following Atsadi for days without him noticing. But it's gotten very tricky in the current conditions. He and the man in the hat have absolutely ravaged the place. I watched them exchange blows at incredible speed. And I know all about speed. The acceleration was phenomenal, on both sides. I look at the smoking ruins. Huge blocks lie cut in half or in slices. They definitely went all out, that's for sure. Although their styles are completely different, they put everything into their attacks. And when I say everything, that includes fire, lightning, explosions, rocks… everything and everywhere. It was the ultimate fireworks display. And obviously I almost became collateral damage on two or three occasions.

I swallow while taking peeks from my hiding place. After a brief pause, the fighting seems to be starting again. Fiore — or whatever his name is — lays out repeated forward thrusts as if trying to skewer Atsadi, who in turn is just clinical: sharp blows without any unnecessary movement, just the bare minimum needed. Their styles are complete opposites, but it's clear that they're evenly matched. And that includes how incredibly stylish they are. After another exchange of blows, the two swordsmen stare into each other's eyes again. I watch Atsadi, and I can tell he's filled himself with all sorts of ideas to stand up to this Eidolon. But there's something not quite right. He could use more Alteration than just the Avgrunn, but he's not for some reason. I feel like he's holding back. I finally understand why when I see his stance and his eyes flashing…"
339bd3ad-a182-4595-a470-b3e1abe59da5,ALT_BISE_B_BR_62_C,EXPEDITION_PERMANENT,"The Stew",,"Can you guess the secret ingredient? It's seasoned with Sap.",,760g,"Created by Hestia, Sap Stew (or fondue) is an original recipe made at the Mess incorporating the substance found in the City of Scholars. Sap is used as a flavor enhancer, giving sweet, savory, fragrant and floral notes to the dish. The ingredients are poached in the broth at mealtime.

Ingredients for 4 servings

- Edamame-filled marumochi (12)
- Martengale chashu (16 slices)
- Bok choy (1)
- Ngo gai (1 bunch)
- Confit fiddleheads (8)
- Cherry tomatoes (8)
- Leek (1)
- Kurudake (1)
- Chopped garlic (2 cloves)
- Minced shallot (1)
- Minced fresh onion (1)
- Fresh ginger (1 inch)
- Soy sauce (1/2 cup)
- Souma seed oil (1/4 cup)
- Mirin (1 cup)
- Sake (1 cup)
- Sap (1 1/2 cups)
- Powdered sugar (1/3 cup)
- Dashi (1 cup)
- Water
- Rau ram
- Cilantro
- Red bird pepper 
- Recommended ideas: comfort, vividness, nostalgia for a summer night with friends, the nocturnal bloom of a jasmine flower, synesthetic resonance…

Instructions

- Preheat the oven to 410°F, then preheat the individual fondue pots for at least 30 minutes.
- Wash the vegetables.
- Add the soy sauce, mirin, sake, souma seed oil, dashi and Sap to a large saucepan. Mix in the sugar, fresh ginger, shallot, garlic and selected ideas. Cover with water, bring to a boil, and leave to simmer for 5 minutes. Remove the ginger.
- Cook the marumochi in the broth for 10 minutes. When the edamame filling can be seen, the marumochi are ready. Set them aside.
- Meanwhile, strip the leaves off the bok choy, ngo gai and rau ram. 
- Cut the chashu into approx. 1/2 inch slices.
- Cut the kurudake into approx. 1/2 inch slices.
- Slice the leeks diagonally into thin strips.
- Remove the fondue pots from the oven and pour the broth inside.
- In equal amounts, place the bok choy leaves, marumochi, chashu slices, kurudake, leek, cherry tomatoes, fiddleheads, and ngo gai.
- Sprinkle with rau ram, bird pepper and cilantro.
- Leave to simmer in the individual fondue pots, then enjoy.
- Infuse the idea of heat if required."
afa84891-72f9-472e-ac5f-4bd6e1dab330,ALT_BISE_B_BR_63_C,LANDMARK_PERMANENT,"The Mess",,"Every evening, the Mess overflows with laughter and shouting as explorers share their daily exploits.",,KOJO,"393 AC - I must admit, it feels good to be back out in fresh air. Just seeing clouds and the sky above our heads makes all the difference… And I also have to say that the Mess has really changed since it was built. I look at the pennants and string lights. Somewhere, a Lyra is playing the accordion. It makes it feel like a funfair. As I move forward in the line, I can't help smelling the different aromas of food from the stalls. And to say I'm starving is a massive understatement. Nearby, a corgi is begging at a table. I spot Basira clinking a toast with Treyst after hearing her gruff laugh drowning out all the chatter around me. I sigh, remembering about her refusal to coach me. And I've hit a brick wall with Atsadi too.

Boo puts his nose in the palm of my hand, and I turn to him. Yep, you're right, buddy. I should chase away those dark thoughts. We're here to stuff our faces, and I don't need any convincing for that. My belly starts to rumble. There's nothing like a raging hunger to make you forget all your other worries. And it's the same for Boo, too. Eat. Eat. Eat. His mind is fixated on this single idea. Don't worry, buddy, you'll get a good helping. But no begging from other people, OK? Right, how much longer? Even though I booked weeks ago, the Mess seems to be suffering from its own success with such long lines. As the sun sets behind the cliffs of the Screed, I notice someone waving at me from the reception desk. Hey! Look who it is!"
7674e88e-fd21-43e0-b88f-c69bc26f1eb3,ALT_BISE_B_LY_01_C,Hero,"Nevenka & Blotch",,"Chaos can bring disappointment, sure, but it's also where ye'll find the most wonderfullest hidden gems!",,N3V3NK4,"392 AC - Come on! There's no time to lose. Sierra's Eidolon will soon pop out of its paint prison. And obviously it will be a bit annoyed. Cheating? What do you mean? Hey, all I'm doing is just spicing the contest up a bit! Isn't that right, Blotch? Oh. Er… Well, thanks for your support. I'm not the one that made the rules, and frankly, it doesn't say anywhere that you can't throw a wrench into your opponent's gears! Huh? What's that? The Covenant? Cooperation between the Factions, good relationships… blah blah blah. Yeah, OK, but this is just for fun. There's no Covenant for this! Wait, whose side are you on, Blotch? Whose Alter Ego are you? Yeah, well, it's not my fault if you're no good at choosing allies, especially when it's FOR-EVER!

OK, OK. Fine. How about you drop the issue, and I'll send you something to help. Does that work? OK, consider it done. I just need to summon a little rainbow road! I get out my cans and start to spray the ground. Suddenly, an iridescent pink ribbon begins to unwind in the air, twirling toward the sky and through clouds like a writhing eel. Come on! Into the starting blocks and off we go! Using Alteration, I create skates on the Hatter's feet and a sand yacht for Tanuki! By following the Bifröst, they'll reach Blotch in no time. See that, old friend? You see how we should help each other out? That's how you're supposed to support each other in an Exalt! Not by contradicting your partner, especially on small details! Vroom vroom! Choo choo! Well, have the reinforcements arrived, old buddy?"
84d6038c-3f30-4f93-8c5b-cdf915b4e7c5,ALT_BISE_B_LY_03_C,Hero,"Fen & Crowbar",,"When you listen to the voice of the Wind, it always carries you where you're meant to be.",,CROWBAR,"392 AC - HahahaHAHAHAHA! The laugh of Asmodeus echoes in the night, while the ground breaks apart and starts to boil all around us. Molten lava flows from the cracks, lighting up the darkness with a hellish glow. BAAAOUUUWWWW! In the distance, beyond the mountains and rivers, Crowbar takes out his electric guitar and starts to play a riff so powerful that it gives me chills. The notes seem to drift through the air to us like little birds crossing time and space. I draw on my Ignescence, my inner fire. I give free rein to my inspiration and let my spirit roam unhindered, gathering all the ideas that spring up. The Sandman comes out nearby, scattering dream dust over the expanse. A Cloth Dancer twirls above our heads, suspended from a cloud...

I let myself transcend. In this moment, I no longer exist. There is only the music and the threshold of the dream. I let myself burn. I let myself go up in flames. And when my mouth finally opens, the flames that smolder within my heart erupt into rousing chants. Fwot fwot. Fuuum, dadadum. A deep, rumbling bass line cuts through the night. Booom, booom. The notes spread out, and then… Krrang, krrang! An intense drumming breaks out, beating time and creating mini-earthquakes. Crowbar suddenly launches into a furious solo. The treble notes streak across the sky like lightning, flirting with ultrasonic notes. In an outpouring of Mana, I start to sing, switching from alto to coloratura soprano. All around us, ghostly dancers start to headbang and sway in time to the music. Colors burst forth from the instruments. Fleeting images appear in the air. And through all this, I will transform the world!"
92e7e272-8238-4563-a19b-c28ca549004c,ALT_BISE_B_LY_49_C,Character,"BLISS Bassist",,"""This one's for all the explorers out there and all the hard work they do. They're not just monkeyin' around!"" — Boona",,FEN,"393 AC - His agile fingers dance easily over the strings as he chews on a root that no one else finds appetizing at all. He and Crowbar jab and curse at one another, but I know it's just a game, just for show. I had some misgivings at first about bringing another Chimaera into the group, especially one with a habit of picking lice off himself in public, but seeing them interact convinced me it was the right move. Obviously, that meant we had to deal with his moods and whims going forward, but what I learned was that if the group started to play, Boona wasn't the type to miss out on the action. No matter how he was feeling, whether he had a profound lack of motivation or was on some eccentric flight of fancy, he always ended up grabbing his bass and joining in. The temptation was always too strong. We just had to adapt the set list to his erratic behavior and always leave ourselves a little margin for error.

Very few Chimaeras were permitted to roam free, and among those who were allowed to move around Asgartha, many of them wound up with the Lyra. And Boona had found work with a circus. Even now, I don't know exactly when and how he appeared, or whether his punk chimpanzee look really reflects who he is, but it's in a Chimaera's nature to be extremely variable. Ultimately, I don't think his current appearance really bothers him — or in any case, he's never gotten mad about the simian look we keep giving him through our combined memories. That's true for my Chimaera too, actually. Crowbar is just a stage outfit that she puts on when she feels like it, and maybe one day she'll ask to change it. Boona turns to me and gives me a big toothy smile to let me know he's ready to continue. All right, break over."
f9f9bd40-7fbd-4565-99f1-b965539308e2,ALT_BISE_B_LY_50_C,Character,"BLISS Fan",,"BLISS lets the fans who bring back the most Sap come up on stage with them.",,?,"393 AC - Jeez, this is just my luck. I arrive aboard the Wayfarer, they organize a concert to celebrate my arrival — okay, our arrival — and where's yours truly? On a mission. Hey, I'm down here, under the ground! Dig me up! But there's no one. No one to replace me. It's like the karma police came to cuff me at the worst possible moment. But nah, there's no way I'm missing this concert. Who's got a poster of BLISS in her room? Who knows more than everyone else combined about the Fentastic Fen? And about CB, Tamati, Orbec and Boona? I've seen them in concert twice at The Spark in Arkaster. Every time I go out to karaoke, I'm sure to ask for ""Dice Roll, Cinnamon Roll"" at least once in the course of the evening. ""Windmills"", ""Vacuity Conundrum"", ""Crushing Pumpkins""… I know all of them by heart. So, if I can't go to the concert, then the concert will have to come to me.

""Throw your hands up in the air for everyone hauling out those amazing relics from the City of Scholars?"" That's a personal shout-out to me, man! Big up, Tam! I quickly materialize my boombox, heading down into the depths of the Maze. And the music of BLISS resonates in the immensity of the cavern, reverberating against the thousands of blocks of Tumult floating through the area. At every break, I materialize my microphone and sing in sync with the music. ""They say forget the height, they say don't look down!"" A couple of dance steps, a little twirl to match the choreography. ""Like shifting sands, like burning coals!"" Fortunately, they've decided to broadcast the concert live. I don't know how the Gestalt works, but it's cool that they can plug into other channels to give everyone a chance to… Ahhhh! I suddenly collapse to the ground as some sort of dark tongue grabs hold of my ankle and pulls, pulls and keeps pulling. Huh? I feel something wrap around me and worm its way into my mind before I even have time to cry out."
09e24f5d-c6cd-45fe-9297-f56d8df34098,ALT_BISE_B_LY_51_C,Character,"Lyra Contortionist",,"The Lyra from the Tisdhera clan will bend over backwards for their community.",,AURAQ,"393 AC – Something is out of place... It's important to run into things that are out of place from time to time. They tickle our imagination, encourage creativity and cultivate surprise. Discovering a talking hole in the middle of an underground tunnel definitely falls into that category. I crouch down and listen carefully. The fact that an old nursery rhyme is emerging from this opening no larger than a dinner plate definitely adds to the absurdity of it all. I scratch my head and give a shrug. In a way, I guess abnormal things are pretty normal in the Tumult… Suddenly, I realize how rude I'm being. Where on earth are your manners, Auraq? I clear my throat, then respectfully introduce myself to the hole, and the sing-song voice suddenly stops. Oh dear... is this hole a sensitive soul? Perhaps I've accidentally intimidated it? Oh, come on. The opening stares at me, slack-jawed. I smile as I peer into its inky depths.

Just then, like an animal coming out of its burrow, a slender young woman with pink hair and a powdered complexion pokes her head out of the hole. She's wearing a gold lamé bodysuit and fingerless gloves with a harlequin motif. She must be a Tisdhera! My smile grows bigger. In response, her white face lights up with a beaming grin. With a gracefulness of movement that would do a spider proud, she unfolds her body like a disjointed marionette, emerging one part at a time: first her head, then her left arm, her right leg, and so on. She extracts herself slowly, almost languidly from the hole in the wall. Her head tilts a bit to one side as she seamlessly returns to humming the last few bars of the nursery rhyme. She pauses before the last verse, inviting me to chime in and finish the tune. Which I do, of course. Satisfied, she seems to relax, stretching her muscles and her limbs, some of them at curious angles. We've got a lot to talk about."
2cc554eb-10c9-4680-9edf-b3ea9cadae31,ALT_BISE_B_LY_52_C,Character,"BLISS Keytarist",,"""Make some noise for all the brave folks pulling Sap up from the depths!"" — Orbec",,FEN,"393 AC - Orbec plays a note on his keytar. A single note that rings out like a horn sounding in the mist. One, two. One, two; one two. We all start playing on his signal, and his skilled fingers draw a complex melody from his instrument. Our keytarist was the hardest to recruit, refusing two separate invitations to join the band. Orbec always loved to play the diva, always acting standoffish and clearly expressing his hesitation. He wanted us to win him over. He wanted to be wanted. But I was sure he was the one, and I courted him aggressively so he would deign to take an interest in us. Then he moved into the Ouroboros with a list of conditions and requirements as long as his arm, which most other people would have tossed aside without a second thought. Tam was tearing out her hair just listening to his demands, shouting ""Who does this guy think he is?!"" loud enough to rattle the whole backstage area.

But watching them play together now, I know I made the right choice. Of course, we have to deal with his snooty attitude and disdainful, often conceited personality. But that's the character he plays, and we do the same when we don our stage outfits and perform for an audience. The rest of the time, he reads his cheap airport novels or studies his sheet music religiously, in an equally haughty silence. Stoic, or even laconic in the eyes of some, he seems to want to stay hidden behind his shades at all times, acting as though he wasn't there. As though he were invisible, a sort of ghostly witness to the events around him. Maybe he even thinks of himself that way, considering the surprised look he gives us every time we ask him his opinion. But when he's on stage, it's hard to look away from a performer who takes up so much space and does so much to be the center of attention. And really, that's all we ask of him…"
6c5c8cb0-acd8-40cb-a49f-9f35ab249fd2,ALT_BISE_B_LY_53_C,Character,Daedalus,,"No one is truly lost, for all are exactly where fate wants them to be.","Daedalus is a character from Greek mythology: an inventor, sculptor, architect and blacksmith of exceptional talent. Jealous of his disciple Talos, he throws him from the top of the acropolis. He is banished from Athens and finds refuge in Crete, where he builds the Labyrinth to imprison the Minotaur. He gives Ariadne the solution to the maze to help Theseus find his way out after killing the Minotaur. To punish him, Minos imprisons Daedalus in his own creation, along with his son Icarus. The inventor then designs wings made of feathers and wax to escape with his son. Despite his father's warnings, Icarus flies too close to the sun, melting the wax and sending him plummeting into the sea.",?,"393 AC - I stroll through the bowels of the City, through its winding entrails. If Memory is our guide, it seems powerless here... as though it had completely turned its gaze away from this place. Normally, all places, even abandoned ruins, are marked with traces of a thousand memories, both happy and sad. Haunted by the echoes of our existence. Ideas attach, infiltrate, permeate… But here, it's the opposite. I feel a void. Each stone emits only its own idea; each door, foundation or chamber resonates with only its own concept, purged of any semantic, symbolic or memory connections that all things intrinsically draw to them. Where has the memory of this place gone? The memories of its inhabitants? Have they been erased? Stolen? This absence, this void, gives a sense of vertigo that leaves me in a cold sweat. I let out a long breath, trying to recenter myself. Because at the same time, I feel the terrible attraction. The one coming from the depths.

And it's clear I'm going to have a hard time getting to it. Few realize that reality is not a fixed and absolute entity, but a flexible structure shaped by ideas. And to counter our current situation, I'll need an idea that's just as powerful as the one dominating this place. I rekindle my inner flame and exhale lightly. Even with my eyes closed, I can feel the Eidolon entering into our reality. The old man that I've summoned smiles at me, draped in a cloak with geometric designs similar to the stones all around us. No one is better suited than Daedalus to navigate the depths of this labyrinth, both real and metaphysical. I know I can rely on him to guide me, especially since my attention is already turned to whatever is lurking down below, prowling the very bottom of the abyss. It's hungry. It hunts all ideas like a spider catching its prey. It's not satisfied. It never will be. It will never stop until the last idea to exist is its own. And then, will it perhaps devour itself? This thing is my antithesis in every possible way..."
16d17784-ed0a-4099-b016-4694fe11a01a,ALT_BISE_B_LY_54_C,Character,"BLISS Drummer",,"""Throw your hands up in the air for everyone who's hauling out those amazing relics from the City of Scholars!"" — Tamati",,FEN,"393 AC – Whew. I call for a five-minute break and turn toward the stage. Tap, tap tap. Orbec is saying something with a tight-lipped expression while putting on a new pair of glasses, and Tamati laughs. He twirls his drumsticks and — bam bam, bam — bangs on his toms again. Tchak, tchak, tchak. A few taps on the hi-hat. Boom, boom. A few kicks on the bass drum, shaking the air with a heavy vibrato. As I take a sip from my water bottle, he runs a hand through his thick white hair, tugs at his sleeves, and pulls off his T-shirt, already soaked with sweat. This has definitely been one intense rehearsal… He starts juggling his drumsticks, infusing them with a hint of Alteration to make them glow… Even on a break, he can't stop fiddling with his gear. It's like an automatic reflex — and after all, the instrument has always been an extension of himself.

I remember when he showed up for the audition. Back then, she was still going by the name Tammy, and put on a tough attitude to compensate for aspects of herself she couldn't otherwise express. Aspects of him-self, in fact. With the operation and the Rati's attentive care, she became he, and it was as though an underlying tension had been soothed or a dark veil had been lifted. Tammy played like she had something to prove, but Tamati as we know him now felt free to just exist, and his music grew more authentic and confident as a result. Of course, that didn't stop him from showing incredible ferocity on the drums, but now he could incorporate a lot more subtlety and nuance, instead of focusing exclusively on the underlying theme through which he was trying to define himself. For a long time, he couldn't decide if he wanted to be called Tamati or Tameem, but in the end, both names suited him equally well."
0c379187-e1fd-476d-ae6a-eaee8abf7624,ALT_BISE_B_LY_55_C,Character,Lakshmi,,"Fortune smiles on those who give themselves over to it.","Lakshmi is the Hindu goddess of prosperity and good fortune. She is Vishnu's consort and the source of his divine energy, shakti. Benevolent and fair, she is a mother goddess who represents the ultimate in celestial authority, and worshippers often turn to her to ask forgiveness from her consort, Vishnu. As the goddess of abundance, success and luck, she also represents the happiness that comes from opulence.",N3V3NK4,"393 AC - Yeah, if there were one goddess who'd really represent me, it'd be Lakshmi. She really kicks ass… and I mean that with the utmost respect, seriously! They say that her manifestations symbolize the eight sources of wealth: courage (which I've got in absolute spades... unless that's just irresponsibility), spirituality (check!), lineage (ha, if you only knew!), knowledge (but of course, I'm wisdom incarnate!), royalty (indubitably!), material wealth (definitely working on this one, even though I've got some debts to pay), and agriculture (well... maybe not so much, although it's not like I have anything against it... and I have been to a florist once or twice). Point is, Lakshmi is my girl. We've got a deal, she and I. 'Cause that Sap is good for all kinds of cool stuff, and I'm sure that if you put it in some dice — boom, instant cash at the craps table!

Lakshmi sits down cross-legged and hands me what I asked her for. Right, time to test the theory. Sure, the dice aren't quite the right shape: elongated cuboids instead of the standard six sides. But hey, whether it's got 4, 6, 8, 10, 12 or 20 sides, a die is a die, right? Anyway, time to play. But not just for fun, eh? We're going to make this interesting. So what are we putting on the table? I'll do the dishes for a week. No? How about I hop on one foot all the way to the surface if I lose? Yeah, maybe not. That'd be a real drag. Ah well, we'll see! I roll the dice, and they skitter along the polished floor. Then it's her turn. And… she wins, of course. Nev, what the heck were you thinking, taking on a goddess of good luck? Huh? Oh yeah, I forgot the eighth item on my list: victory. Let's mark that one as ""Needs Improvement"". I guess after forgetting something like that, it's normal for my karma to come back and bite me…"
61badb2d-0be4-4db9-9b6b-edf1491102e5,ALT_BISE_B_LY_56_C,Character,"Efrén, Puppet Master",,"""I could never let the winding threads of fate separate me from my daughter."" — Efrén",,SIERRA,"393 AC - I turn my head to look behind me as we rapidly descend into the darkness of the City of Scholars. Dad is right behind me, using his wires to swing from block to block. It's crazy how he's able to keep up, as I zoom along at top speed on the one-wheeler I asked Aby to make for me. I jump and skid, my prostheses attached to the axle for maximum maneuverability. But more than amazement, what I really feel is pride. I didn't know he had both the guts and the talent needed to set out on an odyssey like ours. I'd always known him as lazy and indifferent, quick to yawn when holding the reins of our caravan, and always up for a nap at the first opportunity. As for his gifts for Alteration… His Ignescence is strong — much more so than mine, which has nosedived dramatically with using my Construct so much.

Sometimes, I see him sending one of his puppets up to a ledge to grab some artifact, then calling it back to him with the trinket or precious loot in its arms. Other times, he summons much tougher-looking dolls, fully equipped for combat. I remember seeing the marionettes he used for his performances. He had sculpted them with his golden hands and knew them inside and out, from the slightest workmanship defect to the texture of the wood used to build them. Even their personalities. But I didn't know these mannequins I was seeing now. I sensed that they were old and a bit crabby, as though he had stuck them in storage a long time ago and finally pulled them back out of the cabinet. It feels as though my father had pulled off the black mask he used for his performances and was showing me a new facet of himself. A facet I had never seen before…"
c9206b6a-2ece-409f-9866-3d68978c0c80,ALT_BISE_B_LY_57_C,Character,"Man in the Maze",,"Life is a maze, but our purpose is not to escape it. The purpose of life is the maze itself.","According to the oral traditions of the O'odham peoples, a man who is more than a man resides in a sacred cave under Baboquivari Peak in the middle of the Sonoran Desert in Arizona. He is the I'itoi, the man in the maze, who provides many gifts and much knowledge to human beings. The maze he watches over is the maze of life. All human beings wander it, and at the end of their existence, they arrive at its center, where they have one last chance to look back at the path they've taken to get there. A door then opens to lead them on to the next world.",AURAQ,"393 AC - I know what he represents. I know what his role is. He is the I'itoi, who stands at the entrance to the maze. He is the elder brother who teaches and protects, and his commands resound like warnings to all those who wander through the labyrinth of life. Each choice is a turning point, and each path taken leads towards the center of the network. The goal is not to get there, but to delay the inevitable end for as long as possible. That's why I am bound to listen to him, for my own choices are essential to what lies ahead. Kibble nestles his head in the crook of my neck, sensing my own misguided ways and attempting to comfort me. I myself stand at the threshold to the Maze, its mouth wide open like an animal's jaws or an empty grave, and I'm preparing to dive in. But in the City of Scholars, it's best to show a little wisdom. Wisdom is what I need right now, and some certainty that my choices are the right ones.

Throughout the long trip through the Storhvit, I was able to spend some good time with Fen. We talked for hours, and I started to get to know her a lot better. She has her grandmother's innocence and trusting kindness. And yet, even though I don't think her quest serves any interests beyond the ideals of a naive dream, it's… problematic. Who started her on this journey? Who pointed her along this road? I'd hate to be the one who showed her the center of the maze. I certainly don't want that. But what alternative is there? Make her my ally? Put her back on the right path? I give Kibble a gentle scratch behind the ears. He's fallen in love with the kid too. And that's why I'm seeking your counsel, Man in the Maze. I need you to act as my guide. Help me to navigate the winding paths of existence..."
85b52dae-7f71-4576-a096-0aad14ad90b8,ALT_BISE_B_LY_58_C,Spell,"Merry Reunion",,"""Dad!"" — Sierra",,SIERRA,"393 AC - I hug him tightly, pressing my wet cheeks and runny nose into his jacket. But he doesn't mind. His arms embrace me and don't seem to want to ever let me go. I feel the fire of Ignescence boiling deep within me, and my soul overflowing with so many emotions that they get scrambled, switch places and battle for expression. Sobs, laughs, dizziness… Memories rise up like bubbles: sudden, uncontrollable, chaotic and blurred: The day the gates were opened, when we said goodbye while fighting back tears; when he held my hand as I was gritting my teeth with impatience to get it all over with, and when he was the only one keeping my head above water; when he came by my workshop, proud of what I'd accomplished with the Axiom, even as he admitted that he didn't fully understand the extent of my fascination…

Oddball's slightly jealous beep-beep brings me back to the present, and I grab him so he can share in our hug. Then, as I dry my tears, I look at my father's face, my own blissful face reflected in his glasses. And behind the lenses, I can also make out just a little bit of moisture around the edges of his eyes. Questions crowd my mind. What was he doing here aboard the Wayfarer? Did he come here especially for me? Was he going to stay? Why didn't he tell me he was coming? But I let them all fade away… and I'd never be able to put them into words, anyhow. I'm content to simply look at him, with a slight fear at the back of my mind that this might all be just a dream. But no — he's definitely right here, in the flesh. There's no need to pinch myself. My eyes linger on the little details: the curls of his mustache, his hair with maybe a few more white strands than before… Even though it's only been ten months, I feel like it's been years since I last saw him. And I realize how much I've missed him."
8cb5bcc7-714f-4830-a684-211aadb2a797,ALT_BISE_B_LY_59_C,Spell,Encore,,"Ready for more?",,CROWBAR,"393 AC - Metaaaaaaaal! I step onstage, throwing up the horns with one hand and setting my pumpkin head aflame. I shout to the roaring crowd to stir up their energy as dawn timidly peeks over the horizon. After the interruption, and despite the intermission, the concert has been pretty much an uninterrupted marathon, almost long enough to play through our whole catalog… and we needed that time to make folks forget the false note we started out on. It took a good ten minutes for Fen to return to her senses. Orbec was flabbergasted, and Tamati was both furious and severely rattled. I had to jump in and convince them to give her a break and accept the situation. Because they didn't feel it. They didn't experience what she had experienced. But I did. It was like a leech had somehow gotten into her brain and started slurping up the contents of her memory.

So, yes, she was able to continue singing the rest of the set, but with each song, she was gripped with a visceral fear that she'd forget the lyrics again. We'd had to get her back on track, and encourage her. In the end, though, Fen knows perfectly well that she's not that important. The audience takes priority over everything else. And our job is to ensure a mind-blowing experience. So we're going to give them a truly epic finale! My fingers dance wildly over the fretboard as I launch into a solo that would wake the dead! I might be sore afterwards, but I don't mind. All that matters is making the most of this moment. In the midst of my wild performance, I leap into the crowd and let a sea of hands hold me aloft, and I don't miss a single soaring note. Let's finish this show with a bang!"
fca2b6be-ac95-4f6f-9628-2d963cd706bb,ALT_BISE_B_LY_60_C,Spell,"X Marks the Spot",,"As Xpected.",,N3V3NK4,"393 AC - I shake my paint can energetically and spray an X on the ground, after meticulously replacing the stone blocks and sprinkling a little dust back into the cracks to conceal my misdeeds. Because, pirate's honor, everybody knows that X always marks the spot where treasure is hidden. What's that, Blotch? On a map, not on the actual spot? I have absolutely no idea what you're talking about. On the other hand, there's no harm in giving little Tamati a bit of help… although he's not actually that small, especially with those big biceps. I mean, the City of Scholars is a pretty huge place. You could just about get lost there… OK, fine, everyone gets lost there. One more reason to make things a bit easier on him. QED! I grimace as I think of the face he'll probably make at the rehearsal. This will put him in such a mood!

Anyway, let's get going before someone spots me and reports me! As we scamper away, I hear Blotch start to hum a little tune, and I turn to him with a slightly irritated pout. You do understand what discretion means, right? This is a stealth operation, man! A covert mission! He twists and writhes in the air, surprised at my reaction. And I realize that it's not actually him who's humming. So then… who is it? A treasure hunter who just found our loot? Nope. A kid on a field trip who got separated from the group? No, definitely not. I press my ear against a block of black stone and listen. I walk around to the other side and listen again. Yep, it's coming from the stone. As though it were a big music box, but with no lid and no key to wind it. Pretty sus, right? I knock on the smooth stone. Is somebody in there?"
a38da718-5d5e-457f-a7a1-a59995e5f6e7,ALT_BISE_B_LY_61_C,Spell,"Sap Duende",,"When the rhythm picks up, the strings release the Sap covering them.","In flamenco, ""duende"" refers to a state of trance, possession or flow. It's a state of total inspiration in which a singer, dancer or musician feels raw emotion and expresses it in a pure and unbridled form. It represents a complete and holistic ""letting-go"", where technique takes a back seat and the performer achieves a magical and miraculous state of grace. For duende is not controlled, nor intentionally induced. It is simply experienced, as a release and transcendence of the self. It represents a moment where the whole being expresses itself in synergy with the world around it.",FEN,"393 AC - Ole Bull draws the last note out and lets it die away, and Ethel Waters' voice fades in turn. The bushy-browed violinist casts a final glance at the singer before I make them both disappear in a swirl of Mana. I've got no time to waste. Boona has already coated the lute's strings with Sap and is now placing it on the stand with a distinctly impatient sidelong glance in my direction. I take a deep breath to pull myself together and summon my Ignescence once again. Baishan appears suddenly, wearing a tunic embroidered in gold. I'll give him a different outfit later on, with the dark glasses he loves so much, but this look is good enough for rehearsals. He promptly grabs the instrument and looks it over, satisfied with our bassist's work to prep the mandolin. He nods and turns towards me.

His first note rips through the air. It's a lament and a cry of rage all at once, and I immediately feel a shiver run through me, as though I were suddenly falling over backwards. In the old legends, it was said that one of his notes could split the world wide open and that another could bring the waves of an ocean of light surging forth from his fingers. They said that anyone who saw the Alterer play could feel the power and feverish intensity of his passionate playing so deeply that many were transformed for life. Every sound he made gave rise to whirls of rich color, a multitude of shapes constantly colliding, combining and spinning through the air like swirling flocks of birds... His ""murmurations"", as he liked to call them, were a reflection of his synesthetic abilities. And that's precisely what he's doing now — strumming and picking as his hands glide up and down the neck. The Sap seems to blend with the fiery heat of his playing as his eyes light up with a flame of their own…"
ca970b04-9461-4d2a-a943-809f1ddc2a32,ALT_BISE_B_LY_62_C,LANDMARK_PERMANENT,"The Wayfarer",,"The Tisdhera Clan answers its Matriarch's call!",,N3V3NK4,"393 AC - Hmm. This was not part of the plan. I look up at the floating city and its enormous balloons filled with helium. I've heard that if you breathe that stuff in, your voice gets all high-pitched and nasally. I'll have to try that someday. But for now… The Wayfarer. With its upside-down roofs, big tops and docks. Just the name alone: Wayfarer. Like the Tisdhera Clan are the only travelers in the group. Pfff. Someone should tell 'em that ""Lyra"" and ""traveler"" are basically synonymous. And yes, I do know what a synonymous is! Who says I'm no good with words? Oh, quiet, you old paint puddle, I'm not talking to you. Anyway, right now they're up there over the Screed, looking down at us through their telescopes. But pretty soon, a whole bunch of paint-slathered jokers will be showing up. The Wayfarer, home of clowns, painters… and maybe even make-up…

More to the point, what the [BLEEP] are they doing here? Hey, what's that noise? Are you trying to censor me? What ever happened to freedom of expression, huh? You bunch of [BLEEP]-ing [BLEEP] [BLEEP]?! Oh! So you're going to bleep out all my swears, huh? It's a conspiracy, sheeple! No, no, I'm not talking about that pasture over there, those are actual sheep. Hey, little shepherd, why don't you take a picture? It'll last longer! Look, I get that you're trying to steal my spotlight, and that you're jealous of how famous I am from all my little exploits, but that's a bit of a lame reason. Unless... Unless you've got a real reason to have come all this way? My brain starts running at full speed, which I'm not really used to, so I stop a few seconds later. Yep, the Tisdhera Clan is here, and it's definitely no coincidence. Well, I guess time will tell…"
bfed682c-2611-4ea3-a0c8-15a00bdcfcfd,ALT_BISE_B_LY_63_C,LANDMARK_PERMANENT,"The Stage",,"Day or night, the music of BLISS reinvigorates weary hearts and bodies.",,FEN,"393 AC - I check my makeup one last time in the mirror — blush, eyeliner, mascara, eyeshadow, glitter — and quickly dab at the corner of my lips with one finger to clean up a stray bit of lipstick. Then I emerge from backstage for my last rehearsal before the big night, walking carefully among the coiled cables and those running across the stage. The sound techs check the equipment and connections while the lighting crew run their usual tests. The neon lights go up as I step up to my mark, a simple ""X"" of black tape on the stage. Looking back, I see the name of our group, ""BLISS"", appear in flashing letters outlined in multicolored neon. I breathe out deeply to ease my nerves. As usual, my stage fright is right there, like a knot in my stomach. And I know it'll stay there until the first few notes start to ring out.

I adjust my earpiece and grab the mic to adjust the height. Then I talk with the sound techs for a minute, running through some vocalizations to set the monitor and amp levels. I warm up my voice, and exhale once again to quiet the anxiety in my guts. I turn to the horizon, where a bright sunrise is starting to glow. Yesterday, we flew over the camp at midday to announce the concert. We threw confetti into the crowd to delight the explorers with the first track from our new album and help set the tone. I'm sure a lot of them will show up here tonight, to trade a little bit of their precious free time for some real entertainment. We'll have to really put on a show to avoid disappointing them. I feel the knot tightening up again, and again I exhale. Nearby, Crowbar is tuning his guitar. Tamati and Orbec are chatting over cups of Sap soda… I smile as I realize, like I always do, how lucky I am to have these folks with me."
f203689f-677d-4840-b9ec-bb63bfee8948,ALT_BISE_B_MU_01_C,Hero,"Teija & Nauraa",,"Nature must be nurtured to fully express its generosity.",,TEIJA,"392 AC - Nauraa stares hungrily at the surface of the water. He stays very still, eager to see if something will take the bait on my fishing rod. I sigh discreetly and pull my straw hat down over my face. I can't imagine any fish would dare get any nearer with an oversized fox staring down into the water, drooling at the idea of wolfing it down. Nauraa slowly turns toward me, responding to my thought with a soft growl. I open one eye and smile at him, sticking out my tongue teasingly. He moves his position, turns his back on me and pretends to sulk. He can be so sensitive sometimes. He lies down all stretched out with his muzzle between his front paws. Ah, it's siesta time… And we need it, he and I. It's hard to believe we were fighting to get out of this swamp just a few hours ago.

I look at Nauraa's red fur and the scabs of coagulated blood on it, which now serve as badges of the harsh ordeals he's had to endure. By meeting here, we have turned this place into a beautiful if short-lived paradise. Around us, silvery dragonflies thrum between the reeds, little water spiders skate nonchalantly across the pond surface... If the Tumult were to blow through here again before the Expeditionary Corps arrives, everything we've stabilized would be destroyed and thrown into chaos. But everything is peaceful for now, and we need to enjoy it. Plop. The float sinks into the water, and I grab the fishing rod, ready to pull the line in. But all I can do is watch in horror as Nauraa leaps into the pond like a bull in a china shop."
25009e9c-5584-4111-b008-f326a1df2849,ALT_BISE_B_MU_03_C,Hero,"Rin & Orchid",,"The forest always gives back, when you know where to look.",,RIN,"392 AC - The Sun's rays filter down through the branches, falling from the canopy in fluffy patchwork patterns. They paint a stained-glass window on the ground, hazy shades of green and yellow that ripple to the rhythm of the wind. I lengthen my stride and whistle as we make our way through the dense forest. In front of me, Kiddo cuts, slices, snips and chops without stopping. Using her beautiful forelegs like sickles, she prunes the thorny bushes and clears a path through the prickly undergrowth. Following behind, I break up the cut branches, releasing their Mana so I can put it back into the plants we have wounded. Behind me, the plants start to grow, bud and flower again. And once I've passed through, it's as though we had never beaten a path through the brambles and brush. As though we had never been there. Now regenerated, the forest continues to rustle with its usual sounds.

As we emerge into a clearing, I look around and take in the sight. Above the thorny undergrowth, large, juicy and strange-looking fruit hangs in heavy yellowish clusters. Intrigued, I approach one of them. I hold out my hands, and Orchid cuts one of the stems, causing a string of fruit to fall. Using Alteration, I examine it and study the ideas it's composed of. No trace of ""Poison""... Feeling reassured, I get out my knife and cut into one of them, which releases an emerald juice containing tiny seeds. I sniff it, then lick the juice running down my wrist. My mouth is filled with a tart, grassy flavor. Mmmm. I bite into the fruit, wondering if it would go well with fish or shellfish. And we need to find a name for it. Any ideas, Kiddo?"
c7869349-5776-46c2-a1b8-d91d47d6072a,ALT_BISE_B_MU_49_C,Character,"Burrowing Noosh",,"It takes years for roots to punch their way through the hardest stone, but for them it only takes a few hours.",,RIN,"393 AC - Wait! Darn it! I chase after it so as not to lose sight of it, although that's not easy in this stone maze. I saw it slip through a little gap in the wall, then weave through a forest of stone columns. It's tricky because everything looks the same here. A mass of geometric rocks to the left, and pretty much the same thing on the right… Thankfully, Kiddo has a height advantage. She tells me where to go to catch the creature, which seems to be taking a wicked pleasure in making turn after turn as though it were trying to lose me. The problem with Nooshes is that they can sometimes be very unpredictable. But there's no better tracker of smells, especially for what I want to find. So, all I can do is follow it, hoping it leads me to the right place, and just cross my fingers, I guess.

The fact that it made it to the Tomb rather than staying in the Undergrowth doesn't fill me with much confidence, but I don't know if I really have a choice, actually. The Tomb… Brrr, just the name gives me chills. I should have kept my padded coat on to come down here because the temperature doesn't get too toasty when you're cut off from the sunlight. I come out into a large chamber. The vault looks to have been built with a kid's building set. And that's where I find it, digging away like a truffle pig. It tears away at the earth and stone with its claws, sending out clouds of dust. I draw closer as it scratches, digs and propels shovelfuls of rubble behind it. And then, finally, it unearths what I have been coveting so much: a golden tuber, said to be extremely rare. I wonder what it tastes like and start salivating at the mere thought…"
3f31dde5-a508-43d2-868e-df3e1f5821a7,ALT_BISE_B_MU_50_C,Character,Bumblebeet,,"On the surface, pollination by bumblebeets is a key tool in growing Muna crops.",,FLORE,"393 AC - I wake up with a start and the aftertaste of strawberry in my mouth. In my dream, I was standing in the middle of a field of pumpkins that only Cinderella could say were too small. I had a spray bottle in my hand and I was meticulously spraying the plants, turning over the soil before spraying it with a liquid that seemed to have gold flakes mixed into it. I had suddenly heard a noise — or rather a rustling — and I quickly turned towards a garden bed just behind some rows of squash. Everything was huge: flowers, tomatoes, parsnips, lettuces, cauliflowers, green beans… so much so that I wondered whether the vegetables had grown or I had shrunk. There, on a slope, some shoots were rustling and shaking their leaves. The dark earth around them was expanding as if something below was trying to get out. Was it a mouse? Or maybe a mole?

I took off my straw hat and watched the sheaf, which looked like a bouquet of dandelions, shake itself. Then another plant next to it did the same, and then another one. Suddenly, the tubers burst out of the ground all together in a concerted effort. They were beets, or something quite similar. Watching them buzzing around in the air, I saw that the bulbs had little feet and their leaves served as wings. They were in fact insects — half-bee, half-beet — with a large, round, red body and an insect's head. And they flew around in buzzing, busy circles. The merry dance flew off to another field, before digging into the earth to settle down elsewhere, perhaps in a quieter corner. It wasn't uncommon to see stick bugs in the shape of leaves or twigs in the swamps of Kiragata, but I had never seen an insect camouflaged as a vegetable before… I must tell Celestino about this strange dream before the memory of it fades."
c459b46e-dc2a-46be-88cd-4ad124d0716a,ALT_BISE_B_MU_51_C,Character,"Fair Fox",,"Should we practice our passing now?",,ARJUN,"393 AC - The Undergrowth is home to a vast range of plants that you won't see on the surface. Do they thrive here because they are close to the Sap reserves, or is it because of the stable climate provided by the Crow's Eye? Maybe it's both… Regardless, collecting samples here is fascinating. Each thicket contains strange and exotic species, and each clearing reveals new beds of flowers with petals never seen before. I collect as many as I can to take back to the Greenhouse, wrapping them as carefully as possible to avoid damaging them. I know that the botanists are counting on me to fill their herbarium, and that certain herbalists will want to study them to find new active ingredients to add to their pharmacopeia. As for me, I'm just happy to give them earth, light and water for the simple pleasure of watching them grow…

With my face peering among the bushes, I carefully push aside branches and pick fragrant berries, some of which I think might be edible. The Skein suddenly vibrates as I sniff one, alerting me to the small presence approaching. There's no hostility, though. I suddenly see a ball appear at my feet. I look up, and to my surprise, I see a colorful fox staring at me, swishing its magnificent bushy tail. But this is no mere fox; it's an Eidolon. With his paws outstretched, he invites me — a rare occurrence — to take his Hoshi-No-Tama. I smile. The fact he's come to find me can only mean one thing: Teija is nearby and needs my help. I stand up and reach out to Spike with my mind to tell him we'll need to reschedule our plans for the day. I take the ball, and the fox runs off, urging me to follow. And as the power of his artifact starts to resonate in me, I wonder if the Alterer realizes how special her Chimaera is…"
49ea82c5-0014-428b-b0e7-491a2107f003,ALT_BISE_B_MU_52_C,Character,"Cuddly Corgi",,"She hunts mercilessly for treats and snuggles.",Poly,ARJUN,"393 AC - I place the old girl on the mossy stones, and she looks at me with big eyes and her tongue hanging out. Looking away, she begins to scratch the lichen that has covered the black blocks, and in an overly dramatic display, she falls onto her side, inviting me to scratch her belly, blinking in the most imploring manner. Spike gives me a disappointed pout that says it all. Mainly ""you disturbed me for this?"", but with no words necessary. I pet the Eidolon's rounded belly, and with just that simple contact from my palm, a little Mana is breathed into it. Teija had asked me to escort the Eidolon to the Nilam Spires so it could ask for help from the Yzmir. To go the distance and arrive safely, it needed someone who could regularly give it some energy. But I sensed something else in the tone of Teija's voice, a fear, a confession, as if she was asking me to leave the abyss as soon as possible…

According to her, there was something ""not right"" down there, in her own words. I remove my hand from the animal's belly and stroke my beard, lost in thought. The Eidolon suddenly stands up, lively and alert, ready to keep climbing. I grab my walking stick and we continue on our way, with Spike on my shoulder as usual. I know he doesn't like the Muna aspect of the dog, no matter how small she is. She's one of Arawn's hounds, a tracker for his hunts. It's hard to believe when you watch her prancing in front of us, getting distracted by the dragonflies and butterflies, and being so playful. But appearances can be deceiving… Spike starts to pull on my hair to get my attention. I reassure him by passing on a thought. Once we've finished escorting the Eidolon, we'll go and see Flore, I tell him. And he beams at the very thought of it."
6f0c826b-4593-4abd-a208-9b61c4289c95,ALT_BISE_B_MU_53_C,Character,"The Little Mouse",,"It fights tooth-for-tooth with the fairy.","The Little Mouse is a creature from Western folklore that collects the baby teeth that children leave under their pillow before going to sleep. The mouse leaves money under the pillow in exchange. The Little Mouse is the French equivalent of the Tooth Fairy in English-speaking and Germanic cultures. It is also known as ""ratoncito Pérez"" or simply ""el ratón"" in Spanish-speaking countries, and ""Topino"" in Italy.","THE TOOTH FAIRY","393 AC - It scratches the ground with its paws in the soft light of daybreak. Wrapped up in its red felt coat, its collar turned up and a large bag slung over its shoulder, it digs. The root of a little baby tooth can be seen protruding out of the bag. I have an irresistible urge to immediately take it, to grab its bag and run away with the loot. But I stop myself. The Little Mouse continues to dig. It suddenly stops, on guard, then listens and scans the area around it. I instinctively pull my head back from the edge of the thicket where I'm watching from, where I can hide behind the foliage. The Undergrowth is the perfect place to hide… or to hide something. The Little Mouse takes the baby teeth out of its bag and places them one by one in the hole, carefully, cautiously. Then, seemingly satisfied, it covers the hole with dirt and presses it down with its hind legs. It leaves after a final glance, jingling a handful of coins it will probably give out tonight.

I could jump on it and prevent it from collecting any more teeth, thereby eliminating the competition. But I'd rather let it believe it has free rein, then collect its loot. Each time a human leaves a tooth somewhere, it's like a ritual, like a call we need to answer. It's been like this for a long, long time, and it won't change any time soon. Each time we're summoned, it's a race to find out which of us will be faster. Once I'm certain the Little Mouse has gone, I come out of my hiding place, eyeing the loot I'm coveting. Each tooth I collect gives me more power. Each tooth I steal weakens my rival. I move forward slowly, trying to work out if it's set a trap for me. But as I approach, I hear something calling me from afar. It's that damned mage who wants me to heal him again…"
ed7ac9e9-6187-44d7-9dcf-b685e0381f78,ALT_BISE_B_MU_54_C,Character,"Flore, Caring Gardener",,"Every day that goes by without a Drillmole showing up is a blessing.",,ARJUN,"393 AC - I'm out of breath, so I sit down on a fence between two vegetable beds — pumpkins on one side, zucchini on the other — exhausted from the climb, and from the detour I had to make to the Yzmir Spires. The Mages had debated for a long time, long enough at least for Spike to fall asleep in my hood. After their discussions, the arcane college had authorized the use of Merlin, just this once. Then the two Eidolons, sorcerer and corgi, had both disappeared, whisked away by a portal that must have led to the depths of the Eye. I didn't linger either. I massage my neck as I look out over the fields, pushing  the seriousness of the Yzmir to the back of my mind and immersing myself in the languid tranquility I love so much about this place. The gourds have grown a lot since I last visited the Farm, and the harvest is impressive to say the least… And the use of Sap as a fertilizer was obviously instrumental in this dramatic growth.

I see the Eidolon of Flore appear in her vegetable patch, watering can in hand. She whistles as she walks through the crops — tomatoes as big as melons, mulberry trees that look like hydrangeas — before she suddenly notices me. She gives me a wave and a big smile, then walks over to me, holding her straw hat to stop it from blowing away. While I'm still catching my breath, she comes over to sit down on a stump near me. We share our latest news, of course, like we used to back home, but I don't forget to take the bulbs and plants I gathered from the Undergrowth out of my backpack. She thanks me kindly and slips them into the pocket of her apron. In exchange, she hands me a little folded cloth. As I open the package, the scent of strawberries from it makes my mouth water. They too seem to be engorged with Sap and juice. I bite into one and let the flavors saturate my palate and the taste overwhelm my senses… Flore bursts into laughter, then takes one herself. Maybe out there in Anthea, the real Flore is daydreaming about this shared experience, or remembering this moment like a dream…"
df64909d-af33-4cc1-a276-7b398d101b2c,ALT_BISE_B_MU_55_C,Character,"Luminous Swarm",,"They buzz about at night and spread their nectar when the sun is at its height.",,TEIJA,"393 AC — ""Nothing better than a cloud of Libellumines to bring light to the night"", Bokang used to say when he was feeling poetic. And watching them teem in the darkness like dancing stars, it's hard not to agree with him. They fly in harmony, and their murmurations seem to create constellations in the air with meanings only they know. I sink into a daydream. When I was stationed in Arkaster, I would often go to the park in Libellumine season. It was finally time for Ryukkōsai, when they would suddenly take flight in an ephemeral mating dance on the only night of their short existence. As soon as the shadows grew long on the paths of Vasanti Park bordering Calle Amsterdam, they would leave their nymph stage and embark on their bizarre yet vital quest. It was still a mystery to me. Knowing that the only key to their survival depended on this unique moment. A fleeting odyssey…

All around, the Midori Matsuri ceremony was often in full swing to accompany their wedding dances. Ladies and gentlemen strolled under the trees, while chefs in their hats offered them treats to eat on the go. There was always a buzz in the air, from both the insects and the crowds of people. Everything seemed to hum with life, like a wondrous ballet. While researching the origins of the celebrations, I had a revelation: Ryukkōsai signified acceptance of the brevity of all existence, and the journey of life had to be shared to find meaning. Ryukkōsai was a rebellion against the Tumult, which came to attack us like a swarm of harpies. It was an appropriate metaphor because this night attracted many winged predators, who came from all over the peninsula to join in the festivities. Last time, I even saw Kesh's Chimaera catch a few Libellumines. The attack of the jelly monster was quite a sight to behold…"
e29fe229-44ea-4fea-be12-41b626a3d5cc,ALT_BISE_B_MU_56_C,Character,"Gran Bwa",,"Make an offering of Sap and spiced rum, and Gran Bwa will bless your orchard.","Gran Bwa is a Haitian voodoo Iwa that watches over plants, trees, grass and everything that grows. As guardian of nature, he can be fierce when protecting the lifeforms under his care. In an effort to appease or appeal to him, offerings are made to him that evoke the nourishing earth and the humus from which life springs, such as honey, leaves and herbs, as well as a little spiced rum.",RIN,"393 AC - As I rush down the hill, weaving through ears of wild wheat, I notice that Arjun is sitting on a stump and chatting with Flore's Eidolon. When we were in the Storhvit, they had told me about their niece who had remained in Asgartha. I stop running, thinking that it's probably best if I don't interrupt them, despite my disappointment. Because this is obviously an intimate moment, like when I used to summon the Eidolon of my father. I change direction and head to the orchard to see if I can steal a pear, a pomegranate or maybe an orange… But that just leads to more disappointment. Gran Bwa is there, surrounded by a cloud of pollinating bumblebeets. And he probably wouldn't be too happy if he caught me foraging around his fruit trees. Unless… I search my pockets and find a cake of solidified Sap and a few tubers from down below.

All I need now is to find some rum… which won't be easy, considering I'm still underage. No, I'll need to find another solution. For a brief moment, I consider asking Nev to help me, but I shake my head. It always ends in disaster when I call on her… I watch him from afar, trying to spot an opportunity I can exploit. I watch him go from tree to tree. Sometimes it's just to give them a hug, and other times he spends a little more time ""chatting"" with them. Basically, he's just ensuring they have everything they need to flourish. A bleat suddenly makes me jump, and I turn around to find myself face to face with a fluffy sheep. It is accompanied by a young shepherd eating an apple. He instinctively offers me one, as though he knew exactly what I was planning."
c51483e7-f99d-41fe-84ab-7f61f297c42f,ALT_BISE_B_MU_57_C,Character,Arawn,,"The Wild Hunt comes to free the restless spirits.","In Welsh mythology, Arawn is the king of Annwn, the Celtic Otherworld. It is by no means a hellish kingdom, but rather a paradise of abundant food and bliss. As a psychopomp, Arawn guides souls to the afterlife. But in certain versions of the legends, he is also responsible for hunting the spirits of criminals who are trying to escape judgment.",TEIJA,"393 AC - There's something comical about watching him ride his deer with huge antlers. Followed by a pack of fearsome corgis, he looks more like a dogsitter than a king, but I don't say it out loud. I force myself to keep my composure and not burst out laughing, using all the tricks I learned from my role as a diplomat to avoid making a faux pas. After all, Arawn is one of those who preside over the Wild Hunt, and his dogs are the Cŵn Annwn, spectral hounds with a terrifying reputation. He pulls on the bridle and stops his mount next to me, turning his jade eyes towards me. He has a cold, severe look, and his silence demands an answer. He needs prey, a target, and I'm getting ready to give him one. Traditionally, it was the Hellequin Hunters that would call on him to hunt down wrongdoers, but in my case, it's to hunt down missing persons.

While patting the deer's neck, I allow it to sniff the personal belongings of some of the missing people. Once that's been done, Arawn nods to signal that he understands the mission. He whips the side of his mount, and the stag snorts, then sets off at a furious gallop. Its glowing hooves pound the ground, shaking the air with thunder. I hope he gets there in time to save the poor guys. There have been no signs of life from the missing expedition in two days, though it was supposed to join up with the Mesektet at the entrance to the Scholars' Vault. It was so easy to get lost here. But that was the least of our worries. We had learned that much worse was lurking in the shadows… While crossing my fingers that his hunt would be successful, I watch his pack of hounds run by me. Ouch! One of them bit my ankle on the way past."
aee9f493-38ab-4da6-9e79-6d5ff205a284,ALT_BISE_B_MU_58_C,Character,"The Minotaur",,"As strong as an old oak with roots branching out beneath the ground.","The queen of Crete, Pasiphaë, was cursed to fall in love with a white bull, a gift from the god Poseidon. The Minotaur was born from their love. Faced with the ferocity of the Minotaur, Pasiphaë's husband, Minos, consulted with the Oracle at Delphi and then asked Daedalus to build a remarkable labyrinth to trap the man with the bull's head. Much later, the hero Theseus found his way into the center of the labyrinth and killed the savage beast once and for all.",TEIJA,"393 AC - The old myths talk of an ancient king called Asterion who was married to the Phoenician princess Europa. Europa was previously married to the god Zeus, who assumed the form of a white bull. They had three sons: Minos, Rhadamanthus and Sarpedon. Later, the wife of Minos, Pasiphaë, fell in love with a white bull, this time sent by Poseidon. From their love was born the Minotaur, also called Asterion. I'm no historian, but after talking with Abiram over a drink, I couldn't help but notice the similarity between these two stories and ours as a civilization. According to the historical books discovered in our travels, we were probably on the outskirts of a territory previously known as ""Europe"". The seat of our government is also called the Asterion. I had initially thought that it was to convey the idea of a star, a light in the sky. But maybe I was wrong.

As I watch my version of the Minotaur meditating under the foliage of a tree, I let my mind drift to such matters. My Asterion is nothing like an angry bull. It's rather a calm creature, as bulls often are unless you pick a fight with them. But come to think of it, the Minotaur nicely illustrates what we are as individuals, or even as a civilization. Tangible creatures, but also shaped by ideas… as well as a marriage between the realms of the imaginary and the real. Oneiroi and mortals. A chimeric union. If the legends are true, an age when imaginary characters and humans could unite in this way had really existed. So what was the situation with these hybrids, and what was their status in the grand scheme of things? The Minotaur shakes himself and prepares to get up. It seems its break is over, and so is my moment of reflection."
355f132a-0e16-4a79-bc25-d27968363c65,ALT_BISE_B_MU_59_C,Spell,"Sap Dispersal",,"20% Sap, 40% water, 40% love... and 100% organic.",,RIN,"393 AC - I stretch out my whole body to bring some relief to my neck and back, which are achingly stiff from all the trekking and work I've been doing at the Farm when I'm not out on an expedition. All around me, the other gardeners are spraying Sap on the plants, including over the bumblebeets, which will help us to propagate it to all the crops. I shake my spray bottle and realize that it's almost empty. Pshhh, pshhh. A bit here, a bit there. It's like magic. When you spray in the evening, by morning the next day you can already see that the shoots have grown and the vegetables have become bigger and heavier. Not to mention the flavors… Even my most basic recipes have been completely transformed in terms of flavor. My tomato, zucchini and eggplant ratatouille is really something else! My stuffed portobello mushrooms are incredible! They're simply divine when grilled on the barbecue!

It's strange that Sap has this effect on food. It's a bit like miraculin. It's like it changes your palate. It amplifies the taste and the scent. And it works the same on texture. It's as if the ingredients are somehow more full of life or vitality. Just yesterday, Kiddo and I were enjoying a trout ceviche with herbs. The bouquet of aromatic scents, with slices of fig and just the right amount of citrus, was out of this world! I spray the last drops of Sap on the base of a cauliflower and put my bottle away. I need to refill it. But before that, I think I deserve a little break! I signal to Aja that I'm taking a few minutes off, and start to climb the hill. Maybe Arjun is around, and maybe they'll join me for a snack…"
bfb2af39-96e7-49e2-829d-90ce8b1b6846,ALT_BISE_B_MU_60_C,Spell,Requiem,,"Preserving harmony. Maintaining balance. Sometimes one thing must die so that another may live.",,TEIJA,"387 AC - I paddle through the blood, shaking. All around, the carnage is so bad that it makes me retch. The beast was merciless, gripped by a murderous frenzy. The other animals didn't stand a chance. I bend down over each member of the deer herd. I go from carcass to carcass in hopes I can heal one of them, but it's hopeless. There are no survivors. A far-off clamor suddenly catches my attention. It's the characteristic sound of a pursuit happening on the outskirts of the Fagn. Nauraa offers me his back, and I jump on. We rush off through the trees towards the noise. The fox leaps between the thickets and tree stumps, stooping to avoid branches… In no time, we reach the little group of Hellequin Hunters — easily recognizable by their antler headdresses — who had set out to track down the rabid animal. They advance in a line to drive their prey into the deathly trap. The cold determination is visible on their faces. They blow an ominous melody, a requiem, into their horns. I shiver.

Nauraa accelerates. He knows where to go, guided by his nose and his instincts. I trust him. I lie down on him to make it easier for him to run. After a furious gallop, he finally stops. Just ahead, the stag corrupted by the Fagn stares at us defiantly. It's getting ready to charge. I don't even have time to open my mouth before it leaps! But before I can do anything, a spear strikes it in the chest as it gallops full tilt. It collapses, sliding on the ground to my feet. I realize that the spear was thrown from behind me by a well-camouflaged Huntress. She bears the initials of the Harvesters. She approaches the beast, which is now breathing with rapid, short and strained breaths. She pulls her spear out of the animal, which bellows in agony, to deliver her coup de grace. I can't hold back a horrified yelp. She turns to me, and I see the ""tears of duty"" appearing on her face, ritually shed by the Hellequin for the lives they are forced to take to maintain the balance of nature. This is the mission of these Muna fighters who live on the fringes of their community. I hold Nauraa tightly in my arms, as a dark liquid flows over the ground from the animal's eyes and wounds."
78b980ca-5c13-4018-ab0c-2e821d31e512,ALT_BISE_B_MU_61_C,Spell,Sustenance,,"Anything goes when there are empty bellies to be filled.",,TEIJA,"393 AC - I sip my drink as I wait for him. No doubt administrative formalities are taking up all his time at city hall. As I sit at the table, I watch the crowd around me. The Mess is not very full today — almost empty, in fact. Maybe very few have been given permission now that the underground exploration has hit its stride. But there are a few families, some with children still of school age. There aren't many of them, but for a handful of key people in important roles, certain exemptions had been made to keep families together. I had recently been talking with some tutors in charge of the children, and they had complained that since our arrival at the Screed, many of them had been skipping school. And that was no surprise, considering they'd been confined to the Ouroboros for months. The great outdoors was a hard temptation to resist.

Next to me, two little urchins are ordering. They are lucky they can come to the Mess during off-peak hours to avoid the rush, and Hestia is always generous when it comes to children's menus. Much too generous, if you ask me. But I can already hear her telling me that proper nutrition is crucial, especially at this age, and that a level head starts with a full belly. When I see the heaping mounds placed in front of the kids, I can't help but roll my eyes and smile. The worst part of it is that Nauraa agrees with her. I can even hear him mentally agreeing deep down inside me. Thankfully, daily yields at the Farm are big enough that huge portions can be provided with no problem. I feel a hand on my shoulder and I turn around with a smile."
4ea364e5-1393-47e7-a3f1-f154dfbf3ae4,ALT_BISE_B_MU_62_C,LANDMARK_PERMANENT,"The Farm",,"The Mess requires a farm that can consistently provide for its day-to-day needs.",,ARJUN,"393 AC - The cart laden with crates of fruit and vegetables pulls up to me, and the gardener driving it asks if I want a ride. I don't need to be asked twice, so I sit down next to him. I'm exhausted after the day's hike, and this stroke of good luck has arrived at the perfect time. As the horse and cart sets off again, I look behind me one last time at the peaceful Farm. The sails of the windmill turn at a leisurely pace, fanned by the wind blowing over the Screed, while above, the dense cypress foliage stirs and rustles. The farm and tree were formed in a single action through Alteration. Barns, silos and granaries are naturally embedded in the gigantic trunk to benefit from its cover and consistent temperature. All around, Muna farmers — all very happy to have left the the Ouroboros — are working in the fields, vineyards and orchards.

I turn to my savior, and we have a friendly chat about the colorful and pleasantly scented cargo he's just loaded up at the Farm: oranges and pomegranates, pumpkins and mushrooms, and even a few bouquets of flowers… Everything seems to have been cultivated with Sap. I crease my brow, deep in thought. As I expected, the goods will be distributed to various areas within the outpost, mainly to the Mess. Anything left over will be sent to the market held every morning in the main square opposite the Ordis town hall. Maybe I should bring Rin a gift basket? Lately, she's been constantly cooking delicious meals for me to thank me for having saved her during the ascent of the Cais Adarra. I smile when I think back to the excitement she feels every time she talks about food or explains her recipes. Who would have thought that besides being part of an Exalt, she's also a master chef?"
8b66b309-5780-40e3-aa44-b07e0e12c9ce,ALT_BISE_B_MU_63_C,LANDMARK_PERMANENT,"The Undergrowth",,"Nature always reclaims its rights.",,RIN,"393 AC - It's so incredible that a whole ecosystem has evolved here, virtually without sunlight. Yes, at this depth, the sun's rays still filter down through the canopy and the enormous networks of roots, but the light is soft and diffused at best. Above my head, an arch of plants covers bluish blocks with gold veins. It's strange that they managed to get this far. I suppose it's possible they grew here directly. Well, maybe I'll need to do a bit of climbing so I can take a closer look. Below me, where no light is shining, the stones look almost black, whereas they're closer to a midnight blue actually. But the problem is that I need to cross a bed of pink mold, and that stuff made me sneeze for an entire afternoon the last time I tried to walk over some.

Anyway, when it's time to go, it's time to go. I take the silk shawl hanging on my belt and wrap it around my face to filter out the pollen that my footsteps are going to kick up. It would be a real shame to find out I'm allergic to this stuff, considering it's almost everywhere. Well, for now, I have an experiment to do. I open myself to the Skein in this place and try to make contact. Immediately, the masses of leaves above my head turn pink, as if mimicking the idea of the Spindle Tree in my head. The roots and trunks are veined with gold, just like the dark blocks. And suddenly, I understand the truth of this biotope. I understand that this habitat wasn't colonized by invasive plants from the surface. It's like an extension of the City, which took over this place. And deep within this network of consciousness, there's a presence that's opening its eyes."
e6199bd0-30ec-4dce-bdd9-867e404f10ae,ALT_BISE_B_NE_01_C,Mana,"Mana Convergence",,"Mana is the cement that binds ideas and reality.",,,
212052f8-a0d4-4571-ba15-aa4a4bf494bc,ALT_BISE_B_NE_FOILER_C,Foiler,Foiler,,,,,
edd0cf7c-cdfd-4fb7-9497-74ae59fafce6,ALT_BISE_B_OR_02_C,Hero,"Waru & Mack",,"Bureaucracy is an art that requires careful planning.",,WARU,"392 AC - Caer Oorun, the Lost Province. Two hundred and seventy-seven years after this area was left to the... Kraken's tentacles, the Asgarthans once again walk this land... Nearly 300 years and so many things forgotten, so many mysteries to uncover and rediscover. So much time lost. I sigh and examine the ruins covered in moss, lichen and ivy. The walls of what was probably once a farmhouse have collapsed from erosion and a lack of upkeep. That was probably a large stable over there, maybe this over here was a well... Mack is on a low wall, casually cleaning his claws. He obviously can't wait to get back to the Ouroboros and dive back into the fascinating and ever-present intrigues there. Between the opponents of the Rediscovery Endeavor and the officers behaving like sycophants in their constant struggle for a little more power, there's certainly always something to do there.

But we are now an Exalt, and our first mission is to explore the vast world – while keeping an eye on the other Asgarthan champions, of course. Besides, my Alter Ego must sometimes give in to the whims of his older half. Mack shakes his head, openly expressing his boredom. He's clearly not as interested in old stones. Despite all my attempts to introduce him to history, archaeology and the study of the past, none of them has ever captured his attention for long. I smile at him as he falls backward into the thick grass and starts squirming like an impatient little kid. Patience, my friend. A worm-eaten door lies on the ground, buried under rubble and a carpet of weeds. Drawing on my imagination, I reconstruct what the building must have looked like. Ghost-images begin to move around in front of me like the lingering echo of an ancient play. Like a voyeur, I watch them."
658172aa-3674-4fa7-bb80-8376d04841c2,ALT_BISE_B_OR_03_C,Hero,"Gulrang & Tocsin",,"The Ordis way lies in patience and resilience.",,TOCSIN,"392 AC - The rain taps against my marble skin; The Kraken roars, emerging from the deep; My great horn sounds, waking all from their sleep; But unlike the trees, I will not bend to the wind; Duty bound, there is no room to waver; The troops move as one without breaking their stride; Be brave and wear your glory with pride; Charge, charge onward with drawn spear and saber; Black sand where the waves crash and foam; O savage waters where threats lurk and roam; Charge, charge, let the hissing serpents fall; So the vile beast sinks into eternal night; And so, finally, hope shines for one and all; Make the hurricane bend before your might… Ha! I suddenly receive a lecture from Gulrang, telling me to be quiet. Is now not the right time for poetry? Just because a formidable enemy stands before us, should we suppress our artistic ambitions? So be it!

Standing upright on my stone pedestal, I blow a long blast into my horn, signaling to the lancers to move. Gul is among them, her heavy pavise raised to cover their advance. She looks at me and gives me a subtle nod. I blast out another note with my instrument, calling all soldiers to get into position. In unison, Lyra percussionists and fife-players begin to play in rhythm, but the performance rapidly descends into a cacophony with all the movement of the troops. Ha! They need a conductor to keep time. I warn Gulrang, and I sense the ideas she channels in return pass through my whole body to flow out into the world. Glyphs meaning ""Coordination"", ""Arrangement"" and ""Harmonization"" appear on my conch one by one. And I blow with all my strength into the horn, with my internal mechanisms acting as bellows, to spread the words to all the troubadours…"
717ec96b-fa2d-41bd-8f2a-6e9a5eb49b89,ALT_BISE_B_OR_31_C,Token,"Ordis Recruit",,"We are your escort.",,,
a9d11f2f-466e-4750-9047-eb89c5ceb503,ALT_BISE_B_OR_49_C,Character,"Ordis Crier",,"He's surprisingly happy for someone who cries all day.",,SIGISMAR,"393 AC - Well, this could be what the complete opposite of a serenade sounds like. Its chattering fills the square, like a parody of the human voice, while the jays acting as its assistants laboriously unfurl the roll call. I don't know who decided to get a cockatoo to read out the names, but if it was meant to be a joke, it's a pretty bad one… We're not expecting it to sing a Verdi opera, but still, this is more like scratching your nails down a chalkboard. I rub my eyes. I'm this close to filing a complaint. But I know exactly what they'll say. Dura lex, sed lex. The law is harsh, but it is the law. That's just the way it is. I glare at the animal, whose crest rises and falls to the cadence of its tirades. Fedyr, Mervyn, Azad… It flaps its wings and fires off salvos of names, while the dispatcher hands out the assignments. Jeez, it's like I'm in a classroom again with the teacher taking attendance.

The decision had been made to not go through the Gestalt so the other Factions could be verbally advised of potential needs, but if I could get my hands on the document, I'd send it directly to any Ordis who was connected to streamline the process… Out of the corner of my eye, I can see Sun is staring at me intently. I'm not exactly known for my patience, but she's got even less than me. I can feel her seething, and knowing her, she won't just be tapping her feet. If I connected to her mind, I'm sure I'd see something sadistic. Something like all the ways you can pluck and eat an annoying bird. Roasted in the oven, fried in a skillet, skewered on the grill, boiled in broth… I smile at the thought, and she notices. I feel her mind brushing against my own, and I'm daft enough to open a channel. ""Yes, what is it?"", ""OK, I'm allowed to rant, right?"" She then proceeds to squawk even more than that damned bag of feathers…"
e39acf32-b0c4-4532-ba1e-ccfc58fdf4d4,ALT_BISE_B_OR_50_C,Character,"Ordis Accountant",,"He has an annoying tendency to overwhelm you with numbers.",,WARU,"393 AC - Each time a name is called, the accountant scribbles and makes a note on his long scroll. Number of rations, amount of Kelon allocated, equipment provided… He records who is assigned where and notes the headcount for each team. We need these detailed accounts to streamline our logistics. Not many know this, but the Storhvit expedition was costly. We had to stretch ourselves to the limit and optimize gear allocation based on needs while scrutinizing each mission to provide only what was strictly necessary. We consciously refrained from asking for Asgartha's support, as that could have painted the Rediscovery Endeavor as too much of a financial drain. And we can't afford those optics with elections on the horizon. We need to stack all the odds in our favor, even if that means tightening our belts. Even if that means making some expeditions harder, or even putting them in danger.

And I'd had to make lots of concessions. The fact that Sigismar had used his connections to tighten Isura's purse strings hadn't helped. But thanks to Mack, I'd had the time to make arrangements and adapt my complex financial package, through alternative subsidy sources and by drawing on my own funds where needed. I couldn't really blame him, actually. He thought he was doing the right thing, and was unaware that I was diverting some of the capital to achieve Avkan's dream. But that didn't stop us from being close to bankruptcy… I sigh. As the treasurer continues to meticulously inventory the expenses, I have an uncomfortable feeling that I'm missing something, or that I'm forgetting something crucial. I mutter to myself and try as best I can to set that nagging feeling aside."
0c079e7a-90f8-47f0-bade-3d2e9e6a1091,ALT_BISE_B_OR_51_C,Character,"Staff Clerk",,"Don't venture into the depths alone.",,SIGISMAR,"393 AC - I lift the flap of the tent and almost get bowled over by the person coming out. She's holding a stamped assignment order in her hand and is visibly furious. I hear her grumbling as I take her place. Even inside the tent there's a line. Opposite me, the staff clerk is organizing her papers. There are stacks of loose documents around her, forming a paper wall on her desk. With her one good eye, she observes, sometimes giving a mocking smile, sometimes a stern look, sometimes an encouraging one. Undergrowth, escort. Tomb, communications rep. City Hall, administrative assistant. The postings are handed out with written instructions for each one. I sigh, patiently waiting for my turn. I was actually surprised when my name was called out, and the words ""special assignment"" were uttered. It was certainly very cryptic, and it must be something major to be so confidential.

While standing and waiting my turn, I can't help looking at the map behind her of the Abyss where all the urgent requests for reinforcements are pinned. Wow, there's so many of them. And not just for the most glamorous areas. I sigh and look back to the clerk. Other than those mountains of paper, she has only a simple stamp in front of her. It's what usually opens or closes doors. It decides whether or not you're fit to be deployed.  It's finally my turn. As I stand to attention in front of her, I say my name, title and rank. It's time to find out what this ""special assignment"" is that I've been saddled with today. I just hope it takes up my whole day… She asks for my certificate of health, glances over it, then brings down the stamp on my mission order and hands it back to me. I unfold it as I leave the line. Wait… Is this a joke?"
459ae53a-4845-4a34-8637-00978e97a1cb,ALT_BISE_B_OR_52_C,Character,"Leo, Relic Expert",,"Certain ancient knowledge must not be allowed to fall into the wrong hands.",,WARU,"393 AC - Night is falling outside. The Eidolon is leaning over the object I've just placed on his desk, which is already strewn with scrolls, books and maps. I brought it from a dig site halfway down in the City of Scholars. Acting as a courier for Leocardius is always a pleasure. I had intentionally requested this mission, in fact, so that I could spend some time with him. While we had had the chance to discuss our discoveries in Caer Oorun every day, the Storhvit expedition and his nomination as an expert by Admiral Singh had prevented us from seeing each other recently. Opportunities had become rare. I had actually begun to relish these moments with the archeologist as welcome breaks in my ministerial agenda. His expertise, hunger for knowledge and schoolboy mischievousness were most refreshing. He gives me a look and grabs his magnifying glass to examine every detail of the octahedron-shaped metal box I'd placed in front of him.

He mutters a few words to himself as he brushes his fingers over the geometric shapes on the box. He uses his fingertips to explore the relic, analyzing each of its faces carefully. Then he stops in one area, seems to hold his breath and then exerts light pressure. With a little click, the box opens, and a bright light emanates from inside and lights up his face. It contains a figurine made of Sap in the form of a dragon. I had already managed to open it, of course, but it was how it was made that mattered to me. Its contents were not very important, in truth. It was a trinket without much obvious artistic or historical value. But the design, on the other hand… Leo lets slip a curse and almost drops his magnifying glass. Yes, the fascinating part of it was the container. Why protect such a trinket? Not for the workmanship but for the material. But the underlying question was even more disconcerting: Protect it from what?"
23768018-7967-42aa-bb6e-5b5124325004,ALT_BISE_B_OR_53_C,Character,"Ordis Dispatcher",,"She's in charge of every assignment within the garrison.",,GULRANG,"393 AC - I always view the roll call of new recruits with caution. I can never tell whether it's a blessing or a curse. It's a bit like the lottery, basically. Is it a good idea to take on new recruits? Of course. It helps to make the Rediscovery Endeavor go faster, to relieve certain soldiers we are demobilizing, and to reinforce our troops on the front. And yet… At the same time, I always wonder if these people could be better used elsewhere, helping the people back in Asgartha, developing their individual talents, or something else? I'm always somewhat torn about recruitment. How many really know what they're signing up for? Which of them know that this is their true calling and which of them are only there for romanticized reasons? And each time, perhaps selfishly, I think back to Kojo.

The dispatcher, in her gleaming uniform designed to impress (or reassure) the crowds, shouts out names and assignments. As I said, it's like bingo: this one assigned to the Tagmata, that one assigned to quartermaster duties… Thankfully, not many of them will go to the front, based on the assignments and call-ups. The instruction from the Storhvit is still to go easy on the exploration forces. And that's not a bad thing. I've seen what's down there, and it's no walk in the park. The administrator continues to shout as I let my thoughts wander. I wonder why she doesn't use a microphone and amplifier behind her lectern. She must like shouting, I guess… Maybe she likes to show her power and authority? I glance at Tocsin and smile. Maybe I should ask him to lend his megaphone…?"
b419641e-ade5-4e51-b637-e25161534a70,ALT_BISE_B_OR_54_C,Character,"Aegis Templar",,"The Templars always ensure that the area is safe.",,GULRANG,"393 AC - The Templar steers his mount with grace and skill over the walls of the Crow's Eye. The giant lizard uses the crevices and vines to descend the shaft, letting itself fall at times before jumping again from rock to rock. But it doesn't really seem to bother its crew. Neither the knight nor the squire seem perturbed by the reptile's sudden changes of pace. I signal to my ensign to extinguish the fire and tell the troops to get ready to break camp when the first directives from our expedition leader reach me through the Gestalt. Ah, so the Templar is not a he but a she. I clench my teeth and try not to show my anger to the others, even though they already know that I can't stand Kaaba. Still in the saddle, the Templar stops next to me, removes her helmet, then looks down at me sternly. Her squire behind her can barely mask her smugness.

Kaaba dismounts, and her gleaming armor clinks loudly. She looks impeccable, of course. And even though she's clearly proved her worth, I'm not sure I'm comfortable with what this means for our incursion. If there's one word that describes Kaaba, it's ambition. And recklessness is a close second. She narrows her eyes, aware of my disapproval. I give as formal and solemn a salute as possible, while inwardly cursing to myself that she'll force us to go far down without a care for the risks and safety of my troops. And based on our past altercations, she'll definitely put me in a subordinate role to give herself as much authority as possible. I have my answer to the question I was asking myself this morning. This assignment is definitely a curse. I just hope we won't suffer too much for her ambition and pride."
5d9b4d51-1e22-48d6-b1d9-a69a63060070,ALT_BISE_B_OR_55_C,Character,"Health Inspector",,"Using untested ingredients is a recipe for disaster.",,WARU,"393 AC - He systematically jots down everything in his notebook and checks boxes as he goes through his inspection. Infrastructure design: unsatisfactory, as the kitchen is open to the outside. Overall cleanliness of the premises: unsatisfactory, but that's to be expected with thousands of people parading through the establishment every day. Staff hygiene: could do better, especially the hairy cook, who should wear gloves. He reviews everything on his list: pest control, water quality, temperature control, staff training… Mahmoud sends me all the information via the Gestalt. I see everything through his eyes. He shares his comments with me, but even though he understands my approach, he disagrees strongly with my desire to close the Mess. Because even though he is a very diligent health inspector, he also loves good food. 

Foodstuffs control… Aha, here we go. Mahmoud asks for all documents related to the food chain and scans through them. He shares them with me, of course, along with a few small cutting remarks. I don't care about that, though. What I do care about is that everything is officially recorded so that I can start the rest of the process. Unsurprisingly, all the ingredients come from the Farm or, in the case of non-perishables, from the holds of the Ouroboros. Sap cakes… There we are, again, from the Farm. He gestures to Hestia's Eidolon, who has been looking daggers at him for a while now. The Oneiros does not like anyone meddling in her business. But Mahmoud doesn't care. He's used to not being liked. He suddenly notices that a slice of meringue pie has appeared in front of him, placed there almost secretively. Hey, isn't that attempted bribery?"
a8b3a7da-5bc6-4f8a-9e92-d359b8981f85,ALT_BISE_B_OR_56_C,Character,"Fiore dei Liberi",,"""I am the sword, deadly against all weapons!"" — Fiore","Fiore dei Liberi was born in Premariacco circa 1350 and is the earliest known Italian master of swordsmanship. He was the author of a full martial arts training manual: ""Flower of Battle"". It teaches how to fight with bare hands, armed with different weapons, with or without armor protection, and on horseback or on foot. He had to fight five other masters in duels to defend his honor… with sharp longswords and without armor (except for gloves and a gambeson). He emerged victorious and uninjured each time.",KOJO,"393 AC – OK, I admit it, he's got style. Although I'm not totally convinced by his get-up… even though I'm somewhat responsible for his look. Yes, I may have read too many books about the Musketeers during my leave on the Ouroboros. A big hat topped with a white feather, an elegant blue doublet, remarkably polished high boots, and an exquisitely made rapier… Yep, that's clearly my doing. Atsadi didn't catch me, but that's only because he's blind as a bat. An impeccable smile framed by a thin goatee, the complete opposite of humble… Whereas Atsadi is reserved and harbors a silent rage, Fiore dei Liberi is extroverted, chatty and boastful. A bit like me, in fact. It's a bit like a haiku versus an epic poem. If Waru had been here, he would have said something like: ""Purity of movement and orthodoxy of posture in contrast to nonchalance and demonstration of style; a fight in alexandrine verse that creates rhymes of iron.""

I try my hardest to understand everything they're doing, just by watching. To learn, you must start by observing. That's what everyone says, right? And in that regard, I feel like I'm way behind everyone else, almost like an imposter. It's not like I went through the typical Bravos training program. I was only there because I was flexing my skills and I came across Boo by chance, basically. A clash of steel brings me back to the present. Come on, take it all in, analyze what they're doing. Atsadi is in a defensive stance, as if he's waiting for the right moment to strike. As for Fiore, he's full of life and talks just like he fights: a diatribe of iron and verse, actions and verbiage. In fencing as in debating, he's constantly composing, a bit like an artist. For a fraction of a second, I wonder whether his style suits me better, after all. I shake my head. No, I'll be Atsadi's Squire!"
56aa0102-85b5-4c2b-af36-817340da2bd4,ALT_BISE_B_OR_57_C,Character,Ariadne,,"""Follow the thread, and you'll find me."" — Ariadne","Ariadne is a heroine from Greek mythology. She is the daughter of Pasiphaë and Minos, king of Crete. After falling in love with Theseus, she helps him to escape the labyrinth that holds the Minotaur by giving him a ball of thread in exchange for marriage. After defeating the Minotaur and escaping the labyrinth, Theseus goes back on his word and abandons Ariadne on the island of Naxos.",YANNA,"393 AC - Being in charge of materializing Ariadne has its benefits, I suppose. She's the central knot, and all the threads that the expeditions follow diverge from it. These thread are their lifelines if they want to come back up quickly. And the Rhombus I affixed to her skin, well-hidden underneath her tunic, is a major asset for the Qorgan. Through a hidden Gestalt frequency, I can monitor every movement and every discovery as long as there's an Ordis at the other end. That's the reason why some laws have been passed in secret by carefully selected individuals. Directives have been transmitted to the clerks so that as many teams as possible would benefit from Aegis support. Without the real reason being made public, of course. Ariadne stands in the center of a huge spider web, and I use it to constantly keep a finger on the pulse.

I think back to what Suha said recently — that she needed time and to take things slowly. I can't blame her. I wonder what she thinks of our forced collaboration. Is it frustrating for her? A vibration travels up a thread, and I dismiss those thoughts, which ultimately don't really matter. By pushing my Coalescence, my consciousness descends along the psychic link and into the depths. I feel a knot in my stomach, and I'm flooded with negative emotions. Suddenly, the thread snaps. I'd heard distress, panic and screams before the signal cut out. Had they descended too far? Had something cut the connection? I need to warn Suha. I grab a new line, the one attached to the cadet who was assigned to her, supposedly for her protection. I order him to open his mind, and his perception becomes superimposed onto mine as he opens the connection. I call the Mage by her name through someone else's voice. And through a stranger's eyes, I see her turn towards me."
4db323fa-dc50-4f04-9d90-792443bc94be,ALT_BISE_B_OR_58_C,Character,Simurgh,,"Three feathers. Each time you burn one, it will grant you its help.","The Simurgh, or Simorgh, is a mythological bird from Persian and Kurdish cultures. The form of this gigantic bird, which can carry a camel or elephant, has changed over time. In earlier depictions it had the body of a dog with lion's claws, wings and a plant tail rising vertically. In other versions, it looked more like a Phoenix. The Simurgh was so old, immortal even, that it had witnessed the earth's destruction three times. According to the Persians, it bestowed fertility and would seal the union between the sky and earth. It roosted in Gaokerena, the Tree of Life. ",GULRANG,"393 AC - I roar as the Mesektet hauls itself out of the depths and emerges from the abyss like an arrow loosed towards the sky. As I fight the exhaustion and chaos, and shake my head to get rid of the black spots occasionally appearing at the edges of my vision, I try to stabilize its trajectory. Its hull rips out a pontoon before bursting out of the Crow's Eye and into the silent sky. Are we in the clear yet? I slow the ship until it's floating above the Screed. Jeez, what the hell attacked us in the depths? No, I shouldn't think about that. I need to suppress the fear tying my guts up in knots. I slap myself to snap out of the shock. Around me, soldiers are trembling, their eyes wide with terror. Some are whimpering, while others try to stop their teeth from chattering. They too came face to face with the darkness. They too looked into the void's eyes. And the void stared back at them in turn.

Pull yourself together, Gul. Now is not the time to waver. One more push. Everyone is counting on you. The priority is to get rid of the affliction. The priority is to heal as many as I can. I blink and try to remember what happened. But the more I try to remember and try to access my memory, the more painful my headache becomes. It's as if my recollection of the last few hours have been stolen. It's like a part of my brain has been removed. I can't do things in half measures. I have more than 200 soldiers in critical condition to heal at the same time. So, come to me, Simurgh. Take flight. Spread your wings and rain seeds of healing down on us. Come to me, Simurgh. I open my eyes and see the Eidolon materializing above the Screed, breaking through the clouds. Rain seeds of healing down on us…"
adab66a9-a500-4800-92e8-24a65899f5ce,ALT_BISE_B_OR_59_C,Spell,"License Withdrawal",,"""Enough of this mess!""",,WARU,"393 AC - I close the botanists' report and stroke my beard, thinking. Sap. It had been harnessed and used extensively right away, just a few weeks after being discovered, without all of the required precautions being taken. Yet something had triggered the decline of the City of Scholars. And it could very well have been this famous substance. Nothing in this report seemed to indicate any toxicity, but that didn't mean it was harmless. I tap the wood of my desk, deep in thought. It was one thing to use it like the Axiom were doing, and another to incorporate it so quickly into our food… No, this report was by no means sufficient. I solemnly pull the quarantine request from my pile of documents. Hestia would not be happy, just like she hadn't appreciated the surprise health inspection I had ordered. But I couldn't risk exposing the exploration forces to a potential health hazard.

I sign the proposed decree and stamp my personal seal on it. Closing the Mess would send a clear message to the people. And if that made some regard Sap with suspicion, all the better. Distrust was appropriate, and this point it needed to be underlined. I pull another sheet from the pile, this time destined for the Muna Farm. We also needed to stop the liquid from being used for crops to get to the root of the problem.  My popularity would take a hit, and it had already been damaged, but it was a sacrifice I needed to make for the common good. However, in the case of the Farm, I wasn't going to request an administrative closure. I just wanted to send a clear warning and make a gradual transition to crops free of risky substances. I hope my recommendations will receive a positive response from City Hall and that we will legislate in the right direction."
0f646b7b-6957-4b36-ba1c-d2efdcd077a6,ALT_BISE_B_OR_60_C,Spell,Conscription,,"You're in the army now.",,SIGISMAR,"393 AC - I roll my shoulders, test out my voice and relax my jaw to prepare myself. Nosk moves in front of me, then moves again slightly to try and find the best line of sight. Basically, he's bobbing this way and that as usual, and I just smile politely, even though his constant experimentation is quite annoying. He asks me to move, and I step to one side, close to the promotional poster. Why the hell did they ask me to do this damned recruitment video? Well, obviously for my undeniable charisma and irresistible smile, but still. Even though the order came down from Admiral Singh, it had the telling whiff of someone else's involvement. It was probably a political decision from further up. The Rediscovery Endeavor clearly needed fresh blood, especially more contingents and reservists. Anyway, I need to look happy about it, especially since it'll be broadcast live.

I look over Nosk's shoulder and see Sunisa having a good laugh. Go on, make fun of me. But then Nosk puts his thumb up to tell me he's ready. He does the countdown with his fingers. 3, 2, 1… I put on my most charming face, waiting for his second ""go"". For the entire first part, he'll stream memories of scenes he's witnessed, carefully catalogued and edited in his own mind. There's the new hand signal. It's my turn. Let's go. This is how it's done. I start to speak my lines, puffing out my chest. The trials of Storhvit, the discovery of the City of Scholars. A historic turning point, a vindication, a first step, blah blah blah. ""Go where no one has gone before. Enlist, for the future. Broaden your horizons. Push yourself to new heights. You too can be part of the adventure. Join us. The Rediscovery Endeavor needs… me."" I see Nosk look up and smack his forehead in disbelief. Sun bends over in fits of giggles. And I suddenly realize how badly I messed up."
0a8e03b4-9144-432c-a2b7-6ce5eeb10f9c,ALT_BISE_B_OR_61_C,EXPEDITION_PERMANENT,"Rune's Testament",,"The first High King of Asgartha urges us to venture forth!",,WARU,"393 AC - My fingers grip tighter around the edges of the scroll as I feel my stomach start to churn. I hear someone speaking to me but I can't peel my eyes from the text. I read it and reread it again and again. Everything is a blur around me, while the blood in my temples hammers rhythmically like a blacksmith's mallet. I let the parchment drop to the ground…

""There is no escape.
My crown is my cage.
Like the Tumult, my prison is a snake biting its own tail.
No beginning, no end.
But to atone for my crimes, I must not break the cycle.
Such is my damnation, and at the same time, my rebirth.
Do not despair, however. Those of you who still can, keep going.
You hold the key to renewal in your hands.
In Avalon, the king will awaken.
RUNE""

I place a hand on the wall to calm down my breathing and to stop myself from falling over. My migraine returns, stronger than ever this time. It's as if someone is digging within my skull, as if something is trying to get out, trying to scream, but failing to do so… But when I try to focus on this feeling, all I get is white noise."
db71123e-16ce-4a47-834a-f5ac44e588d2,ALT_BISE_B_OR_62_C,LANDMARK_PERMANENT,Mesektet,,"Repaired by the Axiom, the pride of the Aegis takes flight once again.",,GULRANG,"393 AC - I need Mana, Tocs. Somewhere far off, I feel him respond, and a new influx reaches me. How deep did he go this time? I grit my teeth and concentrate on the Mesektet. I can't let myself get distracted. I try to push what I've discovered from my mind so I can focus on the ship's appearance, on what it would be once all the repairs have been done, as if it were brand new. It would be damaging to everyone onboard if its reality were to alter against my will. And to prevent that, I need to control my imagination so that the idea of the ship remains as stable as possible. That damned Templar! She gave me the perfect posting to leave me on the sidelines. Under the guise of creating a remote headquarters to help with expeditions, she made sure I couldn't get in her way.

Its dark shape, barely visible against the labyrinth's dark stone; the lighting on its pontoon, which highlights the golden reflections of its hull… I imagine it repaired, updated, improved; one of the flagships of the Ordis fleet restored to its former glory. A vision to take your breath away and bring hope. But I also need to conjure in my mind everything it contains, or at least everything needed to house our troops. Dorms, a mess, an armory… I don't overburden myself with creating an engine room or Aerolith core, but rather simulate their existence: a door that leads to them but is only an illusion; a vibration to replicate the sound of an engine… It would be a shame to have to fight against the doubts of those living there. For a fraction of a second, I remember what I saw in its wreckage, the memory records of which have been sealed by the admiralty."
e994e774-2019-4789-86aa-8b3db73aa046,ALT_BISE_B_OR_63_C,LANDMARK_PERMANENT,"The Town Square",,"In light of the Ordis' well-known organizational advantages, the Factions entrusted them with outpost logistics.",,SUNISA,"393 AC - I leave City Hall after dropping off my report. One month of involuntary demobilization and dealing with administrative requests that really aren't my strong suit… I'd much prefer to be getting down and dirty in the field. But after an avalanche and taking the full force of the old Mage's tornado, they thought — perhaps rightly so — that I needed to put my feet up for a few weeks. OK, it wasn't all terrible. It was fun hanging out at the Mess with Sunniva, and with Cat and her gang, but it was like living their adventures vicariously. The only consolation was that Sig was also having the same run of bad luck with his fair share of boring missions. And that had given me the opportunity to make fun of him on more than one occasion. Last I heard, after having royally screwed up his recruitment speech, he had been assigned to watch over herds of Woollybacks.

Let's be honest, that's definitely a punishment that fits the crime. Also, note to self, go and tease him at the first opportunity. Smiling, I make my way through the crowded square. This is where all the complaints are handled, and by extension, where camp life in general is managed. A bureaucrat's paradise, basically. As I pass by the crier's desk, I see that he's reading the new edicts that were announced the day before. I sit down on an old collapsed column to rest my leg, which is still a bit stiff, then take out my newly acquired certificate of fitness from my pocket. With this, I can see a clerk to get a posting that would be a bit more active than simple pen pushing. Supply logistics, or maybe protective detail? Who knows?"
673f5461-2897-4fa9-a041-254f0a9d64ed,ALT_BISE_B_YZ_01_C,Hero,"Akesha & Taru",,"Whatever ordeals we may face, good manners and politeness are always in fashion!",,AKESHA,"392 AC - I lean over Itoro and place a damp cloth on her forehead. The Lyra calligrapher manages a smile despite the pain, and I return it while squeezing her hand. For a moment, I feel like I'm back in the Cloister, looking after my sister. I hope Kumari is doing okay… Tomorrow, if there's time, I'll send her a letter and tell her all about my adventures. I'll include a few sketches I've done of the environments I've seen, and maybe I'll add a few emotions to give her a taste of what I felt. Taru interrupts my daydreaming by placing a sticky tentacle on my forearm. I know, this is no time to be lost in thought. The Tumult wave that hit the Ouroboros caused a lot of damage, as well as some mild parasitization.

I place my hands on the chest of the Lyra artist, summoning a Sigil to stimulate her metabolism. Through my Irises, I perform diagnostics on her and examine her to distinguish the nature and location of the ideas that have sadly been grafted onto her. ""Ribbon"" and ""Rubber"". Her leg is indeed limp and elastic, as if all her bones have been turned to liquid and her muscles transformed into rubber. And her left hand… Where her fingers should be, she has laces of silky flesh that hang limply. Beside me, Esmeralda crosses her arms over her chest, concerned about her friend's condition. But by tapping into the Eidolon's thoughts, I can surely create an accurate mental image of what Itoro looked like before these unfortunate changes. By summoning her memories, I'll be able to restore her original appearance. OK, let's go! I turn toward Taru, who waves his tentacles. I'll need his dexterity to isolate and remove the intrusive ideas…"
26e7b58f-e879-4729-8d6f-c953c86e3b14,ALT_BISE_B_YZ_03_C,Hero,"Afanas & Senka",,"The world feeds on magic, and withers in its absence.",,AFANAS,"392 AC - I open my eyes and contemplate my creation, letting out a long breath to dissipate the rest of the Mana stirring within me. The circle of standing stones still emits an amethyst glow as it anchors itself in the world, thanks to the Mana that Senka brought back from the Tumult. I stand up, cracking my back as purple lightning flashes all around. This place certainly crackles with magic and power, a maelstrom of fleeting ideas captured by the node I've just created. I place a hand on the surface of a menhir. The purple-tinted stone has taken on an organic texture, a knotty mass of grooves and striations intertwining like fibers and ligaments. All around, complex geoglyphs and fragile cairns provide the finishing touches to my arcane creation, which other Initiates can freely use when they reach this place.

I hold out my hand and Senka lands on my arm, digging its claws into my flesh. It pierces my skin with its beak and drinks the blood that seeps out. This is my offering for the help it has given me. I grit my teeth and let it lap up my vital fluid. That's enough. My nighthawk takes flight while I materialize a strip of fabric around my wounds, which is immediately stained red. Like a shadow, Senka soars above the site. Like a bird of prey, it chases down ideas, catching them on the wing and swallowing them like common mice. And for a brief moment, anxiety bubbles to the surface of my mind. Each time we advance, I watch it grow stronger and stronger. Its wings grow larger, just like the night within it. I need it to grow, but is it wise to let it gorge itself like this?"
fa0dc2ab-acca-4dda-a1bd-772f6e2e1fe6,ALT_BISE_B_YZ_47_C,Token,"Mana Moth",,"The Moths are especially attracted by the Sap of the Undergrowth.",,,
5f93c2ce-4edb-4230-bc05-0ba02108b1a4,ALT_BISE_B_YZ_49_C,Character,"Scribbling Starfish",,"A good Sigil starts with a good sketch.",,LINDIWE,"393 AC - I feel its pressure — voracious, primal — against my mind as it forces me to look at the happy starfish, whose limbs are wrapped around a scepter that looks like a stylus. I grit my teeth as I fail to prevent my mouth from watering, while my jailer can barely control its hunger. Just one mouthful. Just one bite would be enough. If only I had control, for just one moment, I could apply a Sigil to myself and maybe use it to bury my captor's psyche deep within my own, somewhere it could never escape. But I know it's pointless. It never sleeps. It's happy to just wait, in the corners of my mind, ready to kidnap my will. For a fraction of a second, I imagine grabbing the starfish for a quick snack, and I suppress a gag. I try to dismiss the nauseating thought. It's not my own… or is it? The boundaries have become so blurred.

The echinoderm starts to dance as its stylus glides through the air like a paintbrush on paper. It seems to be having fun, and I envy it. It scribbles a range of symbols, which it then rearranges and encircles to better contain the associated concepts. A wheel with no beginning or end. A prison. I observe the ideas it summons from the Empyrean and try to study the way it assembles them, almost by chance. The starfish isn't being asked to create known recipes. No, on the contrary, it seems to be going by feel, maybe with the aim of creating unique blends, original and surprising combinations. I swallow the saliva building up while cursing the worm that has made its home inside me. But no matter how much I insult and curse it, it never gets upset or offended. Danger. I narrow my eyes and look at the Mage staring at us. His long blue hair seems to float in an invisible sea, and his entire body is covered in intricate tattoos… For once, my jailer and I agree. He has the scent of a predator."
27134e13-3525-4281-a358-b92fb26fdfef,ALT_BISE_B_YZ_50_C,Character,"Yzmir Engraver",,"By mixing Sap into the ink, the power of the Sigils is augmented tenfold.",,SYLAS,"393 AC - Through the iridescent haze, I look at the elaborate mixtures that the Sigil engraver is creating. They're made not only of oil and pigments, but also ideas pulled from the Empyrean, all combined, crushed and ground to make the emulsion. If I'm a little distracted, it's not because of his art, his expertise, or even the (rather trivial) nature of his work, but because he's experimenting with Sap. I sense that there's something unnatural in this substance, something dangerous. He carefully introduces the precious fluid into a neutral crucible before incorporating his previous mixture. How many tests has he done before arriving at the right dose? Dozens? Hundreds? With a flourish, he starts to pour the thick liquid into a sort of glass container, somewhere between a compressor and a hookah. The liquid floats inside and turns purple. The substance spurts into the tube and rises up towards the needle…

The man furrows his thick eyebrows and holds his breath, focusing on the precision of his movements. His hand doesn't shake. He takes the needle and starts to engrave directly on his skin, directly on his flesh. Slowly and precisely, occasionally dabbing away a bit of blood, he inscribes a vast array of magical Sigils, from the most mundane to the incredibly elaborate. And the tattoos suddenly take on a blue and phosphorescent tint as they come into contact with his essence, his identity. His eyes light up, and I feel uneasy. The Sap seems to graft onto his very being, unlike traditional Sigils that usually fade over time… I would have loved it if Saskia were here. This process is like osmosis, integration. She would have analyzed it much better than me. Making ideas his own, feeding off concepts… He needs to be careful of the negative spiral this kind of thing could lead to. But that doesn't matter right now. I'm not here for that but for the woman standing on the other side of the room, somewhat obscured by the curtains of smoke."
c035093d-d7b3-4b59-a5c8-1c71744fe94f,ALT_BISE_B_YZ_51_C,Character,"Yzmir Nurse",,"The Cloister's Nurses may be harsh, but they work wonders, according to those who survive.",,MAW,"393 AC - I give Lindiwe a smidgen of control and freedom while I watch the nurse attend to the Lyra. She sutures up the ideas that have been torn and grafts what she can to restore a semblance of integrity and cohesion. There's no doubt: the entity that attacked this reckless one from Clan Tisdhera has a similar quality to me: an appetite. I emit a silent roar inwardly, and my scales tremble with fury and excitement. I studiously watch the Cloister nurse plunge her hands into the victim's essence, and as she patches her up, the ideas of the patient try to parasitize the surgeon. She doesn't let them, of course, and barricades her identity to stop it from being denatured, but the ideas bite her flesh, looking for something to latch onto so they can express themselves and exist. Who — or what — was looking to feast on Aether? I had to know for sure.

I hiss with disgust as the realization hits me. I'm increasingly thinking like a mortal. Like a human. The words and terms that Lindiwe uses are forcing themselves on me. I'll need to be careful not to let my host influence my thinking too much… At the beginning, I would lie low inside her before taking control… In front of her, the doctor stands up straight and conjures a moon jellyfish for squeezing. She uses the secretions as a poultice, which she then applies to the wounds to heal them. She is serious and morose. I hear her tell Lindiwe that she's done what she can and that the Lyra will probably suffer after-effects, that a part of her being and her memories have been devoured, and that a deep intervention will be needed to get her back on her feet. Hmm, a devourer of ideas. Something was mimicking my role, but seemed to be attacking anything that got too close."
61c17065-cf12-4b20-824f-13026530acc1,ALT_BISE_B_YZ_52_C,Character,Pasiphaë,,"She won't let herself be bullied.","Pasiphaë is the daughter of Helios, god of the Sun, and Perse, one of the Oceanid nymphs. Her sister is Circe, and like her, she too is a talented sorceress. As the wife of Minos and witch-queen of Crete, she is a victim of her husband's pride when he disobeys Poseidon's commands. She is cursed to fall in love with the white bull that was to serve as an offering to the god of the sea, and through this love she becomes the mother of the Minotaur.",AKESHA,"393 AC - It was an odd sensation, like a premonition. It had flowed through me like a balm, almost a tingling or numbing feeling. It had taken me many minutes to realize that it was a call. A call for help. The first time I'd felt the Skein outside of my Musubi, I'd been surprised by how soft and natural its touch could be. My impression of it was still based on my initial experiences during the ritual that bonded Taru and me. It had been invasive, as if our souls had been rewritten into one. But Saskia had asked me to close my eyes and sink into a meditative state. Then she asked me to relax and open myself up as much as possible… to let the walls around my mind fall. It had entered softly, like a warm and comforting rain shower. Like a flower that opens and unfurls its petals, it had blossomed within me.

But here, in the City of Scholars, the Skein filament that had gripped me didn't have the same tenderness. It was throbbing, like a pain. It's as if it was telling my pain receptors to pay attention. I don't know if I would have understood if I hadn't experienced the Skein before. But I instinctively knew that this contact meant me no harm, and I had let my walls crumble. Immediately, Teija had manifested Pasiphaë next to me. It was exactly the same as when I would materialize things to help Taru, despite the distance. Although the Alterer couldn't communicate with words, she had used the Muna network to incarnate what she had in mind at my side. And Pasiphaë had set off right away, as if she knew exactly where she needed to go. Using the Naali, I materialize a harness around the Eidolon so I can lower her down the well where Teija is imprisoned. She had been remarkably clever. She had called the Minotaur to her and sent Pasiphaë to guide me to them."
dee1df23-36d2-4aaa-9d74-370ba6a67a30,ALT_BISE_B_YZ_53_C,Character,"Qorgan Informant",,"Shhh. This stays between you and me.",,AFANAS,"393 AC - A magical current flows across the deserted square, which has been plunged into darkness on this moonless night. It's like a trail of breadcrumbs. What will I find at the end of it? A gingerbread house? It leads me close to the refinery, to a very ordinary building. It must be a warehouse, and the only surveillance is provided by a horde of drones. I lower my body temperature and summon ideas that will drape around me like an overcoat: invisibility, anonymity, insignificance… anything to ensure I don't stand out. I doubt playing a senile old man would work if I were to be discovered, but I don't care. There had to be some use for hierarchy. I suddenly notice something that makes me look closely, as my Irises spot a wall where the porosity has been modified. It's clear that I'm being invited to enter.

The displacement is sudden, and I feel the particles of the wall brush against me like a mist. As soon as I enter, the ambient light makes me blink. Aha! So, the Axiom have stockpiled large quantities of precious Sap… Shelves — entire shelving units — are filled with artifacts brimming with the famous substance, which is glowing brightly. At the end of an aisle, a slender figure seems to be deciding which item to pick. She turns around, an artifact in hand, and gives me a smile. I recognize her immediately: It's Chinam, a Qorgan Initiate, one of Wanjiru's minions. She places a finger over her mouth and gives me a conspiratorial wink. I snort with derision, appalled that we're now on the same side. Why has she lured me here? To show me that the Axiom have hidden huge stocks of this stuff in a warehouse and kept it secret? I didn't care about that. No, she's discovered something. But knowing her mischievous disposition, if I'm going to find out what, she'll make me work for it…"
42708374-943e-43dc-a3ac-79f767ac11ed,ALT_BISE_B_YZ_54_C,Character,Merlin,,"""You and I both know it has never been about the sword.""","Merlin is a central figure in Arthurian legends. He is a wild hermit, tortured prophet, magician and conspirator. Born from the union of a demon and a mortal, he is an ambiguous character but still chooses the side of good. Through his spells and scheming, he brings about King Arthur's birth and guides him to the throne. It's said that he allowed himself to be locked up by the Lady of the Lake, with whom he fell madly in love, even though his foresight had already shown him what the outcome of their romance would be.",AKESHA,"393 AC - He stops not far from me, blocking my way, with his scepter raised and pulsing with a menacing glow. Although there's a semblance of a smile on his lips, there's no such happiness in his eyes, which appear sad and cynical, as if thousands of years are reflected on their surface. And a glimmer of madness dances within them… He's wearing the type of outfit my father would wear for a business lunch, and his hat is one of the kind I like. I suddenly realize that the Eidolon is drawing from my imagination to manifest himself without asking for my permission. My Irises flare, and I examine the intruder, who is shamelessly hijacking my imagination to materialize in the world, as only the most powerful Oneiroi can. Self-assured and unfazed, he lets me study him. And I gradually understand why as the central ideas of his identity parade before my wide-open eyes.

""Merlin"", is all I say to Taru, as my Chimaera starts to waggle his tentacles. A cold sweat forms on my back as the gnawing realization takes root in my mind. This Oneiros has never allowed us to summon his Eidolon. And now here he is in front of me, incarnated by siphoning some of my memories. The stubble comes from my cousin, the cloak is the one I wore to my graduation ceremony, the scepter is one of those displayed in the Museum of Alteration… He has rummaged through my memories like you would with a box of keepsakes, shaping himself without my knowledge. His imperious, uncompromising voice resonates in my head. It won't tolerate any interruption, and it won't be stifled. ""Destiny is in motion,"" he says. ""The king will awaken, and you will play your part."" I look at him defiantly and focus my mind to try and turn it into a metal vice. Merlin simply raises his eyebrows as a smile twitches at the corners of his lips."
00046c63-37c1-44a7-8203-c445df061b66,ALT_BISE_B_YZ_55_C,Character,"Sylas, Cryptic Warlock",,"Knowledge is power, but secrets are paramount.",,AKESHA,"393 AC - I feel an overwhelming shiver run through me as I wander through the Spires looking for Saskia. Her message was clear and promising: the was working on a type of leech that could possibly drain the effects of Remanence before the symptoms even appear… But this sudden sensation makes me slow my pace and take a different path. I push open the heavy door that leads to a workshop swimming in the shimmering vapors of Mana. A tattooist is applying Aether patterns directly to his skin. The Gephyromancer glances up at me with his glassy eyes, then goes back to his task. But it's the Mage sitting topless in the center of the room who catches my attention. He is covered in Sigils too, so much so that my overloaded Irises have trouble focusing on who he is. However, a name comes to me through the noise: Sylas.

As if I'd spoken his name, he looks up at me and spreads his arms as if to welcome me. He doesn't look annoyed at all, even though I'd just interrupted their magic strengthening session. I lower my eyes, feel my cheeks flush, and stammer a few words, obviously unsettled by his enigmatic aura. I quickly leave, closing the door behind me before he can talk to me. I'd obviously barged in somewhere I wasn't expected… What exactly was their Lodge working on? Sigils, by the look of it, but those ones seemed strange and unique. I feel a hand on my shoulder, which startles me. As I turn around, I let out a sigh of relief. Saskia looks at me quizzically, tilting her head to one side and narrowing her eyes, as she does when she's surprised by my reactions. For a split second, she casts a stony look at the door I've just closed, then her face brightens again."
12151cd4-a1b9-4f9a-a522-48c7d57e6071,ALT_BISE_B_YZ_56_C,Character,"The Hunger",,"The City has a soul, and it is famished.",,MAW,"393 AC - The last of the Axiom engineers pass through the portals, which then close behind them with a sucking sound. Even if Lindiwe wants to turn around and make sure everyone has gone through, I don't let her. I'm not interested in them. They're the least of my worries. I'm much too busy watching the opening that's appearing on the wall. Suddenly, vapors bubble and gush forth, and a dark mass emerges in an explosion of hissing, sinuous smoke. The black deluge opens first to reveal a slitted, voracious eye, then a carnivorous maw, ringed with razor-sharp teeth. There you are, abomination! It exudes hunger, starvation even. A prehensile tongue flicks out of the mouth, probing the surroundings, while hands with slender, hooked fingers suddenly emerge from the swirling black clouds. It rushes over to the Sap that is still flowing where the prospectors drilled through the tank.

It feeds on the Sap greedily, like an animal, with no decorum whatsoever. It plunges its hands into the thick substance and shoves handfuls into its mouth, its tongue lapping it up vulgarly as if tormented by a frenzied and insatiable hunger. Oh yes, I understand you all too well, darkspawn. Oh, how I commiserate with you. But on closer inspection, I could clearly see that its nature was different from mine. Its priority was Sap. But in that case, why attack those who were venturing down here? Because they'd eaten Sap and the liquid was running through their veins? No… It was something else. I'd felt how Sap was absorbed by a human organism, how it was metabolized. No, there was something compulsive in its insatiable behavior. Lindiwe narrows her eyes as I use her Irises. I'm looking for something to explain its gluttony, its urgent greed…"
3af14b73-8254-4d5e-affc-751d2fd41bf0,ALT_BISE_B_YZ_57_C,Spell,"Sap Infusion",,"There are a thousand ways to use the Sap. The Yzmir seek to exploit its full potential.",,AFANAS,"393 AC - I remember the teas and infusions Qaasin concocted for me after he rescued me and I was recovering from the Kraken's attack. They tasted foul, but took away the pain and sharpened my mind so I could see things differently and with less emotion. I have bittersweet memories of them, and they return as soon as I start preparing my own concoctions. But above all, it's the ritual I enjoy. Placing the bowl, selecting the plants, arranging them in the filter, adjusting the heat under the water… I had watched Qaasin at work thousands of times. I knew all his techniques down to the smallest detail. And today, it was my turn to reproduce them. Walking in my master's footsteps was always a pleasure, a moment of deep meditation, and that's what I wanted to pass on to Fasano. My disciple watches me work, and I feel a pang of guilt. Matera should be here in my place.

I take out the little bag that the Muna farmer gave me. I take care to open the folded banana leaf slowly to avoid scattering the Sap-enriched tea leaves, which have a brilliant golden tint to them. I hear the soft babbling of the water boiling and pour the simmering liquid over the tea leaves at the bottom of the filter. I set the kettle back down, then place both hands on the bowl. Whisps of colored steam, from magenta to cyan, rise to the ceiling. I breathe in and immediately feel a soft tingle passing from my sinuses to the top of my skull like a caress. Inhaling in this way is necessary to condition the mind. Then I wait for the infusion to fully develop. I take my first sip. The taste is as sharp as ever, and I feel a rush travel up the length of my spine. I hand the bowl to Fasano. He'll need all the help he can get if he wants to go with me into the City."
a0b7815b-fcab-4606-bd14-123363e1a802,ALT_BISE_B_YZ_58_C,Spell,Evanescence,,"In the depths of the City, something seems to be devouring memories and thoughts.",,LINDIWE,"393 AC - I keep my wits about me as the evanescent figure floats before me in the air. Seen through my Irises, it reminds me of a candle's flickering flame about to be snuffed out. It's as if something or someone had pierced her spiritual sheath and the ideas that comprise her were oozing out of the lacerations like a gutted gourd. If I do nothing, she would soon disappear and vanish into oblivion. Despite my unease, I probe deep inside myself and sense that my captor is coiling around itself like a rattlesnake. It doesn't seem to want to take control, but is getting ready to do so if danger still lurks. From what I can tell from its behavior, something formidable is responsible for the Lyra's wounds, as if it had wanted to devour her. It's something that has put Maw on high alert.

But Maw's inaction is approval for what I want to do. I conjure multiple Sigils to act as compresses that I can place on her gaping wounds. Above all, I need to stop the flow of ideas. I collect all that I can of the ones that have already escaped, and put them in vials — and in Maw's mouth, for those he will accept. What could have damaged someone's integrity like that? It's as if something had attacked her deepest identity, loosening the strongest Mana connections to rip out her most basic concepts. Bandaged in Sigils, the Lyra seems to stabilize somewhat. Enough that I can carry her, at least. A portal to the surface and the Nilam Spires opens up in front of me. I don't know if the Cloister's nurses or the Rati can do anything, but it's worth a try…"
6f294049-473d-49bd-b1f9-bd64cb571df2,ALT_BISE_B_YZ_59_C,Character,"Yzmir Mothbreeder",,"Have you heard of the butterfly effect?",,LINDIWE,"393 AC - He rests his gnarled staff on his shoulder, holding a Moth lantern in his other hand to bring light to the underground shadows. Under his wide hat and on the lapel of his cloak hang countless bluish cocoons: diaphanous, glowing Moth chrysalids. Some hatched on the journey, and flew around him before disappearing in collisions of dust. Many believe Moyo is an expert when it comes to insects and parasites. My heart beats furiously when I consider telling him about Maw. But I know Maw won't let me do it. Even if it's silent and speechless for now, the worm eating away at me is always watchful, and always keeps me on a tight leash. No, it won't let me talk. My voice will die in my throat, and I won't be able to pronounce or communicate anything.

Despite all his talents, Moyo's weakness is his youth and the naivety that comes with it. It had been easy to approach him and ask him about his career. Specializing in xenobiology, he had recently been taken under Saskia Averina's wing as an assistant. I had asked him about his mentor as discreetly as possible, and he had answered openly. He had benefited a lot from the Muna's expertise. Through her experiments, she had become an authority on Moths and their essential role in the Storhvit. Her instincts had been inspired. Finding a peaceful solution to the Belisenki problem after just a few months should have been a major challenge, but she managed it quickly and easily. Sounds like Maw would need to watch out for her. I smile inwardly, and in response, I feel its grip on my psyche tighten."
5c46fcba-680f-4491-b518-4f246668577e,ALT_BISE_B_YZ_60_C,Spell,Metamorphosis,,"Every reality contains its share of illusions.",,AKESHA,"393 AC - I quickly close the cabin door behind me and wrap my scarf around my neck as I try to stop myself from shivering. Brrrr. The refrigerated greenhouse of the Ouroboros is as chilly as ever… But as I look around me, I feel overcome with bitter disappointment because Saskia doesn't seem to be here. Moyo turns to me and puts his finger to his lips to tell me to be quiet. I gingerly make my way to the living room and sit down in an armchair as quietly as possible. Near the crackling fire, I see Saskia's assistant working on her experiments. She'd suggested I help her, of course, but my obligations as an Exalt prevented me from taking on additional responsibilities. Anyway, Moyo is cool. He's curious and hardworking, and he'd been immediately fascinated with the Moths — obsessed, even. He hums happily as he works, seemingly putting his heart and soul into it.

I watch him manifest the Eidolon of a courier, picking up a can of Sap Soda on the way, because why not combine business with pleasure? He talks to her as if it were all perfectly normal, inviting her to take an interest in his work and look through the microscope. Then he takes a Moth egg from a petri dish and places it on the tip of his finger like a grain of sand. He then blows over it, making it flutter towards the Eidolon. I activate my Irises. The egg moves like a speck of dust, a simple particle… but Moyo floods it with a clamor of ideas, which he expertly draws from the bubbling currents that roar beyond the Veil. When the egg lands on the Eidolon's skin, I witness an explosion. The dust sucks up the courier's ideas and reconstructs them to feed the imago of the Moth contained in the egg. Moyo turns towards me with a smile as a Moth flutters around where the Eidolon once stood. He's managed to short-circuit the insect's whole reproductive cycle."
a077a61c-5e2d-40ae-a574-d5bb6dd2c5b0,ALT_BISE_B_YZ_61_C,Spell,"Feast of Thoughts",,"When the Remanence strikes, ideas burst out of one's mind like water from a dam.",,AKESHA,"393 AC - I look all around, feverish, dripping with sweat, and my heavy breathing echoes around the empty cavern. At least, I hope it's empty… Is it still there? Is it still chasing us? Is it lurking in the shadows somewhere, watching us? And what the hell is it, anyway? Alongside me, the two Bravos are close to exhaustion after repelling the monster's incessant attacks. They had protected me. When Afanas had left me with the two warriors that were accompanying him, I'd been stunned to find out they were versed in the art of the Naali, and that they were actually two covert Qorgan agents. That must mean that Afanas… But before I can go any further with my deductions, one of them suddenly starts trembling all over. He holds his head in his hands and begins to scream, his teeth chattering wildly. My heart sinks with dread. I know these symptoms. I'd recognize them anywhere.

I drop my bag and start to rummage inside it, looking for the vial that Saskia gave me. From the corner of my eye, I see ideas starting to ooze from his mind as an attack of Remanence corrupts his brain. They spurt out and flow from his tear ducts, nose, mouth… as if he's a leaking gourd. I need to hurry. Where the hell is it? The pendekar next to him backs away as his companion's entire head becomes an inferno of ideas. It's a flood of pure concepts expressing themselves in the world, just like in the days of the Confluence. My hand grasps the glass bottle, and I rush over to him. I lean over him as I have so many times with Kumari. I uncork the vial and grab the leeches to place them on the victim's forehead, grimacing with pain as the Aether spewing out of him eats away at my flesh and my soul…"
405d979a-0b4b-415c-bedd-2fb432a811b8,ALT_BISE_B_YZ_62_C,LANDMARK_PERMANENT,"Nilam Spires",,"Observing the Tumult requires taking a high-level perspective on it, and mastering it requires knowledge.",,AFANAS,"393 AC - I climb up through the great white tower of the Nilam Spires, with the overwhelming scent of resin all around. I cross the different floors without stopping, barely noticing the workshops, libraries and meditation rooms as I pass by. From the outside, of course, you'd never guess there was so much space, just like inside the Magisterium. But space is a luxury that the Faction exploits gladly. Senka caws on my shoulder, interrupting the studious silence. I know it wants to fly up to the summit to be as close to the Tumult as possible. But we're not visiting the observatory today. Behind me, Fasano is breathing hard, but he digs deep to make sure he keeps up. Later, I'll take him to the control room where a team of Mages tirelessly monitor the Tumult's currents to warn us if a wave is about to batter the Screed. But not today.

I place a hand on the crystallized wood of the stairwell, admiring the striations on its surface while thinking back to what Wanjiru had said to me. He had opened the doors to a great deal of knowledge, which I was still trying to sort through in my head. Upon arriving at the seventh branch, I head to the entrance of the dimensional pocket, which is like a puddle on the wall. I sink into my reflection to pass through to the other side. We enter the laboratory with a sucking sound and emerge into this elsewhere plane that exists neither in reality nor in the Empyrean. Everyone is already here: Kuwat, Isikeli, Moyo, and even Saskia, the Muna naturalist. After turning to us to acknowledge our presence, they return their attention to the slimy shape wriggling inside the glass bell jar: a maggot about the size of a cat, and so white it could be an albino. It squirms and tries to climb the smooth, transparent wall. It had survived in a dormant state inside the frozen trunk of the world tree, and had come back to life when we transported its bark to a warmer environment."
b570e934-b87c-4d0b-8357-2c31d779e658,ALT_BISE_B_YZ_63_C,LANDMARK_PERMANENT,"Scholars' Vault",,"Within its currents swim ancient knowledge and forgotten memories.",,AFANAS,"393 AC - Although Atsadi and his opponent left deep gashes on the surfaces of these black monoliths, their contents don't seem to have been damaged by their violent desecration. And neither the one-armed swordsman nor the feisty swashbuckler seem to have discovered the truth about this place. Unfortunately, the same can't be said of Waru. He immediately discerned the true nature of this place. I take my place in Senka's mind as it starts to fly above the gigantic stones. There's something attractive about this place, but not in the sense of interest or fascination; it's more like a pressure, as if there were a force of gravity pointing towards it. Some blocks, engraved and striated with gold veins, float in the air above a sort of bluish, shifting mist. I detect currents in it, and it's only because I have my Irises that I can understand what they're made of: They are flows of information, memories, fossilized thoughts from another time.

Senka soars high, with me in tow, until it lands on a floating promontory. Ah yes, it's much more obvious from up here. The room is a kind of gravity well, but pulling in ideas rather than matter. The density of concepts here is incredible. It's as if these monoliths are strongboxes, crammed with thoughts, dreams, hopes, prayers… They swarm yet are imprisoned, the remnants of the souls of the City's inhabitants, a posthumous account of what once existed. Senka watches them as if they were worms ready to be gulped down. If I gave permission, it would greedily devour them with blissful relish. I realize I'm also salivating, influenced by my Chimaera. But I must resist the temptation of this feast. My mission is simple: I must find out why the veinstones of Sap belonging to the Axiom were impregnated with a protective barrier. Just as I had done to make my way into the warehouse, they had been wrapped in layers of ordinariness, blandness, dullness… as if to hide them from the hunger of some powerful entity."
802974d8-0e24-4634-92b2-256150a881c7,ALT_BISE_P_BR_64_C,LANDMARK_PERMANENT,"Sofia, First Outpost",,"A bridge between Asgartha and the unknown",,,"I whistle as I open the pen, and the woollybacks walk in without fuss. Looks like they’ve finally gotten used to it. Back when we left the Steppes, it had been a whole different story. Dad and I really had a rough time: every evening it took hours to corral them, count them, chase down the strays… But with Puff’s help, things eventually worked out. I glance at the ram, and he stares right back at me—maybe a little too insistently. I swallow hard and close the gate before heading down the path toward the farm. Funny that I’m the only one he seems to tolerate. As I walk, I munch on my snack while watching the town rise up around us. Solid houses are being built, homes sprout up around the mess and the town square.

Rumor has it Sofia’s been chosen to become the first permanent outpost built beyond Asgartha’s borders. Now that the Hunger is gone, it feels like a shadow has been lifted from the Screed, and the air’s sure easier to breathe. Sap extraction still goes on, but word is the Farm is already cutting back, now that the crops have taken root and mostly just need tending… I stop short, surprised by what I see. Mom is standing there in front of the house, even though she should be aboard the Ouroboros. She’s talking with Dad and another woman. As I get closer, I realize it’s Admiral Singh. What’s she doing here? The three of them turn toward me as I come down the trail."
