ID,REFERENCE,TYPE,NAME,DATE,FLAVOR_TEXT,INSPIRATION,NARRATOR,STORY
018da8b3-9f60-f06e-6f85-04a20493ef5b,ALT_COREKS_B_AX_01_C,Hero,"Sierra & Oddball",,"""I don't know if there's a better reward than seeing something you've built come to life.""",,,"392 AC - Under the lake's oily surface, iridescent bubbles rise slowly from the depths in strange clusters, like thousands of undulating jellyfish. They bump into each other, burst, merge and divide before breaking through the pulpy surface with a hiss and belch of colorful miasma. I feel the pressure of the Tumult all around me, releasing ideas with each swell that breaks through, ideas seeking to express themselves in the world by any means possible. There's clearly something pulsating at the bottom of the lake. Maybe it's a Tumult singularity buried hundreds of feet below me. All I can do is protect my boat from its devastating effects by using my Construct to individually remove the parasitic ideas beginning to sprout on its hull. It will be a hard crossing. The boat's kelonic motor is sputtering under the effects of the ideas jostling and pounding against it.

I hope Oddball is doing all right. I probe into the distance, feeling his psyche answer me with a few short, miserable beeps. With my own senses, I can feel how badly his frame has been damaged by the intrusive ideas. Through our bond, I create the Eidolon of a Salvager at his side. My Alter Ego slows down, clearly relieved to have a pit stop – and he'll really need it to restore his armor, too. I leave him as I hear the first sounds of welding echoing in the twilit forest where he had been maneuvering, slaloming between the tree trunks. As for me, I'm not out of the woods yet either. Navigating this goopy lake is an interminable process, with the constant risk that, at any moment, a bubble could capsize the boat and throw me into the syrupy waters."
018da8b3-9f63-ac82-b101-f71634483c3d,ALT_COREKS_B_AX_02_C,Hero,"Treyst & Rossum",,"An energy system is a piece of subtle machinery to be optimized for better output.",,,"392 AC - The legs of my chariot sink into the shifting ground, filling the air around us with the hissing of their hydraulic cylinders. As a Brassbug performs maintenance on him, Rossum turns from side to side, diligently watching the landscape. Curious about everything, he sometimes straightens up behind me, contemplating the flight of small rainbow-colored fish swimming in the air, or a hillside rapidly eroding as if molded from translucent multicolored jelly. A little further on, the branches of a flaming tree grove stretch out over turquoise rocks, illuminating the meadow we're currently crossing. How I wish Paju could be here with me right now… But I refrain from summoning his Eidolon. I need all the Mana my Alter Ego and I have collected to shield ourselves from the damage that's surely on its way.

Rossum places his hand on my shoulder and consoles me with a binary tinkling in my mind. Ever since our minds and essences were bonded by the Musubi, he can feel even the least of my emotions, just as I can feel his oppressive homesickness. We each bear our own sorrows. We both have wounds. But the prospect of helping him get back home soothes my grief, at least a little. And I can't help smiling when I see him exploring everywhere like an excited child. It feels good to smile again… I look at his metallic skin, all banged up after our recent expeditions. I'll need to reinforce his armor, maybe upgrade it with two or three more practical modifications. He'll need them when he goes into the Tumult alone before I arrive. I take my notebook from my pocket and start to quickly sketch a few diagrams."
018da8b3-9f65-e5ec-1584-6bb3c9964fac,ALT_COREKS_B_AX_03_C,Hero,"Subhash & Marmo",,"There are still endless possibilities, even in a world of finite resources. In the end, it all comes down to how you choose to spend 'em.",,,"392 AC - I reach out and take the wrench that Marmo is holding in his mouth. I tighten the last bolt with a grunt, then wipe my slobber-soaked fingers on my suit. OK, this is the moment of truth. I switch on the kelonic battery, and my dorsal antenna starts to hum. Everything seems to be running smoothly. My Alter Ego barks, and I rummage in my pack for a bone-shaped dog treat. I throw it to him. He definitely deserves a little reward. While he devours it with happy munching sounds, I adjust the helmet on my head to make sure it fits tightly. By arranging my Construct, I summon a flashlight and point its light at the cave entrance. Right, it's time to see if there's any damned Kelon in these tunnels. And there had better be, because I'm fed up with returning empty-handed.

As I enter the cave, I can't help seeing it like a mouth about to swallow me up. I don't really want to end up like one of Marmo's dog treats, crunched up between a giant pair of jaws. The pink wafts of the Tumult part like curtains before me, pushed back by the waves of my antenna. Meanwhile, Marmo bounds along boldly, unaffected by the rolling mist. He even gorges on it, while I feel the Mana flowing into him like a battery being charged. I rearrange my Construct, forming a Kelon Elemental in front of me. The axolotl appears and starts to sniff the air. If there's Kelon in the area, the axolotl should react. Any second now… I see it suddenly rush forward. Ah! Bingo. I set off after it, grabbing my kelonic pickax. As I switch it on, the Kelon cylinder that powers it starts to pulse with a blue glow, bathing the chamber in a pale purple light."
018da8b3-9f6b-2d0c-281d-9a5487fcb637,ALT_COREKS_B_AX_04_C,Character,"Kelon Elemental",,"In true Axiom fashion, Kelon Elementals like to put everything to the taste.",,,"The inside of my helmet is already fogging up as I exit the elevator. I want to scratch, but it's not easy while wearing my full suit. Inside the mine, the air is sticky and saturated with sulfur vapors. The other miners are waiting in their suits, weighed down with bulky gear like jackhammers, shovels and pickaxes. Only the light of our lamps pierces through the darkness, a thousand feet underground. I instinctively try to wipe my forehead, but my hand bangs into my visor. I grumble to myself. Might as well try and get this over with as quickly as possible. I open the cage I brought with me, and the Kelon Elemental shoots out, attracted to the energizing ore. In the darkness of the mine, its skin is almost phosphorescent. All right, little one, get to work. Find us a nice juicy vein.

After sniffing the toxic air, it starts to scurry off, and I follow as quickly as I can. It turns left, then right, without stopping for a second. Its chubby legs waddle somewhat awkwardly as it moves. The creature is irresistibly drawn to Kelon, like a moth to a flame. I examine its smooth, pink back with crystalline scales jutting out. Just like the axolotl, it has external gills in the form of antennae on either side of its head. It uses these appendages to guide itself because its bulging eyes can only see a few inches in front of it. But it doesn't need them to sense the proximity of its favorite treat. It's a bit like Marmo in that way. They both think with their stomachs. It suddenly stops and starts to scratch the ground. I signal to the others to come over. Don't worry, little one. If we find Kelon, we'll save you a little nugget…"
018da8b3-9f6f-78b5-2b87-ca6fbc9857db,ALT_COREKS_B_AX_05_C,Character,"Foundry Engineer",,"Behind every Axiom masterwork, there are Foundry Engineers.",,,"I place the smoking drone on the engineer's workbench and watch her slither over to the damaged unit. Her scales scrape on the ground as she moves, and the tip of her tail flicks with interest. Like me, Irun was born among the Lyra. Like me, she joined the Axiom. But she made her choice late, after going through the metamorphosis ceremony. In a way, the transformations she inherited from the ritual became her trademark, her stamp. I know she's amused by her students' surprised reaction to her appearance when they see her for the first time. For me, it's always been normal to see people altered by the Tumult. Maybe that's why we became so close. I watch her examine the drone, then shake her head. I had sent it into the Tumult to collect as much data as possible, but the waves and wild currents had left it terribly banged up. It made its way home as best it could, but its circuits were badly damaged.

I ask Irun if she can help me repair the drone, or at least save what it managed to record. She connects it to a charging station, and it suddenly lets out a piercing screech and shakes its banged-up body. I watch it rise again as pieces of metal detach from its shell and fall to the ground. It's as if… as if it's molting. The drone turns toward me, its camera zooming in and out on my face. Intrigued, I offer my hand, and it approaches as if it has a will of its own. It starts cavorting around me like a puppy greeting its owner. I slide my hand over its chassis, and it shivers with pleasure. What exactly happened out there?"
018da8b3-9f71-9357-668e-872e9c906224,ALT_COREKS_B_AX_06_C,Character,Ogun,,"With every blow of his hammer, Ogun forges the Axiom's destiny.",,,"The fire crackles while Ogun works the metal. With each hit, sparks fly out and fall all around him like fiery rain. His broad hand grips the hammer, and his powerful and accurate strikes echo around the workshop. I watch as he plunges the bar he's forging into the water. The surface of the liquid bubbles and hisses into a steamy cloud. He gives me a nod, and I activate my Construct. I rearrange the device, combining the symbols on its surface. The piece of metal he was meticulously hammering starts to glow red once more as I raise the temperature using Alteration. He places the glowing bar on his anvil and starts to work it again. The metal cracks as Ogun expels impurities from the ore with each blow.

Half-hypnotized by the glowing metal and the raining sparks, I remember what the Eidolon told me: “You have a talent for Alteration.” Is that the path I should take? Not being able to join the Fulcrum had been hard to accept, but perhaps becoming an Alterer would open up a chance to join the Expeditionary Corps? Ogun places the bar of metal on the workbench and puts his stamp on it, his vevè. Using my Construct, I cool it so it can take its final shape. The Eidolon looks at me. He seems to be reading the hesitation and doubts on my face. I try to banish them from my mind. I take the steel bar and add it to the pile of others he's already made. I take a piece of steel and kiss it, as is customary when he is called upon. Satisfied, he slowly disembodies as Mana oozes out of him and dissipates into the air…"
018da8b3-9f74-7271-3082-32704813d273,ALT_COREKS_B_AX_07_C,Character,"Foundry Mechanic",,"These nameless workers are crucial to the Foundry's day-to-day operations.",,,"Do you like tinkering in your garage? Are you fascinated by the wonders of science? Do you think innovation is the key to a better future? Then become an Axiom mechanic to be at the forefront of progress! In just 50 years, the Axiom Faction has completely transformed Asgartha and its people's way of life. Trams now circulate within the capital and aerodynes have brought all the Provinces within just a few hours' travel! Thanks to Kelon, your city lights up at night, and thanks to Constructs, Alteration is within everyone's grasp! All these marvels are the fruit of hard work performed by our engineers, workers and technicians. Through them, the industrial revolution is marching forward! Join us now!"
018da8b3-9f77-9ea1-1861-b76917b53be4,ALT_COREKS_B_AX_08_C,Character,"Axiom Salvager",,"The Axiom's limited resources pushed them to reuse whatever they could.",,,"The Lead Salvager watches me as I unload my gear. I groan when I see his eyes narrow, and begin sorting assiduously. I know how demanding he can be about this. After seeing that I'm following his instructions, he looks away and puts his welding mask back on. The flame of his blowtorch starts to glow as he goes back to the piece of metal he's cutting. I know the Suspira mines are becoming depleted, in terms of both rare ores and Kelon. The only solution we've found is to reduce waste by recycling materials as much as possible. This will be a problem in the long term if the Rediscovery Endeavor isn't a success. I know what the higher-ups say: We need to cut costs to keep up the pace, blah blah blah. In the meantime, that means recycling as much as we can to give it a second life, and that's no easy task.

The Salvager approaches while I empty the contents of my latest sackful. He goes through the gear, weighs something in his hand, examines a part that still seems to work. Yep, my haul is good and I shouldn't be ashamed of what I collected. He waves his hand at me, a vague gesture somewhere between showing approval and telling me to get back to work. I do as he says. It's not like I was expecting congratulations. As I climb the steps of the recycling area, I remember a story I was told when I was young: A long time ago, there once was a man whose job was to bring loads of presents to people all over the world. I can't say I envy him…"
018da8b3-9f7a-db69-7de8-6af0c3d528b9,ALT_COREKS_B_AX_09_C,Character,"Tinker Bell",,"Ting! Ting-a-ling! There's something magical in mischievous tinkering...",,,"I close the door to my workshop and remove my smoking gauntlet. I drop it on the table as I pour myself a little pick-me-up. Oof, what a day! I drilled and excavated non-stop, and what was my reward? Equipment that just breaks in my hands. That's a lot of overtime I could have done without. I'm not sure whether to take a shower first, but I might as well get it over with right away. I know how I am: If I leave it too long, I'll still be in the same situation a week later. I sigh and get to work. I can handle the routine stuff myself, but I'll need help with the precision work. The only problem is, I can't think of anyone who can help me other than Tinker Bell. But if I'm to get help from her magical touch, I'll also have to put up with her dragon-like temper.

I pull my Construct out of my bag and rearrange the glyphs on its surface as though it were a three-dimensional puzzle. The Eidolon of Tinker Bell immediately appears, followed by the tinkling sounds she constantly emits as she flits around the room. She finally alights on my workbench, staring with horror at the gauntlet I destroyed. She crosses her arms with an air of disapproval, tinkling as loud as possible to show her displeasure. I'm sure she'll make me suffer before the night is through. I mumble an apology, but it does nothing to calm her down. She haughtily points at my toolbox. I use Alteration to shrink it, then hand it to her. Geez, how can something so small be so ill-tempered?"
018da8b3-9f7d-de2f-39ff-883677913459,ALT_COREKS_B_AX_10_C,Character,"Jian, Assembly Overseer",,"""This material does not seem to be affected by gravity. By harnessing the properties of this Aerolith, we could create flying ships and cities, and fly close to the clouds...""",,,"Jian Lam places a hand on the Aerolith core, tapping its surface while he talks to us about its properties. I listen carefully to the Eidolon. Like Kelon, Aerolith is a material that emerged with the Confluence. The Tumult Nomads had already mentioned it during their travels: floating ruins, rocks suspended in the air as if by magic… It wasn't just a simple freak of nature, but a new element that could be exploited. That's what Jian Lam had done over 300 years ago. He had designed levitating barges and platforms, and lots of other unconventional and visionary inventions… In a way, it's even thanks to him that the capital looks the way it does today, with lakeside areas that float above the water without support columns.

Lam presses a button, and the Aerolith sphere rises a few inches. He then activates his own dorsal propellor and rises as well. It's not always easy to follow his explanations. Paju describes him as someone who's absent-mindedly passionate and has the temperament of a dreamer. But when he talks about his inventions, his eyes sparkle and his enthusiasm is infectious. Even though he sometimes loses track of time and his lessons never finish when they're supposed to… For us, the Aerolith is what allows our airships to rise up into the sky and fly with the birds. Located in the middle of the ship, just behind the cockpit, this core is a bit like our flotation device. By sending pulses to it, we can adjust our altitude, while the Kelon motors propel us forwards and backwards. I put on my jet pack when the Eidolon tells us to. I love this part of our practical lessons."
018da8b3-9f80-235c-3ce2-9ea0f097c039,ALT_COREKS_B_AX_11_C,Character,"Amelia Earhart",,"""The most effective way to do it, is to do it.""",,,"The alarm blares in the cockpit as red lights blink all around. I cough. The whole ship trembles and creaks as it plunges down toward the sea. Damn, this was supposed to be just a simple reconnaissance mission! Paju is unconscious in his seat, blood running down his face. I struggle to keep my eyes open against the wind rushing through the shattered windshield. He looks deathly pale. I grit my teeth and swear repeatedly. The console is severely damaged, smashed by the Kraken's tentacles. There's nothing more that can be done here. I remove my straps and grab my Construct. I rearrange the artifact to start the sequence I need. Out of the corner of my eye, I see the left engine burning in a plume of smoke. The ground is fast approaching. A jolt shakes the surveillance aerodyne.

I hold on as best I can and successfully make Amelia Earhart appear through the Construct. The aviator sits in the pilot's seat while I unstrap Paju and lay him down on the aircraft's floor. The Eidolon is the only one who can get us out of this. I take off my gloves and open my friend's blood-soaked suit. I press my ear to his chest. Good, he's breathing. With commotion all around, I tie him to the nets and attach myself to the railing. I feel the nose of the aerodyne lifting… I look at Amelia, who has managed to stabilize the ship and is now flying over the Rampart. Good, we're saf… The explosion hurls me against the wall. I feel an excruciating pain at the bottom of my back as I collapse. Everything spins. I'm lifted off the ground. My head bangs against something. White noise. A hurricane."
018da8b3-9f82-0670-7d25-961a41e12978,ALT_COREKS_B_AX_12_C,Character,"Three Little Pigs",,"Together they can build more than just a stone house.",,,"One of them snores loudly at his desk, while another taps a stick on his hoof as if counting the seconds. As for the third, he trots between the ranks of Apprentices, casting furtive glances at the students’ work. There is a studious silence in the classroom as students scribble, draw lines with their rulers, and measure with compasses. The Journeyman who was supposed to be supervising us summoned the Three Little Pig Eidolons to cover for him, and the pigs – well, one of them at least – are taking their jobs seriously. I get back to work on the design of my machine. There are only two hours left to finish, and I won't have much time to waste.

As I start in again on my drawing, I see one of the Eidolons – the most eager of the three – leaning over my assembly diagram. From the corner of my eye, I see him nod approvingly. Is that a sign I'm on the right track? The Three Little Pigs are known within the Axiom as great engineers and project managers. If this one's encouraging me, then… I shake my head, trying to curb my enthusiasm and refocus on my objective. For those who do well in this competition, the reward may be one of a handful of available spots in the Fulcrum, the Guild responsible for developing the technical equipment used by the Expeditionary Corps. The heavy silence in the room is a testimony to the high stakes, as is the intensity in everyone's expressions. I just hope I made the right choice by applying so soon after starting my apprenticeship."
018da8b3-9f85-a6cf-cf1a-d30df958d143,ALT_COREKS_B_AX_13_C,Character,"Ada Lovelace",,"""Imagination is the discovering faculty. It is that which penetrates the unseen worlds around us.""",,,"I look out of the bay window, contemplating Asgartha from the deserted lecture hall. I glance nervously at the blackboards where I pinned the assembly plans I finished the night before. Ada is reviewing them, moving between the different diagrams. Now that I look at them in the light of day, they seem like the product of some feverish dream. Beyond the theory, is it even possible? I've reviewed the plans dozens of times, and nothing seems to challenge the feasibility of it… I watch the Eidolon annotate my diagrams with a marker: ""elegant aesthetics"", ""functional mechanics"", ""circuit needs redesigning""... Ada finally turns to the control module. Next to me, Oddball seems to sense that I have sweaty hands and a thumping heart. This is the innovation that matters the most to me.

I had placed a cryptex similar to the Constructs on the table, lined with the khyalo alphabet. The idea had come to me on a whim. In terms of pure mechanics, creating autonomous robotic units wasn't difficult. The real challenge was the Automata's “brain”. Building on the overall functioning of the Alteration modules, I thought it made perfect sense to use them to create an operating system for the Automata. With such an artifact, they could react to their environment, almost as if they could think for themselves… And of all the Eidolons, Ada Lovelace is the most talented programmer. She's the only one who can help perfect my idea. I watch her activate the module, inserting it into the robotic head that acts as a case. She places a cube, pyramid and sphere in front of the robot, then tells it to look at the cube. The module rearranges in real time, and the head turns to the right object, as asked. Ada smiles, visibly impressed."
018da8b3-9f88-7565-64b0-911999318a0f,ALT_COREKS_B_AX_14_C,Character,Coppélia,,"Because of her artificial nature, she served as a model for the Faction's first Automata prototypes.",,,"Frankenstein leads me back to the furthest reaches of the Athanor, the research and development area of the Foundry. He opens a door and turns on the workshop lights, revealing a slender shape with an ivory sheen. She looks like a porcelain doll with skin riveted with gold and blue interlacing. I approach the two Eidolons. Frankenstein was created with my Construct, but the same can't be said for the one he has called Coppélia. She looks at me with her enamel eyes while I walk around her, my cane clacking on the dusty floor. How does she manage to stay ""alive""? As if she had anticipated my question, she opens a compartment on her chest. Inside beats an expertly crafted mechanical heart that gives off a smell of Mana. Her heart contains Kelon. That's how she can stay anchored in reality…

I turn to Frankenstein and away from the pulsing device. By using this technique, we could stabilize Eidolons in the world for longer, like the Muna manage to do. I shake my head, speechless at all the possibilities this seems to open up. But this only works because Coppélia is a mechanized creature. Other Eidolons couldn't accommodate this technology naturally. I sigh as rationality abruptly intrudes on my fascination. Coppélia closes her compartment and smiles at me, the workshop's lights glinting on her ceramic skin. Though she moves jerkily and clicks like a puppet, she has a certain grace, almost like a ballerina. In different circumstances, I might even have allowed myself a little dance with her… but my legs prevent that kind of thing."
018da8b3-9f8b-84b5-ea06-2004890179d3,ALT_COREKS_B_AX_15_C,Character,"Axiom Scrambler",,"Pushing back the Tumult sometimes prevents other Alterers from materializing their Eidolons. Regrettable, but necessary.",,,"I collapse when I reach the top of the mountain. The Jammer gives me an amused look while she sets up her antenna. She must have arrived a while ago, judging by how far along she is with it. Considering what that climb did to me, I obviously need to do more physical exercise. I take some deep breaths, then take a few swigs of water as I look around. All these landscapes are certainly a change from the Foundry. At this altitude, we're above a sea of clouds, and a few stars are beginning to appear above our heads. Comfortably sitting on a rock, Marmo wags his tail while watching the transmitter. I let out a little grumble. The traitor could have waited for me. After a brief pause, I put down my backpack and take out the rest of the equipment. They could have chosen a summit that was easier to get to. We could have used an aerodyne…

The Jammer grabs the connectors I placed on the ground and starts to hook everything up. Once it's up and running, the antenna will emit special waves at a frequency that's supposed to push back the Tumult – or at least to prevent it from appearing. Although I don't fully understand the science behind this contraption, I remind myself that it'll be useful when we're far from Asgartha. As long as it works, you won't hear me complaining… OK, time to connect it to the Kelon cylinders. Once I've done that, I watch the dish deploy and rotate so it's pointing at the sky. That's a good start. Three more to set up. I turn to the ridge we need to follow and the long journey that awaits us tomorrow. But tonight I'll be sleeping in a bivouac under the stars and eating grilled sausages for dinner."
018da8b3-9f8e-305c-923c-dd26b71a680c,ALT_COREKS_B_AX_16_C,Character,"Foundry Armorer",,"No Brassbug would survive in the Tumult without armor.",,,"Tessalit hammers the armor several times to knock it back into shape. She curses when she sees the state of the cabin, then pulls on the panels to realign them as best she can. Around her, Brassbugs are hard at work all over the fuselage, welding and cutting in a shower of sparks. It's crazy to think she's part of the Fulcrum, the Guild responsible for preparing the vehicles and equipment that the Expeditionary Corps will be using. I can't help but feel a little jealous. But Paju and I have a different ambition. We've decided to become pilots as soon as a position becomes available. The foreman has asked us to spend the whole day helping to repair an airship that has clearly seen better days. I suppose to a certain extent, pilots should know how their vehicles are supposed to function, so I suck it up and get to work.

I use my kelonic bolt-popper to lay the groundwork, removing each rivet so she can access the inside of the vehicle. Axiom Armorers supply the best armor for these ships, and the Ordis Scribes place Glyphs on them to protect them as much as they can from the Tumult, but it doesn't stop them from taking a beating every time they stray too far into the altered lands. Tess slides down the aircraft fuselage to join me, then offers me her flask so I can take a few swigs. Don't have to ask me twice… It somehow reassures me to have talented mechanics like her around. When we're pilots, it will be great to know we can count on them. But it's too soon to be thinking of that, anyway. There's an exam to pass first, and then who knows how many years of training before I can actually fly. "
018da8b3-9f91-e1f7-fe58-63253c9d3e56,ALT_COREKS_B_AX_17_C,Character,"Dr. Frankenstein",,"We sometimes seek companionship in the strangest of life forms.",,,"The Eidolon scrutinizes my expression, looking for the slightest reaction. My first reflex is to laugh, but I manage to suppress it. Something in the tone of his voice stops me. But what he just said is so ridiculous, so insane. Is he aware of that? I examine him in turn. Victor's legs are crossed, and his hands are completely still. He seems totally calm. By using Grafts, a young engineer from the Parallax has supposedly created robots. What did she call them? Automata, that was it. But what Frankenstein is proposing… it's madness. Breathing life into them to make them sentient? Is it even possible? He had implied that by projecting people's memories inside these metal contraptions, they could perhaps be brought to life. Could it be done? Would we even want to do it?

I know full well he's read my file, and that he was referring to Paju when putting forward this idea. What he's offering is quite simply to bring the dead back to life. I limp over to my cabinet and pour myself a glass, swallowing it in one gulp to clear the lump in my throat. By tapping into my memories, I could bring Paju back to life for a while. But once I'm no longer around, no one will remember him well enough to materialize him again. I sigh. It'll soon be six years since I started managing the Graft manufacturing department, and I have the logistical means to help him with his project. I turn to Frankenstein and try to take the measure of him. He smiles. I feel like an old man in the broken body of a young man. He rises and offers me his hand. Is it time to reinvent myself again?"
018da8b3-9f94-f2fc-540f-c6e7f8e8f1c5,ALT_COREKS_B_AX_18_C,Character,Athena,,"""Down from the skies, I come to check your rage.""",,,"Athena appears before us, supported by her mechanical owl. The bird's wings unfold, and she flies off toward the horizon. The squadron leader falls in behind, and we do the same in turn. Paju pushes on the throttle, and I feel the g-forces on my face. The airship takes off, and we join the formation. Athena turns to starboard, and we turn as well, being careful to remain in position. But that doesn't stop Paju from letting out a whoop of joy. I smile too. Far ahead, the Eidolon disappears among some clouds, and we stay in pursuit through the fluffy vapor. I keep an eye on the instruments and gauges while constantly monitoring the radar. Everything is green. Although I didn't pass the final exam to become a pilot because of my eyesight, I still managed to land a job as a navigator. Paju and I have achieved our dream of flying together.

We break through the cloud cover as droplets of condensation stream over the cockpit. In the endless blue, Athena is a point of light sparkling in the sky. When she came to inspect each airship, she looked nothing like the first time I saw her. During the Ordis military parade, she was dressed in military attire with a large crested helmet and an elegant spear. Today, she's dressed like us, in a pilot's uniform. I point out the fuel level to Paju. That's when the squadron leader gives us our orders. As we stall and nosedive, I clench my teeth as the acceleration hits me. Two ships follow us while the three others continue to climb. The aerial combat simulation against Athena can now begin."
018da8b3-9f97-9eba-a5eb-19151ea7b011,ALT_COREKS_B_AX_19_C,Character,Ganesha,,"Knowledge and wisdom must walk side by side.",,,"Despite his imposing size, Ganesha leans delicately over the man, adjusting his magnifier goggles. His hands move with a kind of slow precision, like a goldsmith working on a precious stone. He looks at the Graft, the mechanical prosthesis he has attached to the worker, checking that everything looks right and is working properly. He adjusts a few nuts before standing upright, satisfied, while the worker tests his new mechanical arm. Ganesha smiles upon seeing tears in the eyes of the young man, who had lost his limb in an unfortunate work accident. With his new arm, he can get on with his life, even though he'll need to rebuild it a little… just like I had to. I watch him leave the workshop with his eyes fixed on his brand-new Graft. It will take him many weeks to fully get used to its weight, its new sensations, and even the simple fact that it's there.

I slowly walk toward the Elephant-Eidolon, who seems to size me up with his gaze. It's always hard to know what he's thinking. His trunk wraps around the operation seat and gently moves it aside. Each step is painful, but I've learned to live with it. My cane clacks against the stairs as I climb onto the lifting platform to bring Ganesha the prosthesis for the next patient. Crafting these augmentations has given my life new purpose, and I enjoy helping those in need. This obviously wasn't the goal I had set for myself, but it is what it is. I have to be content with that. The Eidolon extends one of his arms toward me, helping me climb the final steps. I nod to him in thanks as a young woman with tanned skin appears. "
018da8b3-9f9b-f1e8-6f65-c86eea7cdc80,ALT_COREKS_B_AX_20_C,Spell,Hooked,,"Get over here!",,,"Oddball seems to be as excited as me as I press the button. He flits around the Automaton, happy to make a new friend. ""FarFetch"" Mk-1 starts up, jolting as it comes to life. I've been working on this prototype for two years – two years of overtime hours and sleepless nights. I cross my fingers, hoping that the test will be successful. FarFetch extends its massive body in a jerky motion. Even though it's less elegant than ""Ballerina"" Mk-1, which is still sitting in the workshop, its sturdiness makes it an ideal candidate for this test session. I active my Construct and use it to tell the Automaton to move toward the testing area. Relieved, I watch it step forward and get into position. Oddball floats next to it for encouragement. OK, this is the moment of truth.

I rearrange the buttons of my Construct and tell the Automaton to target the empty Kelon cylinder that I've placed at the other end of the test area. FarFetch turns toward it. Good, it identified it on its own. After a few more rotations, I tell it to release its telescopic grapple. My Construct whirs again under my fingers. Grab. Cylinder. Immediately understanding the instructions, it sends out its pincer toward the target… and misses it by an inch or so. I bite my lip. But before I can do anything else, it lifts its other arm and shoots out its second grapple, this time hitting the mark. I do a little jump of joy when I see the line retracting with the kelonic battery in tow. I give the prototype a little hug as Oddball chirps with excitement. The Automaton turns to look at me as if trying to understand why I embraced it."
018da8b3-9f9e-3ab2-7eee-8a70d061807a,ALT_COREKS_B_AX_21_C,Spell,Boom!,,"""Catastrophic failure? I prefer the term 'learning opportunity'.""",,,"I groan as I notice the red light pulsing under the machine's casing and hear the Automaton's shrill complaint. There's no mistaking that noise… it's not just a simple problem. The gauge is going into the red, and the situation is critical. That's the problem with Kelon cylinders: When they reach saturation, they have an annoying tendency to explode at the worst possible time. Cursing under my breath, I wave my arms around wildly, urging everyone to get out of the away as quickly as possible. Anyway, there's nothing more that can be done other than limiting the damage. The alarm suddenly speeds up and turns into a constant whistling. Well, I did what I could. I throw myself into cover, protecting Marmo and covering my head with my arms. It won't be pretty, and my eardrums will be…

The explosion blasts over me as debris showers my face and shoulder… I hear faint thuds as metal chunks fall around me. Whisps of smoke rise from my beard. Damn it, I hadn't planned a trip to the barber. I grumble at the thought of it. Thanks, Sierra, thanks a whole lot. ""It's stable, don't worry. We've done lots of tests. It's ready to be used."" Yeah, right! My ears are ringing. The Automaton was handling everything just fine until we asked it to pull a load that was too large. And now it's nothing more than a pile of scrap metal strewn across the ground. I sigh. Plus, all this needs to be cleaned up now. I stand up and survey the carnage, petting Marmo to stop him from growling. There are scraps of smoking metal everywhere… Next time, Sierra, keep your experiments to yourself."
018da8b3-9fa1-68c1-9e9b-dd85424ac36d,ALT_COREKS_B_AX_22_C,Spell,"Mechanical Training",,"To learn to create, first learn to fix.",,,"I wipe my forehead as I finally release the hydraulic cylinders of my press. The stifling heat of the workshop would leave anyone parched. I grab my canteen and take a few swigs of tepid water to quench my thirst. Near Oddball's charging station, Aberdeen is working hard, her face dripping with sweat. She skillfully tightens the bolts of the last prototype… or what's left of it after last week's explosive disaster. Even though she's young – maybe even younger than I was when I first came to the Foundry – Aby puts in lots of hours without complaining. And judging by my Apprentice's smile when she works, she clearly loves what she does. I can't wait to see her face when she finds out she'll become a Journeyman in a few months, and that this workshop will be hers.

I walk over to her and offer the screwdriver she needs. She takes it without looking and adjusts the angle of rotation of one or two gears. I give her a few instructions and offer a few tips. She nods, eager to learn more. For some time now, we've barely needed to talk. We understand each other like a well-oiled machine. Aby starts to casually hum as she works. Like me, she's clearly eager to see what this new iteration of “FarFetch” can do. But before that, we need to find out why the malfunction happened. Did one of the Kelon cylinders overload? Was it a bad connection? A short circuit? I'll get her a milkshake in the mess when she's finished. And with all the ruckus that the test caused, I'll probably have to buy Bash a pint when he gets back from his trip. It's the least I can do after burning his beard."
018da8b3-9fa4-be1b-069f-294d9a46791d,ALT_COREKS_B_AX_23_C,Spell,"Kelon Burst",,"There's an enduring legend in the Suspira quarries: the existence of another type of Kelon.",,,"The Operator faces me, juggling with his Construct, as I grip my own module tightly in my hand. This duel tests our ability to manipulate our artifacts, to combine and create things quickly enough to counter our opponent's attacks. But most importantly, I need to sense what he is creating so I can react accordingly. My heart is beating so hard it feels like it will burst, even though my mind is trying to calm it down. I know the khyalo symbols, the shortcuts to use to create objects and Eidolons faster. Everything should go smoothly… But I know I'm outclassed by my opponent. What will matter most is how long I can hold on. The Operator activates his Construct, and I do the same. I'm as ready as I'll ever be…

His fingers dance around the Construct, and I try to guess what he's planning. The air becomes charged with ions. I feel a storm brewing. Instinctively, I create a lightning rod. Lightning suddenly strikes the rod and is deflected away, crackling. But he's already creating something new. This time he's constructing a net-thrower. The device materializes and launches its ropes. I manipulate my own Construct. I know I'm supposed to wait until he's summoned something and then react, but he's stronger than me. Gaining the upper hand might be the best defense… The circular saw that I create slices through the pile of ropes. The Operator's eyes suddenly widen when he sees the rail I've created on the ground. The saw advances in his direction, spitting sparks. He quickly unseals his Construct and expels a Kelon burst. The wave dematerializes my saw, and I stagger as the shockwave hits me. I see the Operator smile. I can't tell if that's a good or bad sign…"
018da8b3-9fa8-9eef-7574-31f55ba46a9a,ALT_COREKS_B_AX_24_C,Permanent,"Brassbug Hub",,"Few people visit the depths of the Foundry, and even fewer can explain how the Brassbugs came to be.",,,"""You're the most qualified person, Bash. We're counting on you, Bash."" Surprise, surprise: It's always me that winds up with the thankless tasks. Grunting, I crawl through the opening and emerge into a cavity with a coppery hue. I shake my gloves to get rid of the strange jelly covering the ground. Marmo barks back at me over his shoulder. Yes, yes, I'm coming! I dust myself off and look around. It's amazing to think that the cliffs behind the Foundry have all these vast, high-ceilinged caverns. It's unlikely anyone has set foot here since the Faction installed the sewer system decades ago. Except for the Brassbugs… It's all a tangle of cables and pipes here. Metal flowers seem to grow amidst strange structures crafted by the little metal creatures.

I reach Marmo, who is wagging his tail next to an enormous metal ball. Now is not the time to play ball… But as I draw nearer, I realize that the sphere is actually something the Brassbugs have made. And there are dozens of them here. Wow, those damned critters made their own charging stations. I shake my head in disbelief. They never cease to amaze me. In any case, it bodes well. Maybe I'll find out why many of them are in such a bad way at the moment. For a few days now, it's as if they've been moving in slow motion, avoiding the rest of the Foundry. The problem is, we've become very reliant on them to meet deadlines and maximize yield. So if they have a problem, we also have a problem. I've noticed that they regularly come out of their mounds and all go marching off in the same direction, in single file, like ants… Where are they going?"
018da8b3-9fab-4727-0607-bf550c2ce746,ALT_COREKS_B_AX_25_C,Permanent,"Axiom Reprocessor",,"Nothing is created, nothing is lost, everything is transformed.",,,"The tracks of the mobile Reprocessor make the ground rumble as it moves into position in the Recyclery. The other workers and I wait for the jacks to engage and anchor it into the ground. The vehicle is a big factory on wheels with everything it needs inside to sort and melt scrap metal. Receiving a signal from the Lead Sifter, I lower my visor and wait for the built-in blower to dissipate the condensation forming inside. Then I slip on my mechanical gauntlets and push the conveyor belt alongside the other workers. I can already feel the heat from the oven burning in the armored vehicle. It would be unbearable without my suit and helmet. Not to mention the acrid fumes coming out of it. It's a thankless task, but there's no point trying to shirk – that would only cause shortages further up the line.

Once the conveyor belt is in place, I climb into the motorized crane and flip on various switches to start it up. I wipe my hand over the filthy windshield so I can see out of it and position myself at the controls, while Marmo settles in under the seat as usual. Using the levers, I direct the articulated pincer to the first pile of scrap metal. I grab a big pile and carefully place it at the end of the conveyor belt. The other workers spread the scrap out properly while it moves toward the vehicle. Huh… I'd never noticed it before, but from here, the Reprocessor looks like an insatiable monster that swallows up everything that falls into its gaping mouth. Thinking about that makes my belly growl. Marmo yips in agreement. Speaking of insatiable appetites… I look at my watch and sigh. Two more hours to go before my snack break."
018da8b3-9fba-ce1b-9f68-0f014aec5c2b,ALT_COREKS_B_AX_26_C,Permanent,"Kelon Cylinder",,"This little battery is Axiom's trump card. The Kelon produces phenomenal energy for which engineers find new applications every day.",,,"I push the cart along the corridor with all my strength. Paju takes care of guiding it and warning passersby to move out of my way. Our job is simple but tedious. Collect empty Kelon cylinders, transport them from the shipyard to the charging stations… then fill the cart, bring everything back, and repeat. Paju pushes the workshop doors open, and we enter the refinery. Workers are shoveling Kelon crystals onto the metal conveyor belt. They will soon be distilled and poured in liquid form into the Cylinders, which serve as batteries for various machines. Paju beckons to me with his hand, and I wheel the cart up to the unloading area. Craggy-faced technomancers take the cylinders and insert them into the resupply circuit.

Once the cart has been loaded with new full batteries, Paju takes over my job of pushing while I go ahead of the cart. And back to the hangar we go. I make sure that no Cylinders fall and I pull the cart to help Paju. It'd be a huge hassle if any of them hit the ground. OK, just a bit further. After arriving at the lifting platform, I wipe my forehead with my sleeve and look around the huge garage where dozens and dozens of airships, aircraft, armored vehicles and transport barges are lined up. One day, Paju and I might have the chance to have a seat in one of them, and we'll fly full throttle over Asgartha and up through the clouds… Paju puts his arm over my shoulders, panting for breath. He and I will be amazing pilots. The beep tells us that the elevator has reached level zero. For now, we need to prove ourselves as Apprentices."
018da8b3-9fbd-3236-2e48-359d9da41760,ALT_COREKS_B_AX_27_C,Permanent,"Kelonic Generator",,"""Suspira's mines will soon run dry. Your precious Kelon will run dry.""",,,"My hands grip the armrests of my wheelchair. Opposite me, the Grems are activating the machine while giggling mischievously. I feel anger welling up inside me. Even though I know they aren't laughing at me, I feel like they are making fun of my disability. What the Generator is charging is probably my only chance of walking again… I grit my teeth as I think about the accident. We managed to cross the Rampart, but the second engine exploded mid-flight. Although Amelia managed to crash land on the beach, my body had been crushed by the impact. My spinal column had fractured as well as both legs and an arm… I was lucky, they said. Paju hadn't survived. But maybe he was the lucky one. He didn't have to live with the suffering, the depression, the convalescence…

The energy tank hums, while inside, the Kelon crystal of my mechanical vertebra charges. I think back to those long months, lying in bed without being able to feel my legs. I think back to the pained and pitying looks. I look at the artifact's gauge filling up bar by bar, like a countdown timer. Even if the operation is a success, for the rest of my life I'll be dependent on this piece of metal and a supply of Kelon if I want to move anywhere. My mind is racing. I think of Paju's grave and his mother's blank stare. Just one day was all it had taken for our dreams to be shattered and my best friend to be taken away from me. I feel the tears running down my face. We had been naive, barely more than children. I hang my head down and cry in the soft light of the workshop."
018da8b3-9fbf-c1e2-1f12-7f525f85d16a,ALT_COREKS_B_AX_28_C,Permanent,"Armored Jammer",,"""In a jam? Sorry, mate. Maybe a side effect of our scrambling...""",,,"The tank moves forward in the wild expanse. The ground trembles with each step, and a little voice inside me is wondering if the Kraken can hear us. I look over my shoulder. The Rampart of Asgartha is now just a thin line silhouetted against the horizon and far behind us. I would never have guessed I'd be out here one day… OK, stay focused on the mission, Bash. Our role is simple, and if everything goes well, we won't be too exposed. I certainly don't want to find myself face to face with a gigantic Leviathan with tentacles and a mouth crammed with sharp teeth… So I'm happy to deploy these shielded Jammers to repel the Tumult and cover the advance of the Ordis and Bravos troops. Being on the front line and rushing headlong into danger? Yeah, no thanks. I'll leave that to others.

Treyst glances at me from the cockpit. I nod at him from my position to let him know that there's no danger ahead of him. For this mission, he swapped his mechanical spider for this metal colossus, and in a way I feel he made the right choice. I feel a bit naked next to the vehicle, without all those hardened steel plates to protect me. I reflect on the fact we both signed up to be part of the Axiom vanguard. What was I thinking? Did I have delusions of grandeur? Did I need to prove something to myself? Had I maybe been drinking? I jump over a drooping tree trunk, and the Jammer climbs over it after me. What's my problem? Don't I want a peaceful retirement? I smile under my lowered visor. If I'd wanted a simple life, I'd have known that a long time ago."
018da8b3-9fc2-11c2-fcd6-cfbb3c771de5,ALT_COREKS_B_AX_29_C,Permanent,"The Foundry, Axiom Bastion",,"Embedded in the cliff wall, it overlooks the city and reminds everyone who looks up at it that nothing is unreachable if you put your mind to it.",,,"The tram zigzags along the viaduct, lurching on the rails as we finally approach the Foundry. I hurry over to the window and open it quickly, letting the wind rush into the carriage. I stick my head outside to feel the air and spray whip against my face. I know people are staring at me, but I don't care. I don't want to miss any of this. I marvel at the formidable structure of the Axiom Bastion overhead as the tram slips inside the building. I study the solid metal beams that anchor it to the cliff as the tram's brakes screech and squeal. We come to a stop at the platform and the workers around me file out of the vehicle's doors, holding their toolboxes in one hand. Others wait to climb aboard, their faces smeared with soot and dust.

I join the throng, following the tide of mechanics and engineers. The smell of sulfur, steam and steel lingers in the air. As I leave the station with my equipment, I start to hear the clanging of the forges and the clamor of the workshops, while waves of heat from the furnaces hit my face. I see metalworkers pouring molten metal into sizzling molds, while a foreman inspects a batch of mechanical parts. I notice a huge wheel turning within the vault, powered by a river of artificial water, and Kelon cylinders gleam here and there with a blue-tinged glow. Hammers clang all around, pistons roar, and the air is dense with humidity. I smile at it all, knowing that this is where I'll set down my bags and put my tools to good use."
018da8b3-9fc5-d244-bf18-72f6c48b16c6,ALT_COREKS_B_AX_30_C,Permanent,"Brassbug Hive",,"What could possibly go wrong with an adorable little self-replicating autonomous robot?",,,"My eyes widen as I enter the honeycombed sphere. I had noticed it was larger than the others, and that all the Brassbugs seemed to be converging here. But I wasn't expecting this. An enormous Brassbug is slumped in the middle of the metallic pod, as if in pain. Dozens and dozens of robotic bugs are busy taking turns around it, as though taking care of it. A metallic lament echoes within the cavity, and the bug's rear compartment opens to eject a large load of blue pellets. Er… is that what I think it is? Marmo sniffs the pile of pearls. A few Brassbugs gently push him away to gather up the little balls and check they're in good condition. Others are bringing liquid Kelon to the behemoth and seem to be continuously feeding it.

And in a corner of the metallic sphere, another contingent of bugs is busy building casings to keep the precious spheres in. I can't believe what I'm seeing. Am I really witnessing their method of reproduction? I feel like laughing. So, they have a queen. When you see them helping us every day, you get used to thinking of them as machines who are simply there to work for us. But they don't do it because they've been ordered to; they do it because they like helping us. They have a complete social system and needs tied to their nature. They aren't sick. There's no malfunction. All we need to do is wait for the process to finish, and then we'll have more baby Brassbugs on our hands than we'll know what to do with. I sit down in a corner. The good news is that I don't need to do any maintenance. The bad news is that I brought all my tools for nothing."
018da8b3-9fc9-9d9e-3d9a-8e02c0f54aa7,ALT_COREKS_B_AX_31_C,Token,Brassbug,,"01010001 01110101 01100101 01100101 01101110 00100000 01110100 01101111 00100000 01000010 00101101 01001000 01101001 01110110 01100101",,,"I bounce to the beat in my chair, my headphones glued to my ears. Ankita Struna's music pulses in my headset, rhythmic and ethereal. A cup of coffee steams on my workbench as the sun's rays filter through the workshop blinds. The assembly plans are unfolded on the table in front of me, and I study them carefully, twirling my screwdrivers like drumsticks. From the corner of my eye, I see a Brassbug climb the bench leg and stop in my work area. It watches me with curiosity, its camera alternately zooming in on me and the diagram I'm trying to figure out. I take off my headphones and set them around my neck as I study the bug-like robot with a mixture of amusement and bemusement.

The robot is carefully examining the diagram, as though processing it. Is it… bored? It looks up and stares at me intently. I lift my leg and tap my screwdriver against the metal prosthesis. The Brassbug suddenly seems to understand and starts to examine the plan further, moving over the bench from left to right. It scans my design, scrutinizing the instructions that will help me forge a new set of racing blades. Then, seemingly satisfied, it opens its back compartments so I can access its range of tools: the right size screws, finishing mallets, a kelonic screwdriver, a sharpening stone… I thank it by gently tapping its back, then place my headset on its head. It starts to sway back and forth in time to the music's beat, seemingly as happy as can be."
018da8b3-9fcc-47e7-71d9-803f6737469c,ALT_COREKS_B_BR_01_C,Hero,"Kojo & Booda",,"Faster, ever faster! Our fire rages highest when the race is afoot!",,,"392 AC - I climb the steep slope with short strides. I suppose ""climb"" is an interesting word choice. I know I'm climbing along the floating island, but the concept of up and down doesn't really apply here. From where I am, it's like I'm running on flat ground. I look up. Above me, another island floats upside-down in the air. From my inverted position, I see herds of yaks, or animals that look like yaks, grazing peacefully before they scatter at my approach. With a bit of luck… Using Alteration, I create a rocky promontory at my feet. It shoots out from the ground toward the other island. I let myself be carried along with it, adjusting my stance. But as I approach the inverted island, I feel gravity switch directions and suddenly pull me upwards, which is actually now downwards.

I jump and turn in the air, landing on the other side and rolling in the high grass. OK, if I continue along this atoll, it should get me to my destination. But before I continue with my run, I check in on Booda's spirit. He's on a similar island. I feel the wind blowing past his ears as he crosses the rugged plains of the Tilted Steppes. Yaks shamble away as he approaches, and he yowls at them to make them get out of his way. He isn't far off. Not far at all. And he's vibrating with the Mana he's stolen from the Tumult. I smile. In a few hours at most, we'll meet each other. I'll use all the Mana he's collected to stabilize the area and paint it in Bravos colors. Unless another Exalt manages to do it before us. In their dreams! I set off again at a sprint."
018da8b3-9fce-4f5e-0d5b-8f5cd8a685d9,ALT_COREKS_B_BR_02_C,Hero,"Atsadi & Surge",,"Every challenge is a blessing that lets me rise even higher.",,,"392 AC - Dei Liberi, d'Aubigny, Bologne. Three names from seven. Three Eidolons I still haven't been able to manifest in my mind. But it's crucial if I want to face them and defeat them. Dei Liberi, d'Aubigny, Bologne. The names are a mantra in my head as I stand in the en garde position, my eyes fixed on my Alter Ego. I close off my mind to him. This training would be worthless if I could directly perceive his intentions from the fortress of my mind. Suddenly he disappears, as fast and ephemeral as lightning. There's a crackling and the smell of ozone. I suddenly spin and strike where Surge has appeared, my jian carving fiery fissures in the air. My blade cuts through the emptiness as the hairs on my arm stand on end, frizzing with static energy. I need to be even faster. I must move to the rhythm of the lightning.

Behind me again. No, that was just a feint. I jump to the side, slashing the air to parry the electrifying fingers of my Chimera. I must not think. I need to anticipate his movements and patiently protect myself from his attacks as I wait for my body to fill with Mana and for my essence to absorb the fleeting ideas that drift around me in playful, fragile gusts. Through the Avgrunn, I devour them and make them mine. Through Alteration, I feed my own identity and power. There. I suddenly twist by bending my body, lowering my center of gravity to stop myself from falling. But despite having dodged, I feel the bite of his electrical discharges as the arcs of lightning crawl over the surface of my skin. I spin around, ready to strike my sword at my Alter Ego. Another feint. At the last moment, I thrust my sword in another direction, driving it into his electric torso, right where he had suddenly appeared in a flash. He looks at the blade, then to me, and smiles. I return the smile."
018da8b3-9fd1-1826-f664-cd75f2a4278e,ALT_COREKS_B_BR_03_C,Hero,"Basira & Kaizaimon",,"Only the worthy shall achieve true transcendence under my guidance.",,,"392 AC - I watch the seething water as the surf drenches me with its spray. The water swishes against my skin as Kaizaimon meanders back and forth, patiently waiting for the right time to come out of hiding. In the spectral darkness, the roaring waves crash against the cliff as a lightning bolt streaks across the raging sky. Around me, the other Bravos soldiers lie on their stomachs, hidden and on the look-out. I see them cursing the cold and water as it penetrates deep into their clothes, but none of them complain. I smile. A few drops of water won't make them waver or shiver. Suddenly, Kai pours out of my skin in a red cloud like a bloody mist. My oni gradually solidifies and regains his original appearance. He starts to float above the bluff where we have taken refuge, waiting to tighten the noose of our ambush.

He looks at the sky, and I do the same, just as a griffon breaks through the clouds. The griffon flies toward the beach with Sigismar on his back. That means it's not far behind. I crack my neck and knuckles. Around me, the other warriors slowly spread out. Some roll their shoulders, while others unsheathe their swords. I turn toward them and give them a smile. They return it. But not with smiles of kindness – more like predatory grins. Good thing that's exactly what I need. Today, I need them to be demons. I scream at them, pumping my fist in the air as the hurricane rages. They roar in return, and some beat their weapons against their shields. The enemy will be formidable, and the challenge immense. But that's what the Bravos have always feasted on. Come on, then, Kraken! We are ready!"
018da8b3-9fd4-57f5-a42c-edc756e7e840,ALT_COREKS_B_BR_04_C,Character,Ratatoskr,,"You’re nuts if you think you can keep up with this little one!",,,"I land and roll on the roofs, the ochre tiles chattering under my weight. I keep moving fast, even though my shoulder stings a bit from the impact. The letter in my tunic is urgent, and I should hurry. I spot Booda charging ahead like lightning, flames trailing behind him as he dashes and leaps down below. He yowls for me to get a move on. Yeah, buddy, I'm comin'. I roll my eyes, but I know he's right. I sprint to the edge of the roof, then launch myself toward the terrace a few long yards away. As I drop down, I see the finish line in the distance: a cargo ship about to depart. It won't wait long, and I'll get chewed out if I don't make the delivery on time.

And I'm realizing now that I'm going to need a little help. Using Alteration, I create a few stone steps in the air to get my bearing and catapult myself forward. I make use of the few seconds suspended above the canal to materialize Ratatoskr, my guild's emblem. The little red squirrel has always been the mascot of the Talaria, Asgartha's postal system. He appears in front of me, bright and bubbly, hopping from low wall to promontory. He flashes me a mischievous wink before whizzing off even faster. He's inviting me to follow. I stay in his wake, riding in his slipstream as the world around me starts to blur. I feel myself gaining speed. I feel my heart thumping in my chest. OK, time to step it up."
018da8b3-9fd7-bcf8-cd8f-115aef2e6a23,ALT_COREKS_B_BR_05_C,Character,Issun-bōshi,,"Small stature, big heart, immense adventures.",,,"The new recruits crowd around the table to lean over Issun. The little fellow, no taller than a thumb, stares them down proudly with his hands on his hips. Some of them openly mock his size, not stifling their laughter one bit, as well as the tiny sword that Tinker Bell forged for him, no longer than a toothpick. They can jeer all they want, but they'll find out soon enough how tough he really is. Issun is used to being looked down on and being taunted. And having discussed it with him, I know it doesn't faze him anymore. Year after year, the newbies underestimate him, and year after year, they come up short against the little man, who is worth any twenty of them combined. He climbs up on top of a wooden cup and starts shouting through his megaphone to be heard by the young students, most of whom are still kids.

What they don't realize is how hard it is to fight such a small opponent. To them, he's just a little munchkin they can flatten with their hand like a common fly. Or so they assume. He's fast, moving as quickly as a tiger beetle. He's also strong, with the ability to jump several yards from a standstill. And if he manages to crawl inside your clothing or the hollow of your ear, say hello to severe injury. I've seen Issun subdue giants and defeat mastodons. One time, I even acted as a delivery vehicle for him to sneak onto a Fagn abomination. There's a clear lesson in all this, of course: Never underestimate even the most insignificant opponent. And those recruits are about to learn that the hard way."
018da8b3-9fda-2313-737c-1898d3b8a458,ALT_COREKS_B_BR_06_C,Character,"Tiny Jinn",,"It may be a fire today - tomorrow it will be ashes.",,,"As I descend the long sandstone staircase, Haven's cold humidity—the damp chill that inexorably flakes the paint on frescoes and eats away at the bas-reliefs—gradually gives way to a stifling heat. That heat doesn't come from the dim light of the torches, but from deeper. It rises in bursts that drift in the air, bringing intoxicating scents with them. The aroma of sulfur and incense. At the bottom of the stairs, I come to a large room carved into the rock. It was here, in the feverish darkness of this chamber, that Rune was crowned the first Kuningas of Asgartha. It was here, cut off from the rest of the world, that the Bravos Creed was enacted. I wander around the tiers of seats, gazing at the countless urns that fill the alcoves and stone shelves, belonging to heroes of old, some of whose names are half erased.

Sticks of incense are placed in front of each one. Some are lit, diffusing their heady aroma, others extinguished and waiting to be rekindled. But the central brazier, whose hissing column of smoke disappears into an opening in the rocky ceiling, smolders most of all. Within it, incubated by the flames, rests the egg of the Phoenix, which the Bravos have waited centuries to see reborn. And to care for the sleeping bird, a multitude of little Jinn are there. It's they who keep the fire continuously lit and ensure that the nest continues to burn. They can be seen floating in the air like will-o'-the-wisps, generating fire with nothing but the pressure of their little palms. No doubt they are the true guardians of this sacred place. I get closer and put my hand over the ardent flames, just high enough to keep from burning myself."
018da8b3-9fdc-00a4-8415-2112a1bd8b36,ALT_COREKS_B_BR_07_C,Character,"Bravos Tracer",,"""Gotta go fast!""",,,"I feel my heart beating in my chest as Carmela gets into position at the starting line. She taps her foot to knock the dirt off her soles, and I catch myself nervously tapping my foot as well. Next to me, someone rises and shouts out her name. But even just a half-step away from him, I struggle to hear the fan's voice over the deafening roar of the crowd. I look at the gallery around me. People have flocked to the Colosseum to witness the Altrun final. An incredible crowd. Both teams' flags are flying in the stands, and their supporters' voices are getting more insistent… It's about to begin, and we can all feel it. I suddenly realize the feat my team has achieved by qualifying at the 11th hour. If we win this one, it'll be the title.

I see the referee take their position on the field by the racers, the Alterers of both teams on high alert and doing stretches… The gunshot rings out across the Colosseum. The tracers rush forward, as everyone in the stands move to the edge of their seats and cheer. From their box, both teams' Alterers modify the field to help their racers advance and make things hard for their opponents. To the spectators' amazement, the course keeps shifting and transforming… And of course, so do the tracers, who leap, twist, and flit, ever adapting to the changing environment. Their acrobatics elicit gasps, while their falls draw frustrated cursing… Gradually, they climb the promontory that was raised in the middle of the arena, with the goal of reaching the top. Go, Carmela! Get that damn flag and bring home the cup!"
018da8b3-9fdf-a0ca-0f58-ee6672329d27,ALT_COREKS_B_BR_08_C,Character,"Bravos Pathfinder",,"""Stay on the path, they say. I make my own path!""",,,"Sunniva climbs up the cliff after me. She hoists herself up to the small ledge where I'd sheltered to catch my breath until she joined me. She sits down beside me, sucking on a mint lollipop, and hands me a tube of sugared almonds. I pop a handful in my mouth, wondering why she chose these kind of sweets instead of dried fruit and granola bars. Well, we're at the halfway point. Looking down below, the fjord already seems far away, while above our heads, the peak is still far from conquered. But I have to say, the climb has been nice. This kind of training is always cool, especially when the company is as well. Unlike in other pairs, Sun isn't in perpetual showdown mode. It's like she took on all these challenges for herself, not to be better than everyone else no matter what.

At any rate, her technique seems to work. Reconnaissance, orientation, survival… She's top-ranked in quite a few different areas—the instructors' pet, so to speak, while I'm usually languishing in the middle of the pack or at the bottom. Maybe I should ask her for advice? Ahhhh. To think that once we get up there, our torture will just be starting… The Bravos call this place the Chasm, and as I look at the vertiginous canyon, it lives up to the name. Up there we'll have to deal with a whole maze of landings, pulleys, and mechanisms, each nastier than the last. Last time, Sun made it almost three-quarters of the way, while I only managed a third of it. Good thing the Yzmir placed Sigils to slow our fall—it would've been a whole other ball game if every wrong step meant dropping like a stone a couple of hundred feet down…"
018da8b3-9fe2-5180-5ab4-137b61e87b9d,ALT_COREKS_B_BR_09_C,Character,"Haven Trainee",,"""All right, lad, show me what you’ve learned.""",,,"He draws back his bow and adjusts his posture. His arms are still shaking slightly as I point out his target. I'll need to put a little more into his physical training to correct all that. I smile and adjust his bearing a bit, along with the position of his shoulders. Although he's skinny and still timidly stepping out of childhood, Kutun has determination in spades, and that's all that really matters in the end. With determination, nothing is impossible. With determination, even a runt like him can become a proud warrior. I ask him to completely clear his lungs, then hold his breath. I tell him to empty his mind and concentrate on the target. Only on the target. Good. I feel his hands get a bit steadier. Now. The arrow pierces the air and slips through the trunks.

With a thump, it sticks in the straw dummy, still slightly left of the bullseye. I hear Kutun sigh. I sense him fuming internally. I ruffle his hair as he mutters a curse, and congratulate him even though he's mad at himself for still missing the center of the target by an inch. There's no doubt he'll make a fine addition to the Aegis contingents, once he's old enough to join the Expeditionary Corps. As I watch him head to the target to retrieve his arrows, I notice the sun is already quite high in the sky. It'll be time to change workshops soon. We've been here since dawn, and we still have plenty of fields to cover. Kutun returns with his quiver refilled. He sees me preparing our meal, but he's content to pout. Very well, insolent boy. One last thrashing before the snack."
018da8b3-9fe4-e1fb-8983-35280456eb1d,ALT_COREKS_B_BR_10_C,Character,Red,,"Grandma would be proud.",,,"""The true nature of stories is to be intrinsically changeable. A story is a chameleon, a shapeshifter. Through being told, stories transform. With additions, removals, different morals, and endings either cruel or diluted. Stories, like ideas, need to live and breathe. That's why some die, while others adapt. And sometimes, they even come back to life. This was already true in ancient times, before the Confluence shuffled things around to confusion. And it's still true today, as we slowly start telling them again. Even the end of the world hasn't stopped them from spreading, despite what amounts to a terrible extinction.

Originally, Little Red Riding Hood's life ended in the belly of the wolf. Then other authors came along, and through them she survived, by way of a huntsman who suddenly came to free her. And when the survivors of the calamity got hold of the story, they made it a reflection of humanity itself, which had been torn apart by an invisible monster. The Tumult, in the guise of the wolf. But then other storytellers added their own twists to the tale. In the most recent versions, Red has recovered from her injuries. She's taken up arms to put a stop to the Big Bad Wolf's devastation. The moral of the new story is clear: we Asgarthans are just like her. We've been at the mercy of the Tumult, but we must realize it is by no means an inevitability. Using our imagination, we can defeat it—by calling on the huntsman, or simply by rewriting the story.""

Yezdan Nand, Humanitas Fabularum, ""Preface"", 372 AC"
018da8b3-9fe7-87c4-4694-fb6f72e0c047,ALT_COREKS_B_BR_11_C,Character,Chiron,,"""And now, pray, mark all these things well in a wise heart."" ",,,"Carmela holds her ankle, wincing in pain as the other pupils flock around her to see what's wrong. I bluntly dismiss them to give her a little air, then lean down to examine her foot as she grits her teeth. Hmm. Nothing serious. A simple sprain. But she probably won't make the trip back to the Kurung on her own two feet. I sigh as I stand up, letting Kai pass the bit of Mana he's gathered on to me. As she's wont to do, Carmela went overboard while trying to show off. A real tomboy, and real stubborn to boot. But there will be time enough for scolding later on. For now, she'll need a mount and a doctor. Very well, I know what I have to do.

Using Alteration, I summon Chiron to join us. His Eidolon appears, trotting towards us. The centaur scratches his beard and sighs on seeing the young woman laid out on the ground, her fists clenched more out of frustration than real suffering. I see him bow down and take bandages and ointments from his satchel. And while the other orphans are resting or exploring the area, he begins to treat her. Once her ankle is fully wrapped, he hoists her onto his back. She clings to him, letting the fatigue and dejection wash over her. After rallying the other children, I ask Chiron to bring her back safely so the rest of us can continue our little excursion. I hit his rump and he sets off, galloping towards the capital. Let's hope that along the way, he finds the right words to offer her sound advice, just as he did for me back when I played the daredevil."
018da8b3-9fea-ef61-80e1-05fd4775d38e,ALT_COREKS_B_BR_12_C,Character,"Hua Mulan",,"Her determination has yet to meet its match in this world.",,,"""You have to feed on what others give you."" That's what Hua Mulan had said. I didn't take her literally when she offered this bit of advice, thinking she was merely referring to the lessons I could gain from each of my instructors, to the experience I accumulated with each battle fought. But I'm beginning to understand what she really meant. I was capable of drawing upon my Alter Ego's nature to move at the speed of light. I was capable of delivering charged blows to deaden my enemies' limbs. But it wasn't only because of my bond with Surge. It was because I was consuming part of his being to make it my own. And with every Eidolon I called upon, a part of his power was transferred to me, to make me stronger.

Mulan gets into position, brandishing her jian like a wasp's stinger. Her eyes are calm as a pond sheltered from the wind, her body motionless as a marble statue. She comes alive suddenly, dashing toward me. Right, left, down. Her blows are probing my defenses for a weak spot. But whereas I would've fought back just a few days prior, I keep on the defensive, focused on countering or dodging each of her attacks. I had always thought I had to become the best sword fighter, by sheer force of the sword alone. But I neglected the fact that I was an Alterer, even though that's where my versatility comes from. So I call them to me. All those who I've sparred with. I summon them, not to have them fight in my stead, but to ask that they pass along some of their power. As they appear, Hua Mulan smiles. And through them, I feel transcendence taking root within me. I feel the duende overtake me."
018da8b3-9fed-9e0d-4820-8b1e7def57fa,ALT_COREKS_B_BR_13_C,Character,Kappa,,"""Push through the pain. Giving up would hurt far more.""",,,"I don't know what whim inspired him to make me scale this endless mountain, but I grit my teeth without complaining. Not verbally, anyway. The peak is still far off, the heat almost unbearable. And the fact that he's strapped heavy weights to my legs and left arm doesn't exactly help matters. Each step is a trial, each flight of stairs an ordeal. But it's not for me to question Master Kappa's methods, as antiquated as they may seem. He's taken many apprentices under his tutelage over the years, and he's gained a reputation for squeezing the best out of each one, even the most ordinary lump of charcoal. Even so, seeing him casually smoke his pipe while sipping a cool tea has a way of making the most patient pupil go off the deep end.

I groan, adjusting the bag of stones weighing down my shoulders as I sweat profusely. He's certainly mischievous, no doubt of that. Wise, perhaps, but that remains to be confirmed. Bedivere suggested I follow whatever training the Kappa was willing to give me. I took her at her word, but with each passing day, the tasks he assigns me get more and more absurd. Is he merely testing my patience? Or is he trying to strengthen whatever he can to offset my disability? My thoughts race as I ascend the steep slope. One thing's for sure: I'll never succeed at anything if I can't make it through a simple climb. I maintain my momentum as Surge flutters along, utterly unaffected by gravity or even distance. Unlike me, he doesn't have to endure any physical limitations… I suddenly narrow my eyes. In the end, wasn't the goal for me to overcome those limitations myself?"
018da8b3-9ff0-3c1a-5714-8dbfa447b075,ALT_COREKS_B_BR_14_C,Character,"Bravos Vanguard",,"""We will be the arrow that pierces the veil of the unknown, the torch that banishes the mists of ignorance!""",,,"Aoife kneels down and looks out at the landscape before us. Her red hair whips her face as a gust of wind welcomes us to the peak of the elevation we're meant to chart. The climb was rough, but besides her mildly heavy breathing and the sweat on her forehead, she isn't letting it show. I hand her my flask and she drinks from it, then wipes her mouth with the back of her sleeve. She hands it back to me with a smile, and I think I can guess what's going through her mind in this moment. After training for over a decade, she's now finally in the field, outside the safety of Asgartha. She's spent her whole life preparing for this mission. Through all the difficulties and hurdles, this is why she had given her blood, sweat, and tears, why she had pushed herself so hard.

Of all the recruits I've had the opportunity to train over the years, Aoife might be the one that I most see myself in. But without the anger and the trauma. If anything were to happen to me, the detachment would be in good hands. But would she know how to serve as an Alterer? The Expeditionary Corps still need Exalts like Kai and me to protect them on the outskirts of the Tumult, even for tasks as trivial as this one. It isn't obvious how long a zone will remain stable after a duo passes through, and so they still need an escort. At least in the short term. Aoife motions for the cartographer to get out her equipment. Best not to dawdle. The earlier we finish, the quicker Kai and I can be redeployed."
018da8b3-9ff2-926f-ec34-160ac59eb57e,ALT_COREKS_B_BR_15_C,Character,"Haven Bouncer",,"Only the bravest can enter Haven.",,,"I stretch and yawn as I walk the halls of Haven, enjoying the idleness of my leave. I had to make quite the detour to avoid the security cordon. From what I understand, Admiral Temera Singh is visiting the Bastion, but only those in the know are entitled to know what for. As I reach the atrium, I abruptly stop as a young woman rushes past me, nearly pushing me aside. I sigh, vaguely offended, but ultimately decide to let it go. Judging by the paint on her cheeks, she would seem to be carrying an important missive from the Phoenixian Guard, probably related to some issue that's way above my pay grade. But her hurriedness is not to everyone's liking. A massive figure emerges from an alcove to intervene, blocking the messenger's path. I immediately recognize Silje.

The Phoenixian Fighter grumbles and argues with the bouncer, trying her damnedest to somehow get around her. But the bouncer crosses her arms on her muscular torso, categorically refusing to step aside. I approach Silje, adopting my most impassive expression to subdue her a bit. But though she's often a bit more flexible when someone's on leave like I am, here it's like I'm hitting a wall myself. She stares me down, her nostrils flaring like a bull about to charge. She glowers, as if I were a nuisance preventing her from doing her job. Right then, I feel my bowels liquefy before her closed face. I may have overstepped in trying to interfere… and she'll surely make me pay for it in our next arm wrestling contest at the bar. Besides being tough, she's also been known to hold a serious grudge…"
018da8b3-9ff5-3570-78b6-86e8c70621e9,ALT_COREKS_B_BR_16_C,Character,"Bravos Bladedancer",,"""It seems Thoth has never seen me duel.""",,,"Sitina takes up position in the chalk-drawn circle before slowly, precisely unsheathing her swords. She then stays on guard, blades spaced apart, head tilted slightly to one side. Her breathing is calm, controlled. Yet I can already sense the threat simmering beneath her apparent tranquility, her predatory instincts lying dormant in her resting muscles. Like a panther slowly waking up, working up an appetite for the hunt. I circle her, arms crossed, closely watching her posture and the tension in her limbs. I nod, satisfied. All around us, other swordsmen stop and quietly approach, interrupting their training to watch the show. Seeing a Phoenixian Blade Dancer in action is a rare and precious opportunity. Sitina remains utterly still. Like an ebony statue, she waits…

I snap my fingers, and all at once, she begins to move. Slowly at first, her blades tracing arabesques in the air. Her sequences are meticulous, her pacing impeccable. I smile. I snap my fingers again, and she speeds up. Her swords spin, beginning to whir. Her twirling is flawless, her steps confident as she swirls around, slides, leaps, and cleaves. Sitina is staring into space. Her mind is no longer in control, but in exaltation. Her dance is becoming a trance. One last snap of my fingers, and she is unleashed. I sense the duende taking over. I draw my blade and start performing complex katas before her eyes. Instinctively, Sitina measures up my movements and begins to replicate them perfectly, without the slightest delay. We dance gracefully, mirroring one another. I see her blades take on a crimson gleam, leaving red trails in their wake like so many glowing ribbons. Well, then… let's see how far she can go."
018da8b3-9ff8-c723-172d-a73d4fa94261,ALT_COREKS_B_BR_17_C,Character,"Haven Warrior",,"We've all lived through some things. But she's been through worse.",,,"I bite the dust again, hitting the ground hard. Ouch. I roll to my side and face my opponent, a mass of muscles and nerves eyeing me indifferently, maybe even a bit scornfully. I shake my head to get rid of the stars in my vision, while Boo covers his own with his paws. OK, I get the message: strength isn't necessarily my advantage here. Think, Kojo. How're you gonna gain the upper hand? I look at her bulging muscles, her scarred skin, her patch-covered eye. Sure, she's isn't just anyone. But it's not like I expected special treatment or anything. The opposite even, as I'm sure Gul asked her not to pull any punches to discourage me from joining the Corps.

But if they think I'm gonna throw in the towel after getting a couple of scratches, they don't know me at all. I get back up and start bouncing. The one advantage I do have is my speed. The trouble is, every time I run into her, it's like hitting a stone statue with a half-inflated balloon. She smiles as I straighten up. Thing is, her smile looks less like a sign of encouragement and more like a lioness's maw getting ready to devour me. So, what's the plan? Keep my distance to tire her out? Hmm. Nah, she's gotta have more endurance than me. Use my speed to charge at her? Right, and dislocate my shoulder in the process? Anyway, she outclasses me in pretty much every respect. I think the only option I have is to give it my all, and to keep up as much as I can to show her how determined I am. OK, I'm about to suffer. But if I can get her to think highly of me, even Gul won't be able to say anything."
018da8b3-9ffb-6d5d-61cb-07b0485ec750,ALT_COREKS_B_BR_18_C,Character,"Sun Wukong",,"Ever the trickster, always the rebel.",,,"He taunts me, grinning. I get back up, holding my ribs, unable to tell if he's genuinely smiling or simply provoking me. He stands slumped on his staff, yawning while picking his ear, in a balancing act that would upstage any Lyra acrobat. When we fought, I saw him transform into different animals—boar, buffalo, scarab—to catch me off guard, jump improbable distances, or merely to mock me. I can't find an opening in his posture, nor the slightest ounce of fatigue in his movements. From one moment to the next, he proved to be as elusive as a fish, as perceptive as an eagle, and as agile as a cat. It's as though he had absorbed all the traits of the animals whose appearance he took on: the elephant's strength, the cheetah's speed, the dragonfly's explosiveness…

Panting, I face him again and pick up the glaive I dropped. As there doesn't seem to be an opening in his armor, I'll have to create one. But how? He jumps to the foot of his golden staff, then grabs it as I get back into position, on my guard. But instead of attacking me, he shrinks it down to the size of a cotton swab and sticks it in his ear. Then he pulls out some of his own hair and blows it in my direction. As the hair scatters in the wind, each strand starts to transform into a little simian figure. I step back, encircled by an army of armored capuchins, miniature versions of my opponent. He bursts out laughing at my crestfallen face, then sits on a rock and opens a flask, intent on enjoying the show."
018da8b3-9ffd-9945-d958-bd275e0c3921,ALT_COREKS_B_BR_19_C,Character,"Mighty Jinn",,"A single spark can start a wildfire.",,,"The ground cracks under the pressure of the lava, which starts to belch from the subsurface in incendiary coughs. Dark wisps of smoke whistle as the powerful Jinn melts the cliff side. The Mana I spend on him keeps him manifested as the basalt elementals withdraw, frightened by the liquid fire threatening to dissolve them. I can't help but smile seeing the Jinn shake himself off, wading through the molten streams as though they were a shallow pool of cool water. He's not like the ones I encountered in the Parliament of Ashes. No, this one is much larger, and infinitely more impressive. In a crimson-hued doomsday glow, he makes a barrier with his body, allowing me to ready my next assault—which will hopefully be the last.

As fierce as the Jinn is, shielded by the metal he himself draws from the molten rock, he won't be enough to scare away the creatures before me. For that, I'll need to do something a little flashier. Within its sheath, my glaive pulsates with the ideas I've imbued it with. The Jinn's glowing mane begins to flicker, like a candle flame dancing before it goes out. Now is the time. I set off as the Eidolon dissipates in whirls of Mana. I capture its residual energy and absorb it, while Surge springs up in turn. As I cut through the fiery plumes the Jinn has vanished into, my Alter Ego charges up my weapon, supporting my blade while I strike. The boulder blocking the Eidolon splits down the middle, the score line streaked with flashes of blue. My sudden strike has had the desired effect. The elementals shrink down to lifeless spheres before tumbling down the slope, out of my reach."
018da8b3-a000-d7a9-b0c0-7dd551761649,ALT_COREKS_B_BR_20_C,Character,Atlas,,"Not even the weight of the sky could make him buckle.",,,"His silhouette obscures part of the sky and his shoulders scramble the clouds as he stretches out above the valley. Perched atop the cliff, I see one of his hands emerge from the mist, rumbling past me at close range—a hand that could seize the Colosseum, or perhaps even pick up the Asterion. He's a colossus, a titan, a gargantuan being to whom we are mere ants. But that's precisely what I'm aiming for. His hand suddenly drops down and plunges into the side of the plateau. I hang on tight to avoid falling as violent tremors jolt the countryside. Like a quarryman taking a stone, he tears off the rocky outcrop I'm standing on. Like a gardener uprooting a clump of earth, he lightly swings the small island he's just detached from the ground.

The trees around me are shaken as if by a hurricane. The moor is blasted by a biting wind as he carries it under his arm like a bulky package. With each of his steps, it feels like the world is quaking. I grab onto a stump to keep from getting blown away, and I can't help but laugh, half-nervously and half-madly. To him, I'm nothing but a tick on a buffalo, an insignificant gnat. Suddenly, I feel the entire atoll I'm standing on fall to the earth. No doubt he intends it as a delicate gesture. But to me, it's as though a terrible earthquake were shattering the world. Trees fall at the impact. Rocks spring up from the ground, which breaks apart and starts moving like the sea. And as a thick dust rolls in around me, calm is restored. In just a few steps, he's transported me leagues…"
018da8b3-a003-9d7b-e3ed-c75a3a8515ba,ALT_COREKS_B_BR_21_C,Character,Achilles,,"""Many things lie between us - shadowy mountains and sounding sea.""",,,"I circle my opponent under Bedivere's watchful eye. And this challenger is no ordinary foot soldier – it's Achilles, a veteran of several wars and hero of legendary tales. The Eidolon's copper cuirass shines in the setting sun, and the tip of his lance glimmers in the twilight glow. I carefully monitor every one of his movements, searching for the slightest flaw. But that's easier said than done. Even though he's set aside his helmet and shield, the fearsome reach of his weapon is danger enough on its own. To trip him up and outmatch him with my jian, I'll need to reduce the distance between us and get inside his guard. But how? Suddenly, he strikes. I block at the last second, rotating my wrist slightly to attempt a disruption of my own.

But as I prepare to hit him, his fist clips me on the jaw and I stumble back, realizing he's dropped his weapon to more easily take me with his bare fists. I stagger, then roll to get myself back on guard. But Achilles is faster. Catching his lance on his foot, he launches it in the air to grab it, then spins it around while taking a step toward me. I dodge the shaft that almost hits me, but not the kick that lands right in my ribs. I plant my weapon in the ground to avoid falling, struggling with all my might not to give in to the panic from my gasping breath and spinning vision. When I started the fight, I had hoped I could exploit his heel, but I didn't know it would be so hard to reach."
018da8b3-a006-246c-d0f8-f6923ef8b691,ALT_COREKS_B_BR_22_C,Character,Shenlong,,"To attract good fortune, spend new coin on an old friend, share an old pleasure with a new friend, and lift up the heart of a true friend by writing his name on the wings of a dragon.",,,"Black clouds swirl above the valley, crackling with flashes of lightning. Battling the fierce wind and rain, I stand on the ledge, squeezing the last bit of Mana out of myself. In the palm of my hand, Surge is reduced to a mere spark, struggling to even exist in this world. And I can't just let him fade away because of me. During my fight with the Monkey King, worn out and cornered, I had overdrawn from the strength of my Alter Ego. For a fraction of a second, I had become lightning. For an instant, I got ahead of Sun Wukong and snatched victory. But at what cost… Fighting exhaustion and despondency, I summon the storm and all that moves within it. It doesn't matter who may answer my call. All I want now is fire from above.

The clouds part like the swelling sea, and a serpentine figure emerges. It glares at me, its horns glistening like motionless flames. I freeze, my eyes widening at the Eidolon that has just appeared before me. Forgetting the water streaming down my face and the cold chilling my body, I kneel down and raise my hand to present the flickering spark that Surge has become. The dragon growls like rolling thunder. Its mane dances in the air, as though the creature were the very embodiment of the typhoon. Lightning bolts slash across the heavens, while the wind takes on a stormy scent. And then I beg, with all that I have. I pray before the cyclone. Above my head, the clouds open up and begin to whirl. I close my eyes, waiting to be struck by lightning."
018da8b3-a008-3547-b8ae-74d619c88b35,ALT_COREKS_B_BR_23_C,Character,"Tomoe Gozen",,"For only the most gifted of Alterers could bring humanity's long-remembered legends to life.",,,"""Sit down. Have some tea. Forget your worries and lend me your ear. Let me tell you a story. This tale goes back to the twilight and the dawn of time. But like my saber, its luster hasn't tarnished with age. And like my blade, it hasn't lost its edge. Long, long ago, and far away from here, a group of travelers was journeying like the sycamore leaves skate over the wind. They were eight drifters, driven by the hopes of a promised land. For many moons, they had roamed the shifting lands as the beggar wanders from temple to sanctuary in search of a bowl of rice and a straw mat for the night. But at nightfall, when they were just a stone's throw from their destination, they realized that the last of them had fallen behind. Worried, the other seven called upon seven swordsmen to go see where the last traveler had taken refuge. They offered everything they had, down to the last sip of their tokkuri. And the swordfighters, once satisfied, plunged into the mist to search for the missing man. None of them suspected that the thick, gloomy fog was not of this world. In fact, it was the very fog that ghosts used to reach the afterlife. The drifters each lit a candle, and in the incense-filled air, sent their prayers to the heavens. Then they went to bed, letting the moon finish its arc over the horizon. When they woke, the seven drifters noticed that no one had joined them. They could no longer recall their companion's name, nor the seven fighters who had braved the shadows to rescue him. For in visiting the mists, they too had become specters. So what do you say, Atsadi-san? Are you ready to become a shadow yourself?"""
018da8b3-a00b-0cd9-db80-054c0dbeeb8b,ALT_COREKS_B_BR_24_C,Character,"Kaibara, Asgarthan Leviathan",,"For hundreds of years, Kaibara has protected Asagartha.",,,"Teija has been sitting cross-legged for several minutes, whereas I'm champing at the bit. Down on the beach, the plan is quickly falling to pieces. Ordis soldiers are being carried away by tumultuous waves, and the Kraken, with its tentacles and geysers of black ink, is having a field day. I pace back and forth, trying to restrain myself. But knowing that Gul is down there, suffering in agony… No, I can't think about that. The Muna asked me to trust her. She said she'd find a way to infiltrate the Mana network to call on an ally that could rescue us. So when will they get here, dammit? But just as I'm about to ask her again how it's going, Tei opens her eyes and frowns. Then a slight smile lights up her face.

I look up suddenly, gasping. A shadow hovers above us, so big that it causes the clouds to swell and dissipate as it passes. Then the colossal shape pierces through the cloudy ceiling. Kaibara. The Leviathan swoops down on us, its cry filling the world like a lament. Teija shouts something at me I can barely hear, but I understand. Instinctively, I begin running, with Booda hot on my heels. I sprint, dodging the boulders littering the path. When the whale gets near and pulls up alongside me, my blood starts boiling—and I leap towards it, throwing myself into the void. My hands grip a branch on one of the trees that grows on the surface of its skin. I hold tight, even as I'm buffeted by the wind whipping my face. I can barely keep my eyes open, but from what I can see, Kaibara is pouncing on the Kraken. Like the rest of us, he's got a score to settle…"
018da8b3-a00e-4037-7c87-dc0f98c5fa95,ALT_COREKS_B_BR_25_C,Spell,"Helping Hand",,"Never gonna give you up.",,,"I grab a blade of grass and start chewing on it while massaging my aching neck. In the distance, a few layers of Tumult are swaying like a sea of fog, but of course there are Exalts already moving towards it. Damn, my first real aches and pains. Once upon a time, this expedition would've been a walk in the park for me, but it seems my age is catching up to me. ""Hah, more like it caught up a while ago, Baz."" I glare at Kai, whose eyes appear on my forearm. ""Hah,"" says the freeloader who doesn't make the slightest effort. But any way you slice it, he's right. I'm on the final pages of my story, and it's high time I passed the baton to a younger generation. To the ones who still have their whole lives ahead of them.

Aoife comes to me while I'm still lost in thought. She reaches out to help me stand. I accept the help begrudgingly, and she easily pulls me up despite my frame being much sturdier than hers. I crack my neck and work my shoulders to stretch my chilled muscles. Wordlessly, she gives my shoulder a knowing smack before issuing orders to the other team members. Don't get ahead of yourself, Aoife. I've still got a few pages left to finish my story, and I don't plan on leaving without one last stunt. I grab my bag and put it on my back. Kaizaimon flashes a smile before disappearing under my clothes, sliding over my skin like the living tattoo he enjoys being at times. I crack my knuckles. Despite it all, I still have a role to play in the here and now… and it has to be said, I still look good for my age."
018da8b3-a010-96a1-6737-295a7306b113,ALT_COREKS_B_BR_26_C,Spell,"Physical Training",,"100 crunches, 100 push-ups, 100 squats, a 10-km run and a desire to prove yourself. Just your typical morning of Bravos training.",,,"Ah, the Kurung… With a bundle over my shoulder, I make my way through the throngs of recruits as they train. A few cadets are circling the inner courtyard, jogging in their sweat-drenched tunics. Other soldiers are training on the central lawn, hitting straw dummies or wooden targets. I greet an instructor with a discreet nod, while a cohort of kids runs past just beside me. I can't help but smile. I, too, was once a part of this bunch—one pupil among so many others, whose barracks became my home. Looking toward the orphanage, I watch for Nanshe's silhouette with a tinge of nostalgia. But I don't see the Eidolon anywhere, not even one of her pelicans. I'll have time to go see her once I'm settled in my dorm.

As I stroll past the administrative buildings in the Small Court, I spot an instructor in a courtyard correcting one of his students' posture. The student seems to take umbrage, fuming at his mentor with the wounded pride of the young. I raise my eyebrows as I notice his coach's expression and the cold fury on his face. If this kid gets too stubborn about it, he's sure to get a beating and an extra round of chores. But who am I to judge? I was surly and recalcitrant too. I, too, was reprimanded at least three times a day. With the tip of his sword, the instructor points over to the dueling circle. Time for a little tough love, it would seem. He's right to not let himself be walked all over. The little foot soldier deserved a good hiding. Even now, I'm surprised at how patient my teachers were. In truth, I was far worse then, and they made me what I am today…"
018da8b3-a01d-9b7c-9738-ade9f11d13b4,ALT_COREKS_B_BR_27_C,Spell,"Mana Channeling",,"There's only one way to turn the tide: by becoming stronger.",,,"Before Kaibara's final swerve, I let myself drop to the beach, attempting to somehow break my fall using the slope of a dune. I land in a cloud of sand, and I roll down the embankment. I stand back up, shake myself off, and spit out the sand in my mouth just as Boo slides up next to me, turning the ground to glass to fashion himself a toboggan. Then we're hit by a terrible explosion, and I fall on my butt, while Boo's fur gets ruffled. Kaibara just collided with the Kraken and sent it flying in the waves. I blink, stunned by the impact and the strikes they're exchanging, all the devastation they're causing. This is what we'll have to stand against? I gulp, and my stomach is in knots. OK, I'm scared. It's normal to be scared.

I clench my fists. But I'm a Bravos now. Fear is what you eat for breakfast at the crack of dawn. I slap my cheeks. Ready, Booda? Because it's up to us. We're not gonna freak out over some oversized squid, right? I start walking toward the Kraken, trying to glean as much Mana as I can. Booda does the same, scampering beside me. It starts with the volatile Mana in the air, but that's not nearly enough. We'll need a lot more if we're gonna really kick the crap out of that thing. Little by little, I focus on tapping into the Mana embedded in the things around me. The grass on the dunes dematerializes as I steal its Mana, then the dunes themselves. Oh well, there's no other way. We need more. I begin to rob all the Mana I possibly can, as everything around me is sent back to the void. And in my hand glows more power than I've ever manifested before."
018da8b3-a020-1d36-9e5d-02dfa047a7ba,ALT_COREKS_B_BR_28_C,Spell,Intimidation,,"The terrible beast shrank and cowered before the might of the Bravos.",,,"Silje stands up straight, sticking out her chest and staring down at me. She's a full head taller than me, and I'm no runt myself. But in that moment, I feel like a bunny rabbit in the crosshairs of a not-so-friendly lion, a shivering furball that's had the misfortune of disturbing a dragon during its nap. Her eyes narrow as she stares forcefully at me. Perhaps I've been a bit presumptuous about our friendship… I take a step back, raising my hands as a sign of peace. We've stood around together plenty of times, she and I. But now it's as if all that meant nothing, as if all those hours spent waiting together were utterly hollow. Sure, we had always had a fairly clear ""good guard, bad guard"" system, and it was fun from that vantage point.

But now that I'm on the other side of the barrier, I feel weighed down by her pressure, by her powers of dissuasion. And to be honest, it kind of gives me the chills. I turn to the Phoenixian Guard who's still holding the letter, looking panicked. I delicately take it from her hand despite her protestations, and I assure her it will be delivered on time, using every signal I can to get her to turn back. Her insistence would only antagonize Silje further, anyway. Slightly worried, the Phoenixian Fighter turns around, and I look to Silje with all the solicitude and deference I can muster, brandishing the letter like a pass. Her expression slowly softens—although ""soft"" somehow seems like the wrong word—and she curtly nods as a way of saying I can pass. I clasp my hands in front of me to show thanks, and clear out as quickly as I can."
018da8b3-a023-c67d-1d44-32be8abf8c81,ALT_COREKS_B_BR_29_C,Spell,"Mana Eruption",,"Flames fly from his hand as he falls towards the monster, leaving a trail of glowing fire behind him...",,,"My eyes widen when I see the portal open up in front of me. Through the opening, I can see the raging waters, the Kraken shaking itself and sending mighty waves soaring onto the shore and the reef. As if I were directly above, overlooking it all. In the palm of my hand, all the Mana I've concentrated is crackling, and I struggle to maintain it. Kind of like how gravity pulls everything down, the Mana draws in a thousand ideas trying to materialize and exist in the world. I grit my teeth. I'm not going to last much longer. I scream, harnessing all of my willpower to keep the ball of Mana devoid of any ideas for as long as possible. And I start running toward the magic portal that I-dunno-who opened for me. Obviously I don't have time to worry about it. I run, brace myself, then leap.

Suddenly I'm above the Kraken, and I'm falling. My clothes flap in the wind hitting my face. For one millisecond, I see myself crashing into the surface of the sea. But I don't have time to even think about it. For now, I've got a huge beast to slay! I release the ball of Mana from my control. At the same time, I instill in Booda the idea of fire, of burning, of the warmth of a star, and my companion charges toward the wild Mana sphere. There's a bright flash, and then it blazes like a thousand suns, first turning blue, then red and yellow, until it becomes incandescent. Take that, Kraken—go back to the abyss! But I can't tell if my energy discharge has had the desired effect. I'm still tumbling down, falling at incredible speed. The surface of the sea gets closer and closer. Impact in three, two, one…"
018da8b3-a026-9ed7-86e9-e7c9cb209944,ALT_COREKS_B_BR_30_C,Permanent,"Haven, Bravos Bastion",,"Haven isn't where legends are born... it's where they live forever.",,,"The emblem of the Phoenix towers over the main gate to Haven, its gold tarnished by the weight of the years. Even so, it still stands proudly, floating above the fog and the fjord down below. How long has it been? The last time I set foot here, I had fewer wrinkles. No doubt about that. Descending the slope that leads to the Bravos sanctuary, I can't help but notice the sturdy columns, the gold-leafed frescoes engraved throughout the precipitous island. Grandiose decor for a larger-than-life Faction. What else would you expect? I can already hear the bursts of laughter from the mess halls, the clatter of cups clinking around the fire. Maybe there'll also be a Lyra bard or two on hand to bring cheer to the austere rooms with their jaunty, ribald tunes…

But I can't help but feel a hint of sadness as well. Haven is a living space, but it's also a mausoleum to the glory of the fallen. Erregu, Hanta, Guewen, Agunda, Solofa, Dastan… So many comrades, so many friends turned to ashes and dust… Now they all rest in the Parliament of Ashes amid the heroes of yore, in urns or lacquered boxes. And one day, I'll rest among them myself. ""But not yet."" I smile as Kai's voice echoes in my head. Not yet, indeed. The Basileus himself had come to find me so that I might train his contingents of explorers. Thirty-five is a young age to become a Seiringar. But it's not like I was actually retiring. These recruits and cadets had better brace themselves… I certainly don't intend to let them slack off."
018da8b3-a028-8427-7024-bc14762a27e9,ALT_COREKS_B_BR_31_C,Token,Booda,,"A Hero can practice Alteration through their Companion, no matter the distance between them.",,,"I pet Boo's belly as he lounges near the fire. His eyes are closed, and it looks like he's smiling, stretched out flat on his back. Yeah, it's a far cry now from the rough coat he had when I found him a few months back, with his scared little meeps. He was a little ball of shaggy fur, tangled into scabs of mud and gravel. He was shivering, and he even tried to intimidate me with little yowls when I approached to wrap my coat around him. I remember how he squirmed in my arms as I carried him back down to my house. And then he lapped up the milk I served him in a saucer, making a proper mess of it as he tried to defend his meat, even though I kept saying no one would take it away from him.

Now his scarlet coat is beautiful, almost taking the shape of flames. And it's wild how much he's grown since I adopted him. It wasn't easy at the start. He was scared of everything and would hide under the furniture. But now, Mom seems to think he's gonna cause all kinds of damage when he gets to his adult size. Maybe I'll have to get someone to help me train him. Because if he starts tearing up the rug or people's clothes, there'll definitely be trouble. Ah well, at least Dad will be on our side. He says it's a sign of fate that me and Gul both inherited a Chimera on the same day. And obviously, I prefer my little furball to my sister's big old clunky statue. Right, Booboo? Who's a little furball?"
018da8b3-a030-bb94-4bcf-9beffa8dec25,ALT_COREKS_B_LY_01_C,Hero,"Nevenka & Blotch",,"Chaos can bring disappointment, sure, but it's also where ye'll find the most wonderfullest hidden gems!",,,"392 AC - Come on! There's no time to lose. Sierra's Eidolon will soon pop out of its paint prison. And obviously it will be a bit annoyed. Cheating? What do you mean? Hey, all I'm doing is just spicing the contest up a bit! Isn't that right, Blotch? Oh. Er… Well, thanks for your support. I'm not the one that made the rules, and frankly, it doesn't say anywhere that you can't throw a wrench into your opponent's gears! Huh? What's that? The Covenant? Cooperation between the Factions, good relationships… blah blah blah. Yeah, OK, but this is just for fun. There's no Covenant for this! Wait, whose side are you on, Blotch? Whose Alter Ego are you? Yeah, well, it's not my fault if you're no good at choosing allies, especially when it's FOR-EVER!

OK, OK. Fine. How about you drop the issue, and I'll send you something to help. Does that work? OK, consider it done. I just need to summon a little rainbow road! I get out my cans and start to spray the ground. Suddenly, an iridescent pink ribbon begins to unwind in the air, twirling toward the sky and through clouds like a writhing eel. Come on! Into the starting blocks and off we go! Using Alteration, I create skates on the Hatter's feet and a sand yacht for Tanuki! By following the Bifröst, they'll reach Blotch in no time. See that, old friend? You see how we should help each other out? That's how you're supposed to support each other in an Exalt! Not by contradicting your partner, especially on small details! Vroom vroom! Choo choo! Well, have the reinforcements arrived, old buddy?"
018da8b3-a032-76ee-a669-5d0e0a7ae502,ALT_COREKS_B_LY_02_C,Hero,"Auraq & Kibble",,"True beauty lies outside of the conventional.",,,"392 AC - Kibble leaps from floating stone to suspended rock and launches himself in my direction. He drifts through the air as the fickle gravity carries him toward me. He's crackling with Mana, even though that's left his fur all disheveled like a ball of wool caught in a storm of static electricity. He has stored more than enough for us to stabilize the area. I catch him and give him a big cuddle, feeling his Mana overflow and pour into me. He places his paws against my nose to stop me from covering his muzzle with red lipstick and glitter. Oh, poor thing. Aren't you happy to see me? But I'm fully aware that time is running out. All this fizzing Mana is eager to be incarnated in the world. Yes, little one. Let's go, everyone on stage! It's showtime!

Our hug is a release, an explosion. I let my spirit wander and let my imagination flow out of me like wine from a wineskin. The newly freed ideas swirl out of my psyche. It's like a detonation, a shock wave that spreads out for miles around. And all around, I feel reality changing, transforming under the will of my inspiration, which I deliberately let run wild. My imagination expresses itself and imprints itself, shaping the world as ideas and Mana blend, weave and tangle in a burst of energy. In reality, the cataclysm of our meeting is like a miniature Confluence, but one that's guided and controlled. And my goal is to ensure that anyone who comes into my territory will be captivated and inspired by its beauty. I think of silks, prints, flat areas of color and strong contrasts. Yes, I want everyone who sets foot here to feel like they've stepped inside a work of art!"
018da8b3-a035-44fc-b0ee-a1432bf2df56,ALT_COREKS_B_LY_03_C,Hero,"Fen & Crowbar",,"When you listen to the voice of the Wind, it always carries you where you're meant to be.",,,"392 AC - HahahaHAHAHAHA! The laugh of Asmodeus echoes in the night, while the ground breaks apart and starts to boil all around us. Molten lava flows from the cracks, lighting up the darkness with a hellish glow. BAAAOUUUWWWW! In the distance, beyond the mountains and rivers, Crowbar takes out his electric guitar and starts to play a riff so powerful that it gives me chills. The notes seem to drift through the air to us like little birds crossing time and space. I draw on my Ignescence, my inner fire. I give free rein to my inspiration and let my spirit roam unhindered, gathering all the ideas that spring up. The Sandman comes out nearby, scattering dream dust over the expanse. A Cloth Dancer twirls above our heads, suspended from a cloud...

I let myself transcend. In this moment, I no longer exist. There is only the music and the threshold of the dream. I let myself burn. I let myself go up in flames. And when my mouth finally opens, the flames that smolder within my heart erupt into rousing chants. Fwot fwot. Fuuum, dadadum. A deep, rumbling bass line cuts through the night. Booom, booom. The notes spread out, and then… Krrang, krrang! An intense drumming breaks out, beating time and creating mini-earthquakes. Crowbar suddenly launches into a furious solo. The treble notes streak across the sky like lightning, flirting with ultrasonic notes. In an outpouring of Mana, I start to sing, switching from alto to coloratura soprano. All around us, ghostly dancers start to headbang and sway in time to the music. Colors burst forth from the instruments. Fleeting images appear in the air. And through all this, I will transform the world!"
018da8b3-a038-f553-6cf5-278e5af57023,ALT_COREKS_B_LY_04_C,Character,Martengale,,"Spotting a martengale is always a good omen.",,,"Eleventh sign of the New Zodiac: the Martengale
October 23 - November 22

Depicted as a winged marten with long ears, it's said that the Martengale symbolizes instability and impermanence. Its element is air.

Those born under the sign of the Martengale are elusive by nature and full of contradictions: They are independent but don't like to be alone, and like innovation but have a strong sense of tradition. Like their spirit animal, they enjoy venturing off the beaten track but always come back to where they started from. It's often said that Martengales are lucky, but it's usually because they prefer to bounce back quickly rather than sit around feeling sorry for themselves. They are adaptable, but still show strong determination, and can sometimes be stubborn when the situation requires it. Terrified of being bored, they display a relentless need for freedom, even if it means raising the stakes to a level that defies all odds."
018da8b3-a03a-7f25-5fa4-ba40d75c974e,ALT_COREKS_B_LY_05_C,Character,"Lyra Thespian",,"""All the world’s a stage.""",,,"His movements are slow and precise, each expressing an emotion or inner conflict. He stands alone on the stage, playing a range of characters in turn: queen, courtier, merchant, demon, godmother... And each time, his demeanor changes and his gestures transform with subtle grace. I suspect he is using Alteration and allowing certain ideas to flow through him to help him better perform his impressive portrait gallery. He lets them infiltrate and seep out like fluids, transforming who he is and shaping his identity for a brief time. But what I find most fascinating is that he never hesitates to express his true personality, even when he changes his mask. He disappears behind his roles, and at the same time, he reveals his true nature to the world, shouting it out to the audience without worrying what they think of him.

How I wish I were like him. He drifts effortlessly from shadow to light, from grandiloquence to restraint. He glides from one identity to another like others change their shirt, with as much boldness as elegance. I know that he could take on thousands of guises through Alteration, but he doesn't need to. Through his expressions and through his gaze, we instinctively understand who he is. We recognize the characters that come to life through him. They're like old friends coming together for a brief dance. He acts because, when it comes down to it, we all playact from time to time. But he's actually doing much more than that: He draws sadness, anger, joy, disappointment, terror and love from within himself. Maybe I could also wear a mask... And if I did, could I be my true self behind it?"
018da8b3-a03d-7b11-5b63-5ae977bb93e0,ALT_COREKS_B_LY_06_C,Character,"Ouroboros Trickster",,"When luck joins in the game, cleverness scores double. ",,,"I emerge from the Sköll & Skál early in the morning, squinting in the bright sunlight. OK, strike that. It's actually closer to noon. I wander the streets of the capital, stumbling every other step. The show went well, but the evening and night that followed were... well, let's just say they were eventful. A tram passes in front of me, and I wait for the barriers to be raised so I can go over the railroad crossing, making sure not to get my shoes caught between the rails. My tight sequined jacket sparkles in the sun – a pretty unusual fashion choice at this time of day. As I slip into an alley, I feel something bump into me. I turn around to see a young girl running the other way with something shiny in her hand. Correction: MY something shiny.

My first thought is that it's too early in the day for this kind of thing. My second thought is that I'm not gonna let her get away with it so easily. I'll teach her to try stealing from an Alterer! She's certainly lithe and talented, I'll give her that. She navigates the streets with ease. But I don't need to do that. All I need to do is walk through walls. I ultimately corner her in a dead-end, cutting her off as I emerge from a house that could have done with a little cleaning. She stares at me with wide eyes, surprised but without the slightest trace of fear. I'm not one to go all soft in situations like this, but I admit I'm tempted to give her a second chance. I take out a cup and die from my bag. I'm in a playful mood. Let's see who'll get to keep this trinket..."
018da8b3-a040-48e9-a2b7-5e9cc50b38eb,ALT_COREKS_B_LY_07_C,Character,Hathor,,"Dance is the language of the soul.",,,"I lift my glass and sit on the handsome man's lap, peeling back my dress to reveal the bare skin of my thigh. I see him blush as I press myself against his chest, whispering my words into the microphone. Around me, the other audience members clap and whistle playfully, enjoying the sight of me shimmying in my alluring outfit under my stage name: Auraq. I stand up and place a foot between his thighs to climb onto the table. With the end of my foot, I push aside a glass, clattering plates and cutlery as I strut among the guests who stare at me with warmth, fascination and even amused grins. But this is just the start of my show, a little appetizer. The melody played by lutes and tambourins quickens and grows louder. By the end of my show, there will be intoxication and jubilation!

I hold out my hand, and Hathor appears by my side to take it. With a little push, I spin her around barefoot on the table. Finishing her graceful twirl in a whirlwind of frills and skirts, she pauses to face me, then gives a small curtsey. I strike the same pose, waiting to see what dance she'll choose. A waltz? The Charleston? A tango? Maybe the rumba? Aha, of course – flamenco. The musicians swap their timpani for cajon drums and their lutes for guitars. I clap my hands to establish the beat that Hathor will dance to. Then as she starts, I stamp my foot, encouraging everyone to join in beating out the rhythm of the flamenco dance. ¡Venga! ¡Eso es! ¡Así se baila! Hathor is carried along by the feverish rhythm of the music. ¡Arsa! ¡Toma que toma! Her feet drum on the ground and transform into hooves. Wonderful! Let the duende wash over you!"
018da8b3-a043-53fe-802a-0b522e224f38,ALT_COREKS_B_LY_08_C,Character,"Lyra Skald",,"We're all stories, in the end.",,,"Among the Lyra, there aren't many of us who don't place ourselves under a Matriarch's authority. Of course, we only keep up the masquerade so that we don't have to suffer for our sacrilegious rebelliousness. We join in with all the bowing and generally keep a low profile. But deep down, it's disobedience that drives us. They've positioned themselves on a pedestal for far too long, arguing that they're the only ones who can converse with the Muses. But even the Nine Sisters must also answer to Memory, and that's exactly who we serve. That's why we must operate on the margins of their rule, in silence and in secret. We have our own objectives, not the ones they dictate to us from up on their throne. That's why, when the audience is ready for it and the situation is right, we sometimes like to share stories that are usually kept quiet – the ones that the skalds conveniently remove from their repertoires. Stories must not be subject to harsh restrictions. They should be free to make their way throughout the world. They need to find an echo in the minds of those that listen to them. But shhh... don't just go telling them left, right and center. Choose your audience carefully. Because stories have power within them. They can bewitch, disrupt and challenge beliefs. The most important thing, though, is that they must never be forgotten."
018da8b3-a045-080f-517f-bed844a9b38b,ALT_COREKS_B_LY_09_C,Character,Tanuki,,"""Never trust the Tanuki twice."" - Lyra proverb",,,"I blow kisses to the crowd and stretch my arms out wide as if embracing them all, while responding to the cheers and applause with a subtly seductive wink. The spotlights dance around the stage and sweep across the audience before suddenly stopping their ballet when I raise my hand. I place a finger on my lips to call for silence, because it's time for my next act. My high heels clack across the stage and my hips swing just a little too suggestively. Perfect. Drum roll, please... I spread my hands, drawing from my inner fire, my Ignescence. The image becomes clearer in my mind: a mischievous furball that has the distinct honor of being my assistant for the next trick. I summon the Tanuki, and he appears in a whirlwind of colorful confetti.

He surveys the crowd, flicking his tail mockingly. He stares at me and pretends to sulk. I shrug and look at the crowd as if taken aback. I hear a few laughs from the audience. He seems ready. I pull a dorayaki – two pancakes stuck together around a sweet red-bean paste center – from my low-cut top. The Tanuki sniffs it and turns to me with a greedy look. I throw it at a young man in the third row. The Tanuki quickly places a beech leaf on his forehead and disappears in a plume of smoke, reappearing in place of the young man just in time to open his mouth and catch the sweet treat flying through the air. The young man finds himself on the podium and looks all around, bewildered. The Tanuki stands on his seat and bows as applause breaks out from all sides. But the show isn't over. I pull another treat out of my low-cut dress."
018da8b3-a048-ce91-5cfc-41e5eb176a84,ALT_COREKS_B_LY_10_C,Character,"Ouroboros Inkcaster",,"The black liquid traced shapes on the stone, and from these lines sprang innumerable creatures of soot.",,,"I sit beside Itoro while she writes the lines of her missive in black ink. I'm older now, so I'm allowed to stay up, unlike the other kids. The only problem is that almost all the adults have left — probably for the Ruzzante district, where they usually go on Friday nights — and unfortunately, I'm still not allowed to go with them. Esme is nowhere to be seen, and Auraq is at the Nightingale. So that just leaves Itoro, since I don't want to hang out with Serket and his gang. She's the only one required to stay here as the Shepherdess's second-in-command. So, I suffer in silence while I wait for the inkcaster to finish her letter. Reading over her shoulder, I see that it's about the work on the Ouroboros that the Basileus is requesting. It mentions the loss of one of the floating city's two circuses, and that quite a few performance halls will be converted into housing.

In a few years, when it's ready, our Sahanka will be crammed full. There will be lots of people from other Factions, lots of strangers. And I don't know if this is something I'm worried about or looking forward to. Itoro sighs and puts a final point on her parchment. She blows on it to dry the ink, then wipes her stained fingers. She then hands her brush to me and unfurls a sheet of paper, placing weights on it to keep it flat. I look at the inkcaster's prints hanging on the walls, and I know I could never replicate her talent. She's the only one I know who can make her art come to life like that. But if I concentrate, maybe I can create a little playmate for Juju? I dip the brush into the ink, then touch it to the pristine paper. Maybe a crow or blackbird to fly around with my twittering bird?"
018da8b3-a04b-79ce-4808-e063f3f13a1b,ALT_COREKS_B_LY_11_C,Character,Esmeralda,,"""Eidolon or not, you are our Shepherdess. You lead and we follow.""",,,"I knock lightly on the door, and Itoro beckons me to enter. I place the steaming herbal tea on the table and set the cups right next to it, being careful not to break anything. Juju starts to flutter around the room before settling on the ship's wheel. I put a finger to my lips and give him a stern glare. This is a meeting for grown-ups. We mustn't disturb them. Then I start to serve everyone. I bring a cup to old Shauri, then hand another to Zenith, but he refuses. I serve each of the Venerable Ones in turn before turning towards Esmeralda, our new Shepherdess. Using a ruler and compass, she traces a route to the capital on the large map. I give her a cup, and she takes it, offering a smile in return and patting my head.

I can feel the flow of Mana that emanates from each of the Venerable Ones to fuel the Eidolon. It's a considerable undertaking to incarnate her permanently like this, but I know it's for the best. She served as my grandfather's right-hand woman all my life. She was always there to advise him and support him in every decision. She was our anchor, our rock. There was no one better to guide us. I smile at her as she takes a sip of tea. Then she shows the path we will take: From Avesta, we'll go around the Fagn and traverse the Arami Lowlands before reaching Verbera and crossing the Muir Concordia. After arriving in the capital, she will request an audience with the Basileus to ask if the Ouroboros can also join the Rediscovery Endeavor. And in this moment, I know it's the Wind that's speaking through her."
018da8b3-a04e-08b3-a9b7-b3aef662909a,ALT_COREKS_B_LY_12_C,Character,"Lyra Navigator",,"Like the Bravos, Lyras are drawn to freedom and the distant horizon.",,,"Kibble presses his wet muzzle against my cheek, and I wave my hand to tell him to leave me alone. Truth be told, there was as much drinking last night as there was excitement, leaving me with a legendary headache that I'm now stuck suffering through. The fact that I'm on a boat only makes matters worse. That'll teach me to be overly confident and party too hard the night before a big trip. At least this holiday is off to a good start... or maybe not. A few sailors pass by me, trying but failing to hide their snickering. So, not a good start at all, really. But I'm well aware of what I must look like: green around the gills, mascara running down my cheeks... I can only blame myself for that. Ultimately, it's the swells that are bothering me, not the sailors' muttering. I try to take in a deep breath, letting the sea spray wash my face...

I hear footsteps along the deck, and out of the corner of my eye, I spot a figure hopping over me as I lean over the rail towards the foam and waves below. I look up... and immediately regret it as the midday sun hits my face with its scrutinizing glare. I grumble under my breath and squint while swallowing a small trickle of bile back down. How can she be so cheerful? The sailor hangs from the ropes, perfectly in her element, as seabirds flock above the waves. Like them, she watches the white crests breaking in front of the boat as we sail across the Muir Concordia. Hmm... She seems to be watching the water's surface, as if waiting for something. Suddenly, a shoal of flying fish emerges from the waves, spreading their little gossamer wings. And for a second, I smile at the sight of it. But only for a second."
018da8b3-a051-576b-2e57-15510db681dc,ALT_COREKS_B_LY_13_C,Character,Anansi,,"In the end, he had accumulated all the wisdom that was available. He put it in a gourd and made a stopper for it.",,,"It's no coincidence that the Lyra have always venerated the Wind. Stories travel the world on its currents, just like the ideas they convey. It's through voices and word of mouth that tales and news about the world are spread and intertwined. I don't know when the Wind first spoke to me. Maybe it was through a skald while I was listening to one of their tales by the fireside. Or perhaps it was when I sang for the first time, and it replied to me. The spoken word has always been a fundamental part of Lyra traditions, unlike the Ordis who use paper and vellum. But even if I listen carefully, I still can't hear the Song of One. I hear no melody, no verse. Enough waiting around. I summon Anansi. He appears as a simple spider, landing on my hand after drifting down on his thread.

I cajole him and flatter him, the one who claims to own all the stories. He tells me to make him a web and that he will sit in the center of it and taste everything that gets trapped by the web. Using Alteration, I weave his trap for him. With each new idea that sticks to the fine thread, he wraps it in a silken cocoon and starts to digest it. ""One of old Bancu's dreams,"" he says. ""Manea's childhood memories,"" he adds after that. But still no melody, no verse. Sick and tired of waiting, I turn to Anansi, who is feasting on everything we catch and simply saying each time that, no, this one's not the Song of One either. I ask him if he thinks we'll ever catch it like this one day, and he tells me it's a waste of time. That what has been forgotten can never be retrieved. I scowl at him and ask why he suggested we try this method. Before disappearing, he admits that he was hungry, and that an impossible task like this might as well be useful for something."
018da8b3-a053-222e-a49c-16855b401e49,ALT_COREKS_B_LY_14_C,Character,"Lyra Cloth Dancer",,"""Hope you're not afraid of heights!""",,,"As the mischievous clowns finish their act with a flurry of hilarious puns, I grab the microphone again and announce the next act in my velvety voice. As for Kibble, he is having a great time and taking advantage of my new status as Madame Loyal to clown around far too much. After making a top hat appear, he plunges his head into it and pulls a small martengale in his teeth. And then they start to chase each other underneath the huge and colorful big top. But the intermission is already over, and the clowns leave, taking with them their huge balloons, hoops, pogo sticks, trampolines and red noses. After my little speech introducing the incredible, the extraordinary, the astounding Ehuang, all the spotlights converge at the top of one of the poles and on the slim silhouette waving to the crowd from on high. One of her hands reaches up to the heavens, while the other holds a trapeze.

When the drum roll suddenly stops, Ehuang launches herself into the void, without net or harness. An audible gasp can be heard from the audience as the trapeze sweeps through the air. From the second pole, another acrobat sends her a different trapeze so she can catch it. Ehuang lets go of the first trapeze while jumping towards the second. But as her hands grasp the second horizontal bar, the ropes snap and she starts to fall to the ground, desperately clawing at the air for something, anything to hold onto. The people in the audience rise, horrified. But they don't have time to avert their eyes. Using Alteration, Ehuang manifests long coils of fabric that wrap around the poles and grip them strongly. And as she plummets down, she wraps herself in the cloth, slowing her fall, then spins round and round with grace and great skill. When she finally stops, hanging upside down with her hands outstretched towards the crowd, the applause breaks out like thunder."
018da8b3-a056-b014-b95e-087b63b5291a,ALT_COREKS_B_LY_15_C,Character,"The Sandman",,"""Sand gives you a taste of what life is all about. Come morning, the castles you have built will be gone with the tide.""",,,"There are some traditions you can't break. Every evening, a member of the Kasirga clan is assigned to story duty, although it's never actually a chore. While the adults gather for the vigil, the children have their own special time too. It was the same for my great-grandfather and his great-grandmother before him. Yes, you're right: It's glorified babysitting. Marang clings to me while waiting for the story. Some children are already asking for the story of Maya Vastag, while others vote for the one about Niavhe. But I already know which one I want to tell tonight: the story of Chiara Caceres and the Song of One. And for that, I'll call on a special ally. Not Geppetto, because I already used his services for the last performance. No, this time it will be the Sandman, to make sure everyone stays asleep after this evening's little tale...

The Eidolon appears in the dorm in a cloud of golden dust. Outside, night has fallen, and I can already hear the sounds of laughter and dancing. As I start to tell my tale, ghostly figures appear, made from sand and half-formed dreams. I'm the storyteller and narrator, while the Sandman is the director and production designer. A pinch of silica makes palaces appear, including the Asterion, which we're now drifting towards on the path of exile. A dash of dreams brings forth cathedrals of glass and greenery, fields of spears and metal. The wide, fascinated eyes of the little ones gradually begin to droop. As the grains turn into a battlefield, the kids also fight with all their strength to stay awake. But I can already see the first ones starting to fall, their eyelids drifting shut as they lose their battle with the oncoming wave of sleep."
018da8b3-a059-712a-0052-46868ad3eb9f,ALT_COREKS_B_LY_16_C,Character,"Lyra Chronicler",,"Eidolon or human, we are all shaped by stories. They're the building blocks of our identity.",,,"I watch her place her hands on the fresco, oblivious to our presence. There's an unconditional love in her eyes as the paintings and bas-reliefs flicker in her pupils and in the crucible of her mind. With a simple touch, a gentle caress, she summons the ideas contained in the images and allows them to express themselves. The Alterer contemplates the scenes that play out in front of her in an evanescent mist, and tries to interpret what they are saying. I smile, pleased with her work. As always, Somayeh excels in the art of extracting a story from what's hidden in the stone. Dismissing the sketches from her little ghostly theater, she sits down for a few moments to gather her thoughts about what she has witnessed. She arranges, organizes and structures the narrative of the story she has just seen.

Then she lights a fire, both to banish the chill and darkness of nightfall and to set an appropriate atmosphere for her tale. Like us, she's a collector. Like us, she's a storyteller. So, we sit down and we listen. Focusing on the dancing flames, we make room on the shelves of our minds to welcome this new tale. It's the story of Naem, a protégé of Terpsichore, who danced for pontiffs and kings. But then she fell in love, and wanted to flee with her lover rather than become a Matriarch. And for that, she was disgraced. But the wrath leveled against her didn't end there. Fleeing from the Muses and weak with hunger, she took refuge in an orchard. There, she stole fruit to feed her lover and satisfy her own ravenous appetite. Both of them bit into the fruit, unaware that they had been branded with Polyhymnia's mark. From that point on, they could never again express the love they felt for each other... The story finishes, and I open my eyes to notice that the flames have burned down to embers. A single tear rolls down my cheek."
018da8b3-a05d-344d-dd2c-4ef6493da9bd,ALT_COREKS_B_LY_17_C,Character,"Ouroboros Croupier",,"The house never loses.",,,"Emotionless. Just remain emotionless. I look at the croupier and her necklace, which must have cost a fortune on its own. And then there's her tiara and her solid gold earrings, plus an extravagant outfit by a master fashion designer. Hmmm. I had no idea working in a casino paid so much. Is it the tips? A percentage of the winnings? Or maybe she's the owner's grandmother? Ha! Can't be easy to do all that adding, subtracting and calculating probabilities. Aaaaaaaah! I suck at probabilities!!! And the fact that Blotch is cackling like a farm bird while cruising around the walls like an animated fresco isn't helping my concentration at all. With her enigmatic little smile that's been annoying me since the start of the evening, the croupier places a card down on the game table, almost delicately, like placing a bouquet of flowers on someone's grave.

She seems aware of her superiority. What is it they say? The house always wins? That means she won't mess around. But perhaps she thinks I'm bluffing with my bemused look and my astronomical losses, and that now I have my trump card in my hand. And if that's the case, she'll tread carefully. Unless she thinks I'm pretending to be trapped to make it seem like I'm in a weak position, to make her think I'm in a strong position when I'm actually in a weak position... so in that case... Hmmm. I lost track of where I was going with that. Aaaaah. Should I ask Blotch to discreetly look at her hand? It's not like I've ever done that. Or maybe I could use a little Alteration to transform this three of clubs into an ace of spades? At the end of the day, who really gives a shit? You just have to take your chances, right? I lay my cards down on the table and burst out laughing. Strategy has never been my strong suit, anyway!"
018da8b3-a060-d5e7-4e07-95989e0d0332,ALT_COREKS_B_LY_18_C,Character,"The Hatter",,"""You can draw water out of a water-well, so I should think you could draw treacle out of a treacle-well - eh, stupid?""",,,"Nev refills my glass up to the rim, even though I try to stop her. My head is already spinning, and if I have one more glass, I'll definitely have trouble waking up tomorrow. As for Crowbar, there's no need to ask him twice. He gulps down a whole pint, and the liquid pours out of all the holes in his pumpkin head and soaks into his stage clothing. After he lets out a raucous belch, Nevenka collapses on the floor, laughing hysterically. I take the opportunity to transform the beer she served me into iced tea without her noticing. But I should have known it wouldn't work. As soon as she sits back on her stool, she starts to summon the Hatter, along with the Cheshire Cat, March Hare and others. OK, I get it, she caught my little trick. And, of course, what she whispers in his ear is nothing to do with a little snack or tea party.

Suddenly, the table we were leaning on is covered with succulent dishes: strawberries topped with whipped cream, rum babas, eclairs made from chocolate, coffee and hazelnuts, floating islands, cake pops, doughnuts, clafoutis and buttery pancakes... Grabbing his teapot, the Hatter pours an unlikely series of liquids into countless cups: grape juice, mead, carrot soda, pineapple-beetroot cocktails... Rolling my eyes in resignation, I accept a cup containing a swirling purple liquid. I take a sip and immediately recognize it as a Stargazer, probably one of my favorite cocktails. Nev smiles mischievously but pouts with disappointment when I don't flinch after trying the drink. As for my Alter Ego, he gulps down the entire contents of his cup and then starts to belch flames as smoke blows out of his eye sockets. Ha! He probably drank an upgraded version of a good old Bravos Flamebreaker. Nev falls from her chair again holding her sides, pleased to have caught at least one victim in our little gathering."
018da8b3-a063-fb37-ddf3-c19ad5ce2a0e,ALT_COREKS_B_LY_19_C,Character,"Amahle, Asgarthan Outcast",,"The old world is dying, and the new world struggles to be born: now is the time of monsters.",,,"I sneak onto the bridge quietly to avoid being seen by the Venerable Ones. They have secluded themselves and given express orders not to be disturbed. I stifle a gasp when I see they have summoned Amahle – the Pariah, the Disavowed. I remain completely still, lying on a beam. And even though I can't hear all the words being spoken, I can still make out a few that give me chills. Lies, rebellion, truth, distrust... Normally, no one has the right to summon him without approval from a Matriarch, but ours left the Ouroboros a long time ago, after our excommunication. So, what are they plotting? What do they have to gain by summoning him in secret like this? All knowledge about this Eidolon had been sealed away so that no one could easily summon him. But my grandfather had been the Shepherd of our Saraband, and therefore had access to this knowledge.

And even though it was against the rules, he told me his story, or at least a few snippets of his transgressions. Amahle Kalu, the False Prophet... He had recruited some of the clans to turn against the capital's authority. But what the story doesn't mention is that under the guise of a territorial dispute, Kalu's true goal was to free humanity from the influence of the Eidolons. Thankfully, he was stopped. His presence here does not bode well. Does he have some kind of information about the Exiles? Below me, the interview is ending. I risk taking a quick look, just in time to see the Eidolon disappear in a dark mist. Then the Venerable Ones leave the room one by one, leaving me alone and clinging tightly to the structure. I can't stop my heart from pounding furiously. Should I confide in Esme?"
018da8b3-a066-ee9c-4cce-5d9a40f4a32c,ALT_COREKS_B_LY_20_C,Character,Asmodeus,,"""Wanna play a game?""",,,"Two huge brutes pick me up by my armpits and drag me towards a large, empty blackjack table. Savagely, they... Er, with savageness? Nope, that's not it. With great savagery (there we go!), they throw me onto a chair, then place their hands – which are literally the size of bicycle wheels – on my shoulders. By the way, I'm not exaggerating: They're the actual size of actual bike wheels. I turn to one of them, and he eyeballs me with a grimace that reveals his teeth and canines while his nostrils snort threateningly. Brutes, I tell you. Definitely, literally, brutes. But that's not what worries me the most. That's just setting the scene. OK, I admit I maybe tried to cheat a bit. And fine, I admit I screwed up a bit in all the rush. What worries me the most is the blood-red mist welling up in the air like cotton wool in front of me.

If it had been strawberry and raspberry cotton candy, I would have been quite keen to try some. But this smells of iron and everything. Then, in an ominous conflagration, Asmodeus appears. He's immense, his wings spread to the ceiling, his horns are as gigantic as elephant tusks, his macabre laughter echoes throughout the casino, and on the flaming crown that floats above his head, two sparkling blood-red rubies shine... Huh, what's this? In front of me, a red-skinned boy is waving at me, trying to get my attention. He gives me a look that's somehow both inquiring and a bit bored at the same time. One of the brutes hands him the loaded dice I was using. He examines them and then bursts into laughter. I start to laugh with him as the brutes look on, stone-faced. Then, once he stops laughing, he clasps his hands together conspiratorially. Ah, this is the part where we bargain and strike a deal. Less fun but, well... What is it they say? We have to give the devil his due?"
018da8b3-a069-720b-7357-0b5844d5e587,ALT_COREKS_B_LY_21_C,Character,Loki,,"""My fourth Unique card? No idea what you're talking about.""",,,"Other than Blotch (and he doesn't count), my best friend is Loki. We understand each other, he and I. Yeah, we play dirty tricks on each other, but I swear there's never any hard feelings! That's just how we show our affection for each other. Last time, he trapped me in a barrel of rotten fish. I stank for days after that. And so I tied him to a rock and dripped snake venom in his eyes, just to remind him of the good old days. He and I know that the world's true nature is chaos. It's all a big game of dice, and nothing has any deeper meaning. It's been like that since it all began, and it'll still be like that whatever happens, whatever semblance of order we want to give to our existence. The world will always remain a tale told by an idiot, full of sound and fury, and signifying nothing.

When we go around wreaking havoc, something always happens anyway. Going against the grain, making sparks fly and raising hell always seems to wake up the sleeping giants. Loki has a huge grin. Yep, he and I are going to kick the hornet's nest. Because we know that underneath the calm surface, things are thrashing, squirming and writhing around like a basket of eels. And I love eels. Come to think of it, there's a street vendor who sells unadon that's out of this world on the corner of Via Keikerak and Calle Caducea. His sauce is to die for. Fen took me there one morning, and although it doesn't look like much, it's spectacular. So, what do you say, Kiki?"
018da8b3-a06b-8141-3e9c-6e61a3149dc7,ALT_COREKS_B_LY_22_C,Spell,"A Cappella Training",,"""Thank you for being my metronome!""",,,"Sitting quietly on the clockodile, Aru clears her throat with a few vocal warm-ups as the Eidolon starts to beat time. Tick-tock, tick-tock... as steady as a metronome. When she's ready, Aru starts with an understated vibrato, which builds to a crescendo. Her timbre is clean, her notes crystal clear. I watch her diaphragm, her posture and the regularity of her breathing. Yesterday, we worked on opening the jaw, and the position of the tongue and larynx. Today, we're working on her ribs and breathing rather than respiratory phonetics and enunciation. So far, she's flawless. Aruzhan has the talent to be an incredible singer. And if she continues like this, maybe we can sing together and star in a lyrical concert? No, that's impossible. Unless she stays in Arkaster, we'll need to settle for the halls of the Ouroboros.

But more than her technical skills, we need to focus on her emotion. Aru is young, and still inexperienced. It was the same for me at first. I knew how to sing, but not how to express myself. I gradually learned how to draw on my emotions. Through these feelings, I could add depth to my lyrical journeys. Anger, frustration, injustice, exile, loss, hope... All of it cultivated my voice. I listen to Aru carefully and marvel at the precision of her musicality, her wide vocal range. Her voice effortlessly transitions from her head to her chest. But she is mostly looking to impress, rather than actually convey something, and that's where the problem lies. Maybe later I'll show her how to summon ideas to bolster her singing. Using a bit of Alteration and a dash of extra imagination, she could reach new heights. All she's really lacking is just a little personality."
018da8b3-a06e-2345-e4ea-dd42d7398217,ALT_COREKS_B_LY_23_C,Spell,"Twinkle Twinkle",,"Up above the world so high, like a diamond in the sky.",,,"Auraq runs a hand through her jade hair, somewhat confused. Three or four kids have taken advantage of her inattentiveness to leave the dormitory and go snooping where they shouldn't. I was there listening to her story, and saw that even Crowbar was moved by the show she put on with Sierra. The puppets had come to life and told one of my favorite fables: the one about the Paramours of Seki. But even after several years, Auraq still doesn't seem to grasp that she's dealing with a bunch of little devils. It's been, what, five years now since she came aboard the Ouroboros? She should know by now that these rascals will do anything to delay going to bed by a few minutes. I tug Qannik along by the ear, while Aru motions for Phong and Luka to get back in their beds. As for Crowbar, he lights up his eyes to scare Oleneo, who is up to no good as usual.

I sit down on an empty bed while my Chimaera stands guard at the door. It's not the right time to give them a lecture. I signal to Aruzhan and create a small lyre in her hands. If she can put Eidolons to sleep, she won't have any trouble with a few little monkeys. The 10-year-old singer – the minimum age to stay with the adults – starts to pluck the strings, while the children curl up under their blankets. Then she starts to sing a nursery rhyme about a little star that keeps shining in the darkness, a little twinkling light that guides travelers in the blackest of nights... As I listen, her words resonate with me. We were once those travelers, living through what was probably the darkest hour in our history. Finding the Exiled Tribe was a faint beacon on the horizon, and one that we headed towards without knowing where it would lead us."
018da8b3-a071-a117-811f-fba991e618ba,ALT_COREKS_B_LY_24_C,Spell,"Cloth Cocoon",,"Nobody expects... the cloth dancer!",,,"Holding onto the smooth rope, Ehuang simulates walking in mid-air. Then, with her legs outstretched, she wraps the rope around her waist, lets go with her hands and goes round in wide circles above the rows of seats. Her expression is calm and focused, in contrast to the fear and wonder on the faces of the audience. But although this impressive act has a poetic charm of its own, it's time to inject some more life into the show. Mischievously placing a hand over my mouth, I summon the little Tanuki at the top of a pole. He always serves as my sidekick in my one-woman shows. In this story, Ehuang will be the hero, while the Tanuki and I will be the villains. As the spotlights turn to shine on the yōkai, he pulls out a huge pair of scissors from behind his back. He starts to cackle theatrically, threatening to cut the silk strips holding up the young acrobat as the audience jeers.

But before he can go through with his mischievous plan, Ehuang fires her aerial ribbons towards the little creature like whips. The strips of fabric wrap around the Tanuki, gradually turning him into a silk-wrapped mummy. Caught off guard, he falls over backwards and ends up hanging upside-down, grimacing with fear and irritation in his cloth cocoon. And as the cheers and ovations thunder under the big top, the acrobat slides along her ribbons until she touches the ground with the tips of her toes. That's the signal. From all around, jugglers, acrobats and tumblers appear out of nowhere in a euphoric spectacle. They surround Ehuang, who bows four times to the audience. As she heads backstage, I glance at my dear Tanuki, who is still suspended in the air. With a snap of my fingers, I make him and the silk ribbons disappear in a puff of petals that rain down onto the audience."
018da8b3-a074-a492-76c7-b3f22b799745,ALT_COREKS_B_LY_25_C,Spell,"All In!",,"There's a time to be cautious, and a time to bet it all!",,,"Fen shakes her head vigorously, her eyes bulging and cheeks flushed. I feel the blood throbbing in my temples, and my eyelid twitches nervously. Nada at the slot machines, cleaned out at blackjack, zero at roulette... All my savings are vanishing before my eyes. OK, yes, Fen tried to stop me from playing a bunch of times, but hope keeps you going, right? So, here I am at the craps table, dice in hand. I could play it safe and take it easy with my chips, but it would take me ages to win my money back. Might as well go all in and leave with my head held high. There'll be plenty of time after that to drown my sorrows with a drink or three. You're either a player or you're not, right?

OK, the die is cast. Actually, no, not just yet. Bam, I push all my chips in, while Fen covers her eyes and bites her lip. I just need to go all in. I blow on the dice; materialize a rabbit's paw, horseshoe and four-leaf clover; and then swirl my tongue in my mouth 13 times. And then whatever happens will happen. 7, 7, 7, 7... I throw the dice hard, and they bounce off the felt. 7, 7, 7, 7... I watch them roll, hit the edge of the table, slow down and stop. All around me, the excited onlookers who had been cheering me on suddenly stop yelling. Even the croupier stops in his tracks when he sees the dice. The two dice show that I did actually roll a ""7"". There's a ""6"" on one and ""1"" on the other. Except all the sides of the first die have a ""6"" on them, and all the sides on the second have a ""1"". Oops, in all the excitement, it's possible that I might have lost control of my Alteration a little bit..."
018da8b3-a078-2650-ee47-46418ee7bb0f,ALT_COREKS_B_LY_26_C,Spell,"Paint Prison",,"""Your problem is a lack of perspective.""",,,"Aaaaaah, street art: the fleeting art. It's a bit of a misunderstood genre. But those who say it's just about defacing things don't realize that it's actually expression in its most spontaneous form. It transcends the medium, emerges from it, and takes over the streets instead of languishing in museums. Anyway, this isn't really the time to think about all that. First, I need to ditch my pursuers. I lost the agents of the Aegis in the winding streets of the capital ages ago, but annoyingly enough, it turns out they had a Rune Scribe with them. And that naughty little so-and-so sent some Eidolons after me. So now I'm running away, looking over my shoulder, and I can clearly see that the bloodhounds are on my tail and gaining ground. Unlike me, they don't need to catch their breath.

Jeez, all this for a bit of graffiti on the outer wall of the Basileus's palace... These guys are no fun at all. If they catch me, the next stop will be the police station, then a quick visit to the Small Court, and probably a night in a cell. And that's definitely something I'd rather avoid. But what's great is that I still have more tricks up my sleeve. I uncork the big gourd that Blotch is having a nap in, and my paint dragon emerges like a colorful little cloud. I don't need to draw him a picture for him to see I'm in a bit of a pickle. So as soon as I turn the next corner, I point at the wall so he can stick to it like a decal. And without further ado, I start to draw. Peering over my shoulder, I see my Alter Ego's painted tail spring from the wall and grab the Eidolon before transforming it into a delightful little mural."
018da8b3-a07b-b704-c398-a75f78ca4ed4,ALT_COREKS_B_LY_27_C,Spell,"Mind Apotheosis",,"Who looks outside, dreams; who looks inside, awakes.",,,"There are thousands of ways to reach one's personal zenith. Some people just need to follow their inner flow... while others dive into Cerridwen's Cauldron. But the process is the same each time: You need to free yourself from your limitations. I know what you're thinking: How is that any different from what the Bravos do? Well, there is a slight difference... a nuance that changes everything! The Bravos seek self-improvement and to surpass their own limits, while the Lyra look for change, metamorphosis, a transition from one state to another. There's also a difference in philosophy: The Lyra like to absorb experiences like a sponge, whereas the Bravos see them as challenges to overcome and draw strength from. They build themselves a shell, while we create a heart of steel, as hard as diamond.

But in reality, the end goal is the same: What we seek is obviously transcendence. That's why I'm here, drawing from my Ignescence. And at the same time, I'm quieting my own ego. That's always been the best way for me to absorb and take in all the ideas in the world. They are out there, volatile, floating in the air, and I welcome them all. Firstly, because hospitality has always been one of the Lyra's core values, and secondly, because I like to make them collide like marbles with all the other ideas I've collected in the past. Ideas bump into and bounce off each other. Sometimes the combination doesn't work. But other times, the impact creates a little marble that's never been seen before. And sometimes, deep within myself, I witness the birth of a pearl... what some might call inspiration. And that fire becomes fuel for my show!"
018da8b3-a081-c5b5-de90-eea616e38721,ALT_COREKS_B_LY_28_C,Spell,"Ride the Bifröst",,"The Lyra never play by the rules.",,,"Damn, Blotch is in a pickle. I can feel him struggling over on his side, sort of tangled up in a mist into which his colors are bleeding out. As for me, I'll be fine. I'll figure something out, so I might as well help him out. I concentrate and close my eyes to call the spirit of the Bifrost to me. I have to be careful not to get mixed up with the Leprechaun's rainbow and his pot of gold, his crock of loot. With all that booty, I could buy loads of... no, no, no! I open my eyes, and of course, that's what I've got. A pot full of cash, which is definitely not what I need right now. Of course, as soon as you tell your brain not to think of something, it thinks of that exact thing. Typical.

So, I concentrate again, focusing on an iridescent road, a fiery ribbon with colors that intertwine to form a bridge in the sky... And this time it works! No little green man, no red beard or four-leaf clover, but instead a rainbow winding between the clouds. All right, quick, let's go! I signal to my Eidolons to jump onto it so its currents can carry them to my little Alter Ego. One by one, I watch as they're swept away on the pink and blue torrents, slipping down the sky river like they're on a water slide, slaloming between the stars and lightning. Perched on her clockodile, the Eidolon of Fen's friend Aru tucks a Mush under her arm and jumps into the torrent. I hope they get to the other side safe and sound, because it won't be easy to fish them out if they fall overboard."
018da8b3-a085-060a-7294-a30c917136e4,ALT_COREKS_B_LY_29_C,Permanent,"Lyra Festival",,"When the time of the Kalann Mae comes, the Lyra all feel the call to a single place, where they will bring a masterpiece to life.",,,"I swear, getting stuck in Arkaster was the best thing that could have happened to us. With a powerful downstroke, I make the strings of my guitar thrum as I slowly bang my head to the rhythm of the bass. I raise my arm and throw the horns up to the crowd. That's the end of the intro. Ready to get heavy? All right, let's go! My fingers start to fly, and my pick dances over the metal strings, cranking out fat electric notes. Raaaaaaaaa, this is awesome! The speakers begin to blare as Boona bellows into the microphone. Bleeeeuuargh!!! The audience is already entranced in front of the stage. It's a sea of humans... and not just humans, either. A mosh pit is forming in the crowd. Go on, let it all out! 'Cuz yeah, we're going all out too for our last concert in the capital!

Fen grabs her microphone and starts to sing. Aaa-ooooh! I swear, we're going to set this place on fire tonight! She and I take it in turns. Verse, chorus. A vocal attack from her, like a release, and then I drive the nails into the coffin with my riffs. Tamati wields their drum sticks like their life depends on it. Tonight, it feels like all our lives depend on it! Bass drum and snare drum, cymbals and syncopated beats. OK, now we're starting to build up some momentum. Again, again! Now it's time for the bridge. Tadum tadum, tadum tadum. Fen hypnotizes the crowd with a long lament... Fever, intoxication. But it's not over, we bring it back in. It's time to rock. It's time for my solo. I curl into a half-crouch, dancing my hands over the neck of my electric guitar, sending forth strident notes and complex chords. All right, the crowd's ready for me to completely ad lib. Go! I feel the flames licking through the audience like a wave of energy that fills and feeds me. And you know what? It's time to pour some fuel on this fire!"
018da8b3-a088-bfe4-910f-477c17eeefff,ALT_COREKS_B_LY_30_C,Permanent,"The Ouroboros, Lyra Bastion",,"The Expeditionary Corps' mobile outpost soars high, like a spinning wheel weaving the wind.",,,"So, this is it, the Ouroboros. A gigantic ring in the shape of a snake biting its tail... And in the center of the circle: a flying fortress, a ship. They say you can see the best aerobatic shows there, plus some bling-bling casinos that go clink-ca-ching when you win the jackpot on the slot machines. I follow Fen along the gangways, and I slip between the masons, workers, carpenters and welders who are working full tilt to construct the living areas. You know, it's not a bad place, actually. As long as you're not too afraid of heights, it's got everything to make you feel at home: taverns, greasy spoons, gambling houses from the most luxurious to the seediest... I peer over the railings and watch the little figures of onlookers walking around the air terminal where the Ouroboros is docked.

Fen takes me by the hand and tells me not to lose sight of her. I mean, it's definitely one hell of a maze. I don't know how she manages to find her way around. Even if I look at the direction signs, between the right walkway, the left corridor, the ladder, the footbridge, the passageway, the conduit, the gallery, the trapdoor, the hidden door, the narrow gulley, and the little red door marked A38, it's definitely not easy to find your way around. But, in a way, I feel at ease here. It's a bit like being in my head, actually. So I let myself be swept along without knowing where I'm going. But I don't mind. I like being surprised. It's cool. Over there is an enormous big top, over here's a pool with plastic ducks where the kids can mess around. The atmosphere here is like a fun fair that looks like it will light up at nightfall with brightly colored string lights."
018da8b3-a08b-ccfa-d1e7-0a666bcf3038,ALT_COREKS_B_MU_01_C,Hero,"Teija & Nauraa",,"Nature must be nurtured to fully express its generosity.",,,"392 AC - Nauraa stares hungrily at the surface of the water. He stays very still, eager to see if something will take the bait on my fishing rod. I sigh discreetly and pull my straw hat down over my face. I can't imagine any fish would dare get any nearer with an oversized fox staring down into the water, drooling at the idea of wolfing it down. Nauraa slowly turns toward me, responding to my thought with a soft growl. I open one eye and smile at him, sticking out my tongue teasingly. He moves his position, turns his back on me and pretends to sulk. He can be so sensitive sometimes. He lies down all stretched out with his muzzle between his front paws. Ah, it's siesta time… And we need it, he and I. It's hard to believe we were fighting to get out of this swamp just a few hours ago.

I look at Nauraa's red fur and the scabs of coagulated blood on it, which now serve as badges of the harsh ordeals he's had to endure. By meeting here, we have turned this place into a beautiful if short-lived paradise. Around us, silvery dragonflies thrum between the reeds, little water spiders skate nonchalantly across the pond surface... If the Tumult were to blow through here again before the Expeditionary Corps arrives, everything we've stabilized would be destroyed and thrown into chaos. But everything is peaceful for now, and we need to enjoy it. Plop. The float sinks into the water, and I grab the fishing rod, ready to pull the line in. But all I can do is watch in horror as Nauraa leaps into the pond like a bull in a china shop."
018da8b3-a08d-e1e3-3af7-ebef1b594669,ALT_COREKS_B_MU_02_C,Hero,"Arjun & Spike",,"When you care for the earth, it let roots grow strong and resilient.",,,"392 AC - Open eyes and yawwwwwwn. Everything rocking, all warm and cozy in hood. Crawl under fabric to open air. Stretch, but not get spines out. Not want to prick Arjun. Cold outside, wrap up in warm cloth before look outside. Brrrrr. Mountain. Spike miss desert. Hot in desert. Flower on head there, but here haircut all shriveled. Pull. Pull off wilted flower. Flower fall on white ground. Bye bye, flower. Brrrr. Spike go back in hood. Warm much better than cold. Oh? Arjun hand come pick me up. Spike cling hold of Arjun gloves. Mana and warmth. Meowww. Hot in Arjun hands. Slip under coat with fur. Hmmmm. Much better inside against chest. Outside, not much color. Black and white and a bit blue. Sea ice, more ice and not many plant friends. Alone here, not like forest. Here, not much to see.

Except. Oh. Little shape falling, like feather. Lands on nose. Brrrr. Cold, but funny. More feathers fall from sky. Lots of feathers, but no birds. Sky feathers? Reach out hand. Catch little white dust. Snowflake, says Arjun in head. This is snowflake. Spike smile because Spike happy. Snowflake melts. Becomes water drop. Like Alteration! But not Alteration. Snow beautiful. Beautiful but cold. Now wet! Snowflake gone! Arjun laughs. Good. Arjun happy too. Hee hee, go back inside. Enjoy warmth. Tomorrow, Arjun say Spike leave for Tumult. But not today. Today, find hot spring and have little bath with friend Vera. Drink juice and relax! Yes, nice plan. Spike like hot, Spike love splash in onsen! Arjun hand stroke Spike head. Hee hee. Here nice and warm under scarf, jacket and coat. Here even better place for sleep! Roll up in ball and close eyes. Here everything good next to Arjun. Here best place in world! Here, sleep…"
018da8b3-a090-c08e-8eae-b8469520a43c,ALT_COREKS_B_MU_03_C,Hero,"Rin & Orchid",,"The forest always gives back, when you know where to look.",,,"392 AC - The Sun's rays filter down through the branches, falling from the canopy in fluffy patchwork patterns. They paint a stained-glass window on the ground, hazy shades of green and yellow that ripple to the rhythm of the wind. I lengthen my stride and whistle as we make our way through the dense forest. In front of me, Kiddo cuts, slices, snips and chops without stopping. Using her beautiful forelegs like sickles, she prunes the thorny bushes and clears a path through the prickly undergrowth. Following behind, I break up the cut branches, releasing their Mana so I can put it back into the plants we have wounded. Behind me, the plants start to grow, bud and flower again. And once I've passed through, it's as though we had never beaten a path through the brambles and brush. As though we had never been there. Now regenerated, the forest continues to rustle with its usual sounds.

As we emerge into a clearing, I look around and take in the sight. Above the thorny undergrowth, large, juicy and strange-looking fruit hangs in heavy yellowish clusters. Intrigued, I approach one of them. I hold out my hands, and Orchid cuts one of the stems, causing a string of fruit to fall. Using Alteration, I examine it and study the ideas it's composed of. No trace of ""Poison""... Feeling reassured, I get out my knife and cut into one of them, which releases an emerald juice containing tiny seeds. I sniff it, then lick the juice running down my wrist. My mouth is filled with a tart, grassy flavor. Mmmm. I bite into the fruit, wondering if it would go well with fish or shellfish. And we need to find a name for it. Any ideas, Kiddo?"
018da8b3-a093-ec2d-3de1-83773a5cf5b4,ALT_COREKS_B_MU_04_C,Character,"Muna Caregiver",,"""We don’t inherit the earth from our ancestors, we borrow it from our children.""",,,"Her movements are cautious and precise. Slowly, she moves the dragon's eggs. One by one, she feels them, examines them, being careful not to rush the wyvern. I watch, fascinated by how gentle she is and how much the scaly creature trusts her. It could devour us with one snap of its jaw, but it does nothing. It seems soothed, even happy about the Alterer's healing. Concentrating, I can see that the healer has woven the idea of ""Warmth"" into her hands, and that she's incubating the rough-shelled eggs as she examines them. As for me, I dare not move for fear of disturbing her, not to mention the mama dragon who is, at best, merely tolerating my presence for now. I'd rather not end up barbecued, or with my clothes singed...

A sudden cracking sound. The wyvern's eye opens slightly, its gold-edged pupil narrowing to a thin slit. The healer doesn't flinch. In fact, she exudes an astounding kindness, a wave of warmth, comfort, serenity and gentleness that puts me at ease as well. I go wide-eyed upon seeing that the shell of the egg in her hands is splitting open. Something is pushing from the inside, making a web of tiny cracks on the cocoon's outer wall. Enthralled, I see a little snout emerge from its scaly casing and let out a hoarse groan tinged with surprise and confusion. A little wyrmling appears, its eyes still closed. Under its mother's watchful gaze, the healer cradles it tenderly, removing each little bit of shell stuck to its still-soft scales. She tugs on the membrane, and the albumen drips onto her toga. Then she gets to her feet and presents the newborn to the dragon. Another crack, another egg hatching. She waves me over..."
018da8b3-a095-1637-1e8e-44a44ada27ee,ALT_COREKS_B_MU_05_C,Character,Kitsune,,"""Want to play a game of headman-hunter-fox with me? I promise not to cheat!""",,,"I jump between the mossy rocks, going up the stream as it gurgles in its bed. I hear Nauraa behind me playing in the water. He splashes all around, maybe pursuing silvery fish or the little green crawfish that people sometimes come here to fish. I turn around and lecture him. That's not what we came here for today. He looks disappointed, his ears flattening behind his head and his lips pouting, but he joins me anyway. Today we have an offering to contribute, and Mom said not to do anything else before leaving it. I climb a slippery, lichen-covered rock, Nauraa helping me along with his nose. I lift myself up to a little waterfall between the rocks, then squeeze into a narrow canyon that is shaded and cool. Meanwhile, Nauraa leaps over me and watches me walk from up above. He keeps his gaze on me, his tongue hanging out.

I finally make it to the little Fox Spirit altar. I clasp my hands and do a quick prayer before placing a few sticky rice sweets on it. I place the dumplings in a pyramid stack on the lacquered wood plate and call on the deity, closing my eyes like Mom taught me. Behind me I hear the clatter of a few pebbles in the swirling stream, and the jingling of a few bells. I turn around to see Kitsune playing with her ball — her Hoshi-no-Tama. She marvels at the pile of sweet and savory dango, a mischievous grin lighting up her face. She hops over to me and gives me her ball, before gulping down one of the dumplings. She chews her treat for a while to better savor it. Then she rummages through her bag and places a few glittering fish on the ground, making Nauraa drool. She turns to me and hands me something wrapped in an oak leaf."
018da8b3-a098-0e21-df55-19c426023d29,ALT_COREKS_B_MU_06_C,Character,"Spindle Harvesters",,"Some say the harvesters are the caretakers of the world-trees.",,,"I grab the vine and pull myself onto the branch with an effort, my heart thumping in my chest. Don't look down. Don't look down. I take a deep breath to drive out my fear, along with the dizziness of being so high up in the air. Above my head, the Spindle Tree's branches sway in the wind, like pink clouds eclipsing even the bright blue of the sky. Come on, just a little further. Hmmph. I climb a flight of steps carved into the wood to reach another branch, and then cling to the world tree's trunk, struggling not to give in to vertigo. I know I'm secured with rope, and that Orchid is watching me, ready to spread her wings to catch me in midair, in case... No, better not think about that possibility.

I slowly unknot the cord keeping me tied to the via arborea, and grasp the rope that will take me higher still. At this height, everything reels, and I don't dare imagine what it'll be like even higher up. But as I do my best to muster my courage, after quadruple-checking to make sure my knot is completely secure, I see little figures descending along the trunk, their claws sinking deep inside the bark. The tiny rodents jump, nibble, and swirl around furiously, oblivious to being hundreds of yards off the ground. Watching the Spindle Tree's harvesters play like this soothes my mind a bit. I wish I could have such a carefree attitude, such a blatant disregard for the height... Perhaps, through them, the Spindle Tree is sending me a sign to encourage me in my ascent. Come on, follow their example, Rin. Just a little bit further..."
018da8b3-a09b-e216-a2e0-14fa5ead3673,ALT_COREKS_B_MU_07_C,Character,Mowgli,,"""Wake up, you lazy furball!"" ",,,"I set down the basket of offerings at the threshold of the old forest, as required by tradition. This is how things have been done for centuries, since the day this village was established. I know the other villagers are still afraid of the forest, and I too might have been reticent to venture so far into the woods just a few months ago. But ever since I had that dream, it's as if a veil has been lifted, taking all my unwarranted fears with it. For even the old forest is part of me. I don't entirely know what that means yet. But ever since then, Alteration has come naturally to me. And Eidolons will often manifest around me, sometimes even when I don't want them to. But at this particular moment, I know full well who I wish to call forth.

In my mind, there's a snap amongst the branches. A figure drops down from the foliage of the old oak tree. It's in my imagination, of course, but with the Mana I'm breathing into them, the scene and the character I've conjured come alive. The child straightens up, gazing at me intensely from behind jet-black curls. He's wearing a headdress of twigs and leaves, a belt, and a loincloth of feathers and flax. His dark skin, smeared with dried mud, is adorned with ceremonial paints. And as I stare back at him, I feel I can identify with him. Mowgli can move freely on either side of the border, both in the world of humans and off in the feral expanses. Did he belong to both, or was he in fact rootless? He approaches the basket and checks its contents. And wordlessly, we exchange a smile. Perhaps it was a positive thing, to live on both sides of the threshold like this..."
018da8b3-a09e-926a-2e0f-aa423075ab1f,ALT_COREKS_B_MU_08_C,Character,"Sneezer Shroom",,"Little fella's got so mushroom in his heart.",,,"I apply a wet cloth to the little girl's forehead, then put the back of my hand on her cheek. The fever has gone down enough for us to try and treat her. Like many others, she was affected by the minor Tumult singularity that appeared in the village. Blessedly, the damage didn't extend to lost lives. I nod to her father before channeling my Mana. Through the prism of my mind, I call on the little creature that can help us here. The mush appears and falls backward, before getting back up with difficulty, its nose running. It stares at me before turning toward the young patient, its eyes narrowed and face tensed up, as if it were stifling a sneeze. I know it'll help me to purify her Mana, which was destabilized by the Tumult.

The sneezy fungus moves purposefully toward the child, looking focused and serious. It climbs onto the bed and the covers, sniffling several times along the way. Then, looking at me one last time, it extends its mycelial network from its little feet and spreads it to the girl's skin. Its filaments absorb the tumultuous Mana, continuously gulping it up. The young girl stirs in her sleep, and her father tightens his grip on her hand. The treatment will tire her out a great deal, but I already feel the mush doing its work, filtering her Mana through its body. Without warning, I start to tickle the creature's nose, and it immediately sneezes. That sneeze releases countless droplets of healthy Mana into the air, which I begin to collect despite its irate expression. Feeding this energy to my patient should quickly restore some of her color."
018da8b3-a4d1-202d-a8ef-95941e9d0674,ALT_COREKS_B_MU_09_C,Character,Kodama,,"We look on with benevolent eyes, not knowing what its future holds.",,,"They can sometimes be seen dozing off in their fleshy bubble. Often they're found near a mistletoe branch, camouflaging within its pulpy, translucent fruits until they hatch. And when the cocoon breaks open, they stretch and then explore the branches of the venerable old trees, sometimes without touching the ground... though they prefer it mossy if they ever do. There were already many of them in the blue forests of Nutsuwa. But here in the Katkera, you could easily spot one or two beneath the canopy at any time, if not a whole swarm of little white figures watching us, curious to know what we were or what we came here to do. According to Turuun, Kodama are spirits of the trees, and seeing them in abundance is a sign of their good health.

We make our way beneath the leafy canopy, Turuun riding a yak, me riding a mule. Kiddo must be close by, but there's no trace of her around here. Perhaps she's hunting something, or fending off potential predators that got a bit over-ambitious. But I'm not all that worried about it, in the end. The trip here, from the shores of Kirighai to the middle of the forest, has been fairly relaxing. Except, of course, for my aching thighs and rear... Above me, a group of Kodama scamper along a branch, leaning forward to look at me with their big innocent eyes. I sit back against the gear the mule is bearing, then greet them with a cheerful ""hey!"" And as I pass under their little wooden lookout, they answer me with a little wave."
018da8b3-a4d4-158e-f1ba-78cc58594e6b,ALT_COREKS_B_MU_10_C,Character,"Yong-Su, Verdant Weaver",,"Green is good.",,,"Next to me, a weasel slinks up the railing and comes to perch on a little promontory of lacquered wood. I bend down slightly so it can climb on my shoulder, and it doesn't need to be coaxed. After a mad dash along the nape of my neck, gliding from shoulder to shoulder beneath my hair and eliciting a few laughs from me, it positions itself on my head, watching. The wood of the landing creaks under my feet as I follow the languid procession. But despite the time it takes to cross the Mugen, it's a celebratory occasion. Robins dance with avocets; foxes and badgers play between the pilgrims' legs. During Ryukkôsai, they are no longer predators and prey. All species respect the truce decreed by the Muna.

I finally arrive at the sixth island, where hundreds of frenzied fireflies are fluttering around. I bow down before the altar devoted to Yong-Su, clapping my hands three times as a sign of respect. When the capital was cut off from the world by a Tumult singularity and condemned to famine, it was he who created the Mugen, the bridge with 19 sections connecting the Katkera to Arkaster. The Alterer had managed to convince all the sentient species of Kirighai to gather offerings and bring them to the crowded metropolis. Thanks to him, and thanks to that miraculous bridge, the capital managed to survive. Nearby, a blueback orangutan begins to holler, and is then imitated by many other animals. Upon the calm water, Yong-Su's Eidolon has manifested, floating in the air, while at his feet, rippling circles lazily glide over the surface. Lotus flowers begin to bloom beneath each of his steps. I bow once more, tears in my eyes at his appearance."
018da8b3-a4d7-c090-b105-90b1d10303bb,ALT_COREKS_B_MU_11_C,Character,Inari,,"Harmony may bloom from a single act of kindness, as a rice field may sprout from a single grain of rice.",,,"The sounds of taiko fill the air, while sparks shoot up from the bonfire and drift into the night sky. The priestesses quicken their rhythm, their sticks striking the skin of their drums. The music is intoxicating, the atmosphere otherworldly. I raise my bell instrument and shake it while starting a short dance. My movements are as slow as possible, like Dad taught me before we left. I try not to linger on the crowd, even though I know all eyes are on me for my first service. My heart is pounding, but I ask it to quiet down. Many are hoping the next harvest will be rich, and they're counting on me to bless the crops. I channel energy from the forest, the streams, the dormice and the badgers. I absorb it like a wave, gentle and sensuous. It is time to summon Inari, and to bestow our offerings on them.

The Mana spreads out around me, and the deity manifests near the pagoda. Their figure is evanescent at first, then takes on a more substantive form. They haven't chosen a gender this time, embracing a unique, non-human appearance, tinged with the aspect of the fox. The Eidolon approaches and joins in the dancing, adapting their movements to mine. Euphoria overtakes the jitters, and I begin to smile as our steps harmonize. The flutes let out a shrill lament into the night, piercing the sounds of nature. Fireflies glow and flicker among the branches, while twilight flowers timidly blossom... Something akin to a summer fever on this spring evening. We twirl in a crazed waltz. We pirouette, like two bumblebees around a flower. Then the music abruptly stops, and our bodies freeze."
018da8b3-a4da-740a-b81c-44b0e785fd94,ALT_COREKS_B_MU_12_C,Character,"Daughter of Yggdrasil",,"The children of Yggdrasil now take care of the world trees.",,,"I leave the thatched-roof house, Spike on my shoulder, as the midday sun beams down on the fields. The village elders follow me, hopeful. For a couple of hours, they told me of all their problems, from the surprise freeze that killed the seedlings last spring, to the frequent incursions of wild beasts into their fields. Their crops were presumably also impacted by the unexpected cold, and so they were brought down to this dale, driven by hunger... I kneel down and grab a handful of dirt. I feel it through the Skein, that this soil is fertile and is begging to sustain life. But to sow it once more, the locals must get through winter and the Season of Mists... They need my help, and far be it from me to deny them.

I stand in the center of the meadow and set Spike down next to me. He clings to my leg while I prepare to use Alteration. I feel my threads of Mana intertwining with those of the earth, and I focus, calling to my mind the ideas that will form a Daughter of Yggdrasil: the prolific ""Abundance"", the immense ""Generosity"", a whole string of luxuriant concepts... I propagate them, weave them together. The sentient tree spreads out before me: root and trunk, branches and foliage. She opens her eyes as her canopy is covered in flowers, then fruits. Around me, the children are the first to run toward her. The Daughter smiles at them, lets them climb her, while rustling her leaves as if laughing. I'll have to spend a great deal of Mana to make her gifts endure. I call upon the life-giving earth, upon its wealth..."
018da8b3-a4dd-4a8a-58a1-748c51ef3e61,ALT_COREKS_B_MU_13_C,Character,"Muna Druid",,"""We are the sentinels of the Skein, always keeping a finger on the pulse of nature.""",,,"I turn around and see my parents in the distance, while we move away. My father holds my mother in his arms, their small figures silhouetted beneath the foliage of the trees. I feel tears forming in my eyes. I don't know when I'll see them again... My whole life, I've only known the Earth Refuge and its shaded canopy. I try to capture everything with my gaze, to keep it all firmly rooted in my memory. Here, a cluster of low hills where we used to play with Nauraa. There, a tree where we used to shelter from the rain... I tighten my grip around a tuft of my Chimaera's fur. The giant fox lifts his head and looks at me with a hint of sadness. He too must be feeling distress at the thought of leaving our home. But no matter what happens, we'll always be there for one another.

In front of us, the Muna Druid rides his mount without hurrying. For the next few years, he will be my instructor, my professor. I've seen him many times, meditating near the river, his expression serene yet attentive. Like many other Muna, he had come to the Katkera on a pilgrimage, staying with us for a few days before leaving again. His laugh was bright, and he was caring. He graciously answered every question I asked about the capital, the other peninsulas, and Asgartha in general... But seeing him again after his journey filled me with a strange foreboding, like a dull trepidation. He'd had a long conversation with my parents. And when they left the monastery where they'd shut themselves in, a single look was enough for me to guess that my entire life was about to change."
018da8b3-a4e0-3ea9-9985-91d0b89c1848,ALT_COREKS_B_MU_14_C,Character,Cernunnos,,"You can feel it in the trees, deep beneath their roots - the very heartbeat of nature.",,,"The bonfire throws sparks up to the evening sky, its flames shooting into the night like so many airborne tongues. The drums echo beneath the canopy, their sound reverberating against the trunks and throughout the Katkera. The smoldering logs crack as they collapse, sending out another wave of wisps around them. At the edge of the clearing, a number of elks look on, offering their last respects to Valpas, the eldest of their species. Around his remains, a large group of Muna slowly dance, moving in tune with the woodblocks and percussion instruments. The Musk Refuge priestess raises her hands to the sky and lets out a resounding howl. I feel the Mana stirring in the fabric of the Skein; I feel her calling upon nature to manifest her Alteration. Suddenly, the forest begins to rustle. The elks strike the tree trunks with their antlers.

Emerging from the fire in a bright haze, the horned god steps forward into the circle of Muna officiants and walks up to the late venerated elder. He kneels down next to Valpas and lays a hand on his cold, stiff coat. I sense the Skein's fragile strands rising out of the soil and spreading into the remains, absorbing his being. Insects begin to run over his lifeless coat, mushrooms begin to sprout from his flesh. Within a few moments, the old elk decomposes, as if drawn into the soil and humus. He returns to the earth, while the ideas that comprised him are scattered on unseen winds. Then the Muna bend down to collect his Mana, all the energy that rooted him to reality. It would later be reseeded so his essence could merge with that of nature."
018da8b3-a4e3-cd3a-576a-ae6f0a6773e0,ALT_COREKS_B_MU_15_C,Character,Dracaena,,"They're sometimes seen dozing close to a pond, soaking in the water and the sunlight... ",,,"The dracaena lands on my forearm, its speckled wings quivering excitedly. Typically these creatures are rather placid, practically lethargic. But this one came right up to me, in an unusually frenetic way. It chirps emphatically, wraps its tail around my hand insistently. Nauraa, intrigued, brings his massive snout toward the draconic plant. ""Tasty"", I hear him say in my head. I glare at him, although I know he's only joking. The dracaena is trying to get my attention, to lead me somewhere. I nod to it, and it quickly takes flight, buzzing away. I get on my Alter Ego and ask him to follow it. Nauraa giggles and begins chasing after it, his paws lightly treading the loose, marshy ground of the bogs.

The dracaena darts through the undergrowth of birch trees, their frail black-and-white silhouettes whipping past us on all sides. A mist of golden-brown pollen drifts above the tall grass. The Kiragata Wetlands have always been known for their tranquility, and despite my guide's anxiousness, I can't help but marvel at these serene, idyllic landscapes. Nauraa's voice echoes in my mind. He smells something human. My delight suddenly gives way to horror. In front of me, the marsh is overturned, trampled, and ravaged. The trees have been unsparingly felled. The dracaena flits left and right, squeaking loudly. Yes, it was right to bring me here. I stare at the tools the humans have stored at the foot of a tree. The community established nearby saw fit to take possession of this land without getting permission from its other inhabitants... I'll need to call them to order and relieve tensions."
018da8b3-a4e6-0b17-2746-08d0a93237fa,ALT_COREKS_B_MU_16_C,Character,"Aloe Vera",,"Moisturizing every day is essential.",,,"You win, Spike! I tap into the bits of Mana he's gathered along the way. Yeah, I know, buddy. Scanning the surrounding area, I spy a place where the terrain might be a good fit. It's a little basin, nestled in between large rocks and well placed to shelter us from the wind. Then I imagine a natural pool surrounded by little waterfalls, with sulfur-tinged water and a nice temperature — not too hot, not too cold. Drawing on the Mana, I materialize my illusion, superimpose it onto the world. With help from the Skein, I embed it within reality, so that the onsen will stick around long enough for us to enjoy it. I let out a long breath. Spike is already rushing to the hot springs, being careful to avoid the snowbanks. He dives in and does a cannonball, before coming back to the surface to splash around.

I feel him tugging on our bond, on my Alteration powers. Such a kid. Of course, there's still something missing here. I call little Vera from my mind, and the graceful plant appears not far from the pond. Delighted to see her playmate again, she sinks her long slender legs into the steaming water, and Spike motions again and again for her to join him. I watch them play in the water like children, while a fog settles in around us as warm and cold temperatures collide. I keep watch on the surroundings. The rocky terrain might be harboring any number of unexpected dangers. Suddenly, I notice Spike has come up to me. Pouting, he then implores me with his eyes. Oh, really, it's that important? He nods vigorously, and I eventually give in to his whim. Two iced teas for two rascals!"
018da8b3-a4e9-9f94-10fe-6202413b5699,ALT_COREKS_B_MU_17_C,Character,Aja,,"She is the soul of the forest, the patron of herbal medicine. From herbs and roots, she mixes potent potions.",,,"She crushes dried herbs in her mortar, then adds a pinch of seeds before grinding it all into a fine powder. A few drops of essential oils, a little sap... and the mixture becomes a sticky, aromatic paste. Attentively, I watch Aja prepare her salve, while next to her the contents of her cauldron boil. I blink, then focus on my own concoction. I grab a bunch of sage, grind a few sprigs with my pestle. In a corner of the room, between the hearth and the window, Turuun sweetly hums an old lullaby as the fragrance of coriander, rosemary, and thyme fills the space. I mimic each of the Eidolon's movements, mix my own ointment, then apply the thick balm to a recently boiled and sterilized strip of cloth.

Aja wipes her hands and stands next to me, inspecting my work. The Orisha nods, clearly satisfied. My poultices may not be as neat as hers, but I can't help but smile and be proud of what I managed to do on a first attempt. She begins folding them, then wraps them in broad leaves before storing them in individual pouches. Tomorrow we'll hand them off to a traveling merchant from the Cornucoopia company to be delivered to the Musk Refuge. Once everything is packed up, I turn to the cauldron and its warm aromas of ginger, paprika, chervil, and cloves. The boiling liquid gurgles. I turn toward Aja and ask what this potion will be used for. Turuun bursts out laughing, and the Eidolon smiles in turn. Embarrassed, I feel myself turning bright red as it dawns on me. It isn't a potion she's making, but more than likely this afternoon's stew..."
018da8b3-a4ec-b802-237d-a52276d6b03a,ALT_COREKS_B_MU_18_C,Character,Parvati,,"Only in harmony can the world thrive.",,,"I plunge my hands into the riverbed where the water widens and stagnates, adorning itself with lily pads. I watch the earth dissolve in the pristine water, a few colorful fish swimming beneath the surface as I rub off the mud cakes on my wrists. I could probably use a deeper washing. I take off my jacket and my dirt-soiled shirt, hastily remove my breeches. Naked, I make my way through the stream, shivering despite the sweltering heat. I move slowly to keep from slipping on the mossy stones, until the water laps against my navel. I stay there, motionless. Thoughtfully gazing at my reflection. Suddenly, I feel a hand on my cheek. I straighten up and find myself face to face with a uniquely beautiful woman. No, not a woman. An Eidolon.

She watches me with a kind gaze, a soft warmth radiating from her hand to my cheek. And through this contact, a thousand images are projected in my mind. She and her husband Shiva embracing. Their essences joining, mingling. Then suddenly, as the lotus flowers begin to open around us, I come to understand that every being is ultimately a blend of feminine and masculine... Parvati encourages me to observe my reflection again. And now I see that it doesn't define me. It's part of me, it belongs to me. It's my playground, and I'm free to do whatever I like with it. The body is not a prison, but a canvas. I see myself smiling, then explore my eyes, my forehead, my shoulders that look a bit too wide to me. With the right tunic, I could soften them. With earrings, I could break the overly square lines of my jaw. Suddenly I am moved to tears, as a newfound sense of peace and excitement take root."
018da8b3-a4ee-ab56-b88c-1cd1c9f16e57,ALT_COREKS_B_MU_19_C,Character,Verdantback,,"Slow and steady wins the race.",,,"The onlookers gape as we go down the crowded thoroughfare. The weavers stop spinning to watch us pass by, and the merchants look up, bug-eyed, from their grilled-meat stalls. I pet Nauraa to remind him to be patient. Even though he's drooling, he'll have to wait. We have an appointment that we can't miss. Admittedly, we must be making quite the impression — me on a giant fox, and beside me, an immense and imposing turtle that the people of Arkaster aren't used to seeing in the streets of the capital. The venerable verdantbacks seldom leave their natural habitat, but the situation warrants it. The one that accompanied me is probably several centuries old. He might've been around when Asgartha was founded... His vibrant shell is covered in thick vegetation, home to any number of little critters.

I smile on seeing a few rodents moving beneath the foliage and pausing to sneak a peek at me. A silvery lizard sticks its head out of a hole in an old mossy trunk, probably lured by the unknown smells wafting in the air. Colorful butterflies flutter between the stalks rising from the turtle's back. So in the end, it isn't just three of us in this procession. I stand up on Nauraa, puffing out my chest. I'm honored to have been chosen to escort this delegation. Our mission is vital for the future of the Kiragata Wetlands. We've come to request the aid of the government and the other Factions in fighting an evil that has plagued this land for far too long. The Fagn, that accursed swamp, is only growing, as it chips away at the surrounding areas. We have to be heard. We have to succeed."
018da8b3-a4f1-0feb-df8b-3f836215b050,ALT_COREKS_B_MU_20_C,Character,"Coniferal Coneman",,"""Dosukoi! Let’s put it in the ground!""",,,"The Coneman growls and strikes his chest, threatening the villagers standing behind me. I walk towards him, my hands outstretched in peace. Beside me, my Alter Ego snarls in defiance, prepared to act if he should attack me. I watch as the giant's massive fists close like hammers. He shouts and pounds the ground, sending clumps of earth flying. Like all varieties of Coniferal Conemen, he is hot-tempered and quick to violence. But I won't let him get that far today. I raise my hands and approach, prostrating myself to show respect. He beats the ground in front of me, rattling the nearby trees. Nauraa asks me to be careful. He knows how dangerous these fellows can be when they see red.

And our friend here is right to be angry. The village was set up with no attempt at consultation with the other species here. But I have to make him understand that they had no choice but to settle in this place. They were driven from their home by the spread of the Fagn, an area of putrid muck that is slowly reaching the rest of the wetland. Once they were displaced, circumstances forced them to live here, but they failed to consider the opinion of this land's first settlers. I get down on one knee and humbly bow to him. Conemen may be cantankerous, but all they really want is to be respected. He continues to growl, but has stopped hammering the earth. I place a cup on the ground, then pour in Mana-charged water from my canteen as an offering. Excellent. We can finally have a discussion, he and I."
018da8b3-a4f4-3754-b4b7-ccc63772553b,ALT_COREKS_B_MU_21_C,Character,"Son of Yggdrasil",,"World trees like the Spindle may have grown from the seeds of the Cosmic Ash.",,,"I climb onto the gnarled hand the Son of Yggdrasil holds out to me, clinging to his bark skin while he lifts me up onto his shoulder. As the wind whips my face, I hold my breath and hold on to the few branches covering his outer layer, trying not to look at the ground down below. And when he begins to walk forward, the Eidolon makes the earth quake, the tremors traveling up his limbs to my bluff. The giant steps over a hill, grasping a mountain ridge to climb a steep foothill. The blustery wind is so strong all the way up here, I can scarcely open my eyes. And Kiddo isn't one bit comfortable either. Her iridescent wings tremble whenever he takes a step, buzzing frenetically like a hummingbird so she can maintain a little balance.

But when I glimpse the horizon, my fear instantly vanishes. At the threshold between sky and earth, I can see the Tumult's effluvia shimmering like a mirage. So that's where I come from. Somewhere far off. Although Orchid couldn't tell me exactly where she found me, I know it wasn't in Asgartha, but in a place where enormous flowers spring up from the ground. That means there were other Oases where human life was possible, and that other peoples lived in what we called Terra Incognita. Feeling more confident, I dare to peek down below. With one step, the Son of Yggdrasil covers miles, crossing the forest as if it were a backyard vegetable patch. He is careful to avoid trampling the trees, leaving huge footprints in clearings and bogs. If not for him, it would've taken me days to get across this wooded expanse... I feel the excitement coming over me. Next stop, Amorgand, to find my father!"
018da8b3-a4f7-271c-6094-834488dcb735,ALT_COREKS_B_MU_22_C,Character,Hydracaena,,"When they reach adult size, it's clear that the Dracaenas have really thrived on all that rest and relaxation.",,,"I climb the hill, relying ever more on my staff as I near the summit. The straps of my bag rub against my shoulders, and with each step, it almost seems to be getting heavier. Perhaps I'm inadvertently attaching the idea of ""Heaviness"" to it, or — much more likely — I'm simply tired. I set my pack down on the grassy ground and open my shirt partway. Even though, after three weeks on the road, my body is getting used to this new pace, I suppose I may have overdone it a bit. I lean back against a lichen-covered rock and open my pouch to grab a treat. The old woman I helped by digging her well rewarded me with quite a few provisions, but they're beginning to run out.

Okay, let's go. I take a swig of water and haul my gear onto my back again. Maybe it's time to visit a human enclave to stock up? Though deep in thought, I still remember to leave a piece of biscuit for the little Chimaera that must still be following me. But just as I'm about to leave, a shadow falls from the sky. The creature perches on the rock I just left, spreading its plant wings. My eyes go wide as I recognize a dracaena, its size so imposing that merely batting its wings makes my legs wobble. It has grown so much that it now has multiple heads... all of them are turned toward me, and looking a tad hungry. I know I have nothing to fear, as they're far more partial to fruit than to meat. It must have gotten a whiff of my last apple. Well... life on the road is certainly full of surprises..."
018da8b3-a4fa-81c7-a4da-b7a364590c19,ALT_COREKS_B_MU_23_C,Character,"Muna Merchant",,"""What do you need?""",,,"I push with all my might, my feet slipping in the mud. On the other side of the carriage, the merchant pulls on the bridle of his giant raccoon as best he can. Slowly but surely, the cart's wheel gets unstuck and begins rolling down the sodden road once more. I exhale deeply as the traveling grocer waves me over. Going up the muddy slope, I notice Spike discreetly poking his head between a wooden barrel and a stack of wrapped crates. I smile at him, and he starts doing his happy dance. The slightest win on our part has always made him euphoric, almost intoxicated. The peddler from the Cornucoopia franchise hands me a canteen, and I quickly take a few swigs. I must say, Kimo has been pleasant company the past few days.

In exchange for a little help loading his wagon, he offered to drop me off at the next hub. For a place at his fire and some of his rations, I agreed to sell his goods at the various markets we came across, while he would trade and barter some other wares of his own. Then that night, he would tell me what he'd seen throughout his career, and what it meant to be part of the Muna. He wasn't fooled. He could tell I'd been awakened too. Though he couldn't believe no one had explained to me what it meant, and everything that spark entailed. While cooking up the contents of his cans and jars, he suggested I go to the Spindle Tree, so that officiants there could train me further. And maybe I would go there. But for the time being, I was quite content with that small stretch of road by his side."
018da8b3-a4fd-4528-9fbc-ebebb8780939,ALT_COREKS_B_MU_24_C,Permanent,"Bountiful Meadow",,"There's no greater joy than seeing all that is green thrive and grow.",,,"Now available from Cornucoopia - Discount applies until December 2, 393
Gardening Section

LIQUID FERTILIZER
Spring Dew Line
1 oz bottle - 5ƒ99
Liquid fertilizer, loaded with Mana and the concepts of ""Resilience"" and ""Luxuriance""
Can be used in a spray or a bubble machine, ideal for gardens and meadows

Cornucoopia offers a wide range of liquid fertilizers to meet all your springtime needs. Fun and easy to use, put them in bubble wands or concentrated sprays to sustainably fertilize your fields, shrubs, and gardens. Even in the dead of winter, your days will be brighter when you see vegetation flourishing as luxuriantly as in the warmer season. Guaranteed quick flowering, low maintenance.

Also available in 2 oz (10ƒ99) and 4 oz (19ƒ99) bottles

SPECIAL OFFER: When you buy a 4 oz bottle, get a free packet of seeds!
Your choice of: Sarcococca hookeriana humilis, Daphne odora, Clematis armandii, Rosa x centifolia Muscosa, Lonicera japonica Aureoreticulata, Trachelospermum jasminoides"
018da8b3-a4ff-0448-9aeb-8254a6831171,ALT_COREKS_B_MU_25_C,Spell,"Meditation Training",,"Don't think you are, know you are.",,,"I take my place on the soft ground, trying to slow my breathing. For a moment I picture myself in the Katkera, beneath the foliage of the trees swaying above my head, while the Sun's rays pierce the canopy. But we're far from Asgartha, under unknown skies, and the trees here are foreign to me. This forest is ancient as well. But its soaring trunks are the color of marble, its flickering leaves the shade of honey. I take a deep breath and sit on the mossy ground. Will these venerable trees answer my call? I immediately feel the strands of Mana crackle under my fingers as if to signal their agreement. They don't seem to reject my presence. On the contrary, they invite me to start resonating with them. I extend my consciousness. My mind goes up along energetic veins that stretch out like mycelium.

I enter the Skein, the network of energy connecting all things and all beings. I could tap into it, but that's not what I'm doing right now. Instead I infuse my own Mana into it, stabilizing my environment, along with everything unfolding in it. Nearby, I sense the Eidolon I materialized suddenly shuddering slightly. His Mana is weak, and he is dematerializing. I harness my energy and that of the world around me, make it flow toward him. The channels become streams, which become a river... Gulp after gulp, I nourish his being, restoring some of his substance, until he vibrates with energy once again. Then I open my eyes, thanking the trees all around me. After a short meditation, I stand up and get going again. Above my head, the branches flutter and the leaves rustle, pulsating with reality."
018da8b3-a502-8f3a-4f19-b841c130330c,ALT_COREKS_B_MU_26_C,Spell,"Mana Reaping",,"Everything is energy and that's all there is to it.",,,"Without hesitating, she rushes headlong through the burned-out thickets. I follow her as best I can, coughing loudly, trying to persuade myself that my meager Alteration skills might somehow help her. Ashes fall around us as we walk upon a white-gray carpet of them, beneath which embers are still smoldering. The Hellequin huntress manifests the idea of water, and a bubble of cold liquid bursts above us, showering us in the process. My drenched clothes immediately start steaming from the stifling heat. Gasping for breath with a stitch in my side, I manage to catch up to her, and she appears to be conversing with a fox. The fox points one way with its snout and scurries away in the opposite direction, while she sets off once more. I surely would've liked to rest for a bit, but time is of the essence.

I grumble and get moving again. We have to put out this forest fire no matter what, before it ravages the eastern slope and spreads to the undergrowth. That's where Yurij's operation and Oowaite's farmstead are... and the village cannot afford to lose them. Suddenly we emerge into an area that appears yet untouched by the blaze. Where has the fire gone? Then it dawns on me as I see a little Jinn floating lazily in the air, near a bed of mushrooms and wildflowers. Was it an act of malice? Who could have dared to summon such an Eidolon during the dry season? I sense the huntress connecting to the Skein and delivering her sentence. Without hesitation or remorse, she draws the Mana from the creature, dematerializing the ideas that comprise it before it can cause any more damage. I plop down on my behind, exhausted and frustrated at having been no help at all."
018da8b3-a505-5e50-7684-1ffbdeb72b70,ALT_COREKS_B_MU_27_C,Spell,Nurture,,"When the sun shines, we'll shine together.",,," ""The Muna's relationship with nature is unparalleled. Few others can claim to be as closely linked to the things and beings around them. Of this we have collected many clues, if not outright evidence. The matter is not so clear at first glance, however. When you study Muna philosophy, it can be distinguished as primarily inward-facing. But do not see this as egocentrism — quite the contrary. The Muna practice introspection, owing to which they possess a self-knowledge far exceeding most ordinary individuals. I think this internal wisdom is what ultimately guides a Muna's relationship with the world and with others. Being lucid about themself, they can focus their full awareness on what they want to contribute to what is outside of themself. They know their place in the world. Certain unknowns remain, of course. What the Muna call the Skein is one of them. If what they say is true, Mana — which we thought was a result of the Confluence — could have existed before the cataclysm. But it was invisible then, firmly rooted in living beings and inanimate objects. According to their claims, this Mana is arranged within a vast and interwoven fabric. As we are not Muna, we cannot verify this information. But if it were found to be true, this would open new perspectives on what we might be able to accomplish... perhaps even find a solution to stabilize reality!""

Testimony from Issur, 157 AC
At the panel to decide the Muna's status as a Faction"
018da8b3-a508-50b1-7bf3-7a92261e6e6b,ALT_COREKS_B_MU_28_C,Spell,"Beauty Sleep",,"Yet beware of splinters of flax.",,,"It's an odd sensation. I know I'm sleeping. I'm right where I closed my eyes, leaning back against the big ginkgo biloba that overlooks the valley. Its yellow leaves twirl as they fall, like a golden rain around me. I feel them hitting my skin more than I see them. The same goes for the goats passing by not far away. I hear the soft sound of their chewing, and of their hooves brushing the ground as they walk on the hillside. I'm asleep, but at the same time, I'm there, existing in the world as never before. And what is that muffled hammering I hear? Through the thin membrane my skin has become, I feel it spreading into my being, like an echo of the sap rising in the tree. As though I were feeling the blood pounding in my veins.

But it isn't my blood, nor even my slow breathing. It's something more diffuse, as if buried deep beneath a layer of matter. Like roots of light creeping into me and flooding me with warmth. No, not of light... of existence. Yes. I feel myself existing and becoming one with everything around me. I sense my being, embedded in a twisting tapestry that doesn't end at the boundary of my epidermis. I feel at peace, with the world and with myself. I awake suddenly, abruptly open my eyes. The sensation of wholeness is receding. It's like a gentle embrace is loosening, and I don't want to let it go. Back in my body, a sense of distress fills me then, like a wave coming over me. But at the same time, I feel like a spark has been lit within me."
018da8b3-a50b-3a92-b6fc-0b0578154c6b,ALT_COREKS_B_MU_29_C,Spell,Harvest,,"The thankful receiver bears a plentiful harvest.",,,"I take off my blue torcs and give them to Spike, taking the chance to give him a little cuddle. Sitting on the embankment, I remove my furisode and carefully fold it before setting it down next to the little Chimaera, who already has his hands full with the apatite and gold hoops of my bracelets. Around us, the cicadas sing loudly, filling the valley with a deafening clamor. Once I'm ready, I join my auncle in the dried-up rice field. Arjun is already busy cutting the rice stalks, their back bent and their forehead beaded with sweat. I pull out my own sickle and begin copying them, the whole time watching their stocky figure grabbing bundles and laying them on the edge of the field. I can't believe they'll be gone in a few days... Once the harvest is complete, they'll take their backpack, and they and Spike will set off for Arkaster.

I sigh. I was just getting used to having them around. They had been away during my entire childhood. Of course, Mom always talked about them. But apart from the handful of times they visited us, I'd never had a chance to get to know them. And now, here they were going away again, this time maybe for good... I set down a bundle in front of Qaaje, who takes it to Astana and Celestino. I watch them thresh the stalks over a wooden tub to extract the paddy rice, which will be dried and then moved to the manual huller for husking... But no matter what I do, my attention keeps going back to Arjun. They're the one who taught me the basics of Alteration. When they're gone, I'll have to keep up with it on my own... They turn around then, wiping their sweat-covered forehead. I notice the tangerine-colored cord I gave them hanging around their neck, and my eyes well up with tears."
018da8b3-a50e-7e6e-7f57-0c3c6e003594,ALT_COREKS_B_MU_30_C,Permanent,"The Spindle, Muna Bastion",,"Within the Spindle's trunk is the Bark Refuge, the sanctuary where the Muna converse with sentient plants.",,,"Once we make it to the very top of the steep hill, the Spindle Tree spreads out before us in all its magnificence. I've noticed its pink foliage between the treetops for a few hours, but finally seeing it in its full splendor leaves me breathless. Next to me, Bokang smiles at my stunned expression. My professor has always been playful with me, all throughout my apprenticeship. But soon we'll become peers, no longer a teacher and his pupil. Up there in the branches of the world tree, scores of birds flit about like little specks of white and various colors. They say the Spindle Tree is a whole separate ecosystem of its own, practically cut off from the rest of the Katkera. Seeing it like this, I get why the Asgarthans consider it the Bastion of the Faction, even though the Muna don't have an assigned headquarters.

I realize this is the end of my pilgrimage, the final stage of my apprenticeship before I officially become a Muna as well. In a few days, I'll be fasting to purify my being. I'll have to ascend the Spindle Tree and collect samples of roots and vines. And when I finish my Namkha knot, it will signify that I'm fully part of the Faction. I pet Nauraa's nose, and he yelps excitedly. Yes, I know. Next comes the time for us to hold the Musubi, the ceremony whereby he and I will be bound in mind and spirit. I stick my tongue out at Bokang, who responds with a hearty laugh. Even now, I don't know if he chose me as a student on instinct, or because he knew the Faction would need Nauraa and me as an Exalt."
018da8b3-a510-e6f5-016b-7d5c7ad99f9c,ALT_COREKS_B_NE_1_C,Token,"Mana Convergence",,"Mana is the cement that binds ideas and reality.",,,"I watch the funeral procession as it slowly makes its way to the Asphodel cemetery. I don't want to join them. I prefer to give Matera's family some space so they can grieve in private. I notice the stooped silhouettes of her parents, wrapping their arms around her little brother as best they can. Unable to hold back his tears, he had been sobbing inconsolably throughout the ceremony. I sigh and turn my gaze towards the turquoise and icy water of the fjord. But I quickly turn away. Staring at the water for too long brings back bitter memories of her death... I suddenly feel all the hairs on my body stand on end. I turn around and see the Eidolon of Wanjiru quietly sitting on a headstone, staring at me. He greets me and beckons me to come closer, which I decide to do after hesitating briefly. Cold sweat covers my entire body.

""My condolences for your Disciple, Initiate,"" he says. ""And congratulations on defeating the Kraken."" My eyes narrow, not knowing why the founder of the Qorgan is interested in me. Have I violated a Mandate? Wanjiru simply smiles. ""I know the timing is bad, but there's no room for complacency when the safety of Asgartha is at stake. I know that the Kraken was defeated in a unique way by a young Bravos. But even though I think his intentions were commendable, his methods grabbed my attention, to say the least. Few can claim to conjure Mana in such a... voracious manner."" Kojo had indeed managed to absorb incredible amounts of Mana, much more than Alterers would usually collect. ""That's why I need you, Afanas. It would be a shame if certain secrets were to get out..."""
018da8b3-a02c-3fa4-3643-d224caba776b,ALT_COREKS_B_FOILER_C,Foiler,ALT_CORE_B_FOILER_C,,,,,
018da8b3-a513-3179-43a4-a959fe2c4873,ALT_COREKS_B_OR_01_C,Hero,"Sigismar & Wingspan",,"""Follow me, friends! If we stand together, nothing can stop us!""",,,"392 AC - Wingspan shrieks at our assailant as my sword strikes down on a different Chimera attacking us from the flank. I cast a glance at Sunisa and see that her shield already has several scratches. My aide-de-camp is covering our left and using the tip of her spear to try and repel the Tumult creatures attacking us. There are so many of them... seemingly an endless number. But we need to stay strong to allow the convoy to get through the pass. A clawed paw strikes my shield, lacerating the surface. I feel the weight of the attack on my shoulder, but grit my teeth and manage to withstand the impact. I push the creature away, using all my strength to force it to retreat. Wingspan manages to grab it with his beak and flicks it even further away.

The beasts swarming around us hiss, watching and waiting for an opportunity. I need to use this brief moment of calm to turn this clash to our advantage. Wingspan spreads his wings and takes off, his heavy wings generating powerful gusts. The creatures jump back. Now. I plant my sword in the ground, drawing on the Mana of my Alter Ego. With my free hand, I draw a Glyph in the air before placing it on the ground. The Eidolon of Maibritt appears in front of me, raising her thick shield to provide cover for me. And she's not alone. Another Ordis recruit appears at her sides. Halberds and lances glint within the ranks of the Tumult creatures. By concentrating my Mana, I call forth a torrent of paper sheets from my imagination. They fill the air and flutter around like a blizzard. Wherever a sheet lands, it sticks as if covered in glue. I smile as I see the creatures trapped under a pile of sticky sheets of paper."
018da8b3-a516-993a-7879-cedcf8530d2b,ALT_COREKS_B_OR_02_C,Hero,"Waru & Mack",,"Bureaucracy is an art that requires careful planning.",,,"392 AC - Caer Oorun, the Lost Province. Two hundred and seventy-seven years after this area was left to the... Kraken's tentacles, the Asgarthans once again walk this land... Nearly 300 years and so many things forgotten, so many mysteries to uncover and rediscover. So much time lost. I sigh and examine the ruins covered in moss, lichen and ivy. The walls of what was probably once a farmhouse have collapsed from erosion and a lack of upkeep. That was probably a large stable over there, maybe this over here was a well... Mack is on a low wall, casually cleaning his claws. He obviously can't wait to get back to the Ouroboros and dive back into the fascinating and ever-present intrigues there. Between the opponents of the Rediscovery Endeavor and the officers behaving like sycophants in their constant struggle for a little more power, there's certainly always something to do there.

But we are now an Exalt, and our first mission is to explore the vast world – while keeping an eye on the other Asgarthan champions, of course. Besides, my Alter Ego must sometimes give in to the whims of his older half. Mack shakes his head, openly expressing his boredom. He's clearly not as interested in old stones. Despite all my attempts to introduce him to history, archaeology and the study of the past, none of them has ever captured his attention for long. I smile at him as he falls backward into the thick grass and starts squirming like an impatient little kid. Patience, my friend. A worm-eaten door lies on the ground, buried under rubble and a carpet of weeds. Drawing on my imagination, I reconstruct what the building must have looked like. Ghost-images begin to move around in front of me like the lingering echo of an ancient play. Like a voyeur, I watch them."
018da8b3-a518-cf29-06cd-2bf0996b8e93,ALT_COREKS_B_OR_03_C,Hero,"Gulrang & Tocsin",,"The Ordis way lies in patience and resilience.",,,"392 AC - The rain taps against my marble skin; The Kraken roars, emerging from the deep; My great horn sounds, waking all from their sleep; But unlike the trees, I will not bend to the wind; Duty bound, there is no room to waver; The troops move as one without breaking their stride; Be brave and wear your glory with pride; Charge, charge onward with drawn spear and saber; Black sand where the waves crash and foam; O savage waters where threats lurk and roam; Charge, charge, let the hissing serpents fall; So the vile beast sinks into eternal night; And so, finally, hope shines for one and all; Make the hurricane bend before your might… Ha! I suddenly receive a lecture from Gulrang, telling me to be quiet. Is now not the right time for poetry? Just because a formidable enemy stands before us, should we suppress our artistic ambitions? So be it!

Standing upright on my stone pedestal, I blow a long blast into my horn, signaling to the lancers to move. Gul is among them, her heavy pavise raised to cover their advance. She looks at me and gives me a subtle nod. I blast out another note with my instrument, calling all soldiers to get into position. In unison, Lyra percussionists and fife-players begin to play in rhythm, but the performance rapidly descends into a cacophony with all the movement of the troops. Ha! They need a conductor to keep time. I warn Gulrang, and I sense the ideas she channels in return pass through my whole body to flow out into the world. Glyphs meaning ""Coordination"", ""Arrangement"" and ""Harmonization"" appear on my conch one by one. And I blow with all my strength into the horn, with my internal mechanisms acting as bellows, to spread the words to all the troubadours…"
018da8b3-a51b-fed0-57d7-a810cb05a6ce,ALT_COREKS_B_OR_04_C,Character,"Paper Herald",,"Words mean more than what is set down on paper.",,,"INSTRUCTIONS
Write your message on one or more standard 15 x 15 cm or 20 x 20 cm origami sheets
Write the sender's name on the front
Write the recipient's name on the back
Fold it in compliance with the department or service being contacted (refer to attached list)
Affix the ""Life"" Glyph on the completed Paper Herald
Give personalized instructions orally
Notify the recipient of the delivery through your Gestalt (optional)

Crane                     Sanctum
Pelican                   Kurung
Rabbit                    Haven
Tortoise                 Court
Beetle                    Aegis
Bee                       Talaria
Ant                       Clerical offices
Frog                     Notary offices
Butterfly                Asterion Palace
Dragonfly               Historians' Guild
Lotus Flower          Bark Refuge

For sub-office codes, refer to circular 80-PA1020.

Important: Any folding error could result in sorting or routing errors, leading to potential delivery delays."
018da8b3-a51e-e5d3-cd81-8bcd10ebd274,ALT_COREKS_B_OR_05_C,Character,"Ordis Trooper",,"""Chin up and stand tall. You’re shieldbearers of the Aegis now!""",,,"I give a discreet nod to Aedyt, and she adjusts her posture, trying to appear as confident as possible. It had always seemed strange to me that the trooper had clung so hard to her desire to join the Aegis infantry. She was always anxious, permanently timid, often last or second to last in obstacle courses... I had offered her a way out on many occasions, a way for her to return to civilian life with her head held high, or even a transfer to the administrative corps. But each time she had stubbornly – almost vehemently – refused. Despite the mockery, she had held firm. When faced with humiliation, she had stood up to it. I could see that the unkind remarks from other recruits were affecting her morale, but she simply put her head down and moved on with gritted teeth.

The other recruits accused her of undermining their efforts, claiming that her pitiful performances were affecting the overall performance of the entire regiment... and I had almost intervened when the teasing started to border on harassment. But all that changed during one particular exercise. The Alterer in charge of the maneuver lost control of the environment he had created, and a Singularity was about to form right in the middle of the Kurung. Many soldiers started to run for cover, waiting for veterans to put an end to the danger. Aedyt was the only one to throw herself into the Tumult winds to grab the Alterer and drag him out of danger. When the time came to overcome her fear, she had stamped it out without a second thought by rushing in to save her comrade when everyone else had chosen to save their own skin. The regiment's perception of her completely changed after that, when they realized that, despite appearances, she was probably the bravest of them all."
018da8b3-a521-1ded-0f36-f4998bf89511,ALT_COREKS_B_OR_06_C,Character,"Ordis Cadets",,"Together they learn, and together they'll protect.",,,"Wingspan lands in the courtyard of the Kurung, folding his wings behind his back as I slide out of the saddle and along his blue plumage. I pat his neck, affectionately ruffle his feathers and stroke his beak. That's when I notice that all the cadets are staring at us instead of completing the maneuvers their instructor has ordered them to do. Just before landing, I had seen them doing routines in pairs. It was an important lesson to know how to fight in pairs or in groups, to ensure that no flank is exposed and that any breach in the defenses is immediately sealed. But it seems their curiosity got the better of their discipline. I watch them staring at my griffon, eyes wide like children. Many of them are still quite young, in fact.

I approach them and remove my helmet, bringing Wingspan with me so they can meet him. The cadets immediately abandon their training to meet and pet my Chimaera. And Wingspan lets himself be fussed over, taking care not to make any sudden movements. My Alter Ego has always been very careful around young humans, happily playing with them while making sure he doesn't hurt them. In a few years, maybe some of them will apply to become official Aegis recruits. But for now, they still need to learn the basics. I greet the instructor, who is picking up the wooden weapons that the cadets have left lying on the ground. Maybe he'll reprimand the young soldiers once I've gone. But for now, he lets them bombard me with questions, with just a hint of vindictive pleasure in his eyes. I kneel down to answer them. After all, my duty as an Exalt is also to be a figurehead for the Ordis."
018da8b3-a524-ae9c-0bab-438fc2e16bac,ALT_COREKS_B_OR_07_C,Character,"Monolith Rune-Scribe",,"The Ordis manifest their Alteration through the use of glyphs of power.",,,"Baxsan indicates a new symbol – ""Shackle"" – and I trace the Glyph on my vellum. ""Darkness,"" ""Passage,"" ""Weathervane,"" ""Wall,"" ""Labyrinth""... an endless series of ideograms that I try my best to reproduce. I naturally stumble over some of them, especially ""Lagoon"" and ""Sharp."" Thankfully, Bax corrects my errors and has infinite patience with my fumbled efforts and indecisiveness. I'm a long way from achieving the same vocabulary as the other Exalts in terms of Glyphs and Alteration in general, but I'm determined to catch up and improve my Heka skills. I was fortunate to have Venka put me in touch with the daughter of a friend of his, a big-name Runic Scribe, and for her to agree to take the time to teach me. I massage my temples and frown as I try to decipher another Glyph.

Bax closes her book and moves over to the center of the writing circle, inviting me to join her. After more than two hours deciphering Glyphs, I admit my head feels like it's about to explode. She must have sensed I was nearing the saturation point. Anyway, I'm happy to move on to practical work. I've always preferred to get my hands dirty, rather than stain my fingers with ink. Before I even reach the center of the summoning circle, Baxsan places a Glyph on the ground and blasts it with thousands of lightning bolts. Under the pressure of her palm, stone blocks spring from the floor. I know what game she wants to play. I need to create something to counter what she has conjured. A lightning rod? Some kind of insulator? I place my own Glyph on my armor, which transforms into an insulating suit, and enter the dueling area. Bax smiles. Now it's my turn. What can I create to make things tricky for her?"
018da8b3-a527-b23f-060d-f1ada35a9b65,ALT_COREKS_B_OR_08_C,Character,"Monolith Legate",,"Your document has expired. Needless to say, that's not her problem.",,,"The Legate tries to get the measure of me as I discreetly submit the Rediscovery Endeavor launch plan. She raises her eyebrows with irritation and starts to read with an obvious mission to highlight all its faults. I went through the official channels, of course. So, there's no reason for her to suspect any deceit. She must simply think that, as Avkan's public opponent, my goal is to find something to discredit the edict, something to throw a wrench into my rival's efforts. She obviously isn't doing this willingly, and she shows it with her stiff and surly attitude. But this is all part of a highly democratic process. Even if it goes against her own convictions, she can't oppose it – and she knows it all too well.

True to my character, I urge her to hurry up, clicking my tongue impolitely to make my irritation and impatience clear. She looks daggers at me, but continues to silently read through the document. The more she hates me, the more she will unconsciously be receptive to the demands of Avkan's supporters when the time comes. She sets the annotated document down and slides it across the table to me. I take it without a word of thanks, letting out an exasperated sigh. I can feel her silently fuming as I read her addenda. As expected, the project had funding issues, and the budget cuts needed to finance the endeavor were sure to create discontent. There were also doubts about its temporary nature and especially the issue of continuity. As it stands, the Basileus's mandate would not be enough to make it happen. And above all... hmm, I need to take this document to Avkan to make him aware of certain legal implications."
018da8b3-a529-e6a6-01d6-e342c7d58d64,ALT_COREKS_B_OR_09_C,Character,"The Frog Prince",,"Thankfully, he doesn't seal his contracts with a kiss.",,,"He leans back in his chair, picks up his golden ball and rolls it between his slender fingers. He reads the letter I've brought him and seems bewildered by its contents. He then examines the Basileus's seal to check its authenticity. It must seem strange that Avkan's most notorious opponent has been nominated to be an Exalt, but many official reasons were put forward. To please the opponents of the Basileus, I myself had offered to be part of the vanguard under the pretext of monitoring the progress of the Expeditionary Corps from the inside. Basically, I would be a mole, a spy in their midst. They even celebrated when we managed to extract this concession, which wasn't really one at all. In fact, Avkan's role was coming to an end. He had maneuvered deftly to make the Rediscovery Endeavor a reality, and it was now my job to ensure its continued success in the field.

And Mack would be a valuable asset for uncovering the conspiracies that would inevitably arise in the Ouroboros. The Frog Prince examines me with his bulging and piercing eyes. He grabs his magnifying glass and ensures the document is authentic and not a crude forgery. Then he dips his quill in the inkwell and signs the proclamation's notarial confirmation at the bottom of the page. I smile when he hands me my copy. It's now official: Mack and I are an Exalt. Now it's my turn to bear the burden of our shared ambition. The journey won't be easy, and I'll need to maintain my physical fitness... but that's a small price to pay for the chance to gaze upon the Tumult and the vestiges it must still contain. I regain my composure when I see the Frog Prince's eyes narrow. It would be a shame if he started to suspect the full extent of our machinations..."
018da8b3-a52c-1d38-77ef-c6aa6380057d,ALT_COREKS_B_OR_10_C,Character,"Monolith Archivist",,"""The document has been filled out incorrectly. Please make a new appointment tomorrow.""",,,"Heavy tomes are stacked on his table among huge piles of paper and scribbled notes. I stand in front of the archivist, tapping my cane deftly to grab his attention. He looks up and scrutinizes me for a few moments, then carefully examines the signed authorization I hand over. Without saying anything, he gets up and grabs his heavy bunch of keys, then signals that I should go with him. We walk in silence through the Sanctum's maze of shelving, then head down the spiral staircase that descends into the bowels of the sprawling library. I notice that the further we walk, the dustier the shelves become, and the books they hold are more obscure and obviously less used. As I turn my head, I see the Eidolon of Kikimora sweeping an area that probably hasn't been visited for years.

The archivist stops in front of a gate and sorts through his keys to find the right one. He then shoves the precious key into the strange lock that prevents access to the restricted area where all the Sanctum's most dangerous books are locked away. As I enter the off-limits area, Mack quietly drops out of my tunic and hides out of sight. I smile at the archivist and follow him into the jumble of classified books, scrolls and tablets, all while overseeing my Alter Ego's secret search. He slips in and out of the rows of books, cursing whenever I give him instructions. ""I know what I'm doing,"" he says before cutting off all communication. Much later, as I sit on a bench in the Anthill, Mack finds me and places a heavy grimoire beside me. Nice work. I just need to decipher it and covertly take the translation to the Basileus."
018da8b3-a52f-e8a2-0bcc-f09c79a99a16,ALT_COREKS_B_OR_11_C,Character,Ozma,,"""Never give up. No one knows what’s going to happen next.""",,,"I weep on the playground floor while the laughter and hurried footsteps of the children who have just jeered me are still echoing in my ears. I hold my grazed and bloody knee with tears running down my cheeks. But it's not the wounds or bruises that hurt me. It's what they said about me and my family: ""You're not welcome here,"" ""rotten apple,"" ""son of traitors""... It's not the first time they have lashed out at me. I've already been pushed against a wall and locked in the toilets while they poured a bucket of icy water over my head. And every day, I've had to deal with vicious remarks that the teachers haven't really discouraged. But I couldn't say anything to Mother. If I did, she'd only take me out of school, and I'd be alone again...

I suddenly feel a hand on my head and I look up, trying to dry my eyes while I think up an excuse to hide the bullying. I'm about to say that I just fell down when I notice that it's not a teacher, but the Eidolon Ozma leaning over me. She just smiles at me and strokes my hair affectionately. And when I start to mumble an explanation, she places a finger on my lips and hugs me lovingly. I suddenly feel unconditional love running through me and complete acceptance of who I am, despite the shame that my lineage carries on its shoulders. With a kiss on my forehead, she chases this thought from my mind, then reassures me that I bear no responsibility for the sins of my ancestors. I dry my eyes on my sleeves and rest my head on her knees while she begins to hum a nursery rhyme."
018da8b3-a532-118b-bc61-5266291273f8,ALT_COREKS_B_OR_12_C,Character,"The Council",,"The idea of facing the Council is deterrent enough for most would-be criminals in Asgartha.",,,"I throw my dossier on the table, and all the sheets inside spill out onto the floor of the auditorium. Around me, my political allies jump to their feet and berate the Council in a futile attempt to contest its decision. But the Tetrarchy spokesperson hammers his sound block to silence dissent and call everyone to order. On the opposing bench, the partisans of the Rediscovery Endeavor congratulate each other on their success, while the Basileus simply nods. I stare at him, taking care to ensure that my expression is one of pure disgust. I need to make this look convincing, so I theatrically bang my fist on the table, sit down and let my cane fall. As always, I must play my role to perfection. The four councilors rise, leave their podium and head towards the dais to ratify the order.

One by one, they add their signature and the seal of their office to the edict recommending the Rediscovery Endeavor. With the crowd in a vindictive mood, one of the councilors signals to the Aegis Sentinels to restore order, to jeers from the protestors. But contesting their decision is futile. They will remain the absolute leaders of the Ordis for a few months, and their word is gospel. This is a new milestone for us. There's just the popular vote left to make everything official. I want to smile to celebrate the victory, but force myself to look downcast and stare at Avkan with a face like thunder. I watch him rise, shake hands, then turn to me and give me a discreet nod. But he takes care to project a look of arrogant disdain to hide how grateful he must be for what I've done. How many years have we been keeping up this masquerade?"
018da8b3-a535-68c2-8b69-5ced713ff943,ALT_COREKS_B_OR_13_C,Character,"Ordis Gatekeeper",,"The Aegis Sentinel opened the door and stepped aside to let her through, acknowledging her with a nod as she passed.",,,"I stop abruptly in front of the Council Chamber when I see Maibritt standing in front of the closed door. So they're in session... and a Templar here means they don't want to be disturbed while they negotiate. I approach the guard, and she stands to attention, banging the ground with the end of her shield to warn me that it's futile to try and persuade her. I can't enter. The message couldn't be clearer. I stand in front of her, staring at the gold chain that denotes her rank and the three sealed scrolls that establish her authority: one for her Templar rank, one for her membership in the Order of Syn, and the third and final one stamped with the emblem of Libra, just like her shield. Assistance, security and justice: the three sides of her profession of faith. She outranks me in every way, except maybe in matters of the Expeditionary Corps.

She holds my gaze, but ultimately relaxes when she sees that I'm only going to stand next to her. Her orders are to stop anyone from entering, not to stop anyone from waiting at the door. A long time ago, I had considered a career similar to hers. The Templars are some of the most elite troops in the Aegis and commissioned all over the peninsula. They are shock troops, paid by the Tetrarchy and used by the Asterion's authorities. But as I moved up within the military hierarchy, I realized that my true talent was teaching the cadets and recruits who arrived at the capital's barracks every year. Plus, Maibritt must be somewhat envious of me by now. After all, I was the one that would ultimately go through this door instead of just standing in front of it."
018da8b3-a539-9141-eaab-8bed0506fa6a,ALT_COREKS_B_OR_14_C,Character,"Ordis Spy",,"Stirred, but not shaken.",,,"As I carefully close the front door, I immediately notice the half-open window and curtains casually flapping in the darkness. I place a hand on my dagger, but I know it's highly unlikely I'm in danger. The scene before me is obviously designed to catch my attention. It's as if it is warning me of an intrusion. Then I spot a half-filled glass on my desk, a pair of velvet gloves on the mantelpiece, a shawl nonchalantly dropped on the sofa. Of course. I sniff the heady scent of the scarf and grab the glass to take a drink. Then I head to my room, where I can already hear the shower in full flow. I put my stuff down and sit patiently on the bed, enjoying the liqueur that Hasret has stolen from my cabinet.

She emerges from the bathroom wearing nothing but a towel. Her hair is jet black and her shoulders are still wet from the shower. I smile at her, and she feigns surprise, but I know full well she heard me come in. Hasret walks past me and steals my glass while pointing to a scroll placed on my chest of drawers. Good, that means she found something in the Asterion archives... She's one of the most skilled thieves of her generation and wouldn't have come back empty-handed anyway. Just as a matter of pride. I avert my eyes to let her dress, then open the scroll she stole for me. It mentions my ancestor, Ayxas. As I read more of it, I realize it's an attack pamphlet written by Vissentes Narses, a contemporary of his... Maybe it will hold a clue to help me understand why my ancestor committed all those offenses."
018da8b3-a53c-2d13-e18c-4f5e4d0f06a9,ALT_COREKS_B_OR_15_C,Character,"Kakoba, Legion Commander",,"The general who became a scholar; the scholar who became a senator.",,,"The pieces are lined up neatly on the chessboard. I consider the outstretched hand of the commander and sit down across from him, pushing out the tails of my coat while my griffon lies down near the window. A little game can't hurt, and I must admit I'm eager to pit myself against him. I can't appear timid, so I immediately go on the offensive by moving a pawn to d4. I watch my opponent. He considers my queen pawn opening, not the least bit intimidated. With a slight smile, Kakoba takes his knight and places it on f6 to stop me from taking the center at e4. Indian Defense: a classic. OK, I'll need to be patient. Pawn to c4. Are we moving towards a Grünfeld defense or a Benoni defense? He immediately responds with a pawn to e6. We size each other up, sparring after our first strikes...

I answer with a knight to c3, and then he moves a pawn to c5. I scrutinize his face, trying to work out the strategy he's trying to use. But to do so, I need to probe his psyche. To counter him effectively, I must ignore all the facades and deceptions. What do I know about him? As both a soldier and scholar, I know he's well-rounded. I know he's a strong supporter of Avkan ruun-Heshkari, as well as a wise, bold and stubborn politician. Instinctively, I feel he's likely to provoke me. But he knows that's my temperament too. If I were him, the wise choice would be to lie low and ambush me, triggering the trap by relying on my own tactical mistakes. But given the context, this is no mere chess game either. It's an interview, an audition. It's a way for us to introduce ourselves to each other, to show who we really are. Very well, let's show him, Wingspan."
018da8b3-a53f-254c-fa7a-65bfa7c87294,ALT_COREKS_B_OR_16_C,Character,"Ordis Attorney",,"""Objection!""",,,"The arguing has reached a fever pitch in the Court. The judge brings down his gavel to demand silence in the room. The Misericordia lawyer sits down next to me with a somber expression. He must know the game is already up. My surly attitude certainly didn't help to garner much sympathy from the citizen jury. I maintain a look of arrogance and disdain, looking down my nose at the jurors with scorn. I might as well go all in and play the loathing card. It's the prosecutor's turn to rise. She coughs to clear her throat. She is still young and seems to float in her loose tunic. As she approaches the lectern, her bear-shaped keyring jangles with each step. Her robes brush the ground as she climbs onto the dais, while her blond hair sways nonchalantly behind her.

But despite her innocent appearance, she launches into a harsh diatribe against me. Her arguments hit the mark, of course, and she delivers them like hammer blows. There was enough evidence to convict me: attempted corruption, threats and kickbacks. She returns often to my meeting with Robin Hood, when I tried to force the hand of the Isura banking institution. Naturally, I had spread the rumor that there was a mole in my party, an informer in our ranks. But no one knew that the traitor was me. The prosecutor turns to the judge to request my immediate removal and to make me unelectable for five years. And that suits me just fine. That sentence would seriously rattle Avkan's opponents, of whom I was the leader, and nicely open the way for him to realize his dream – our dream."
018da8b3-a542-5307-1de2-71d08c853e44,ALT_COREKS_B_OR_17_C,Character,"Jeanne d'Arc",,"She'll be followed long after she's gone.",,,"I salute and stand en garde as Jeanne takes up position in front of me. There's a determination in her eyes that could easily be mistaken for severity. But I can honestly say I have never faced such intensity, such presence, such poise. And it comes to her naturally, as easily as the air that we breathe. Her bearing is impeccable, her posture excellent. And as she takes a few steps towards me, I step backwards as a reaction to her determination, fortitude and radiance. But I can't let myself give up ground. I strike, and she stops my attack with the flat of her shield. I lunge again, and she parries my strike with the edge of her sword. She shows no hesitation, no fear. Her goal is victory, and she goes all-out to achieve it.

In my last lesson, she had talked to me about her way of seeing things. She believed she was only an instrument, dedicated to completing a mission that was so much bigger than herself. And she believed that all the soldiers of the Aegis needed to adopt this same mindset. There was no room for doubt. We just needed to keep going until this destiny was fulfilled, until the world was free of the Tumult's clutches... The undertaking was a noble one. It had to be our moral compass at all times, our guiding light when the way forward wasn't clear. If Jeanne had led our troops, I know I would have followed her to the end of the world. But it was time for someone else to take her place, to free humanity from its imprisonment. Could I carry the standard? Did I have enough charisma to get everyone to rally around me? Her strike clangs against my shield and I stagger backwards. It's time I proved myself."
018da8b3-a544-9d9f-652c-3db7fc9cd346,ALT_COREKS_B_OR_18_C,Character,Quetzalcóatl,,"A soul has yet to be found who is bold enough to contest his wisdom.",,,"The students rise from their chairs as the bell rings, then filter energetically into the corridors of the university as they make their way to the next class. I descend the steps past the rows of seats and head towards the lecture podium. Quetzalcóatl wipes his glasses and sets them down on the lectern, then turns to me. His scales tremble, and his feathers change color just like a chameleon's skin. Signaling for me to follow, the Eidolon moves towards the annex behind the auditorium where his offices are. I ask Mack to keep watch and warn me if any intruders try to spy on us. He squeaks to show me he understands and settles on a desk, pulling a handful of sunflower seeds from his pouch to nibble on while waiting. Out of consideration, I ask him to clean up after himself, but all he does is show me his rear end.

With a sigh, I close the door behind me, while Quetzalcóatl opens a chest and takes out a cylindrical case made from metal and leather. He opens it and lifts out an old parchment. He places it on the table and carefully unfurls it with his talons. Then he asks me to approach. Other than perhaps Thoth, few can claim to be as learned in all of Asgartha, and I'm confident about what he has found among the shelves of the Sanctum's forbidden library. I put my glasses on and slip on a pair of gloves to avoid damaging the precious relic. Then I start to read the document, on which the ink has faded with time. The logbook of Baird y Idris, last Shepherd of the Sunset Tribe... Every day, he religiously noted down the azimuths, coordinates and location of the City of Scholars. Looks like that city will be the first stop for the Rediscovery Endeavor."
018da8b3-a547-0bf0-16f1-2283544c5c7b,ALT_COREKS_B_OR_19_C,Character,Issitoq,,"No one can escape their gaze.",,,"The judge turns and looks at me with an unrelenting stare. Issitoq floats above the attendees like an inquisitive eye. He has listened to the cases put forward by the defense and the Libra prosecutor, and now it is time for him to deliver his judgment. His eyes light up and blue rays illuminate me from head to toe. Then his voice booms out like the roar of thunder, like the rumbling of an avalanche. The Eidolon isn't known as a lenient judge, and that's a good thing. I place a knee on the ground as I listen to the verdict: immediate removal, and expulsion for a minimum of three years. Defeated, I bow my head. Behind me, my supporters protest and shout that this is a disgrace. There's nothing they can do about it, but my condemnation will also discredit all those who supported me.

Issitoq's eyes close and, like an eyeball, the Eidolon turns to face the entrance to the Court. Having delivered his judgment and announced my punishment, he slowly fades away. I silently rejoice, even though I can't show it. By my sacrifice, I have given Avkan complete freedom to approve the launch of the Rediscovery Endeavor. Through my scheming, I have silenced the protest. And what's more, the position I'm vacating will be fought over, and the resulting succession struggle will prevent the hopefuls from effectively moving against the Basileus. I won't be able to take a vacation, of course. I'll need to keep monitoring their movements and warning Avkan of their actions. But the threat they pose to the project will certainly be drastically reduced. Feigning contrition, I stand up and move towards to the exit with my head held high. There's no need to fake my pride as I take my leave."
018da8b3-a54a-be58-d76a-94d6e4ab3b2f,ALT_COREKS_B_OR_20_C,Character,Anubis,,"A soul for a soul.",,,"I lean against the colonnade and fold my arms across my chest, awaiting the sentence. I've done my job: I've tracked down and brought the offender before the circuit court, as the mission order stipulated. Now it's up to the judges. Even though I've completed my task, I still like to hang around and find out what will happen to my captive, to find out what fate awaits him. I don't have to stay here. Other detectives leave before the judgment even starts. But for me, staying until the end keeps me grounded. Averting my eyes would probably make my job easier, but seeing the consequences of my own actions has always helped keep me from becoming indifferent. For me, it would be a much worse crime to wind up apathetic or uncaring.

Anubis suddenly appears on his marble throne, and I catch myself holding my breath. The jackal-headed Eidolon looks down at the accused. The young Bravos clenches his fists. He is tense and defiant. Maybe he thinks he's not to blame. But his actions put his companions in danger. He acted without consideration for the wellbeing and safety of his peers. Observing the immature adventurer's disdain, Anubis's eyes narrow. It's a bad attitude and can probably be blamed on his youth. If he keeps this up, he'll definitely be given a verdict that teaches him a lesson. The Eidolon materializes the feather of Ma'at in his palm, then invites the Bravos to climb onto his other palm, which he does. At least he's not the type to run from his responsibilities. That, and the fact that he surrendered without kicking up a fuss, will go in his favor during the weighing..."
018da8b3-a54d-83d7-7796-6bcecda45675,ALT_COREKS_B_OR_21_C,Character,"Robin Hood",,"""I think you have forgotten something. We keep a merry inn here in the greenwood, but whoever becomes our guest must pay his reckoning.""",,,"How ammmusing. A highway robber who now pretends to be a banker. Haha, now I've seen everything. I clean mmy claws while Waru and the Eidolon are in deep discussion in the secluded alcove of the bar. And as usual, who is keeping watch? It's yours truly. Around mme, the bar is jammm-packed. People are clinking glasses, speaking too loudly, reveling, singing... Not mmany people seemm to be interested in us, actually. Two hooded strangers and a weasel in the backroomm of a breivikensveg tavern... Mmmove along, nothing to see here. So, I'mm happy to just sip mmy beer and hang around. Ha... in the old days, they said that Robin Hood was a great thief who stole fromm the rich to give to the poor. Interesting that he became one of the Isura's financiers. With that position, he'd have no problemm ensuring proper distribution of wealth...

Through Waru's ears, I listen idly to their discussion. Hmmm. That's some serious negotiation going on there. They're talking about how the Rediscovery Endeavor will actually delay developmment of the Protectorate's secondary cities, which they are in dire need of... About the endeavor being an unnecessary risk and a losing investmment... I listen to Waru taunt Robin about his past as an outlaw, about how he mmanaged to elevate his status ammong the people... all the arguments designed to stir up his anger. Haha, it seemms to be working. I suddenly notice a pair of eyes watching fromm the counter. It's probably a spy on Avkan's payroll. Good, the second phase of the plan is starting to bear fruit. Heh heh. I warn Waru of the oaf's presence. Everything seemms to be running smmmoothly, so far."
018da8b3-a550-ed62-7570-5f2a5ea93028,ALT_COREKS_B_OR_22_C,Character,Thoth,,"""The pen is mightier than the sword.""",,,"The Eidolon opens the old grimoire, pausing to stare hard at me. It's not easy to read the emotions reflected in his bird eyes. Is he angry, or simply confused? Regardless, I need his help to decipher this cryptic and antiquated manuscript. Of all the books, those about the Tumult Nomads are probably the most precious and most delicate, in all senses of the word. But rather than being surprised that I have this valuable tome in my possession, Thoth starts to leaf through the pages, tilting his head to better decipher its contents. Then he dips his quill in the inkwell and starts to transcribe certain passages. If the fates are smiling upon us, these memoirs will contain a powerful idea we can all rally around, and towards which the very principle of the Rediscovery Endeavor could gravitate.

Thoth hands me page after page containing the fragments he has translated. I read them carefully, reflecting on how each bit of information could help Avkan. Of course, there are interesting mentions of the future of the lost tribe and intriguing anecdotes about the Shepherds of each caravan. But there's nothing that could lend weight to the aims of the great endeavor, or truly measure up to the scope of what we hope to accomplish. I sigh and rub my eyes. On the other side of the bay window, the sunlight of the day has turned to the coppery glow of dusk. Thoth hands me a new page. I read it once, and then once more to be sure I've understood the words correctly. ""The City of Scholars, where the source of the Tumult is engraved..."" My hands are shaking. The source of the Tumult? Finding its origin... There's no reason more compelling than that!"
018da8b3-a553-0677-d164-95019ece968a,ALT_COREKS_B_OR_23_C,Spell,Charge!,,"Facing terrible odds and an unfathomably huge Leviathan, the Ordis legion charged nonetheless.",,,"We fly over the troops as they move towards the Leviathan. In one hand I'm holding Wingspan's reins, and in the other I'm waving the banner of the Aegis as best I can against the violent winds blowing in from the sea. As I soar over the hordes of soldiers, I watch them go from walking to jogging and then to charging. Rank after rank, they surge forward likes waves of killers into the swell. Spears are lowered, shields are raised, swords are drawn... Through the eyes of my Alter Ego, I can see the droplets of saltwater running down their armor, the fixed expressions on their faces, a mix of fear and fury. And given what we're facing, they have reason to be scared. For a fraction of a second, I look for Sunisa before quickly dismissing the idea.

I can't let anxiety paralyze me. I can't let myself be worried about my troops. All I can do is coordinate them to the best of my abilities so that most of them can return home safely. I need to stay detached, to make decisions based on analysis rather than emotion... The best thing I can do for them is guide them to victory. So that's what I'll do. That's what I must do. I call on the Coalescence, allowing my spirit to link to all those who wear the Rhombus of the Ordis. I communicate an assault vector to the first regimental leader, a tactical deployment to another one, an evasive maneuver to yet another. The aim is to keep the Kraken busy to give the Muna Druids and Yzmir Mages time to prepare their attack. But for that, we need to create a credible diversion and provoke the monster's wrath..."
018da8b3-a556-1e5f-0066-0aecf65250ae,ALT_COREKS_B_OR_24_C,Spell,"Teamwork Training",,"Through their Hive Mind, Ordis turns the thoughts of the multitude into a unified will.",,,"The sun's rays filter through the bay window, warming the morning air. There are four of them around the table: Kakoba, Legion Commander of the Aegis; the Frog Prince to represent Libra; Cestimir, Chief Curator of the Sanctum; and Nassefa of the Armarius. I stand as straight as a pole in the large empty room, with Tocsin standing behind me like a marble statue. To my right, Sigismar looks somewhat puzzled as he pets his griffon's neck with one hand. To my left, Waru is looking through the window and watching the clouds drift idly by, while his Alter Ego sleeps in one of his sleeves. I had been woken well before dawn by a cadet to learn that I had been invited to the Monolith along with my Chimaera. And on the barge that took me to the Bastion, I had seen the Captain of the Ordis headed from the Rampart to the flying fortress on griffonback.

The six of us had been together in an antechamber for a few hours. To Sig, this could only mean one thing: Of all the potential Exalts, we were the three duos who had been chosen to start the Rediscovery Endeavor ahead of the Expeditionary Corps. And the longer time went on, through endless deliberations, the more I felt he was right. Now, with the four representatives of the Ordis in front of us, there was no longer any doubt. Watching them pass around the wax bottles and inkwells to scribble on long parchments in turn, it was increasingly clear that our role was being confirmed. The Aegis, Libra, Sanctum and Armarius... The four branches of the Ordis – military, judiciary, cultural and political – together under the same roof, under the delegation of eminent representatives. Despite the muted atmosphere, I had the impression that something epic was unfolding before my very eyes."
018da8b3-a559-67fc-90aa-3b47dba3d016,ALT_COREKS_B_OR_25_C,Spell,"Sticky Note Seals",,"Some lessons stick better than others.",,,"The light of the campfire is barely visible in front of me. I sneak between the bushes, trying to make as little noise as possible. As I draw closer, I can hear the muted sounds of a discussion, a few raised voices and muffled laughter. Progress is slow, but I eventually arrive at the edge of the clearing. I can clearly make out three figures huddling by the fire. And my target is definitely one of them. Now seems like a good time. I don't know if he'll try and fight back, so I might as well go all out. I pull out a few paper seals from my inner pocket and draw my blade. Using Alteration, I smother the flames to plunge the area into darkness. I take advantage of the brief moment when they are blinded by the sudden blackness to pounce.

I throw the paper seals on the ground, and the imprisonment Glyphs they contain start to crackle and glow around my target. From each of the notes, reams of paper burst out, creating a prison of leaflets and sticky notes around the young Bravos. His eyes widen, but the prison cell of energy is now forming a thick shell. And the more he tries to free himself, the stickier his jail becomes. He isn't the one I need to worry about; it's his companions. With my blade drawn in one hand, I brandish my Aegis detective badge with the other, and it has the desired effect. The two men let go of the pommels of their swords. To stop any protests, I reach into my jacket and take out the arrest warrant I was given. This document has been signed by the Court's highest authorities. No one would dare to go against its authority anyway. At least in theory..."
018da8b3-a55c-55d0-5c5e-ff2354d22061,ALT_COREKS_B_OR_26_C,Spell,"Open the Gates",,"For the first time in centuries, the Solstice Gate has opened. For the first time in ages, humanity will discover what lies beyond the gates.",,,"The heavy doors of the Solstice Gate open with a roar. I can't look away. It's like I'm paralyzed by how historic this event is. Next to me, Tocsin sits cross-legged and watches the sudden flight of hundreds of doves. My hands are sweaty, my throat is tight. Down below, the Aegis battalions start to move. It's the moment of truth. After more than 20 years of waiting for this moment, now it has finally arrived. The first to go through are the Bravos fyrds, followed by General Sekifu's soldiers, then General de Graaf's troops. The air transports are there as well, drifting above our heads under the joint authority of Commodores Jeanty and Nagaya. And there's the Ouroboros, of course, under the supervision of Admiral Singh. I suddenly feel Tocs' hand on my shoulder, which snaps me back to reality.

I turn to him and nod. It's neither the time nor the place to be overawed by the magnitude of the task ahead. I breathe in deeply and strike my shield with my fist, while my Alter Ego raises his horn. He blows into it and produces a powerful note that echoes above the rooftops. After regaining my composure, I call on the Coalescence. The doors of the Gestalt now open, just as the doors of Asgartha did earlier. With my mind, I reach out to all the recruits I have trained over all these years. I show them gratitude and camaraderie; I communicate courage and pride. Like a vast plain dotted with campfires, I feel their spirits answer my call one by one. I sense the same emotions from them that I'm feeling myself: fear, of course, but also elation and excitement."
018da8b3-a55f-b0e3-b79d-4b28352d7029,ALT_COREKS_B_OR_27_C,Spell,"Celebration Day",,"""Today, and for centuries to come, we will celebrate victory over the Kraken and revel in freedom regained!""",,,"Kojo, the hero of Asgartha... I shake my head as I watch him kneel before the Basileus with the red halo of the Carnelian Crown waiting to be placed on his head. Though I'm pretending to look dumbfounded, I'm mostly feeling pride. My little brother... I smile with amazement at the thought that people will still be talking about him centuries from now as the one who defeated the Kraken. In just one year, he earned the right to become an Eidolon, an ambition that many Bravos hope to achieve but never do. But underneath the astonishment, behind my emotion, I can feel something else lurking. Anxiety. No, something more: fear... Fear that my brother will throw away all caution. Fear of seeing him try to play the hero. It's like a premonition that gives me chills just thinking about it.

No, these are my own fears. I try to regain my composure. After a short speech that I only half hear, Avkan ruun-Heshkari places the laurel wreath on Kojo's head and motions for him to stand. The old ruler invites the crowd to celebrate my brother's victory over the Leviathan – a victory shared by all the Asgarthan forces – and they are more than ready. Confetti rains down as cheers and applause thunder all around. Embarrassed and clearly overawed, Kojo waves to the crowd. From what I understand, the day of victory will become a public holiday for the entire Protectorate, a day that will go down in history and be commemorated forever. This is no time to worry about the future; it's a chance to celebrate the present. I join in with the applause. He deserved it. There's always tomorrow to lecture him on his recklessness."
018da8b3-a562-bbac-2818-96d6fcd78f02,ALT_COREKS_B_OR_28_C,Permanent,"The Monolith, Ordis Bastion",,"A beacon of knowledge and order, a lighthouse towering high above the world.",,,"The carriage lurches over the cobblestones. Across from me, Mother is busy reading a letter and trying to make sense of it. I'm sitting up straight like she taught me, and even though my jacket and ruff are a bit too tight, I'm trying to look happy. But boredom eventually gets the better of me. I decide to lift the curtain and look out of the window to watch the streets of Arkaster pass slowly by. On the other side of the glass, I see a maze of unfamiliar canals and streets, and faces of strangers who are free to come and go as they please, unlike me. What would Mother say if I opened the door and quietly slipped out when the carriage next slowed down? She would worry, of course. And Father would confine me to my bedroom for at least a week...

I suddenly look up as we cross a busy square. Above the city looms the Monolith, a diamond of alabaster, gold and glass. That's where Father was supposed to be right now. He had promised to take me there one day to see the world from up high: the islets of the lakeside districts, the tiny pedestrians, the endless horizon... But the Sanctum library was what interested me the most. He could spend all day in his offices, but I don't think I could ever feel lonely with thousands of books around me. But each time he was ready to do it, Mother had convinced him to postpone it for another time, probably a result of her usual overprotective instincts. But I was sure I had nothing to fear in this temple of justice and knowledge, far from the messy unpredictability of the outside world, with books and collections as my only friends."
018da8b3-a565-2860-c25e-6c7f7092aec3,ALT_COREKS_B_OR_29_C,Permanent,"Grand Endeavor",,"The Ordis built a relay of lighthouses to light the way through the Tumult.",,,"In the shadow of the towers being built, the Telamon architects unload and assemble the marble and granite blocks while I protect them, watching for anything that could hinder their progress. Through Alteration, the cranes and scaffolding were quickly erected. The work can now progress at full speed – at the cost of all the Mana I'm investing in the venture. Each worker is an Eidolon I'm sustaining. Each block of stone is an element I'm summoning from my imagination. I feel sweat beading on my forehead, but I can't risk wiping it away and losing my concentration. With a bit of luck and a lot of effort, the Espars will help me make up for the time I spent getting them up and running. But the work is far from over.

Once they are lit, all the beacons will link up all the way to the Monolith. They'll allow me to link my mind to all the Ordis still in Asgartha. Even if only a few Alterers answer my call, our combined power will allow Tocsin and me to open up a great thoroughfare before us... With their support, we can alter the world and create a road that will be easy to travel on. We won't be two, but many. For now, I don't feel anything in my shoulder blades, no tingling, no pins and needles. It's like I'm missing something, like a painful absence, which only my Alter Ego's presence can soothe a little bit. But when my Rhombus connects to the Gestalt, I'll finally feel the familiar buzzing of my comrades' minds. I exhale slowly to clear my mind. All these thoughts are merely distractions. If I keep up this pace, by nightfall the Espars will be up and running, and ready to drive off the loneliness."
018da8b3-a568-6718-5a88-9091781066ab,ALT_COREKS_B_OR_30_C,Permanent,"Ordis Carrier",,"The flow of Ordis Recruits seems to go on forever.",,,"The wind rushes into the elevator as the doors open, and I pull the collar of my coat a little tighter around my neck. Sunisa goes first and holds the door open as I step out onto the metal gangway, fighting back a touch of vertigo as I see the ground so far below. We make our way through the workers and technicians. Some are pulling cables, while others are transporting equipment from one deck to another. And when we finally reach the central platform of the altiport, I see the gigantic shape of the transporter in all its glory – a flying city of gargantuan proportions. I place my hands on the railing to contemplate it. Two of these colossal craft – those from Verbera and Sojourn – have been requisitioned as part of the Rediscovery Endeavor, much to Commodore Bayly's annoyance.

I study every detail of the ship, from the stylized golden wings on its hull to the towers with their angular edges. I memorize all these details, learning the shapes, lines and dimensions by heart. I'll need to remember them if I'm to summon it inside the Tumult. Next to me, Sunisa takes an apple out of her pocket and bites into it. She's been accompanying me for weeks so that I can study this or that building, or this or that personality. It must be really boring for her, but I know she understands why I'm doing it. In my head, I associate the series of Glyphs I'll need to summon it with the memory I'm creating. In a few months, this transporter will escort the Ouroboros and will be home to hundreds of adventurers from the Expeditionary Corps. Three ships facing the enormity of the unknown. It's enough to make you dizzy if you think about it too long."
018da8b3-a56b-4b37-97ca-e3815c797009,ALT_COREKS_B_OR_31_C,Token,"Ordis Recruit",,"Protecting the people of Asgartha is the greatest honor.",,,"I take stock of the ranks of new recruits. They all know what's at stake. They are no longer cadets; they can now be awarded the rank of trooper, as long as they pass the two-year probation period. I know that most of them will join the Aegis contingents with flying colors. And even if some of them are rejected, they can still aspire to a logistics or administrative assistant post instead of returning to civilian life, and thus still earn their Rhombus that way. But there's another reason for the tense atmosphere. Many of them are hoping for a position within the Expeditionary Corps. Competition for these positions is particularly fierce, and only the best will succeed. I scan the ranks. The other instructors have placed bets on who will be the lucky ones that finish top of the class this year.

Even though I never stoop so low as to join in with such childish games, I can't help assessing my recruits. My role is also to decide who has what it takes to become an officer. Amensisa has that required firm hand, and Sunisa has that natural ease that makes her succeed in whatever she puts her mind to. But it's Osoyo that I feel has the most room for growth. The young man is not the most eloquent or the most talented, but he has patience and discipline. His is certainly a quiet strength, but he also has the hardness of steel in his eyes. He's always got his eyes on the objective, and he has a drive I've rarely seen in someone so young. The recruits stand to attention as the staff officers enter the mess. There's Admiral Singh, followed by Commodore Jeanty, and Sigismar as well. With a know-it-all smile on his face and a smugness that only nobility can produce, he scrutinizes each recruit in turn."
018da8b3-a56e-186b-56d5-b82ea59c6409,ALT_COREKS_B_OR_32_C,Token,"Ordis Recruit",,"Recruits are the backbone of the Ordis military.",,,"I pass Gulrang, who is frowning as usual. I don't know what her problem is, but every time I walk into a room, I'm met with an ice-cold draught that comes straight from her direction. No matter. If she has a bone to pick with me, we'll have the chance to sort it out in the field. I turn to Commodore Jeanty and smile politely while introducing a recruit called Nosk. Nosk gives me a bored look, and I understand why. This is clearly a dreadful waste of time, but propriety and civility must be maintained, of course. The general staff want what they want. You just need to play by the rules, smile at the jokes and bow when it's expected. If they want to preen under the pretext of boosting the troops' morale, so be it.

I wink at Sunisa as I pass her. I see my aide-de-camp roll her eyes and suppress a smile. Because of her impressive performance, I put in a personal request to Admiral Singh to have her as my assistant. But it was her impertinence that really won me over. I was unsure at first. With the top-of-the-class aura she gave off, I didn't know if we would get along. But it turned out she always had an answer to everything, and was certainly never at a loss for words. That inspired me, and it was clear from that moment on that we had excellent compatibility in the field. I needed someone I could fully trust and who was independent enough to know what needed to be done without my input. And on top of that, Wingspan liked her too."
018da8b3-a570-e52d-ed3c-3605ff63c918,ALT_COREKS_B_YZ_01_C,Hero,"Akesha & Taru",,"Whatever ordeals we may face, good manners and politeness are always in fashion!",,,"392 AC - I lean over Itoro and place a damp cloth on her forehead. The Lyra calligrapher manages a smile despite the pain, and I return it while squeezing her hand. For a moment, I feel like I'm back in the Cloister, looking after my sister. I hope Kumari is doing okay… Tomorrow, if there's time, I'll send her a letter and tell her all about my adventures. I'll include a few sketches I've done of the environments I've seen, and maybe I'll add a few emotions to give her a taste of what I felt. Taru interrupts my daydreaming by placing a sticky tentacle on my forearm. I know, this is no time to be lost in thought. The Tumult wave that hit the Ouroboros caused a lot of damage, as well as some mild parasitization.

I place my hands on the chest of the Lyra artist, summoning a Sigil to stimulate her metabolism. Through my Irises, I perform diagnostics on her and examine her to distinguish the nature and location of the ideas that have sadly been grafted onto her. ""Ribbon"" and ""Rubber"". Her leg is indeed limp and elastic, as if all her bones have been turned to liquid and her muscles transformed into rubber. And her left hand… Where her fingers should be, she has laces of silky flesh that hang limply. Beside me, Esmeralda crosses her arms over her chest, concerned about her friend's condition. But by tapping into the Eidolon's thoughts, I can surely create an accurate mental image of what Itoro looked like before these unfortunate changes. By summoning her memories, I'll be able to restore her original appearance. OK, let's go! I turn toward Taru, who waves his tentacles. I'll need his dexterity to isolate and remove the intrusive ideas…"
018da8b3-a573-8c2a-7c2b-0d796f38dbd7,ALT_COREKS_B_YZ_02_C,Hero,"Lindiwe & Maw",,"To master magic, one must be willing to sacrifice.",,,"392 AC - He's not far away, the one called Arjun. He's not a bad guy... far from it, in fact. He actually seems like a wise and honorable man, someone who likes to see things grow and thrive. If I let him, he'll transform this place into a magnificent orchard where the Expeditionary Corps can harvest pears and oranges. But alas, I'm the worm in his apple. It's inconceivable for me to let him so easily claim this scrubland for his Faction. According to the Treaty of Aysun, this area was the site of the Indus Tribe's last camp before they arrived in Asgartha. And it was here that the tribe's Chosen One was buried, tragically without ever laying eyes on the welcoming land that he had guided his people towards for many years.

I simply couldn't let this grave fall into the hands of the Muna and see it covered in dense vegetation, swallowed up by the voracious appetite of nature. The only appetite I can tolerate is Maw's. In fact, I can actually feel Maw evolving from the Tumult, as it devours all the ideas that stand in its way to extract the Mana from them. It dives into the essence of things, digging gaping holes. It absorbs, digests and spits out without any consideration for what it leaves in its wake. Just a few more cable lengths and we'll be reunited. I clench my fists. I can't let Arjun grab this land from me. Too much depends on it. I focus my Mana, creating a series of Signs with my hands. In front of me, reality twists, stretches and tears, while the world begins to warp and bend. A tunnel opens in space-time like a wormhole ready to suck me in. And I stand on the threshold."
018da8b3-a576-edaa-1864-bd15d7172dc7,ALT_COREKS_B_YZ_03_C,Hero,"Afanas & Senka",,"The world feeds on magic, and withers in its absence.",,,"392 AC - I open my eyes and contemplate my creation, letting out a long breath to dissipate the rest of the Mana stirring within me. The circle of standing stones still emits an amethyst glow as it anchors itself in the world, thanks to the Mana that Senka brought back from the Tumult. I stand up, cracking my back as purple lightning flashes all around. This place certainly crackles with magic and power, a maelstrom of fleeting ideas captured by the node I've just created. I place a hand on the surface of a menhir. The purple-tinted stone has taken on an organic texture, a knotty mass of grooves and striations intertwining like fibers and ligaments. All around, complex geoglyphs and fragile cairns provide the finishing touches to my arcane creation, which other Initiates can freely use when they reach this place.

I hold out my hand and Senka lands on my arm, digging its claws into my flesh. It pierces my skin with its beak and drinks the blood that seeps out. This is my offering for the help it has given me. I grit my teeth and let it lap up my vital fluid. That's enough. My nighthawk takes flight while I materialize a strip of fabric around my wounds, which is immediately stained red. Like a shadow, Senka soars above the site. Like a bird of prey, it chases down ideas, catching them on the wing and swallowing them like common mice. And for a brief moment, anxiety bubbles to the surface of my mind. Each time we advance, I watch it grow stronger and stronger. Its wings grow larger, just like the night within it. I need it to grow, but is it wise to let it gorge itself like this?"
018da8b3-a579-79ca-dc28-181d6feddf92,ALT_COREKS_B_YZ_04_C,Character,"Studious Disciple",,"So far behind, and still so much to learn!",,,"The gate half-opens onto the gardens of the Kadigir. I move from the windswept coastline to the tranquility of the Yzmir sanctuary. But a storm still rages within me. Anger, guilt, bereavement... The emotions writhe around inside me like snakes. I start to walk along the leafy paths, amid sights and sounds that others might find very strange. The arboretum contains many plants that have been transmuted by the Tumult: trees with extraordinary shapes and colors, the most exotic flowers imaginable... Strange birds twitter on the branches. But nothing can soothe the distress I feel. I suddenly find myself at the entrance to the occult library but hesitate before pushing open the doors. I'm not looking forward to what I need to do. Gritting my teeth, I enter the building and start looking around for the young Disciple I've come to find.

I bow to the receptionist, and he returns my greeting by tracing a few Signs in the air. Everyone is maintaining the silence, as etiquette requires, but all I want to do is scream. I find Fasano carrying a heavy pile of books. As usual, he wants to do the right thing, including rushing around to prove his worth. A grimoire falls to the ground, then another one, and he scrambles to pick them up under the irritated stares of nearby Initiates. I pick up one of the books and place it on top of his pile. His face lights up when he recognizes me, but the glow quickly fades as he notices my pained expression. I see his smile vanish as he begins to understand. I don't even need to speak the bad news. His elder sister won't be coming back. His knees buckle and his hands release all the grimoires, sending them tumbling to the floor."
018da8b3-a57c-aceb-48f6-97e42517c767,ALT_COREKS_B_YZ_05_C,Character,"Moonlight Jellyfish",,"Theoretically, transdifferentiation can go on indefinitely, effectively rendering the jellyfish biologically immortal... and squishy.",,,"The moon will soon be showing its face. I plunge my hand into the water of the pool, watching the ripples slowly spread across its surface. It's time for the jellyfish to come out of their hiding places and fill the diaphanous halls of the Magisterium. You can see them leave the water and take flight when night falls, especially when the moon lights up the gardens with its milky glow, as it will today. It's an amazing and graceful sight... like being in a dream. But for once, I'm wide awake this time and can fully enjoy this wondrous spectacle. The sound of the water echoes through the deserted corridors, as does the starry light coming from the walls and ceiling. I need to cherish the moment and savor this brief experience as much as I can.

A moon jellyfish soon happily swims into the palm of my hand. I feel the stinging bite of its skin, of course, but it's nice to actually feel something... A dull lethargy suddenly takes hold of me, like venom running through me. I take the jellyfish out of the water. My hand is numb, but I can still feel the slimy texture of its mucus. I squint, feeling the torpor spreading through my body and pulling me into a new dream. But before that... I turn to the astral worm that winds around me like a snake. I must feed it, sate its hunger. The Chimaera sniffs the jellyfish. It suddenly swallows it whole to feast on its gelatinous flesh. I watch as it disintegrates the metazoan, digesting the ideas that make it up to extract their Mana. Now that it's been fed, it's time for me to go back to sleep..."
018da8b3-a57f-86c0-ed4b-a4e32fbe3868,ALT_COREKS_B_YZ_06_C,Character,"Tooth Fairy",,"""Show me those pearly whites.""",,,"With a trembling hand, I place the tooth on the summoning circle. There's trouble brewing, and I need to suppress it before the situation worsens. In the crucible of my mind, erratic and absurd ideas are already forming. I mustn't let them escape into the world. If I lose control, they could be very damaging for me and my peers. I exhale and grit my teeth, fighting against the fever and the madness. I'll have to carry out the tand-fe quickly if I want to avoid spiraling into insanity. Come, Tooth Fairy. Come, so we can move on with the deal... She suddenly appears. Her wings buzz as she lands and her scorpion tail flicks as she scans the surroundings. Then she notices the tooth and grabs it, showing her fangs to show that it now belongs to her.

I roll up my sleeve and place my forearm on the table. She knows what I want. It's not the first time we've made this deal. Go on, do your worst. She swiftly plants her barb in my flesh, and I grimace with pain. A long time ago, I found out that her venom could relieve the Remanence by purging my mind of parasitic ideas from the Empyrean. For all the Yzmir, it's only a matter of time before magic takes its toll. All we can do is delay the inevitable a little bit longer, knowing full well that the day will still eventually come. And the Tooth Fairy was my way of silencing the intrusive ideas lurking in my psyche. There was a price, of course. While her toxins helped to rein in my thoughts, they were poisoning my flesh. She removes her stinger, and a drop of blood appears on my skin. My skin turns a gangrenous purple as the tumult in my mind finally relents."
018da8b3-a582-c76d-44d1-15d0c19ae72c,ALT_COREKS_B_YZ_07_C,Character,"Kadigiran Mage-Dancer",,"""Don't just wait for magic to happen. Go out and make your own!""",,,"Slowly, Sewati starts to perform his first kata. His face is calm, and his eyes are focused with intense concentration. He then starts a series of movements as he traces Sign after Sign in front of him. His gestures quiver with Mana. Each one is a way to imbue his Signs with a tangible character, to flood them with meaning and power. We call them Mage-Dancers because of the elaborate choreographies they perform, but in a way, they're actually more like fishermen. Each Sign they create becomes a lure for the ideas that exist on the other side of the Veil, a magnet that draws them to a precise location. They only need to create a small incision to allow them to cross the barrier between worlds, to bring them to life in the here and now. And that's exactly what Sewati is getting ready to do.

Suddenly, the idea of water surges into the world from the Empyrean. And like all the ideas that come from the imaginary world, this one is pure, refined by all the minds that are thinking of it in this moment. The water is crystal clear, devoid of any impurity. But this is only one part of his spell. Another Sign is traced, and it summons more ideas, including a whirlpool. Fed by the Aether, the water starts to swirl all around him like a frantic and imperious spinning top. But there's one more step to finalize the spell: the third Sign he has traced, the Sign of glass. The ideas clump together, ultimately crossing the threshold in turn. Suddenly, the water spout solidifies into a glass spiral with delicate and sharp patterns. Satisfied with the result, I simply nod. After completing his exercise, Sewati relaxes, exhaling deeply to chase away all the parasitic ideas that crossed the Veil..."
018da8b3-a585-6edd-81f6-8a9c2588ecf6,ALT_COREKS_B_YZ_08_C,Character,"Yzmir Stargazer",,"She won't read the future in the stars, she'll change it herself.",,,"The Seer half-opens her eyes, and her luminescent-white irises are surrounded by a black circle with no pupil. She stares into the crystal ball as it starts to produce images from within, blurry at first but gradually becoming clearer. Like some other Exalts, we had been confined to safety as a matter of not... what's the expression? Ah yes, not putting all our eggs in one basket. If all the dyads were to perish, it would obviously be catastrophic for the rest of the so-called ""Rediscovery Endeavor."" But curiosity got the better of me, and I really wanted to know what was happening on the battlefield. Hence the soothsayer. Through the dancing swirls imprisoned in the glass globe, I see the swell of a restless sea. I see the armies, battered by the wind and elements, eager for the wait to be over...

And when the Kraken finally emerges, I understand its true nature and what a mistake we've made. I can't help but smile when I see its tentacles whipping the air. Of course, that should have been obvious... How did we miss that? But this new information was already raising thousands of other questions. In the recesses of my mind, speculation and repercussions hatch like nymphs... The implications free themselves like imagos from their chrysalises. But I can't waste any time. I'll sift through them sometime later. For now, I need to imprint the image of the Kraken in my memory so I can create it when the need arises. The Seer continues to study the battle. I must make sure that she doesn't turn her gaze on me. I must dive deeper; I must bury myself..."
018da8b3-a588-e8cb-03ce-2ae48104ccc5,ALT_COREKS_B_YZ_09_C,Character,"Lady of the Lake",,"""One day, I will show you the wonders of Avalon and the true might of the Fae realms.""",,,"I open my mouth and let Senka burst out of me in thick mauve plumes. My nighthawk spreads its wings while its alabaster mask solidifies to cover its head. I feel the Mana flowing through me like pure spring water, and I immediately channel it into the Effigy I have placed at my feet. The Megalith is shaking in front of me. The ground trembles, and the Tumult oozes from the floating crystal. I need to send it back to its age-long slumber in a hurry. And for that, I call on one of its guardians. The statuette of Nimue shatters, and I feel her presence burst forth from the microscopic breach I've opened to the Empyrean. The Lady of the Lake speaks into the world, holding in her hand Excalibur, the legendary sword of the sleeping king. The Eidolon turns to me, then to the meteor of Aether.

Her feet brush against the ground and generate idle ripples in the stone as if it were the surface of a calm lake. Her hair floats around her in a downy halo, as though lulled by an imperceptible breeze. The walls of the cavern are now like obsidian mirrors, warping as the sluggish waves hit them. In her hand, Excalibur gently vibrates, and she whispers a few words to calm it down. The sword seems to perceive the threat lurking in the half-light of this untouched sanctuary. The rock sparkles as though adorned with stars and constellations, and comes to life as if being crossed by galaxies and spinning celestial bodies. Then, without saying a word, Nimue plunges the sword into the mass of Aether and leaves it there, buried almost up to the hilt. The tremors suddenly stop, and the spectral glimmers fade away. But I know that this is only a brief respite. Two more guardians will be needed to seal the Tumult Singularity."
018da8b3-a58a-4546-3deb-d41d5c5933d2,ALT_COREKS_B_YZ_10_C,Character,Baku,,"""I’ve seen it myself! ‘Baku! Baku!’, it says, eating up ghosts as though they were candies.""",,,"The young Initiate leaves the room, her eyes filled with tears. On the bed, her younger sister's breathing is labored, and beads of sweat dot her forehead. I place the bowl of cold water on the bedside table and start to dab her temples and cheeks... She's been bedridden for months, and even though the crisis had passed, it had left her exhausted. These bags of bones are so frail, so delicate, so fragile... It was surprising that those with the gift of Alteration were so absorbent to the ideas they could manipulate. It was ironic in a way. The young girl had leaked and regurgitated ideas with no ability to control herself. That was the Yzmir curse. But seeing someone so young – pretty much still a child – suffering this fate was unusual, almost tragic. And there was little chance she would pull through...

Floating above the little girl, Baku continues to use its trunk to suck up the stream of ideas flowing endlessly from her body. The Eidolon is ingesting these concepts to stop them from grafting onto our reality, slowly digesting them to purge the patient's psyche. The relief will only be temporary, of course. She is suffering from Remanence, an affliction that overwhelms all those who flirt too much with the imaginary. No cure exists for this ailment. Her only reprieve comes from this draining process, which cleanses her soul to a certain extent. But the flow is already drying up. What was a torrent is now just a trickle flowing from the pores of her skin, mouth and nostrils. And that's just as well, because I get the sense that Baku is approaching the limit of how much he can ingest. If necessary, I'll take over if he's forced to leave me some leftovers..."
018da8b3-a58d-93fb-82c5-775a1cc354ae,ALT_COREKS_B_YZ_11_C,Character,"Baba Yaga",,"The real scarecrow is not who you think.",,,"I blow strongly on the heady herbal tea that Baba has given me, warming my freezing hands on the steaming cup. I'm sitting on a rocking chair on the terrace of her isba, wrapped up in a wool blanket to protect me at least a little from the cold. Even though I'm sorely tempted to take refuge inside the hut, I know it's not a good idea. I'm the one assigned to monitor the Black Wave today, alongside the old witch. I hear the front door open, and Baba Yaga comes out with a tray in her hands. On it are some small porcelain plates loaded with sugar-coated cookies, little pastries and preserves. And another steaming teapot, of course. Her friendly manner makes her seem more like a grandmother than a frightening old shrew. Taru emerges timidly from under the covers after seeing these new treats.

Baba sits down next to me and starts to knit her woolen scarf again. I watch her at work as I inhale the scent of spices: cloves, cinnamon, star anise, cardamom... The Gora grove could have been quite a relaxing place in the Kadigir if it weren't for this Tumult Singularity. Suddenly, the isba starts to move on its chicken legs. I spill a little of my tea and curse, then notice that Baba has stood up. She scans the fleecy plain with its grass as black as night. I feel a sudden uneasiness, which heightens when I see the witch grab her pestle and summon her mortar. I feel a churning in my stomach as the Black Wave quivers. The mood in the obsidian clearing turns grim. I too stand up and begin to cover myself with Sigils. And when I turn towards Baba again, I see that the friendly old woman is now a harpy with a terrifying face..."
018da8b3-a590-672d-7b41-e971d9ededf2,ALT_COREKS_B_YZ_12_C,Character,"Kadigiran Alchemist",,"Alchemy is not just a matter of turning lead to gold. It's about purifying yourself of imperfections to become your true self.",,,"I knock on the door and enter the shop. In my pocket are all the Florets I've saved up to buy medicine for my sister. The little bell tinkles again when I close the door, and I start to wander around a multitude of potions, elixirs and rather disturbing ingredients: chicken feet, frogs' eyes, tufts of hair, pieces of bark, vials of mucus... To be honest, I find it rather disgusting and I'm a little scared. There are dried plants and strong-smelling mushrooms, test tubes with glowing liquids, dog-eared old books... as well as terrifying heads and statuettes with strange and unsettling shapes. But I can't let myself get distracted. I can't let myself be intimidated by all these curios.

On the other side of the counter, the alchemist gives me an impassive look. Behind his big dark glasses, he stares at me like I'm lost, as if I shouldn't be in his shop. So I pluck up all my courage and place all the coins I have on the counter. I describe my sister's illness in detail. With tears in my eyes, I ask him if he has a potion or ointment to heal her. He sighs, then uncorks various flasks one by one to sniff their contents. Then he mixes some of the substances together in a small metal pot – a few drops here, a trickle there – then stirs the mixture and pours the concoction into a gourd. He hands it to me, along with all the money I gave to him, explaining that he'll only accept payment if the tonic works..."
018da8b3-a593-5725-daa8-d8f235a55354,ALT_COREKS_B_YZ_13_C,Character,Alice,,"""One good turn deserves another.""",,,"After the crisis has passed, the Initiate asks me to leave so that my sister can rest. But as soon as I leave the room, I burst into tears on the doorstep. This is all my fault. She fell ill because of me. I stay there a while, listless, until I finally stop sobbing. No one disturbs me. There's no one else in the Cloister at this hour anyway, other than a few nurse-mages. I feel so powerless, so inadequate. Not a single cure has worked: none of the poultices, balms, or pills. I'd give anything to help Kumari, but I don't know what to do. I know nothing about magic. But I think I'll go mad if I don't do anything to make her better. I swear I'll lose my mind the next time someone tells me to let it go and accept the situation.

Suddenly, a light out of nowhere makes me look up at the wall across from me. Some sort of oddly colored soap bubbles burst out of the dividing wall. Then a figure leaps out of the wall, landing on her rear end as if she'd been catapulted several feet. She rubs her bruised buttocks, then realizes that I'm staring wide-eyed at her. Alice. She instantly smiles at me, then plunges her hand down her neckline to pull out a bizarre creature, some sort of cross between a caterpillar and a water bear. Then she quickly fixes her blond hair, dusts herself off and jumps up before holding out her hand to me. I take it, though I have no idea where she might want to take me. She picks me up and, without letting go, lets herself fall backwards, dragging me down with her. The ground opens up beneath us and swallows us whole."
018da8b3-a596-8114-34d8-11aaf1c79ab3,ALT_COREKS_B_YZ_14_C,Character,Flamel,,"Rubedo is the final stage of alchemy, where one's substance is reborn like a phoenix before returning to the world.",,,"I watch the procession of Disciples descend the winding stairs of the Well of Tears. I look for Matera's profile, but I don't recognize her in the line of hooded figures. They pass under plunging waterfalls, beneath stone arches and over narrow ledges, following the slippery path that winds along the cliffside. In the middle of the chasm, the Megalith sparkles like a crystal meteor floating in the air. Although its base is physically in reality, its summit is invisible, lost in the misty swirls. This Aether Singularity is dangerous, but also holds incredible power. And that's exactly what they want to tap into today. Flamel waits beside me, a kind smile lighting up his face. It was customary for the Eidolon to preside over this ceremony, at which Yzmir Disciples earn their rank as Initiates.

Flamel was known for having given humanity the knowledge to sculpt Effigies, the little statuettes of Eidolons that make it much easier to summon them from the Empyrean. Legends had cast him as a powerful alchemist with a particular gift for transmuting matter. Looking around, I notice that the Disciples have finally reached us. They position themselves in a semicircle around us, as the rite requires. The purplish glow of the Megalith casts a shadowy veil across their faces, hiding their eyes. However, I can easily spot Matera in the group. I nod to my student in encouragement, while the alchemist calls the first of them to come forward. The Disciple steps forward ceremoniously, and the Eidolon hands him a hammer and a chisel. With these tools, he can collect a fragment of the Megalith and be formally inducted into the Faction. The hammer blows ring out in the vastness of the cave. One by one, they come forward to collect a fragment of the Aether anomaly."
018da8b3-a59a-0e3d-05df-49b0831b990b,ALT_COREKS_B_YZ_15_C,Character,"Kuwat, the Dissenter",,"""There are gates one should not open, there are seals one should not breach. And yet I will.""",,,"Kuwat Vasanti... The Eidolon appears before the college of mages, and his reputation precedes him as always, with a hint of disgrace. An awkward silence falls as he calmly walks towards the dais where the five Magisters sit. Many still regard him with unease, wavering between reverence and shame. As Ayxas's personal adviser, he was there when the rebellious monarch descended into madness centuries ago. Many rumors still circulate that it was his prompting, his whispers into the sovereign's ear, that caused his reign to turn bloody. Few dare to summon him now because of his past crimes, and that's a shame. Kuwat had been one of the most powerful Eidomancers in the history of Asgartha, bettered perhaps only by Aysun. Ignoring his advice, under the moralistic excuse of his poor reputation, was a grave oversight.

He's dangerous, of course. Embodying sentient ideas always carries a risk, anyway. No doubt he's still involved in sinister scheming, still hatching Machiavellian plans... But what makes us most appreciate the powerful ones among us is their ability to manipulate forces stronger than themselves. Without Kuwat, no one would have discovered that beings and things could be dematerialized to harvest their Mana. All Yzmir Initiates use this ability to some extent. And this achievement was to his credit. Maybe I could use him? I'd definitely need to walk a fine line, but if I managed to deceive him, he could be a significant weapon to add to my magical arsenal. And no matter what, I needed an ally to help me avoid the watchful eye of Wanjiru. I smile as he addresses the crowd, glaring at them and reproaching them for their dithering. Yes, we'd get on well together, he and I..."
018da8b3-a59d-8f2e-0032-1f99985f6c51,ALT_COREKS_B_YZ_16_C,Character,"Dorothy Gale",,"""I’ve a feeling we’re not in Kansas anymore.""",,,"Ozma takes me by the arm and rests her head on my shoulder, pressing herself against me. I gently place a kiss on her forehead before turning to look beyond the railing of the balcony we are standing on. Beyond the Emerald City, even beyond Winkie Country and the Deadly Desert, the Dominion of the Nome King is being plagued by the Tumult. It has been ravaging the eastern lands for ages. How long before the whole of Oz is swept away? I hug my beloved, my friend, my princess. We did what we could to slow its progress, to save what we could of this imaginary kingdom. But we need humanity to stop this disaster, just as it needs us to survive. Ozma lifts her head and looks at me with kind eyes, probably feeling my anguish. I smile at her to stop her from worrying.

All we can do is help those who created us. I close my eyes, letting myself be carried away to all the versions of me that humanity has summoned. I talk to a magician on the steps of the Magisterium, and I help the Lightning Chimaera cross a dense swamp. Elsewhere, I console a child who has lost a toy, and further away, I sit beside a political adviser at the Asterion, helping to put the finishing touches to his decree on the use of Alteration... There are hundreds, maybe thousands, of versions of me simultaneously being of service in the world of mortals, and each of them is sustaining and strengthening me. I'm laughing, wiping away tears, giving a speech, contemplating the ocean... And I know Ozma is doing the same even as she holds me in her arms."
018da8b3-a5a0-e258-e711-784fcbc87136,ALT_COREKS_B_YZ_17_C,Character,"The Kraken",,"In the abyssal depths, no one can hear you scream.",,,"I stand in the assembly while the Magisters debate under the supposedly impartial eye of the Ordis clerk. It's been almost an hour since they started endlessly arguing and pussyfooting around. Should the Kraken be added to the Yzmir's summoning arsenal, or should it be added to the long list of the Faction's prohibitions? Thankfully, it's almost time for the vote. And it can't come soon enough. I'm starving. Malefane, Magister of the Sphere of Eidomancy, is hammering his arguments home to try and counter the appeals of Nasir, his counterpart from the School of Gephyromancy. He sits down in a noisy huff, giving way to the next speaker. Now it's apparently Tarjani's turn to speak. With a clear and confident voice, the Magistra of the Sphere of Phonomancy advises caution as usual. It seems the vote will be tight... but that's fine. We're prepared for any eventuality.

Egon from the School of Kinemancy is content to add a brief comment, cynical yet incisive. ""If a weapon exists, it must be used,"" he says succinctly. ""It's not worth fighting against it. On the contrary, we should understand it as soon as possible so we can harness its power."" Two votes for and two against. That means the deciding vote will be cast by the Magistra of the Sphere of Horomancy. Chambulla steps forward and remains silent for a long time, as if she's considering several possible futures. Then, without raising her voice at all, she votes in favor of adding the Kraken to the Yzmir Initiates' bag of tricks, with the naive explanation that the Rediscovery Endeavor requires arming ourselves with weapons that are up to the challenge. Excellent news. I can't wait to play with this new toy that has been given so kindly to us. Once I make its power mine, I won't have anything left to fear..."
018da8b3-a5a3-446f-9401-db6c12553feb,ALT_COREKS_B_YZ_18_C,Character,Sakarabru,,"When such a terrifying being appears in your path, taking a step back is only natural.",,,"Though still invisible, the abominations leave furrows in the long grass. The Black Wave sometimes regurgitates unspeakable creatures, and the Yzmir's job is to stop them from attacking the people. I say it back to myself over and over again to give me courage... Will two of us be enough? Baba Yaga mounts her mortar and flies off towards the monsters, her laugh piercing the air like a shrieking bird of prey. There are so many aberrations: I see at least seven, not counting any others that may be hidden. We need reinforcements. I start to utter incantations, channeling as much Mana as I can without destabilizing the area. Floating above the melee, Baba rains down fiery lashes over the clearing as thick black smoke rises up into the sky.

Answering my call, Sakarabru appears before me, shaking the ground as he lands. I cling to the railing of the forest hut as my legs buckle from the impact, and I watch the stone colossus unfold to his full height. The mineral blue of his skin glows faintly in the moonlight, then turns to pale purple as his ghostly arms appear. His eyes open half-way and start to lock on to the intruders. As he straightens up, the ground pitches, shakes and wobbles. Slowly, his mouth opens and he begins to roar. And with nothing but his voice, he bends the tall grass and reveals the chimeric monsters attacking us. Even they realize they are no match for him. They start to retreat, run off, and head for the hills. Excellent. Now that they're scattered, they'll be easier to track down and neutralize. Come on, Taru, it's our turn!"
018da8b3-a5a6-11c9-810b-a93f3dc596cf,ALT_COREKS_B_YZ_19_C,Spell,"Magical Training",,"Without practice, the gift of Alteration will come to nothing.",,,"The Aether fragment pulses against my chest, warm and calming, like a heart beating in time with my own. For reasons still unknown, holding a fragment that comes from the other side of the Veil makes it easier for ideas to cross over from the Empyrean. So I use it to summon ideas from the collective unconscious, focusing my energy to bring them to me. Of course, they must be handled with care. They are pure ideas, unpolluted by the prejudices or preconceptions of any one mind. They have sifted through thousands of psyches to acquire an archetypal nature. They are powerful and dangerous. What happened to my sister is proof of that. But even so, playing with these ideas is incredibly exhilarating. Once I discovered the secret of the Aether, the world started to feel very different...

The training wasn't easy, of course. Ever since Alice had shown me how far down the rabbit hole went, every day had been full of new discoveries and surprises. From then on, the world showed me colors I had never sensed before, even though I still couldn't make out its true face. I concentrate and feel the flow of ideas rush into me. I don't have time to be mesmerized; Kumari is counting on me. I have no choice but to dig deeper – and I need to be quick, because her condition could get worse with each passing day. If I manage to summon the White Rabbit and steal his watch, maybe I can steal time itself? Time... It's what I don't have, but desperately need. I set my trap and keep watch. I may not get a second chance in this race against time."
018da8b3-a5a9-c7d0-87cb-acbf7b3fd23a,ALT_COREKS_B_YZ_20_C,Spell,"Gift of Self",,"Her being begins to disintegrate as she breaks all the Mana bridges linking the idea of who she is to physical matter.",,,"Matera falls as she is struck with full force by the Kraken's tentacle. The Leviathan smashed through the mage's protective barrier as if it were a thin layer of glass. Her broken body topples backwards as she feebly utters incantations to repair her shattered bones. I feel her draw on all her strength to repair her body, fighting for her life, before the raging waters envelop her and drag her down into the abyss. I feel her despair. I feel her panic. She doesn't want to die. She clings to life. Her instinct is to fight. What else would you expect in her situation? But using her magic like that is futile. She is doomed, and wasting her Mana isn't helping anyone. There are better choices and other people that this energy could actually help. Our aim is to destroy the Kraken, and Matera simply isn't strong enough to face it.

I watch Afanas through the crystal ball. The old Battlemage looks on in horror as his protégé falls like a ragdoll. He could still be useful... if he can manage to ignore his melancholy. I start to incant and project my will across space and time into the glass ball. Like a wolf pouncing on its prey, I begin to tear apart Matera's essence, whispering to her to offer herself in sacrifice. She's a lost cause now. But her master can still benefit from her sacrifice. For a moment, I get the feeling that she can read me like an open book, that she can discern my true nature... But in the end, I feel her spirit resigning itself to her inevitable death. I tear out the Mana from her body and project it to her mentor, just before the crystal ball cracks."
018da8b3-a5ac-b98a-eaa2-088ad1a0f00b,ALT_COREKS_B_YZ_21_C,Spell,"Off You Go!",,"Time to kiss Kansas goodbye.",,,"The martengale lands on the balustrade and begins to groom its ears with its paws. I turn towards the little animal – a cross between a marten, a rabbit and a jay – and place myself in between it and Ozma. It seems frail and sickly, but looks can be deceiving. I know perfectly well who's hiding behind this intentionally plain form. I greet Loki with a nod, but he just licks his paws while staring at me with golden eyes. What could he possibly want? What could have persuaded him to leave his domain and enter ours? As I approach, he uncurls his long, bushy tail, revealing a message hanging from it. With one long canine tooth, he unties the knot holding the little note and lets it drop into my hand, giving me a hint of a smile that perfectly captures his mischievous temperament.

I open the note and start to decipher his words, which are full of strikethroughs, scribbles and spelling mistakes. I read it, then read it again, gradually unfurling the seemingly endless scroll. It's full of speculation, stylistic verbiage and nonsensical digressions. Tiring of his childishness, I skip – or try to skip – to the end... only to realize that it's a never-ending scroll. I scold him as he rolls around on the railing, almost falling into the void a few times. Then he finally decides to let me continue reading. With wide eyes, I finally read the end of the message. With a wave of my hand, I create a tornado to whisk him away to his own realm. I turn to Ozma, who is looking at me quizzically after my rather violent reaction. If what Loki says is true, some nasty business is afoot in the shadows..."
018da8b3-a5af-8833-bbe9-49fa432792c7,ALT_COREKS_B_YZ_22_C,Spell,"Spy Craft",,"This message will self-destruct in five seconds.",,,"I wander through the tight alleyways of Svarog Village, passing under the large drapes that protect the stalls from the daylight. Visitors crowd into the yellowish shade of the market, browsing for spices, seafood and metal parts that the Axiom produce and distribute for the people. But I'm not interested in any of these trinkets. What I want is to blend into the crowd. Behind me, the spy has been following me for quite a while. Who does he work for? Kuwat? Wanjiru? I'd love to know, but my only goal right now is to shake him off. And the cart passing by gives me the ideal opportunity to do it... I conjure the idea of ""Break,"" and place it on the cart's axle. With a resounding crack, the cart collapses, and crates tumble into the canal below.

I use the commotion to disappear into an alley, conjuring other ideas to graft onto my body. Long, straight black hair starts to grow out of my head, my skin turns paler, and my cheekbones widen. I mingle with the throng of pedestrians as I head towards the Auction House. If he keeps following me after all this trickery, I'll still have time to turn into a gust of wind or play with the memories of everyone who saw me... As I turn the streetcorner, I see the spy looking all around him, obviously panicked. If the Qorgan or any other cabal wants to keep tabs on me, they'll need to find someone better than this. After checking that I'm no longer being followed, I resume my journey to the rendezvous. Finding forbidden books is so rare that I wanted to take all the precautions I possibly could."
018da8b3-a5b2-c769-d64c-e31716448145,ALT_COREKS_B_YZ_23_C,Spell,"Conjuring Seal",,"The imagination shapes our reality just as our beliefs shaped the Æther.",,,"I call upon Hecate, I call upon the destroyer of the Veil. Ilinka helps me to maintain the Conjuring Seal. It takes the form of the Strophalos of the Triple Goddess of Witchcraft, half in our world and half in the Empyrean. Because of this, it materializes and fades away, spinning like an erratic mobile. We cannot loosen our grip. We'd hate to create a second Confluence... All I need is a crack through which I can pull out the ideas I need from the world of the imagination. With jaw clenched, I plunge my hand into its center. Around it, the shattered concentric circles rotate chaotically like locks opening and closing. I feel the pain running up my arm as I fish around for ideas...

The fissure between the worlds expands and contracts again and again. It's a delicate balance. Too much force, and it will sever my arm; not enough, and there's a risk of creating a Tumult Singularity. So, I close my eyes and focus on the ideas lacerating my skin like a furious maelstrom. When I feel the ones that I'm looking for have taken the bait, I remove my arm, which has been infected by a multitude of parasitic ideas. They are pure and powerful ideas, but I was ready for them. I start to strip them from my essence like peeling an orange, keeping only those that I need. The others vanish into the air, to be carried by the currents of the Tumult until they attach themselves somewhere in reality. I signal to Ilinka, and together we close the Seal of Hecate. I cover my ravaged arm with my coat, and in my mind, I turn over the ideas I'll be manifesting in the world as soon as I can."
018da8b3-a5b5-eb3f-d42a-2beb482ee446,ALT_COREKS_B_YZ_24_C,Spell,"Banishing Gate",,"""Let me walk you to the door.""",,,"Taru wraps his sticky legs around the monster's head and prevents it from seeing. He struggles to maintain his grip as his suckers stick and unstick repeatedly. I just need a few more seconds... The nightmarish Chimaera gnashes its teeth and manages to bite one of my Alter Ego's limbs. I gasp in pain as I feel Taru's tentacle sever. It will grow back, of course, but my stomach churns as I feel my companion's distress. That spurs my anger to take over. I trace Signs in the air to slow down time. A few stolen moments will help me banish the Tumult's aberration. That's the idea, at least. Around me, space-time glimmers like a mirror as everything plays out in slow motion. Movements and sounds. Taru squealing. The Chimaera snorting wildly. The grass slowly waving...

I summon the portal, which expands in reality like a disk bordered with purple lightning. From the other side of the tear, I can feel the pressure of the Tumult's currents, clamoring to rush through. But I won't let them. I draw a figure in the air and teleport Taru behind me, then perform a complex kata to propel the aberration through the opening. Time is starting to return to normal speed. It accelerates, freeing itself from its shackles. I strike the air with the flat of my hand to send a gust towards the Chimaera. I see the point of impact and violence of the shock, even though everything is still moving in slow motion, like wading through oil. I finally release my stranglehold on time as the creature is catapulted backwards from the explosion. I close the portal as quickly as I can, then fall to my knees, completely exhausted."
018da8b3-a5b8-33f3-2eaa-9cfeb39b87e2,ALT_COREKS_B_YZ_25_C,Spell,"Small Step, Giant Leap",,"The journey of a thousand miles begins with one step.",,,"Senka wraps its night feathers around me, and we leap through the raging vortex. The fabric of space bends, and time stops mid-flight. I hurtle down for miles, vast panoramas stretching out as I pass. The world is a wave, a roll that spirals on forever. We ride it like a seething river. Forests, plains and massifs expand and contract in a frenzied dance. And as we emerge from the whirlwind, a thousand cable lengths from our starting point, all my Sigils pulse around me, creating a barrier that I hope is unbreachable. I rush forward, then perform a roll to get myself back on guard. Not to be outdone, my Chimaera spreads its wings to give me cover as I try to take stock of my new environment. It's an estuary, with water flowing into a bay at the mercy of the falling tide...

But no matter which way I turn, there's no sign of the Chrysanthemum Cloak Warlock. He seems to have vanished. So I take a few steps towards the lifeless body sprawled several feet away from me, walking carefully to avoid any traps. But nothing leaps out in my direction, and no sudden spikes appear at my feet. I kneel down next to Qaasin, placing a couple of fingers on his throat to check his pulse. I push back the tears. His skin is cold and pale. Turning away from the body of my mentor, I roar and release all the spells I've been keeping in reserve, blasting the land around me. I smash a stone mound and scorch the sand with fire until it turns into a frozen wave of glass. I scream out all my rage, my pain, my despair... He warned me. He told me that if I continued to hunt him, he would need to take measures..."
018da8b3-a5bb-9078-9351-ac6956569ee4,ALT_COREKS_B_YZ_26_C,Spell,"Kraken's Wrath",,"The roaring waves crashed down over the charging armies, and countless soldiers vanished beneath the raging waters.",,,"I watch with horror as the soldiers of the Aegis are swallowed by the waves. The Kraken ravages the Ordis ranks, and I'm desperate to join in and help them. But Taru is clinging to my arm and he turns to me with tearful eyes. With one of his tentacles, he points to the other side of the battlefield. But I can't understand the words he speaks to me. ""Elsewhere. The threat is coming from elsewhere."" His suckers adhere to my skin, preventing me from incanting. I see a figure disappear in the swell and beg my Alter Ego to let go of me. He finally relents, pouting sullenly as his legs release their grip and hang limply. Down below, the sea is pure chaos. The foam boils, the swells crash into the cliffs, and the water spirals like an emptying bathtub. But that's where I must go.

I let myself fall and dive beneath the surface. I immediately feel the currents tugging at me, but I manage to hold my breath. I let myself be dragged to the depths, to the fathomless darkness of the sea bed. Holding my breath, I use a combination of gestures to summon a portal to dry land. I feel the currents changing direction as the swirling water is sucked into the portal I've half-opened along with the soldiers who have been swallowed by the waves. I need to keep it open. I must keep it open so they can pass through. The pressure on my lungs becomes increasingly unbearable, and black spots dance on the edge of my vision. But I can't give up yet. Taru suddenly wraps himself around my head and releases an air bubble into the cavity he's created with his gelatinous body. I take in a big gulp of air and cough to spit out the water I've swallowed through my nose."
018da8b3-a5be-d1d0-0e5a-ab6773981fa2,ALT_COREKS_B_YZ_27_C,Spell,"Celestial Blast",,"The sky cracked open in a thunderous wave as the dream was unleashed upon the world.",,,"Taru is sleeping peacefully on my chest. But I can't seem to fall asleep. I think of Kumari and how far apart we are. I remember the chaos of the battlefield as I listen to the shrill song of the cicadas. I think back to the raging water and roaring fire as I contemplate the pricks of light that dot the heavens. I recall what Afanas and Senka did during the battle against the Kraken. Even though it ultimately failed, the Battlemage had made fire rain down from the sky. I didn't have much time to study astronomy back when I was a student in the Kadigir. I had lots of other things to worry about. But I still knew the basics. Up there, in the vast sky, there were other fiery balls, other stars like the Sun...

There were also other worlds, maybe inhabited by amazing creatures like in some of the old books. Maybe Taru and the other Chimaeras came from there... Taru instinctively wraps a tentacle around one of my fingers, probably because he sensed I was thinking of him. I sigh as I look up to the night sky again. If there were people like us who lived on other planets – or even on the moon – did they also experience the Confluence? Do they also watch the dark sky like we do with our telescopes? Could they help us? I would have loved to learn the names of the stars and constellations, but I hadn't had enough time. Senka had gone to find one and send it crashing down to Earth. Well, the idea of a star at least. But down here, who really knows what goes on up there, far above the clouds?"
018da8b3-a5c1-f2e1-02e1-b192a91480c7,ALT_COREKS_B_YZ_28_C,Permanent,"Baba's Isba",,"Boney Legs, she's called, and her hut is one reason why.",,,"I make my way over to the raised front steps of the isba, following the long ribbed legs the cabin is perched on. I could see from afar that Baba Yaga was at home, as there was a plume of smoke coming from the chimney. But I'm still surprised when I open the front door. Facing me, comfortably seated in an armchair, is a Muna drinking a cup of tea, while the witch is in the kitchen preparing what looks like – or rather smells like – a borscht. The Muna beckons me to sit down opposite her. She is sitting cross-legged, one foot dangling casually as she sips at her concoction. I remember her name: Saskia, if I'm not mistaken. It's not unusual for Muna to seek out Baba Yaga. The Eidolon was also responsible for watching over the expanses of forest...

Yet there's something a little off about the look on the young Muna's face. I can sense danger, even though there's nothing in the room to suggest it. The lace doilies, the dried flowers hanging from the rafters, the kitchen utensils neatly arranged above the wood stove... Everything has an old-fashioned, almost rustic charm, but nothing that would suggest any sort of threat. Except Baba Yaga, of course. So that means it's the Muna's presence that I find unsettling. I sit down on a chair, pushing aside the tartan covering it. Saskia gets up and places a porcelain plate next to me with some sugar-crusted pryaniki on it. The hut's wooden frame creaks with each movement of the isba. Nothing seems out of the ordinary. But beneath the smell of cumin, nutmeg and star anise, and behind the other guest's fixed smile, something sinister is brewing..."
018da8b3-a5c4-46fb-e9bc-b566c6f984ae,ALT_COREKS_B_YZ_29_C,Permanent,"Aether Shard",,"No mere trinket, but a fragment of purest dream.",,,"It's now Matera's turn to come forward. Her shoulders are tense and her steps hesitant as she collects her hammer and chisel from Flamel. She gives me a discreet glance, and I nod to reassure her. She sighs and takes a few steps towards the Megalith, which pulses with an amethyst glow. After this ceremony, she'll officially be an Yzmir Initiate. After this formality, she'll be my equal. I watch her hold her breath. In front of her, the meteor of Aether throbs intimidatingly in the gloom. She places the point of her chisel on its surface, taking care to target a little lump. Then she takes a long breath to calm her nerves, raises her arm... and strikes with the hammer. The metallic clink resounds around the vast chasm and reverberates in a thousand echoes. The fragment that was cut from the Megalith falls to the ground, and she bends over to pick it up.

This tear-shaped stone will help her channel her magic more effectively. But suddenly, I see her hesitate. Next to her, the Megalith has started to tremble and pulsate furiously. Matera quickly grabs the shard, then takes a few steps back. She jumps when Flamel places a hand on her shoulder, but quickly realizes he's just moving her aside to give me the room I need. The trembling has become a rumbling. But I'm ready. I immediately place a statuette on the ground to summon one of the guardians of the Well of Tears. Matera watches me, hugging her fragment to her chest. The Disciples and newly inducted Initiates step back and begin to utter incantations to help me. The shards of the Megalith glow in the darkness, while iridescent emanations begin to dance in the air."
018da8b3-a5c7-a5ab-b7a1-242e1dd5e867,ALT_COREKS_B_YZ_30_C,Permanent,"The Kadigir, Yzmir Bastion",,"What dark, phantasmagorical secrets hide within Asgartha's College of Magic? Only madmen and the Yzmirs know for sure...",,,"I tug Kumari by the sleeve, and we hide in the bushes. I place a finger on my lips to tell my sister to stay quiet and not move. It would really suck if any students – or worse, teachers – found us just as we arrived. We watch them pass as they head towards a weird-looking building. They're wearing long hooded gowns and carrying around large books that are no doubt full of strange symbols. Once they're a reasonable distance away, I signal to Kumari to follow me. There's a grove I want to visit today, and from what I saw last time, it should be a really cool place to play. So, we go around the greenhouse where lots of strange plants and trees are growing, and we hide from the brightly colored birds taking flight to be sure they won't rat us out.

Luckily, the Kadigir is a maze of paths, tree plantations, gardens, hills and shady undergrowth. As long as we don't get too close to the large buildings and we stay in the park, there's a good chance no one will spot us. And we don't want to get caught because, last time, the Magister had been within an inch of turning us in to mom and pop. We avoid the menagerie because Kumari is scared of the strange animals that lurk in there. We go through the orchards to swipe some of the exotic fruit that has all those unusual flavors. And then we finally arrive at our destination. It's a small courtyard sometimes used for meditation, but most of the time it's completely empty. I take off my sandals and plunge my feet into the fountain where fat purple flamingos are babbling. I cup a bit of water in my hands and throw it up into the air. It transforms into a bubble that starts to float towards the Magisterium..."
018da8b3-a5c9-01e1-a375-3dded3d1f5f1,ALT_COREKS_B_YZ_31_C,Token,Maw,,"Always hungry for new ideas...",,,"Hunger... It's always there, like a void that seeks only to devour everything. I can only sate it for a while, but it always comes back, demanding its due, growling for a new offering. It's there, like a bottomless pit. It's there, like a master that can never be satisfied. Hunger... I know that nothing – no sacrifice, no libation – can make it feel any sense of satisfaction. It's there, like an open maw with sharp fangs. It's there, with the ultimate goal of gobbling up everything. Because it knows that there's a meal here much more nourishing than a mere series of ideas. It devours. It gnashes. It salivates at the idea of its next feast..."
