ID,REFERENCE,TYPE,NAME,DATE,FLAVOR_TEXT,INSPIRATION,NARRATOR,STORY
c059714e-4ae8-4f84-a6b7-b86b69df54f7,ALT_CORE_A_AX_22_C,Spell,"Mechanical Training",,"Pour apprendre à créer, il faut d'abord apprendre à réparer.",,,
01899da7-70d4-3dbe-e328-d8e16e3370bd,ALT_CORE_A_AX_31_C,Token,Brassbug,,"“Krr. Krrrrr. Vrrrr, krr.”",,SIERRA,"389 AC - ""Je me trémousse sur ma chaise, mes écouteurs vissés sur mes oreilles. La musique d’Ankita Struna pulse dans mon casque, aussi rythmée qu’éthérée. Ma tasse de café fume sur mon établi, alors que la lumière du Soleil filtre à travers les stores de l’atelier. Devant moi, le plan de montage est déplié sur la table, et je l’étudie attentivement, tout en faisant tournoyer mes tournevis comme si c’était des baguettes de percussion. Du coin de l'œil, je vois un Brassbug grimper le long du pied de table, et s’installer sur mon plan de travail. Il m’observe avec curiosité, sa caméra zoomant en alternance sur moi et sur le diagramme que je suis en train de déchiffrer. Je retire mon casque et le mets autour de mon cou, scrutant le robot insectoïde avec un mélange d’étonnement et de perplexité.

Ce dernier observe longuement le schéma, comme pour l’analyser. Est-ce qu’il serait en train de s’ennuyer ? Il lève la tête et m’observe longuement. Je lève la jambe et fais résonner mon tournevis sur ma prothèse en métal. Le Brassbug semble soudain comprendre, et se met à disséquer davantage le plan, se mouvant de gauche à droite sur la table. Il scanne mon design, passe au crible les indications qui me permettront de me forger de nouvelles lames de course. Puis, semblant satisfait, il ouvre ses compartiments dorsaux pour me permettre d’accéder à toute une palanquée d’outils divers. Des vis à la bonne taille, des maillets de finition ; une visseuse kélonnique, une pierre à aiguiser… Je le remercie en tapotant doucement son dos, et lui pose mon casque sur le sommet de sa tête. Elle se met à dodeliner d’avant en arrière, au rythme de la musique, vraisemblablement au comble du bonheur."""
d72b9f2c-d775-4960-984d-8ea0331bf2f5,ALT_CORE_A_BR_26_C,Spell,"Physical Training",,"100 pompes, 100 abdos, 100 squats,10 km de course à pied et le désir de faire ses preuves : l'entraînement typique des Bravos. ",,,
8cfc7f61-8bcc-4987-a7da-0d4844d3f614,ALT_CORE_A_BR_31_C,Token,Booda,,,,,
e4d3a312-5ed8-40a9-81f6-d260e10eec2c,ALT_CORE_A_LY_22_C,Spell,"A Cappella Training",,"« Merci d'être mon métronome ! »",,,
9a672443-d871-4931-8ac9-e331df6b8101,ALT_CORE_A_MU_25_C,Spell,"Meditation Training",,"Ne pense pas que tu es, sache que tu es.",,,
9a08ad91-8eaa-4c0a-85ba-c83b87ffda1d,ALT_CORE_A_OR_24_C,Spell,"Teamwork Training",,"À travers leur Esprit-Ruche, les Ordis font de la multitude une seule et même volonté.",,,
a38897ba-37b2-4475-9519-546a913fe381,ALT_CORE_A_OR_31_C,Token,"Ordis Recruit",,,,,
e75a5746-f7da-4cf4-acaa-b628efaea889,ALT_CORE_A_YZ_19_C,Spell,"Magical Training",,"Sans pratique, le don d'Altération n'est rien.",,,
fd8beac6-89af-43ce-97b7-513982eb2ea5,ALT_CORE_A_YZ_31_C,Token,Maw,,,,,
018d61e2-7ace-9ab1-d590-f1a507d0065b,ALT_CORE_B_AX_01_C,Hero,"Sierra & Oddball",,"Existe-t-il meilleure récompense que de voir ses créations prendre vie ?",,,"392 AC - Sous la surface huileuse du lac, des bulles irisées remontent lentement des profondeurs en grappes étranges, comme des milliers de méduses en train d'ondoyer. Elles se percutent, éclatent, s'assemblent, se subdivisent, avant de percer les eaux pâteuses en chuintant, éructant des miasmes colorés. Je sens partout autour de moi la pression du Tumulte, les idées qui sont relâchées à chaque gonflement qui se perce, et qui cherchent par tous les moyens à s'exprimer dans le monde. Clairement, il y a au fond de l'étendue lacustre quelque chose qui pulse. Peut-être une singularité du Tumulte, enfouie à des dizaines de mètres sous moi. Tout ce que je peux faire, c'est protéger mon embarcation de ses ravages, d'exciser une à une, grâce à mon Construct, les idées parasites qui se mettent à bourgeonner sur sa coque. La traversée va être ardue. Le moteur kélonique de la barque est en train de crachoter, lui aussi affecté par les idées qui le percutent.

J'espère que de son côté, Oddball parvient à se débrouiller. Je sonde le lointain, sentant sa psyché me répondre misérablement par quelques bips succincts. Je perçois grâce à mes propres sens à quel point sa carlingue est abîmée, infectée par des idées intruses. À travers notre lien, je matérialise à ses côtés l'Eidolon d'un Récupérateur. Mon Alter Ego ralentit, clairement soulagé de pouvoir bénéficier d'un arrêt au stand. Il aura bien besoin de ça pour requinquer son blindage. Je le laisse alors que j'entends les premiers bruits de soudure résonner dans la forêt crépusculaire où il évoluait jusque-là, slalomant entre les troncs d'arbre. De mon côté, je ne suis pas non plus tirée d'affaires. La navigation sur ces eaux poisseuses prend un temps faramineux, avec le risque qu'à tout moment, une bulle me fasse chavirer et basculer dans les flots sirupeux."
018d61e2-7ad1-b244-5a05-3659d1ab00e9,ALT_CORE_B_AX_02_C,Hero,"Treyst & Rossum",,"Tout système énergétique est une machinerie subtile, à optimiser pour en tirer le meilleur rendement.",,,"392 AC - Les pattes de mon chariot s'enfoncent dans le sol meuble, emplissant les alentours du sifflement de leurs vérins hydrauliques. Alors qu'un Scarabot effectue sur lui des opérations de maintenance, Rossum se tourne à droite à gauche, observant attentivement le paysage. Curieux de tout, il se redresse parfois derrière moi, contemplant l'envolée de petits poissons multicolores nageant dans les airs, ou bien la rapide érosion d'un flanc de colline, comme façonné de gelée bariolée et diaphane. Un peu plus loin, un bosquet enflammé étire ses branches au-dessus de rochers turquoise, illuminant la prairie que nous traversons. Comme j'aurais aimé que Paju soit là, avec moi, en cet instant... Pourtant, je me retiens d'invoquer son Eidolon. J'ai besoin de tout le Mana que nous avons collecté, mon Alter Ego et moi, pour parer aux avaries qui ne manqueront pas d'arriver.

Rossum pose sa main sur mon épaule, faisant tinter dans mon esprit une consolation en binaire. Depuis que nous avons lié par le Musubi nos esprits et nos essences, il peut ressentir la moindre de mes émotions, comme je peux éprouver son oppressant mal du pays. Nous avons chacun nos chagrins. Nous avons tous les deux nos blessures. Pourtant, la perspective de l'aider à regagner son foyer apaise quelque peu mon deuil. Et le voir fureter de-ci de-là comme un enfant avide ne manque pas de me faire sourire. Ça fait du bien de sourire de nouveau... Je regarde son épiderme métallique, cabossé de partout suite à nos dernières expéditions. Il va falloir que je renforce sa cuirasse, et que je l'agrémente peut-être de deux ou trois modifications plus fonctionnelles. Il en aura bien besoin, quand il devra voguer seul vers le Tumulte pour précéder mon arrivée. Je sors mon calepin de ma poche, et commence à dessiner quelques schémas à la va-vite."
018d61e2-7ad4-4a89-445b-5212c178fe0c,ALT_CORE_B_AX_03_C,Hero,"Subhash & Marmo",,"Les possibilités sont toujours infinies, même dans un monde aux ressources limitées. Tout dépend de la façon dont on choisit de les dépenser.",,,"392 AC - Je tends la main et saisis la clé à molette que Marmo tient dans sa gueule. Je resserre le dernier boulon en maugréant avant d'essuyer mes doigts plein de bave sur ma combinaison. Ok, l'heure de vérité. J'enclenche ma pile kélonique, et mon antenne dorsale se met à vrombir. Tout semble fonctionner comme sur des roulettes. Mon Alter Ego aboie, et je farfouille dans ma besace pour en tirer une friandise en forme de nonosse, avant de la lancer dans sa direction. Il a bien mérité une petite récompense. Tandis qu'il la mâchonne en grognant de plaisir, je réajuste mon casque sur ma tête, m'assurant bien de son étanchéité. En combinant mon Construct, j'appelle à moi une lampe torche, et darde sa lumière vers l'entrée de la caverne. Bon, il est temps de vérifier s'il y a du foutu Kélon dans ces boyaux. Et y a intérêt, j'en ai un peu marre de rentrer bredouille.

Alors que j'entre dans la grotte, je ne peux m'empêcher de la comparer à une gueule qui cherche à me dévorer. Franchement, j'ai pas envie de finir comme un biscuit de Marmo, broyé entre deux maxillaires. Devant moi, les effluves rosées du Tumulte s'écartent comme deux rideaux, chassés par les ondes de mon antenne. Marmo, quant à lui, gambade fièrement, nullement affecté par la brume ondoyante. Il s'en gave même à foison, tandis que je sens le Mana s'insuffler en lui comme une batterie en cours de charge. Je pianote sur mon Construct, matérialisant devant moi un Élémentaire de Kélon. L’axolotl apparaît, se met à humer l'air. S'il y a du Kélon dans les parages, il devrait réagir. Il devrait... Je le vois soudain s'élancer en avant. Ah ! Bingo. Je me mets à marcher à sa suite, saisissant ma pioche kélonique. Alors que je l'enclenche, le cylindre de Kélon qui l'alimente se met à pulser d'une lueur bleutée, maculant la cavité d'un éclat mauve."
018d61e2-7b55-e3f2-2b56-e386156d3852,ALT_CORE_B_AX_04_C,Character,"Kelon Elemental","370 AC","Tout comme les ingénieurs Axiom, les Élémentaires de Kélon ont le goût de la découverte.",,Subhash,"La buée recouvre déjà l'intérieur de mon casque tandis que j'émerge de l'ascenseur. J'ai envie de me gratter, mais ça va pas être facile avec ma combinaison intégrale. L'intérieur de la mine est poisseux, saturé de vapeurs soufrées. Les autres mineurs patientent dans leur scaphandre, chargés de leur barda encombrant, entre autres des marteaux-piqueurs, des pelles et des pioches. Seule la lumière de nos lampes brille dans l'obscurité, là, à mille pieds sous terre. Machinalement, j'essaie d'essuyer mon front, mais ma main heurte ma visière. Je maugrée intérieurement. Autant en finir au plus vite. J'ouvre la cage que j'ai apportée avec moi, et l'Élémentaire de Kélon en jaillit, appâté par la présence du minerai énergétique. Dans la pénombre de la mine, son épiderme est presque phosphorescent. Allez, petit, au boulot. Trouve-nous un bon filon bien juteux.

Après avoir humé l'air toxique, il se met à détaler, et je le suis aussi vite que je peux. Il tourne à gauche, puis à droite, sans s'arrêter une seconde, ses pattes dodues dodelinant de façon un peu maladroite alors qu'il avance. La bestiole est irrémédiablement attirée par le Kélon, comme un papillon de nuit vers une bougie. J'observe son dos lisse et rose, d'où jaillissent des croûtes cristallines. Tout comme l'axolotl, il a des branchies externes en forme d'antennes de part et d'autre de la tête. Ce sont ces appendices qu'il utilise pour se guider, car ses yeux globuleux ne voient pas à dix centimètres de distance. Mais il en a pas besoin pour sentir la proximité de sa friandise préférée. Il ressemble à Marmo de ce côté-là. Ils réfléchissent tous deux avec leur ventre. Il s'arrête soudain et se met à gratter la pierre. Je fais signe aux autres d'approcher. T'inquiète, petit. Si on trouve du Kélon, on t'en gardera une pépite..."
018d61e2-7b59-e8c1-4f2d-9c74ec95cf63,ALT_CORE_B_AX_05_C,Character,"Foundry Engineer","386 AC","Derrière chaque chef-d'œuvre Axiom, il y a des ingénieurs de la Fonderie.",,Sierra,"Je pose le drone fumant sur l'établi de l'ingénieure, et la vois serpenter en direction de l'appareil endommagé. Ses écailles crissent sur le sol tandis qu'elle avance, et le bout de sa queue vibre d'intérêt. Comme moi, Irun est née parmi les Lyra. Comme moi, elle a rejoint l'Axiom. Mais elle a fait son choix tardivement, après avoir passé la cérémonie de la métamorphose. Les transformations qu'elle a héritées du rituel sont devenues en quelque sorte sa marque de fabrique, son poinçon. Je sais qu'elle s'amuse de la réaction de ses élèves, pris au dépourvu par son apparence lorsqu'ils la voient pour la première fois. Pour moi, ça a toujours été normal de voir des gens altérés par le Tumulte. C'est peut-être pour ça qu'on est devenues si proches. Je la regarde ausculter le drone en secouant la tête. Je l'avais envoyé au sein du Tumulte pour récupérer autant de données que possible, mais ses courants l'ont bien amoché. Il a réussi à revenir comme il a pu, mais ses circuits ont été endommagés.

Je demande à Irun si elle est capable de m'aider à réparer le drone, ou au moins de sauvegarder ce qu'il a pu enregistrer. Elle le branche à une station de charge, et il émet soudain une complainte stridente, secouant sa carcasse écornée. Je le vois s'élever de nouveau, tandis que des pièces de métal se détachent de sa coque et tombent par terre. C'est comme... comme s'il était en train de muer. Le drone se tourne dans ma direction, sa caméra zoomant et dézoomant sur mon visage. Je tends la main, intriguée, et il s'en approche, comme s'il était animé d'une volonté propre. Il se met à tournoyer autour de moi comme un chiot gambade autour de son maître. Je passe une main sur son châssis, et il frémit de plaisir. Qu'est-ce qui s'est passé, au juste ?"
018d61e2-7b5d-ee7a-59d1-970d1e0168e9,ALT_CORE_B_AX_06_C,Character,Ogun,"383 AC","À chaque coup de marteau, Ogun forge le destin des Axiom.","Orisha de la mythologie Yoruba, de même qu'un des loas vaudou en Haïti, Ogun est le patron des forgerons. Dieu des métaux, du feu et de la guerre, il est dit que c'est le premier Orisha à être venu sur Terre. Sous son épithète d'Ogun Feray, il combat la misère, et a juré d'aider ceux qui avaient besoin de son aide. De ce fait, il incarne l'idée du progrès et d'une humanité domptant son environnement.",Sierra,"Le feu crépite tandis qu'Ogun frappe le métal. À chaque impact, les étincelles jaillissent et chutent autour de lui en une pluie embrasée. Sa large main enserre son marteau, ses coups puissants et précis résonnent au sein de l'atelier. Je l'observe alors qu'il plonge le lingot qu'il forge dans l'eau, regarde la surface du liquide bouillir dans un nuage crachotant de vapeur. Il me fait un signe de tête, et j'active mon Construct. Je pianote, combine les symboles qui sont à sa surface. Le morceau de métal qu'il martelait consciencieusement se met à rougeoyer de nouveau alors que je ravive sa température grâce à l'Altération. Il pose la barre incandescente sur son enclume et se met à la rudoyer de nouveau. Le métal se craquelle tandis qu'Ogun, à chaque choc, chasse les impuretés du minerai.

À demi hypnotisée par le métal rutilant et les étincelles qui grésillent, je repense à ce que l'Eidolon m'a dit : ""Tu as un don pour l'Altération"". Est-ce que c'est la voie que je dois choisir ? Ne pas pouvoir intégrer le Fulcrum avait été dur à encaisser, mais peut-être que devenir Altératrice m'ouvrirait les portes des Corps expéditionnaires ? Ogun dépose le pain de métal sur l'établi et y appose son poinçon, son Vévé. En utilisant mon Construct, je le refroidis jusqu'à lui donner sa forme définitive. L'Eidolon lève les yeux dans ma direction. Il semble lire sur mon visage mes hésitations, mes doutes. J'essaie de les chasser de mon esprit. Je prends le lingot d'acier et le pose sur la pile de ceux qu'il a déjà façonnés. Je saisis une pièce d'acier et l'embrasse, comme il est de coutume quand on fait appel à lui. Satisfait, il se désincarne lentement tandis que le Mana suinte hors de lui et se répand dans l'air..."
018d61e2-7b61-4e8c-4001-4ebf42770364,ALT_CORE_B_AX_07_C,Character,"Foundry Mechanic",,"On ne choisit jamais où et quand un petit correctif est nécessaire.",,,"Vous aimez bricoler dans votre garage ? Les prodiges de la science vous fascinent ? Vous pensez que l'innovation est la clé d'un avenir meilleur ? Alors rejoignez les rangs des mécaniciens de l'Axiom, pour être aux premières loges du progrès ! En seulement cinquante années d'existence, la Faction a profondément transformé Asgartha et ses modes de vie. Désormais, des trams circulent au sein de la capitale et des aérodynes rallient toutes les Provinces en quelques heures seulement ! Grâce au Kélon, votre ville s'illumine la nuit, et grâce aux Constructs, l'Altération est désormais à la portée de chacun ! Toutes ces merveilles sont le fruit du travail acharné de nos ingénieurs, nos ouvriers et nos artificiers. À travers eux, la révolution industrielle est en marche ! Montez à bord sans tarder !"
018d61e2-7b64-316f-9da0-d23ff466052a,ALT_CORE_B_AX_08_C,Character,"Axiom Salvager","373 AC","Les ressources limitées ont toujours poussé les Axiom à recycler ce qui pouvait l'être.",,Subhash,"Le Récupérateur en chef lorgne de mon côté quand je décharge mon barda. Je grogne en le voyant étrécir les yeux et me mets à trier consciencieusement. Je sais à quel point il peut être tatillon à ce sujet. Voyant que je suis ses consignes, il détourne le regard et remet son masque à soudure. La flamme de son chalumeau se met à briller alors qu'il l'approche de la pièce de métal qu'il est en train de découper. Je sais que les mines de Suspira sont en train de s'épuiser, que ce soit en termes de minerais rares ou de Kélon. La seule parade qu'on a trouvé, c'est de recycler autant que possible les matériaux, pour avoir le moins de déperdition possible. Ça va être un problème à la longue, si l'Effort de Redécouverte est un échec. Je sais ce que les pontes disent : il faut rationaliser pour tenir la cadence, bla bla bla. En attendant, ça veut dire récupérer tout ce qu'on peut pour leur donner une seconde vie, et c'est pas une mince affaire.

Le Récupérateur approche tandis que je déverse le contenu de ma dernière hotte. Il farfouille dans le matos, soupèse un truc, scrute une pièce qui semble encore fonctionnelle. Yep, la récolte a été bonne de mon côté, j’ai pas à rougir de ce que j'ai ramené. Il me fait un signe de la main, autant pour me dire d'y retourner que pour signifier son approbation. Je m'exécute. C’est pas comme si j'attendais des félicitations. Alors que je remonte l'escalier de l'aire de recyclage, je me souviens d'une histoire qu'on me racontait petit : il y a longtemps, y'avait un gars dont le boulot était d'apporter plein de cadeaux aux gens, partout dans le monde. Ben, je peux pas dire que je l'envie..."
018d61e2-7b68-8833-1ca3-ac8a89098cda,ALT_CORE_B_AX_09_C,Character,"Tinker Bell","371 AC","Ding ding ! Quand quelque chose cloche, autant passer par la case rafistolage.","Jalouse et irascible, Clochette est un personnage créé par J. M. Barrie dans sa pièce de théâtre, Peter Pan. Elle ne s'exprime qu'à travers des bruits évoquant le tintement de cloches, qui ne sont compréhensibles que pour ceux qui connaissent le langage des Fées. Amoureuse de Peter jusqu'à l'obsession, elle joue des tours à celles qu'il courtise, mais n'hésite pas à se sacrifier pour assurer sa sécurité. La Poussière de Fée qu'elle garde en sa possession permet de voler à quiconque s'en saupoudre.",Subhash,"Je referme la porte de mon atelier et ôte mon gantelet fumant. Je le laisse choir sur la table tandis que je me sers un petit remontant. Pffff. Quelle journée. J'ai foré et excavé quasiment sans m'arrêter, et comment je suis récompensé ? Par du matos qui me claque entre les doigts. Ça va faire des heures sup dont je me serais bien passé. J'hésite à prendre une douche avant, mais autant tirer sur le pansement sans trop tarder. Je me connais, si je laisse traîner, on y sera encore dans une semaine. Je soupire et me mets au travail. Je peux me charger du tout-venant, mais je vais avoir besoin d'aide pour le travail de précision. Le seul hic, c'est que je vois pas qui d'autre que Clochette pourrait m'aider. Sauf que pour bénéficier de ses doigts de fées, je vais devoir me coltiner son humeur de dragon.

Je sors mon Construct de ma sacoche et recombine les hiéroglyphes qui tapissent sa surface, comme s'il s'agissait d'un puzzle tridimensionnel. L'Eidolon de la Fée Clochette ne tarde pas à se matérialiser, suivie par les carillons qu'elle émet sans discontinuer quand elle fuse de part et d'autre de la pièce. Elle finit par se poser sur mon établi, regardant avec effroi le gantelet que j'ai malmené. Elle croise les bras avec un air de défiance à mon égard, tintant de tout son saoul pour manifester son mécontentement. Je suis sûr qu'elle va me filer le bourdon avant la fin de la soirée. Je maugrée quelques excuses, sans parvenir à l'apaiser. Avec dédain, elle pointe du doigt ma boîte à outils. J'utilise l'Altération pour la réduire à sa taille et la lui tends. Bon sang, comment une si petite chose peut avoir un tel caractère de cochon ?"
018d61e2-7b6c-7e89-8c9a-de68269f98f7,ALT_CORE_B_AX_10_C,Character,"Jian, Assembly Overseer","375 AC","« L'Aérolithe ne semble pas affectée par la gravité. En domestiquant ses propriétés, nous pourrions créer des vaisseaux et des villes volantes, tutoyer les nuages... »",,Treyst,"Jian Lam pose une main sur le cœur d'Aérolithe, tapotant sa surface tandis qu'il nous parle de ses propriétés. J'écoute attentivement l'Eidolon. Comme le Kélon, l'Aérolithe est un matériau qui a émergé avec la Confluence. Les Nomades du Tumulte en parlaient déjà durant leurs voyages : des ruines flottantes, des rocs suspendus dans les airs comme par magie... Ce n'était pas un simple caprice de la nature, mais un nouvel élément, qui pouvait être exploité. C'est ce qu'avait fait Jian Lam il y a plus de trois cents ans de ça. Il avait dessiné des plates-formes et des barges à lévitation, des quantités d'inventions fantasques et visionnaires... Quelque part, c'est même grâce à lui que la capitale ressemble à ce qu'elle est aujourd'hui, avec des zones lacustres qui volettent au-dessus de l'eau sans l'aide de pilotis.

Lam active un bouton, et la sphère d'Aérolithe s'élève de quelques centimètres. Il active son propre propulseur dorsal et prend de la hauteur à son tour. Bon, il n'est pas toujours facile de suivre ses explications. Paju le décrit comme quelqu'un de distraitement passionné, avec un tempérament rêveur. Mais quand il parle de ses créations, ses yeux se mettent à pétiller et son enthousiasme est communicatif. Même s'il perd parfois la notion du temps et que ses cours ne finissent jamais à l'heure... Pour nous, l'Aérolithe est ce qui va permettre à nos airships de s'élever dans le ciel et de côtoyer les oiseaux. Situé au centre de l'appareil, juste derrière le cockpit, ce noyau est un peu notre bouée. En y envoyant des impulsions, on pourra faire varier l'altitude, tandis que les moteurs au Kélon nous propulseront en avant ou en arrière. À la demande de l'Eidolon, j'enfile mon réacteur dorsal. J'adore cet aspect de nos travaux pratiques."
018d61e2-7b6f-c1d2-8de1-12ed784f372f,ALT_CORE_B_AX_11_C,Character,"Amelia Earhart","379 AC","« La façon la plus efficace de le faire, c'est de le faire. »","Amelia Earhart est une célèbre aviatrice américaine, connue pour être la première femme à avoir traversé l'océan Atlantique en solitaire. Passionnée d'aviation et d'exploits, elle a été une fervente militante du droit des femmes. En 1937, alors qu'ils tentaient le tour du monde par l'est à bord de leur bimoteur Lockheed Electra 10-E, Amelia et son navigateur Fred Noonan ont disparu en plein milieu du Pacifique, pour ne jamais être retrouvés.",Treyst,"L'alarme vocifère au sein du cockpit, tandis que les lumières rouges clignotent partout dans l'habitacle. Je tousse. Tout l'appareil tremble et grince alors qu'il chute en direction de la mer. Bon sang, c'était juste censé être une simple mission de reconnaissance ! Paju est inconscient sur son siège, du sang coulant sur son visage. Je bataille contre le vent qui s'engouffre à travers le pare-brise éventré, juste pour garder les yeux ouverts. Il a l'air livide. Je serre les dents et jure à plusieurs reprises. Sur ma console endommagée, lacérée par les tentacules du Kraken, les avaries sont multiples. Il n'y a plus rien à faire ici. J'ôte mes sangles et saisis mon Construct, combine l'artefact pour aboutir à la séquence que je vise. À la périphérie de ma vision, je vois le moteur gauche brûler dans un panache de fumée. Le sol est en train de se rapprocher à vue d'œil. Une secousse ébranle l'aérodyne de surveillance.

Je me cramponne comme je peux et finis de matérialiser Amelia Earhart à travers le Construct. L'aviatrice prend place au poste de pilotage alors que je détache Paju et l'allonge sur le plancher de l'appareil. L'Eidolon est la seule capable de nous sortir de là. J'enlève mes gants et ouvre la combinaison ensanglantée de mon ami. Je presse mon oreille contre sa poitrine. Ouf, il respire. Dans le vacarme ambiant, je l'attache aux filets et m'attache à la rambarde. Je sens le nez de l'aérodyne se redresser... Je regarde en direction d'Amelia, qui a réussi à stabiliser l'appareil et survole à présent le Rempart. C'est bon, nous sommes sau... L'explosion me projette contre la paroi. Une horrible douleur éclate au bas de mon dos alors que je m'effondre. Tout tourne. Je suis soulevé du sol. Ma tête heurte quelque chose. Bruit blanc. Un ouragan."
018d61e2-7b73-acab-f6a5-0b120e300e8b,ALT_CORE_B_AX_12_C,Character,"Three Little Pigs","381 AC","Ensemble, ils peuvent construire bien plus qu'une simple maison de pierre.","Dans ce conte anglais, trois cochons quittent le cocon familial pour acquérir leur indépendance. Le premier, par paresse, construit une maison de paille, le deuxième se contente d'une maison de bois. Mais le Grand Méchant Loup souffle fort sur les deux bâtisses, qui s'effondrent avec fracas. Après avoir goulûment dévoré les deux premiers frères, il s'attaque au troisième. Mais ce dernier a bâti une maison en pierre qui résiste aux assauts du loup. En essayant de se faufiler par la cheminée, le Loup tombe par mégarde dans une marmite fumante, et finit ébouillanté.",Sierra,"L'un d'eux ronfle bruyamment à son bureau, tandis qu'un autre tape avec sa baguette sur la paume de sa main comme s'il battait la mesure des secondes. Le troisième, quant à lui, passe entre les rangs des Apprentis, jetant par-ci par-là des regards furtifs sur les réalisations des élèves. Il règne un silence studieux au sein de la salle de classe, tandis que les autres élèves griffonnent, tracent des traits à la règle ou mesurent avec leur compas. Le Compagnon qui était censé nous surveiller a fait appel aux trois Eidolons porcins pour le remplacer, et ces derniers — l'un d'entre eux tout du moins — ont pris leur travail au sérieux. Je me remets à plancher sur le design de ma machine. Il ne reste qu'un peu plus de deux heures pour terminer, et je ne vais pas devoir trop chômer.

Je me remets à dessiner quand je sens l'un des Eidolons — le plus assidu des trois — se pencher sur mon schéma de montage. Du coin de l'œil, je le vois acquiescer d'un air approbateur. Est-ce un signe que je suis sur la bonne voie ? Les Trois Petits Cochons sont reconnus comme de formidables ingénieurs et maîtres d'ouvrage au sein de l'Axiom. Sûrement que cet encouragement... Je secoue la tête, essayant de refréner mon enthousiasme pour me reconcentrer sur mon objectif. Pour ceux qui se débrouillent bien à ce concours, il y a tout de même à la clé une poignée de places pour intégrer le Fulcrum, la Guilde chargée de développer le matériel technique des Corps expéditionnaires... Pour preuve de l'importance de l'enjeu, le silence environnant est d'ailleurs au diapason du stress ambiant : lourd et pesant. J'espère juste que j'ai bien fait de m'inscrire, si tôt après avoir commencé mon apprentissage."
018d61e2-7b76-b414-136b-63a2bec336f1,ALT_CORE_B_AX_13_C,Character,"Ada Lovelace","388 AC","« L'imagination est la faculté de découvrir. C'est elle qui révèle les mondes invisibles qui nous entourent. »","De son véritable nom Augusta Ada King, comtesse de Lovelace, celle que l'on nommait aussi l'""Enchanteresse des Nombres"" était la fille du poète Byron. Mais ce n'est nullement vers la poésie qu'allait s'exprimer sa passion. Son amour des mathématiques l'amena à concevoir ce qui est désormais considéré comme le premier programme informatique, alors qu'elle assistait Charles Babbage sur sa ""machine analytique"", l'ancêtre de l'ordinateur.",Sierra,"Je regarde à travers la baie vitrée, contemplant Asgartha depuis l'amphithéâtre déserté. Je tourne nerveusement les yeux vers les tableaux noirs, où j'ai épinglé les plans de montage que j'ai finalisés la veille au soir. Ada les passe en revue, déambulant d'un diagramme à un autre. En les observant à la lumière du jour, ils me semblent issus d'un rêve fiévreux. Au-delà de la théorie, est-ce seulement possible ? Je suis revenue sur les planches des dizaines de fois, et rien ne semble pour l'instant remettre en cause la faisabilité de la chose... Je vois l'Eidolon annoter mes schémas au marqueur. ""Esthétique élégante"", ""mécanique fonctionnelle"", ""circuit à retravailler""... Ada se tourne enfin vers le module de contrôle. À côté de moi, Oddball semble le sentir : j'ai les mains moites, le cœur battant. C'est surtout cette innovation qui m'importe.

J'ai déposé sur la table un cryptex similaire aux Constructs, tapissé d'alphabet khyalo. L'idée m'est venue sur un coup de tête. Créer des unités robotiques autonomes ne m'a pas posé de problème sur la mécanique pure. C'est surtout le ""cerveau"" des Automates qui représentait un défi conséquent. En prenant appui sur le fonctionnement global de ces modules d'Altération, il m'a semblé logique de les utiliser pour façonner leur système d'exploitation. Avec un tel artefact, ils pourraient réagir à leur environnement, presque comme s'ils étaient capables de pensée... Et Ada Lovelace est la plus talentueuse programmeuse parmi les Eidolons. Elle seule peut m'aider à peaufiner mon idée. Je la vois activer le module, l'insérer dans la tête robotique censée lui servir d'écrin. Elle place un cube, une pyramide et une sphère devant le robot, et lui dit de regarder le cube. Le module se recombine en temps réel, et la tête se tourne vers le bon objet, comme demandé. Ada esquisse un sourire, visiblement impressionnée."
018d61e2-7b7a-d5a7-5309-932c83f9b93e,ALT_CORE_B_AX_14_C,Character,Coppélia,"391 AC","Par sa nature artificielle, elle a servi de modèle pour les premiers prototypes d'automates de la Faction.","Coppélia est un personnage du ballet éponyme en trois actes d'Arthur Saint-Léon, basé sur le conte d'Hoffmann intitulé Le Marchand de Sable. Poupée inanimée dont Franz, le protagoniste principal, s'éprend malgré tout, elle prend miraculeusement vie lorsque Swanilda prend sa place pour reconquérir son fiancé transi. Dans l'œuvre originelle, elle se nomme Olympia, et elle prend véritablement vie grâce à l'alchimie.",Treyst,"Frankenstein m'emmène au fin fond de l'Athanor, la section de recherche et développement de la Fonderie. Il ouvre une porte et allume les lumières de l'atelier, dévoilant une silhouette gracile aux reflets d'ivoire. Elle ressemble à une poupée au teint de porcelaine, à la peau rivetée d'or et parcourue d'entrelacs bleutés. Je m'approche des deux Eidolons. Mais si Frankenstein a été matérialisé grâce à mon Construct, ce n'est pas le cas de celle qu'il a nommé Coppélia. Cette dernière m'observe avec ses yeux d'émail alors que je tourne autour d'elle, ma canne cliquetant sur le sol poussiéreux. Comment fait-elle pour rester ainsi incarnée ? Comme si elle avait anticipé ma question, elle ouvre un clapet situé sur son torse. À l'intérieur bat un cœur mécanique finement ciselé, duquel émanent des effluves de Mana. Son cœur contient du Kélon. C'est ce qui lui permet de rester ancrée dans la réalité...

Je me tourne vers Frankenstein, détournant les yeux du dispositif pulsant. En procédant de cette manière, il serait donc possible de stabiliser les Eidolons plus longtemps au sein du monde, comme les Muna parviennent à le faire. Je secoue la tête, sans voix face à toutes les possibilités qui semblent s'ouvrir à moi. Mais cette chose ne marche que parce que Coppélia est intrinsèquement une créature mécanisée. Les autres Eidolons ne pourraient pas accueillir un tel ajout de façon naturelle. Je soupire, alors que rationalité prend le pas sur ma fascination. Coppélia referme son compartiment et me sourit, les lumières de l'atelier glissant sur sa peau en céramique. Même si elle bouge de façon saccadée, cliquetant comme un pantin, elle dégage une certaine grâce. On dirait une ballerine. Dans d'autres circonstances, peut-être me serais-je laissé aller à quelques pas de danse... mais mes jambes ne le permettront pas."
018d61e2-7b7d-2752-49d1-31497539c636,ALT_CORE_B_AX_15_C,Character,"Axiom Scrambler","386 AC","Repousser le Tumulte empêche parfois d'autres Altérateurs de matérialiser leurs Eidolons. Un mal nécessaire.",,Subhash,"Je m'effondre en arrivant au sommet de la montagne. La Brouilleuse me jette un regard amusé tandis qu'elle bricole son antenne. Elle doit être arrivée depuis un bail à en juger par l'avancée de son travail. Manifestement, j'ai besoin de faire un peu plus de sport vu l'état dans lequel l'ascension m'a mis. Je souffle, puis avale une gorgée d'eau en regardant autour de moi. C'est clair que ça change de la Fonderie, tous ces paysages. À cette altitude, on est au-dessus d'une mer de nuages, et quelques étoiles sont en train d'apparaître au-dessus de nos têtes. Marmo, quant à lui, agite sa queue en regardant l'émetteur, confortablement installé sur un rocher. Je grommelle. Il aurait pu m'attendre, ce traître. Après une brève pause, je pose mon sac à dos et en sors le reste de l'appareillage. Ils auraient pu choisir un sommet plus accessible, on aurait pu y aller en aérodyne...

La Brouilleuse s'empare des connectiques que j'ai disposées sur le sol, et commence à effectuer les branchements. Lorsqu'elle sera fonctionnelle, l'antenne émettra des ondes particulières dont la fréquence est censée chasser le Tumulte — ou en tout cas l'empêcher d'apparaître. Même si je connais pas la science exacte derrière ce bidule, je me dis que ce sera utile quand on sera loin d'Asgartha. Tant que ça marche, c'est pas moi qui vais me plaindre... Ok, il est temps de la relier aux cylindres de Kélon... Une fois l'opération terminée, je vois la parabole se déployer et tourner sur elle-même, pointée vers le ciel. C'est bon pour la première. Encore trois à poser. Je me tourne vers la crête qu'on doit suivre, et le long périple qui nous attend demain. Mais ce soir, c'est bivouac à la belle étoile, et j'ai ramené des saucisses à faire griller."
018d61e2-7b80-0b77-9b8a-5bf2b455198e,ALT_CORE_B_AX_16_C,Character,"Foundry Armorer","372 AC","Aucun Scarabot ne survivrait dans le Tumulte sans blindage.",,Treyst,"Tessalit frappe le blindage à plusieurs reprises pour lui redonner forme. Elle peste en voyant l'état de la carlingue, tire sur les panneaux pour les réaligner du mieux qu'elle peut. Autour d'elle, les Scarabots sont à pied d'œuvre sur toute la coque, soudant et sciant au milieu de gerbes d'étincelles. C'est fou de se dire qu'elle fait partie du Fulcrum, la Guilde qui prépare les véhicules et le matos que vont utiliser les Corps expéditionnaires. Je ne peux pas m'empêcher d'être un peu jaloux. Mais ce n'est pas notre objectif, à Paju et à moi. Nous, on a décidé de devenir pilotes, dès qu'un créneau sera disponible... Le contremaître nous a demandé de l'aider toute la journée à réparer un airship qui a clairement vu des jours meilleurs. Quelque part, un pilote, ça doit aussi savoir comment son appareil est censé fonctionner, donc je prends sur moi et me remets à travailler.

J'utilise mon déboulonneur kélonique pour préparer le terrain, défais chaque rivet pour qu'elle puisse ensuite accéder au cœur du véhicule. Les Armuriers de l'Axiom fournissent les meilleurs blindages pour ces rafiots, et les Scribes de l'Ordis y apposent des Glyphes pour les protéger autant que possible du Tumulte, mais ça ne les empêche pas de douiller à chaque fois qu'ils s'éloignent trop loin dans les terres altérées. Tess glisse sur le fuselage de l'appareil et vient me rejoindre, me proposant sa gourde pour que je puisse boire une ou deux gorgées. Je ne me fais pas prier. Quelque part, ça me rassure de voir des mécanos doués comme elle. Quand on sera pilotes, ça sera cool de pouvoir compter sur eux. Bref, c'est trop tôt pour penser à ça, de toute façon. Il y a d'abord l'examen à passer, et je ne sais combien d'années d'entraînement avant de pouvoir voler..."
018d61e2-7b83-d598-c9d1-7f47d33b5a81,ALT_CORE_B_AX_17_C,Character,"Dr. Frankenstein","390 AC","Nous cherchons parfois un remède à la solitude dans les formes de vie les plus étranges.","Personnage créé par Mary Shelley dans son roman épistolaire Frankenstein ou le Prométhée Moderne, Victor Frankenstein est un scientifique qui cherche à découvrir les secrets de la vie. Au cours de ses expérimentations, il crée une créature à partir de morceaux de chair humaine et animale, et parvient à lui insuffler la vie. Écœuré par sa propre création, Victor va rejeter la créature, qui pour se venger, commettra d'atroces crimes dans leur entourage.",Treyst,"L'Eidolon scrute mon expression, attentif à la moindre de mes réactions. Mon premier réflexe aurait été de rire, mais je réprime mon envie. Quelque chose dans le ton de sa voix m'en empêche. Ce qu'il vient de dire est si ridicule, si insensé. En est-il conscient ? Je l'observe à mon tour. Victor a les jambes croisées, ses mains sont immobiles. Il semble d'un calme olympien. En prenant appui sur les Greffes, une jeune ingénieure du Parallax a soi-disant créé des robots. Comment les a-t-elle nommés, déjà ? Ah oui, des Automates. Mais ce que proposait Frankenstein... c'était de la folie. Leur insuffler une conscience pour les rendre réellement sentients ? Était-ce même possible ? Il avait insinué qu'en matérialisant des souvenirs de personnes au sein de ces coquilles de métal, il était peut-être envisageable de les ramener à la vie. Était-ce réalisable ? Était-ce même souhaitable ?

Je sais pertinemment qu'il a lu mon dossier, et qu'il faisait référence à Paju en me faisant cette offre. Ce qu'il me proposait, c'était tout simplement de ramener des morts à la vie. Je claudique en direction de mon cabinet et me sers un verre, l'avalant d'une traite pour m'éclaircir la voix. En puisant dans mes souvenirs, je pouvais ramener Paju à la vie quelques instants. Mais une fois que je ne serai plus, personne ne se souviendra de lui suffisamment pour le matérialiser de nouveau. Je soupire. Cela faisait bientôt six ans que j'étais à la tête de la manufacture de Greffes, avec les moyens logistiques de l'aider dans son entreprise. Je me tourne vers Frankenstein et le toise alors qu'il se permet un sourire. J'ai l'impression d'être un vieillard dans un corps jeune mais brisé. Il se lève et me tend la main. Peut-être est-il temps de me réinventer à nouveau ?"
018d61e2-7b87-a3ef-e6c3-407ef5bec132,ALT_CORE_B_AX_18_C,Character,Athena,"378 AC","« J'ai dissipé le nuage qui couvrait tes yeux. »","Divinité centrale de la mythologie grecque, Athéna — aussi connue sous le nom de Minerve chez les Romains — est la déesse de la sagesse et de la guerre. Parée de son épithète ""Ergane"", elle est la déesse patronne des artisans et des ouvriers. Athéna est connue pour le rôle qu'elle a tenu au sein de la Guerre de Troie, mais aussi pour avoir aidé de nombreux héros, au premier rang desquels Bellérophon, Héraclès, Persée et Jason. Ses symboles sont son bouclier — l'égide, la chouette et la branche d'olivier.",Treyst,"Devant nous, Athéna se matérialise, soutenue par son hibou mécanique. Les ailes de l'oiseau se déploient, et elle file vers l'horizon. Le chef d'escadrille lui emboîte le pas, et nous en faisons de même à sa suite. Paju appuie sur l'accélérateur, et je sens la pression des g sur mon visage. L'airship s'élance, et nous intégrons à notre tour la formation. Athéna bifurque à tribord, et nous tournons aussi, faisant bien attention à respecter notre placement. Mais ça n'empêche pas Paju de pousser un cri d'allégresse. Je souris moi aussi. Loin devant, l'Eidolon disparaît au sein des nuages, et nous la pourchassons à travers le couvert cotonneux. Je garde un œil sur les instruments et les jauges, sans pour autant quitter du regard le radar. Tout est dans le vert. Si je n'ai pas réussi l'examen final de pilote à cause de ma vue, j'ai quand même réussi à décrocher une place de navigateur. Paju et moi, nous avons accompli notre rêve de voler ensemble.

Nous perçons la surface des nuages, tandis que des gouttelettes de condensation roulent sur l'habitacle. Dans l'azur infini, Athéna est un point lumineux qui étincelle dans le ciel. Quand elle est passée inspecter chaque airship, elle était loin d'avoir la même apparence que la première fois que je l'avais vue. Durant le défilé militaire de l'Ordis, elle était vêtue d'atours militaires, avec un grand casque à crête et une élégante lance. Aujourd'hui, elle était habillée comme nous, en uniforme de pilote. J'indique à Paju le niveau de carburant. C'est alors que le leader d'escadron nous donne nos ordres. Alors que nous décrochons et fonçons en piqué, je serre les dents à cause de l'accélération. Deux appareils nous suivent tandis que les trois autres continuent de s'élever. La simulation de combat aérien face à Athéna va pouvoir commencer."
018d61e2-7b8a-5a8c-7851-cebc2737a690,ALT_CORE_B_AX_19_C,Character,Ganesha,"382 AC","Savoir et sagesse doivent avancer de concert.","Considéré comme l'un des dieux les plus sacrés du panthéon hindou, Ganesh est une divinité à tête d'éléphant, incarnant à la fois la sagesse, le savoir et la tempérance. Fils de Parvati, qu'elle conçut par elle-même sans prévenir son époux, il fut décapité par méprise par Shiva quand il rentra d'une longue période de méditation. Pour remédier à son acte, ce dernier alla chercher la tête de la première créature passant à proximité — un éléphanteau — pour remplacer la tête coupée et ainsi sauver le jeune dieu.",Treyst,"Malgré sa taille imposante, Ganesh se penche délicatement au-dessus de l'homme, ajustant ses binocles amplifiantes. Ses mains se meuvent avec une lente précision, comme un orfèvre travaillant une pierre précieuse. Il observe la Greffe, cette prothèse mécanique qu'il a fixée sur l'ouvrier, vérifiant que tout est en ordre et en état de marche. Il ajuste quelques écrous avant de se redresser, satisfait, tandis que le mortel teste le bras mécanique qui lui a été apposé. Ganesh sourit en remarquant les yeux embués du jeune homme, qu'un malencontreux accident de travail avait privé de son membre. Avec ça, il va pouvoir reprendre le cours de sa vie, même s'il lui faudra la réinventer un tant soit peu, comme j'avais dû le faire moi-même. Je le vois quitter l'atelier, les yeux rivés sur sa Greffe flambant neuve. Il lui faudra de longues semaines pour s'habituer complètement à son poids, aux nouvelles sensations, à sa simple présence.

J'avance lentement vers l'Eidolon-Éléphant, qui semble me soupeser du regard. Il est toujours difficile de savoir à quoi il pense. Sa trompe s'enroule autour du siège d'opération et l'écarte doucement. Chaque pas est une souffrance, mais j'ai appris à vivre avec. Ma canne claque contre les marches tandis que je monte sur la plate-forme élévatrice pour apporter à Ganesh la prothèse du prochain patient. Façonner de telles améliorations a donné un nouveau sens à ma vie, et je me plais à aider ceux qui en ont besoin. Ce n'était clairement pas l'objectif que je m'étais fixé, mais c'est ainsi. Je dois m'en contenter. L'Eidolon tend l'un de ses quatre bras dans ma direction, m'aidant à monter les dernières marches. Je le remercie d'un signe de tête, tandis qu'une jeune femme au teint hâlé se présente."
018d61e2-7c41-3ac6-33c4-ecc548cf6640,ALT_CORE_B_AX_20_C,Spell,Hooked,"390 AC","C'est ce qu'on appelle se faire mettre le grappin dessus.",,Sierra,"Oddball semble tout aussi excité que moi alors que j'appuie sur le bouton. Il papillonne autour de l'Automate, content de se faire un nouvel ami. ""FarFetch"" Mk-1 se met en branle, agité de soubresauts tandis qu'il s'active. Ça fait deux ans que je travaille sur ce prototype ; deux ans d'heures tardives et de nombreuses nuits blanches. Je croise les doigts pour que le test soit concluant... ""Fetch"" étend sa silhouette massive de manière saccadée. Même s'il est moins élégant que ""Ballerina"" Mk-1 qui traîne encore dans l'atelier, je sais que sa robustesse en fait un candidat idéal pour cette session d'essai. J'active mon Construct, et à travers l'appareil, communique à l'Automate d'avancer vers la piste d'expérimentation. Soulagée, je le vois enchaîner les pas un à un, et prendre position. Oddball flotte à côté de lui pour l'encourager. Ok, c'est l'heure de vérité.

Je combine les touches de mon Construct, lui demandant de viser le cylindre de Kélon vide que j'ai positionné de l'autre côté de la piste. Fetch se tourne vers lui. Bien, il l'a identifié de son propre chef. Après quelques rotations supplémentaires, je lui demande de déverrouiller son grappin télescopique. Mon Construct cliquette de nouveau sous mes doigts. Attraper. Cylindre. Saisissant immédiatement les consignes, il propulse sa pince vers sa cible, et la manque de quelques centimètres. Je me mords la lèvre. Mais avant que je puisse faire quoi que ce soit d'autre, il lève son autre bras et catapulte son second grappin, faisant mouche, cette fois. Je saute de joie en voyant le filin se rétracter et ramener la batterie kélonique. Je sers le prototype dans mes bras tandis qu'Oddball gazouille sa bonne humeur. L'Automate tourne la tête dans ma direction, comme s'il essayait de comprendre mon accolade."
018d61e2-7c45-bd3b-b006-86aa147b48af,ALT_CORE_B_AX_21_C,Spell,Boom!,"391 AC","« Un échec catastrophique ? Je préfère le terme 'opportunité d'apprentissage'. »",,Subhash,"Je grommelle en remarquant la lumière rouge qui pulse sous le blindage de la machine, entendant la complainte stridente de l'Automate. Difficile de confondre ce bruit avec autre chose : c'est pas juste une simple avarie. La jauge est en train de passer dans le rouge, et la situation de virer au critique. C'est le problème avec les cylindres de Kélon : quand ils arrivent à saturation, ils ont une fâcheuse tendance à exploser de façon intempestive... Mon sang ne fait qu'un tour, et je gesticule autant que je peux, exhortant tout le monde à dégager de là fissa. Y'a plus rien à faire de toute façon, seulement limiter les dégâts. L'alarme s'accélère soudain, devenant un sifflement ininterrompu. J'ai fait ce que j'ai pu. Je me jette à couvert, protégeant Marmo et couvrant ma tête de mes bras. Ça va pas être joli, et je vais avoir les tympans qui...

L'explosion roule sur moi tandis que des débris heurtent mon visage, mon épaule... J'entends de vagues bruits sourds alors que des bouts de métal chutent autour de moi. J'ai la barbe qui fume. Bordel, j'avais pas prévu de passer chez le barbier. Je maugrée à cette simple idée. Merci Sierra, vraiment. ""Il est stable, pas de souci. On a fait plein de tests, il est prêt à être déployé."" Ouais, mon œil. J'ai les oreilles qui sifflent. Tout allait bien avec l'Automate, jusqu'à ce qu'on lui demande de tirer une charge trop volumineuse. Et maintenant, c'est plus qu'un tas de ferraille qui jonche le sol. Je soupire. En plus, va falloir nettoyer tout ça. Je me redresse et contemple le carnage, caressant Marmo pour l'empêcher de grogner. Y'a des fragments de métal fumants partout... La prochaine fois, Sierra, tu gardes tes expériences pour toi."
018d61e2-7c48-37dd-91d6-4ac67d239ac9,ALT_CORE_B_AX_22_C,Spell,"Mechanical Training","392 AC","Pour apprendre à créer, il faut d'abord apprendre à réparer.",,Sierra,"Je m'essuie le front en relâchant enfin les vérins hydrauliques de ma presse. Il fait une chaleur étouffante au sein de l'atelier, assez pour dessécher n'importe qui. Je saisis ma gourde et bois quelques gorgées d'eau tiède pour me désaltérer. Non loin de la station de charge d'Oddball, Aberdeen est en train de travailler, le visage dégoulinant de sueur. D'une main experte, elle resserre les boulons du dernier prototype, ou du moins ce qu'il en reste après l'explosif désastre de la semaine passée. Même si elle est jeune — peut-être même plus que moi lorsque je suis arrivée à la Fonderie — Aby enchaîne les heures sans rechigner. Et à voir le sourire de mon Apprentie quand elle besogne, elle adore clairement ce qu'elle fait. J'ai hâte de voir sa tête quand elle découvrira que dans quelques mois, elle sera nommée Compagnon, et que cet atelier sera le sien.

Je m'approche et lui tends le tournevis dont elle a besoin. Elle s'en saisit machinalement, et ajuste l'angle de rotation d'un ou deux engrenages. Je lui donne quelques instructions, lui offre quelques conseils. Elle acquiesce, enthousiaste à l'idée d'apprendre. Depuis quelque temps, nous n'avons presque plus besoin de parler, comme une machine bien huilée. Nonchalamment, Aby se met à fredonner en œuvrant. Comme moi, elle est clairement impatiente de voir ce que cette nouvelle itération de ""FarFetch"" a dans le ventre. Mais avant ça, il va falloir vérifier d'où est venu le dysfonctionnement. La surcharge d'un des cylindres de Kélon ? Un problème de connecteur ? Un court-circuit ? Je lui prendrai un milk-shake au mess quand elle aura fini ça. Et vu tout le tintouin que le test a causé, je vais sûrement devoir payer une pinte à Bash quand il reviendra de sa virée. Je lui dois bien ça pour avoir cramé ses poils de barbe."
018d61e2-7c4b-e9fd-9926-4db6033434d5,ALT_CORE_B_AX_23_C,Spell,"Kelon Burst","385 AC","Il existe une légende tenace au sein des carrières de Suspira : celle de l’existence d’un autre type de Kélon.",,Sierra,"L'Opérateur me fait face, jonglant avec son Construct, tandis que ma main est crispée autour de mon propre module. Ce duel sera centré autour de la capacité à manipuler notre artefact, à combiner et créer des choses suffisamment vite pour contrer les attaques adverses. Mais plus que tout, je vais devoir percevoir ce qu'il matérialise pour réagir en conséquence. Mon cœur bat à tout rompre même si mon esprit tente de le rassurer. Je connais les symboles khyalo, les raccourcis à employer pour matérialiser plus rapidement objets et Eidolons. Tout devrait bien se passer... Pourtant, je sais que mon adversaire me surclasse. Ce qui fera la différence, c'est combien de temps je parviendrai à tenir. L'Opérateur active son Construct, et j'en fais de même. Je suis aussi prête que je peux l'être...

Ses doigts virevoltent autour du Construct, et j'essaie de deviner ce qu'il a en tête. L'air se charge d'ions. Je sens l'orage. Instinctivement, je matérialise un paratonnerre. L'éclair qui jaillit soudain dévie en crépitant, et frappe le parafoudre. Mais déjà, il compose de nouveau. Cette fois, c'est un lance-filet qu'il est en train de bâtir. L'appareil se matérialise et tire son filin. Je manipule mon propre Construct. Je sais que je suis censée attendre qu'il invoque et réagir, pas passer à l'offensive, mais c'est plus fort que moi. Prendre l'ascendant me paraît la meilleure défense... La scie circulaire que je rends tangible tranche l'amas de filins. Soudain, l'Opérateur écarquille les yeux en voyant le rail que j'ai façonné au sol. La scie avance dans sa direction en crachant des étincelles. À la hâte, il descelle son Construct pour expulser une décharge de Kélon. La vague désincarne ma scie, et je titube face à l'onde de choc. Je vois l'Opérateur sourire. Je ne saurais dire si c'est bon ou mauvais signe..."
018d61e2-7c9c-c61f-14c0-3616eba65655,ALT_CORE_B_AX_24_C,Permanent,"Brassbug Hub","378 AC","Rares sont ceux qui visitent les profondeurs de la Fonderie, et encore plus rares ceux qui savent expliquer d'où viennent les Scarabots.",,Subhash,"""T'es la personne la plus qualifiée, Bash. On compte sur toi, Bash."" Comme par hasard, c'est toujours moi qui écope des tâches ingrates. Je me hisse à travers l'ouverture en grognant, émergeant dans une cavité aux reflets cuivrés. Je secoue mes gants pour me débarrasser de la gelée étrange qui recouvre le sol. Marmo aboie devant moi. Ouais, ouais, j'arrive ! Je m'époussette et regarde autour de moi. Dire que les falaises situées derrière la Fonderie abritent ce genre de cavernes béantes... Depuis que la Faction y a installé son système d'égouts, il y a des décennies de ça, personne n'a vraisemblablement mis les pieds ici. Hormis les Scarabots... Tout y est enchevêtrement de câbles et de tuyaux. Des fleurs métalliques semblent y pousser, au milieu de structures étranges façonnées par les petites bêtes de métal.

Je rejoins Marmo, qui agite la queue à côté d'une énorme boule de métal. C'est pas le moment de jouer à la balle... Mais alors que j'approche, je vois que la sphère est en réalité une construction des Scarabots. Et il y en a des dizaines rien qu'ici. Bon sang, ces satanées bestioles ont fabriqué leurs propres stations de charge. Je secoue la tête, incrédule. Ils m'étonneront toujours. En tout cas, ça augure du bon, je vais peut-être découvrir pourquoi une grande partie d'entre eux sont dans un état pitoyable à l'heure actuelle. Depuis quelques jours, c'est comme s'ils évoluaient au ralenti, évitant le reste de la Fonderie. Le problème, c'est qu'on en est venus à beaucoup s'appuyer sur eux pour tenir les délais et maximiser les rendements. Alors s'ils ont un souci, on a aussi un souci. Je remarque qu'ils sortent régulièrement de leurs monticules et vont tous dans la même direction, en file indienne comme des fourmis... Où est-ce qu'ils vont comme ça ?"
018d61e2-7c9f-5043-d737-2271ad7771ee,ALT_CORE_B_AX_25_C,Permanent,"Axiom Reprocessor","374 AC","Rien ne se perd, rien ne se crée, tout se transforme.",,Subhash,"Les chenilles du Recycleur mobile font vibrer le sol tandis qu'il prend position au sein de la Recyclerie. On attend, les autres ouvriers et moi, le temps que les vérins s'enclenchent et l'ancrent au sol. Le véhicule est une grosse usine sur roues, avec tout ce qu'il faut à l'intérieur pour trier et fondre la ferraille. Sur un signe du Ramasseur en chef, je rabats ma visière et attends que la soufflerie intégrée chasse la condensation qui se forme à l'intérieur. Puis j'enfile mes gantelets mécaniques et pousse le tapis roulant aux côtés des autres ouvriers. Je peux déjà sentir la chaleur du four qui brûle dans le blindé. Sans mon casque et ma combinaison, elle serait difficile à supporter. Et c'est sans parler des fumées âcres qui en sortent. Ok, la tâche est ingrate, mais y'a pas à tergiverser : pas question de causer des pénuries là-haut.

Une fois le convoyeur installé, je me hisse dans la grue motorisée et enclenche les divers interrupteurs nécessaires à la démarrer. Je passe une main sur le pare-brise crasseux histoire d'y voir quelque chose et me mets aux commandes tandis que Marmo s'installe sous le siège, comme à son habitude. En manipulant les leviers, je dirige la pince articulée vers un premier monticule de déchets métalliques. J'en saisis un gros tas et le dépose précautionneusement à l'extrémité du tapis. Les autres manœuvres s'affairent pour répartir convenablement la ferraille, tandis qu'elle glisse en direction du véhicule. Ha, j'avais jamais remarqué, mais de là où je suis, le Recycleur ressemble à un monstre qui gobe tout ce qui passe dans sa bouche enflammée. À l'idée, mon estomac se met à grogner. Marmo jappe à son tour. En parlant d'estomac sur pattes... Je regarde ma montre et soupire. Encore deux heures à tenir avant la collation."
018d61e2-7ca2-dd5c-c7c5-539922b05a79,ALT_CORE_B_AX_26_C,Permanent,"Kelon Cylinder","370 AC","Cette petite pile est la carte maîtresse de l'Axiom. Le Kélon produit une énergie phénoménale, pour laquelle les ingénieurs trouvent chaque jour de nouvelles applications.",,Treyst,"Je pousse le chariot le long du couloir de toutes mes forces. Paju s'occupe de le guider, alerte les passants pour me dégager la voie. Notre tâche est simple, mais tellement rébarbative. Récupérer les cylindres de Kélon vides, les transporter du chantier naval jusqu'aux stations de charge... puis remplir le caddie, rapporter le tout et rebelote. Paju pousse les portes de l'atelier, et on s'insinue dans la raffinerie. Des ouvriers sont en train de pelleter des cristaux de Kélon sur le convoyeur métallique. Bientôt, ils seront distillés et versés sous forme liquide dans les Cylindres, qui serviront alors de batteries pour toutes sortes de machines. Paju me fait un signe de la main, et j'approche le chariot de l'aire de déchargement. Des technomanciens burinés saisissent les cylindres pour les insérer dans le circuit de réapprovisionnement.

Une fois le chariot chargé avec de nouvelles batteries pleines, Paju prend ma place et pousse à son tour tandis que je prends position devant le trolley. C'est reparti vers le hangar. Je fais bien attention qu'aucun Cylindre ne bascule et tire pour aider. Ça ferait tâche d'en faire tomber un. Allez, encore un effort. Une fois arrivé à la plate-forme élévatrice, je m'éponge le front avec ma manche et regarde le gigantesque garage où sont alignés des dizaines et des dizaines d'airships, d'aéronefs, de véhicules blindés et de barges de transport. Un jour, Paju et moi, on aura peut-être la chance de prendre place dans l'un d'entre eux, et on mettra les pleins gaz pour voler au-dessus d'Asgartha et percer les nuages... Paju pose son bras autour de mon cou, haletant. Lui et moi, on va devenir des supers pilotes. Le bip retentit quand l'ascenseur arrive au niveau zéro. Mais bon, pour l'instant, on va devoir faire nos preuves en tant qu'Apprentis."
018d61e2-7ca5-9609-05a5-d35068917b89,ALT_CORE_B_AX_27_C,Permanent,"Kelonic Generator","380 AC","« Les mines de Suspira seront bientôt exsangues. Votre précieux Kélon va se tarir. »",,Treyst,"Mes mains se serrent sur les accoudoirs de ma chaise roulante. En face de moi, les Grems sont en train d'activer la machine, ricanant malicieusement. Je sens la colère monter en moi. Même si je sais que leur rire ne m'est pas destiné, j'ai l'impression qu'ils se moquent de mon infirmité. Ce que le Générateur est en train de charger est probablement ma seule chance de marcher de nouveau... Je serre les dents en repensant à l'accident. Nous avions réussi à passer le Rempart, mais le deuxième moteur avait explosé en plein vol. Si Amelia avait réussi à atterrir en catastrophe sur la plage, mon corps avait été brisé par l'impact. Ma colonne vertébrale avait été fracturée, de même que mes deux jambes et mon bras... J'étais celui qui avait eu de la chance, disait-on. Paju, lui, n'avait pas survécu. Mais peut-être que c'était lui, le chanceux. Il n'avait pas eu à vivre la souffrance, la dépression, la convalescence...

La cuve énergétique vrombit, tandis qu'à l'intérieur, le cristal de Kélon de ma vertèbre mécanique est en train de charger. Je repense aux longs mois, allongé dans le lit sans sentir mes jambes. Je repense aux regards peinés et plein de commisération... Je regarde la jauge de l'artefact se remplir barre après barre, comme un compte à rebours. Même si l'opération est un succès, toute ma vie, je serai dépendant de ce bout de métal et de Kélon pour me mouvoir... Mes pensées se bousculent. Je revois la tombe de Paju, le regard vide de sa mère. Il avait suffi d'un jour pour réduire nos rêves en miettes et me priver de mon meilleur ami. Je sens les larmes couler sur mon visage. Nous étions naïfs, à peine plus que des enfants, au final. Je baisse les yeux et sanglote dans la lumière tamisée de l'atelier."
018d61e2-7ca9-500d-8d09-97e8c2ab2a4a,ALT_CORE_B_AX_28_C,Permanent,"Armored Jammer","392 AC","« Désolé, mon pote. C'est pas qu'on cherche la brouille. Ça doit être un effet secondaire de notre blocage... »",,Subhash,"Le tank avance au sein des immensités sauvages. Le sol tremble à chacun de ses pas, et une petite voix en moi se demande si le Kraken peut nous entendre. Je regarde par-dessus mon épaule. Le Rempart d'Asgartha est loin désormais, une fine ligne se découpant sur l'horizon. Si j'avais su que je me retrouverais ici un jour... Ok, reste concentré sur l'objectif, Bash. Notre rôle est simple, et si tout se passe bien, on va pas être trop exposés. J'ai clairement pas envie de me retrouver face à un Léviathan de je-sais-pas combien de mètres de haut avec des tentacules et une gueule pleine de dents... Donc déployer ces Brouilleurs blindés pour repousser le Tumulte et couvrir l'avancée des troupes Ordis et Bravos, ça me va... Foncer tête baissée en première ligne, sans façon. Je laisse ça à d'autres.

Treyst me lance un coup d'œil depuis l'habitacle. Je lui fais un signe de tête depuis ma position pour lui signifier qu'il y a pas d'embûche en face de lui. Pour cette mission, il a troqué son araignée mécanique contre ce mastodonte de métal, et quelque part, je me dis qu'il a eu raison. Je me sens un peu à poil à côté du véhicule, sans toutes ces plaques en acier trempé pour me protéger. Quand je pense qu'on a tous les deux signé pour faire partie de l'avant-garde de l'Axiom. Qu'est-ce qui m'a pris ? Des rêves de grandeur ? Quelque chose à me prouver ? Une soirée trop arrosée ? Je saute par-dessus un tronc d'arbre affaissé, et le Brouilleur l'enjambe à ma suite. C'est quoi mon problème, j'avais pas envie d'une retraite paisible ? Je souris sous ma visière baissée. Si je visais la simplicité, ça se saurait depuis le temps..."
018d61e2-7cac-733b-f2df-612b795eace3,ALT_CORE_B_AX_29_C,Permanent,"The Foundry, Axiom Bastion","379 AC","Enchâssée dans la falaise, elle surplombe la ville, rappelant à tous ceux qui lèvent les yeux que rien n'est inaccessible si l'on s'en donne la peine.",,Sierra,"Le tram zigzague le long du viaduc, cahotant sur les rails alors que nous approchons enfin de la Fonderie. Je me précipite vers la fenêtre et l'ouvre en hâte, laissant le vent s'engouffrer au sein du wagon. Je passe la tête au dehors, laissant l'air et les embruns fouetter mon visage. Je suis sûre qu'on me dévisage mais je m'en fiche, je ne veux pas manquer ce spectacle. Je regarde la robuste structure du Bastion Axiom défiler au-dessus de ma tête alors que le tramway pénètre à l'intérieur de l'édifice, scrute les solides poutrelles de métal qui l'ancrent dans la falaise tandis que le transport freine en crissant. Alors que nous nous arrêtons au quai de débarquement, les ouvriers autour de moi descendent par les portes du véhicule, tenant dans une main leur cantine. D'autres attendent pour monter, leur visage barbouillé de suie et de poussière.

Je me faufile au sein de la foule, suivant la marée des mécaniciens et des ingénieurs. Il flotte déjà dans l'air une odeur de soufre, de vapeur et d'acier. Alors que je quitte la gare avec mon paquetage, je commence à entendre le tintamarre des forges, la clameur des ateliers, et à sentir sur mon visage les vagues de chaleur provenant des fournaises. Ici, des ferronniers versent du métal en fusion dans des moules crépitants, là, un contremaître inspecte une fournée de pièces mécaniques... Je vois une gigantesque roue tourner au sein de la voûte, activée par une rivière d'eau artificielle, et des cylindres de Kélon luire çà et là de leur lueur bleutée. Partout, les marteaux claquent, les pistons rugissent, et l'air est saturé de moiteur. Je souris devant ce spectacle, à l'idée que c'est là que je vais poser mes valises, que je vais dorénavant faire sonner mes outils."
018d61e2-7caf-8c4b-eedd-300ddee28702,ALT_CORE_B_AX_30_C,Permanent,"Brassbug Hive","378 AC","Un petit robot autonome, mignon, autoréplicateur... Qu'est-ce qui pourrait mal se passer ?",,Subhash,"J'écarquille les yeux en pénétrant dans la sphère alvéolée. Elle était plus imposante que les autres, et tous les Scarabots semblaient converger ici. Mais je m'attendais pas à ça. Au milieu de la capsule métallique, un Scarabot aux dimensions colossales est avachi, comme s'il souffrait. Des dizaines et des dizaines d'insectes robotiques s'affairent et se relaient autour de lui, comme s'ils étaient en train d'en prendre soin. Une complainte métallique résonne au sein de l'anfractuosité, et son compartiment arrière s'ouvre pour déverser de nombreuses boules bleutées. Euh... c'est vraiment ce que je crois ? Marmo renifle le tas de perles. Quelques Scarabots le poussent gentiment pour récupérer les billes et vérifier qu'elles sont en bon état. Il y en a d'autres qui apportent du Kélon liquide au mastodonte, comme pour le nourrir gorgée après gorgée.

Et là, dans un coin de l'orbite métallique, un autre contingent de bestioles est en train de construire des enveloppes où enchâsser les précieuses sphères. C'est pas vrai... Est-ce que je suis en train d'assister à leur méthode de reproduction ? J'ai envie de rire. Ils ont donc une reine. Quand on les voit tous les jours nous aider, on peut vite les prendre pour de simples machines chargées de nous assister. Mais ils le font pas parce qu'on leur en donne l'ordre, juste parce qu'ils se plaisent à nous dépanner. Ils ont toute une organisation sociale, et des besoins liés à leur nature. Ils sont pas malades. Y'a pas de dysfonctionnement. Tout ce qu'on a à faire, c'est attendre que le processus se termine, et on aura alors plein d'autres bébés Scarabots sur les bras, à plus savoir quoi en faire. Je me pose dans un coin. La bonne nouvelle, c'est que mon job de maintenance a pas lieu d'être. La mauvaise, c'est que j'ai amené tous mes outils pour rien."
018d61e2-7d16-a3d6-81ed-45f47d7d9f68,ALT_CORE_B_AX_31_C,Token,Brassbug,"380 AC","01010011 01100011 01100001 01110010 01100001 01100010 01101111 01110100 01110011 00101100 00100000 01110010 01100001 01110011 01110011 01100101 01101101 01100010 01101100 01100101 01101101 01100101 01101110 01110100 00100000 00100001",,Sierra,"Je me trémousse sur ma chaise, mes écouteurs vissés sur mes oreilles. La musique d'Ankita Struna pulse dans mon casque, aussi rythmée qu'éthérée. Ma tasse de café fume sur mon établi, alors que la lumière du Soleil filtre à travers les stores de l'atelier. Devant moi, le plan de montage est déplié sur la table, et je l'étudie attentivement, tout en faisant tournoyer mes tournevis comme si c'était des baguettes de percussion. Du coin de l'œil, je vois un Scarabot grimper le long du pied de table et s'installer sur mon plan de travail. Il m'observe avec curiosité, sa caméra zoomant en alternance sur moi et sur le diagramme que je suis en train de déchiffrer. Je retire mon casque et le mets autour de mon cou, scrutant le robot insectoïde avec un mélange d'amusement et de perplexité.

Ce dernier observe minutieusement le schéma, comme pour l'analyser. Est-ce qu'il serait en train de s'ennuyer ? Il lève la tête et m'observe longuement. Je lève la jambe et fais résonner mon tournevis sur ma prothèse en métal. Le Scarabot semble soudain comprendre, et se met à disséquer davantage le plan, se mouvant de gauche à droite sur la table. Il scanne mon design, passe au crible les indications qui me permettront de me forger de nouvelles lames de course. Puis, semblant satisfait, il ouvre ses compartiments dorsaux pour me permettre d'accéder à toute une palanquée d'outils : des vis à la bonne taille, des maillets de finition, une visseuse kélonique, une pierre à aiguiser... Je le remercie en tapotant doucement son dos, et pose mon casque sur le sommet de sa tête. Il se met à dodeliner d'avant en arrière, au rythme de la musique, vraisemblablement au comble du bonheur."
018d61e2-7d19-792e-399c-79d5e50c7992,ALT_CORE_B_BR_01_C,Hero,"Kojo & Booda",,"Plus vite, encore plus vite ! C'est dans la course que notre feu s'exprime !",,,"392 AC - À petites foulées, je gravis la pente escarpée. Enfin, gravir est un bien grand mot. Je sais que je suis en train de monter le long de l'îlot flottant, mais le concept du haut et du bas, ça n'a aucun sens ici. De là où je suis, c'est comme si j'étais en train de courir sur du plat. Je lève les yeux. Au-dessus de ma tête, une autre île est suspendue dans les airs, à l'envers. J'y vois, tête-bêche, des troupeaux de yaks, ou quelque chose qui ressemble à des yaks, paître innocemment, avant que mon approche les fasse détaler. Avec un peu de chance... Grâce à l'Altération, je façonne à mes pieds un promontoire de roche. Il jaillit du sol et se projette vers l'autre île. Je me laisse emmener, ajustant mes appuis. Mais alors que j'approche de l'île inversée, je sens la gravité tournebouler, et m'attirer soudain vers le haut, qui devient en fait le bas.

Je saute et pirouette dans les airs, retombe sur l'autre versant en roulant dans les hautes herbes. Ok, si je continue le long de cet atoll, je devrais pouvoir atteindre ma destination. Mais avant de reprendre ma course, je toque à la porte de l'esprit de Booda. Lui aussi est sur une île similaire. Je sens le vent siffler à ses oreilles alors qu'il trace à travers les plaines drues du Pays Penché. Des yaks s'enfuient sur son passage, et il feule dans leur direction pour qu'ils s'écartent de sa route. Il est pas loin. Pas loin du tout. Et il est vibrant de Mana, celui qu'il a dérobé au Tumulte. Je souris. Dans quelques heures tout au plus, on va se retrouver. Je vais utiliser tout le Mana qu'il a collecté pour stabiliser la zone et la teinter des couleurs bravos. À moins qu'un autre Exalt y parvienne avant nous. Même pas en rêve. Je me remets à sprinter."
018d61e2-7d1c-de41-2586-74b17fe1365c,ALT_CORE_B_BR_02_C,Hero,"Atsadi & Surge",,"Chaque défi est une bénédiction qui me permet de me hisser vers les sommets.",,,"392 AC - Dei Liberi, d'Aubigny, Bologne. Trois noms glanés sur sept. Trois Eidolons, que je ne pouvais hélas toujours pas me représenter dans mon esprit. Pourtant, c'était absolument nécessaire si je voulais me mesurer à eux et les terrasser. Dei Liberi, d'Aubigny, Bologne. Une litanie dans ma tête, tandis que je me mets en garde, les yeux rivés sur mon Alter Ego. Je ferme mon esprit à lui. Cet entraînement n'aurait aucun sens si je discernais directement son intention depuis la citadelle de mon esprit. Tout à coup, il disparaît, aussi fugace que l'éclair. Crépitement et odeur d'ozone. Je virevolte soudain et frappe où Surge s'est manifesté, mon jian traçant des sillons embrasés dans l'air. Ma lame fend le vide, tandis que mes poils se hérissent sur mon bras, grésillant d'énergie statique. Je dois être plus rapide encore. Je dois me mouvoir au rythme de la foudre.

Derrière moi à nouveau. Non, une simple feinte. Je bondis sur le côté, cisaillant l'air pour parer les doigts électrisants de ma Chimère. Je ne dois pas penser. Je dois anticiper ses gestes, me prémunir patiemment contre ses attaques en attendant que mon être se gorge de Mana, que ma propre essence absorbe les idées éphémères qui dérivent autour de moi en brises folâtres et fragiles. À travers l'Avgrunn, je les dévore, je les fais miennes. À travers l'Altération, je nourris ma propre identité, ma propre puissance. Là. Je pirouette subitement en fléchissant mon corps, abaissant mon centre de gravité pour ne pas m'effondrer. Mais malgré mon esquive, je sens la morsure de ses décharges électriques, tandis que des arcs de foudre fourmillent à la surface de ma peau. Je tourneboule, prêt à abattre mon arme sur mon Alter Ego. Feinte. Au dernier moment, je plonge ma lame dans une autre direction, l'enfonçant dans son torse électrique, là où il s'est projeté en un claquement de doigts. Il toise la lame, puis sourit en me dévisageant. J'en fais de même."
018d61e2-7d1f-65fb-9667-c27490a09a8b,ALT_CORE_B_BR_03_C,Hero,"Basira & Kaizaimon",,"Seuls les méritants pourront atteindre, sous ma direction, la véritable transcendance.",,,"392 AC - Je contemple les eaux furieuses, tandis que le ressac m'asperge copieusement. L'eau chuinte au contact de ma peau, là où Kaizaimon serpente sinueusement, attendant patiemment qu'il soit l'heure de sortir de sa cachette. Dans l'obscurité spectrale, les flots rugissants frappent la falaise, tandis qu'un éclair zèbre le ciel déchaîné. Autour de moi, les autres combattants Bravos sont prostrés, dissimulés et aux aguets. Je les vois pester contre le froid et l'eau qui s'insinue profondément dans leurs vêtements, mais aucun ne moufte. Je souris. Ce ne sont pas deux ou trois gouttes qui nous feront chanceler ou trembler. Tout à coup, Kai se déverse hors de mon épiderme en un nuage rougeâtre, comme une brume de sang. Peu à peu, mon oni se solidifie, retrouvant son apparence originelle. Il se met à flotter au-dessus du promontoire où nous nous sommes réfugiés, en attendant de resserrer l'étau de notre embuscade.

Il observe le ciel, et j'en fais de même, juste à temps pour voir un griffon transpercer les nuages. Il se dirige vers la plage, Sigismar sur son dos. Ça veut dire qu'il n'est pas loin derrière. Je fais craquer mon cou et mes phalanges. Tout autour de moi, les autres guerriers s'étirent lentement. Certains font rouler leurs épaules, d'autres tirent leur lame hors de leur fourreau. Je me retourne vers eux pour les gratifier d'un sourire, et ils me le rendent. Oh, mais ce ne sont pas des sourires bienveillants, mais des rictus carnassiers. Et c'est tant mieux. Aujourd'hui, j'ai besoin  qu'ils soient des démons. Je hurle à leur attention, brandissant mon poing alors que l'ouragan fait rage. Ils rugissent en retour, certains faisant résonner leur arme sur leur bouclier. L'ennemi sera redoutable. L'adversité sera formidable. Mais c'était cela qui faisait vibrer les Bravos. Viens donc, Kraken ! Nous sommes prêts !"
018d61e2-7d23-684b-b9e0-cb86445de9c1,ALT_CORE_B_BR_04_C,Character,Ratatoskr,"382 AC","Il a beau être petit, mieux vaut ne pas lui chercher des noises.","Écureuil légendaire de la mythologie nordique, Ratatosk est un messager qui grimpe et descend sans cesse le long du tronc d'Yggdrasil, le frêne cosmique qui s'étire entre les mondes. Il converse tour à tour avec l'aigle Vidofnir, perché sur sa cime, et le serpent Nidhögg qui dévore ses racines. Plein de malice, il s'amuse à colporter les messages hauts en couleurs que lui confient ces deux créatures, se régalant de leurs querelles incessantes. Car tant qu'ils se monteront l'un contre l'autre, lui n'aura rien à craindre de ces deux prédateurs.",Kojo,"J'atterris et je fais une roulade sur les toits tandis que les tuiles ocres claquent sous mon poids. Je ralentis pas mon allure, même si mon épaule tire un peu à cause du choc. La lettre que j'ai rangée sous ma tunique est urgente, et je dois pas traîner. Du coin de l'œil, je vois Booda foncer comme l'éclair, laissant des traînées de flammes derrière lui alors qu'il s'élance et bondit en contrebas. Il feule pour me dire de pas lambiner. Ouais, compris poto, j'arrive. Même si je lève les yeux au ciel, je sais qu'il a raison. Je sprinte vers le bord du toit, me propulse à mon tour vers la terrasse quelques mètres plus loin. Alors que je chute, je peux voir au loin la ligne d'arrivée : un navire cargo en train de se préparer à partir. Il attendra pas longtemps, et moi, je vais me faire enguirlander si je livre pas à l'heure.

Et je me rends bien compte que je vais avoir besoin d'aide si je veux arriver à temps. Par le biais de l'Altération, je façonne dans l'air quelques marches de pierre pour prendre appui et me catapulter vers l'avant. Je profite des quelques secondes où je suis suspendu au-dessus du canal pour matérialiser Ratatosk, l'emblème de ma guilde. Le petit écureuil rouge a toujours été la mascotte du Talaria, le réseau postal d'Asgartha. Je le vois apparaître devant moi, vif et pétillant, sautillant de muret en promontoire. Il me jette un malicieux coup d'œil avant de fuser encore plus vite. Il m'invite à le suivre. Je reste dans son sillage, profitant de son aspiration alors que le monde autour de moi se brouille. Je me sens accélérer, prendre de la vitesse. Je sens mon cœur taper dans ma poitrine. Ok, c'est l'heure de mettre les bouchées doubles."
018d61e2-7d26-2f6c-31cf-0a735ff98fd8,ALT_CORE_B_BR_05_C,Character,Issun-bōshi,"385 AC","Petite taille, grand cœur, aventures infinies.","Héros d'un conte japonais extrêmement populaire, Issun-bōshi est un petit garçon d'à peine trois centimètres de haut. Mais son rêve de toujours est de devenir samouraï. Pour ce faire, il décide de se rendre à la capitale impériale. Utilisant un bol comme embarcation, et une paire de baguettes pour s'en faire des rames, il se met à cheminer sur la rivière, aiguille à coudre au côté en guise de sabre. Lors de la visite d'un temple, il rencontre une jeune fille en train de se faire attaquer par un oni. S'interposant, il se fait gober entièrement. Mais une fois à l'intérieur de son ventre, il le pique avec son aiguille, le forçant à le recracher et à prendre la fuite.",Basira,"Les nouvelles recrues se pressent autour de la table pour se pencher au-dessus d'Issun. Le petit bonhomme, pas plus haut qu'un pouce, les toise fièrement, les poings sur les hanches. Certains se moquent ouvertement de sa taille, étouffant de petits rires pas discrets pour un sou, du minuscule sabre que Clochette a forgé pour lui, pas plus long qu'un cure-dents. Qu'ils se gaussent autant qu'ils veulent, ils en auront pour leur argent. Issun a l'habitude qu'on le prenne de haut, qu'on le raille. Et pour en avoir discuté avec lui, je sais que cela ne lui fait plus ni chaud ni froid. Année après année, les novices le sous-estiment, et année après année, ils se cassent les dents sur ce petit bout d'homme, qui en vaut des dizaines à lui seul. Il monte sur un gobelet en bois et se met à crier dans son porte-voix pour se faire entendre des jeunes élèves, pour la plupart encore des enfants.

Ce dont ils ne se rendent pas compte, c'est combien il est difficile de se battre contre un ennemi si petit. Pour eux, ce n'est qu'un lilliputien qu'ils peuvent écraser du plat de la main comme une vulgaire mouche. Mais ils se fourrent le doigt dans l'œil jusqu'au coude. Rapide, il se déplace aussi vite qu'une cicindèle. Puissant, il peut sauter à plusieurs mètres de distance. Et s'il réussit à se faufiler dans vos vêtements ou dans le creux de votre oreille, alors bonjour les dégâts. J'avais vu Issun soumettre des colosses et terrasser des mastodontes. À une occasion, j'avais même servi de véhicule pour qu'il puisse se poser discrètement sur une abomination du Fagn. Il y avait une leçon claire à tirer de tout ça : ne jamais sous-estimer même le plus insignifiant des adversaires. Et ces recrues allaient l'apprendre à leurs dépens."
018d61e2-7d29-865a-388c-4953ef93811e,ALT_CORE_B_BR_06_C,Character,"Tiny Jinn","391 AC","Le feu qui semble éteint souvent dort sous la cendre...","Issus de la mythologie préislamique, les Djinns sont des créatures fantastiques façonnées à partir d'un feu sans fumée. Capables de changer de forme à leur guise, on disait d'eux qu'ils vivaient dans des endroits désolés, que ce soit près des cours d'eau, dans les forêts ou bien les déserts. Si certains pouvaient être malveillants, il était aussi dit que les philosophes, les poètes et les devins étaient parfois inspirés par les Djinns. Ils apparaissent d'ailleurs dans de nombreux récits, des Mille et Une Nuits au poème Les Djinns de Victor Hugo.",Atsadi,"Alors que je descends le long escalier de grès, l'humidité froide de Havre — celle qui écaille inexorablement la peinture des fresques et ronge les bas-reliefs — cède peu à peu la place à une chaleur étouffée. Cette dernière ne vient pas de la lueur tamisée des torches, mais de plus profond. Elle remonte en bouffées soudaines qui dérivent dans l'air, amenant avec elles des effluves capiteux. Ceux de l'encens et du soufre. Arrivé tout en bas, je débouche sur une large salle, taillée à même la roche. C'est là, dans la pénombre enfiévrée de cette cavité, que Rune fut couronné premier Kuningas d'Asgartha. C'est là, dans ce lieu coupé du reste du monde, que le Credo Bravos a été édicté. Je déambule au sein des gradins, observant les nombreuses urnes qui emplissent les étagères de pierre et les alcôves ; celles de héros d'antan dont les noms sont parfois à moitié effacés.

Devant chacune d'elles, des bâtons d'encens sont entreposés. Certains allumés, diffusant leur odeur entêtante, d'autres éteints, n'attendant que d'être ravivés. Mais c'est surtout le brasero central, dont la colonne chuintante disparaît dans une ouverture dans la voûte rocheuse, qui fume. Au sein du brasier, couvé par les flammes, se tient l'œuf du Phénix, dont les Bravos attendent la renaissance depuis des siècles. Et pour s'occuper de l'oiseau endormi, il y a là une myriade de petits Djinns. Ce sont eux qui gardent le feu constamment allumé et s'assurent que le nid continue de brûler. On peut les voir flotter dans l'air comme des feux-follets, faisant naître le feu d'une simple pression de leur petite paume. Nul doute que ce sont eux, les véritables gardiens de ce lieu sacré. Je m'approche et passe une main au-dessus des flammes ardentes, assez haut pour ne pas me brûler."
018d61e2-7d2c-0f40-29c4-b8d55cfb223a,ALT_CORE_B_BR_07_C,Character,"Bravos Tracer","391 AC","« Je ne me sens vivante que quand j'entends le vent siffler à mes oreilles. »",,Kojo,"Je sens mon cœur taper dans ma poitrine lorsque Carmela prend position sur la ligne de départ. Elle tape du pied pour chasser la terre battue de ses semelles, et je me surprends à taper nerveusement du pied moi aussi. À côté de moi, quelqu'un se lève et crie son nom. Mais même à deux pas du fan, je peine à entendre sa voix tellement le vacarme de la foule est assourdissant. Je regarde la tribune autour de moi. Il y a du monde qui s'est pressé dans le Colosseum pour assister à la finale d'Altrun. Un monde de malade. Les drapeaux aux couleurs des deux équipes s'agitent dans les gradins, les voix des supporters se font plus pressantes... Ça va bientôt commencer, et le public le sent. Je me rends soudain compte de l'exploit que mon équipe a réussi à accomplir en parvenant à se qualifier in extremis. Si elle gagne, ce sera le titre.

Je vois l'arbitre prendre position sur le terrain auprès des coureurs, les Altérateurs des deux équipes se tenir sur le qui-vive et étirer leurs muscles... Le coup de feu résonne dans tout le Colosseum. Les traceurs s'élancent, alors que tout le monde se redresse et exulte dans les gradins. Dans leur box, les Altérateurs des deux équipes modifient le terrain pour aider leurs coureurs à avancer et mettre des bâtons dans les roues de leurs adversaires. Devant les spectateurs ébahis, le parcours se chamboule, se transforme sans cesse... Les traceurs ne sont pas en reste : ils sautent, tourneboulent, voltigent, s'adaptant sans cesse à l'environnement changeant. Leurs acrobaties arrachent quelques exclamations, leurs chutes de brèves invectives exaspérées... Peu à peu, ils gravissent le promontoire qui a été dressé au centre de l'arène, avec pour objectif d'atteindre son sommet. Allez, Carmela, attrape ce foutu drapeau et tu tiendras la coupe entre tes mains !"
018d61e2-7d30-eafe-2255-ff95d7e621e5,ALT_CORE_B_BR_08_C,Character,"Bravos Pathfinder","389 AC","« Reste sur le chemin, qu'ils disaient. Je trace mon propre chemin ! »",,Kojo,"Sunniva gravit la falaise à ma suite. Elle se hisse sur la petite corniche où je me suis réfugié pour souffler un coup, le temps qu'elle me rejoigne. Elle se pose à côté de moi, sucette mentholée en bouche, et me tend un tube de dragées. J'en fourre une petite poignée dans ma bouche, me demandant pourquoi elle choisit ce genre de bonbons plutôt que des fruits secs et des barres de céréales. Bon, on est à mi-parcours. Le fjord semble déjà loin en regardant en contrebas, et au-dessus de nos têtes, le sommet est loin d'avoir été vaincu. Mais je dois dire que l'ascension est agréable. C'est toujours cool, ce genre d'entraînement, surtout quand la compagnie l'est également. Faut dire que contrairement aux autres binômes, Sun est pas dans la confrontation permanente. C'est comme si elle relevait tous ces défis pour elle-même plutôt que pour être à tout prix meilleure que les autres.

En tout cas, sa technique semble marcher. Reconnaissance, orientation, survie... Elle est en haut du classement sur pas mal de disciplines — la coqueluche des instructeurs, alors que je stagne souvent au cœur du peloton ou dans le bas du classement. Peut-être que je devrais lui demander des conseils ? Aaaah. Et dire qu'une fois arrivés là-haut, ce sera que le début de la torture... Les Bravos appellent ce lieu l'Abîme, et à voir le canyon vertigineux, il a vraiment pas volé son nom. Là-haut, on va devoir faire face à un labyrinthe de pontons, de poulies et de mécanismes plus vicieux les uns que les autres. La dernière fois, Sun était arrivée presque aux trois-quarts du parcours, et moi, j'avais réussi à seulement atteindre le tiers. Heureusement que les Yzmir ont placé des Sceaux pour ralentir notre chute, parce que ç'aurait été une autre paire de manches si chaque faux pas voulait dire tomber comme une pierre une centaine de mètres plus bas..."
018d61e2-7d33-228e-f54c-148adb6ddbf4,ALT_CORE_B_BR_09_C,Character,"Haven Trainee","391 AC","« Ok, gamin, montre-moi ce que t'as appris. »",,Venka,"Il bande son arc et ajuste sa posture. Ses bras sont encore légèrement tremblants tandis que je lui indique sa cible. Il va falloir que j'insiste un peu plus sur son entraînement physique pour corriger tout ça. Je souris et ajuste un peu son maintien, ainsi que la position de ses épaules. Même s'il est fluet et encore en train de sortir timidement de l'enfance, Kutun a de la détermination à revendre, et c'est tout ce qui m'importe, au final. Avec la détermination, rien n'est impossible. Avec la détermination, même un gringalet comme lui peut devenir un fier guerrier. Je lui demande de souffler tout ce qu'il a dans ses poumons, de retenir sa respiration. Je lui dis de faire le vide, de se concentrer sur la cible. Uniquement sur la cible. Bien. Je sens que ses mains oscillent moins. Maintenant. La flèche transperce l'air et file entre les troncs.

Avec un bruit sourd, le trait se fiche dans le mannequin de paille, encore légèrement à gauche du centre de la cible. J'entends Kutun soupirer. Je le sens fulminer intérieurement. Je lui ébouriffe les cheveux tandis qu'il peste légèrement, le congratule même s'il s'en veut d'avoir encore manqué de quelques centimètres le cœur de la mire. Il n'y a pas à en douter, il fera un fier ajout aux contingents de l'Aegis, quand il sera en âge de rejoindre les Corps expéditionnaires. Alors que je le regarde se diriger vers la cible pour récupérer ses flèches, je constate que le soleil est déjà bien haut dans le ciel. Il va bientôt être temps de changer d'atelier. Nous y sommes depuis l'aube, et nous avons encore pas mal de champs à couvrir. Kutun revient avec son carquois de nouveau rempli. Il me voit préparer notre collation, mais se contente de faire la moue. Très bien, jeune impertinent. Une dernière volée avant l'en-cas."
018d61e2-7d36-e305-3414-989161a988ad,ALT_CORE_B_BR_10_C,Character,Red,"372 AC","Mère-grand serait fière.","Le Petit Chaperon Rouge est la protagoniste principale du conte populaire français éponyme. Alors qu'elle livre un panier à sa Mère-Grand, elle réalise que le Grand Méchant Loup l'a dévorée et a usurpé sa place dans le but de la croquer à son tour. Dans l'une des versions de l'histoire, elle est sauvée par un chasseur, alors que dans d'autres, elle vient à bout de son adversaire par une ruse similaire à celle qu'il a employée.",,"""La véritable nature des histoires est d'être par essence changeante. Un récit est un caméléon, un métamorphe. À force d'être racontées, les histoires se transforment. Par des ajouts, des retraits, des morales différentes, des conclusions cruelles ou au contraire édulcorées. Les histoires, tout comme les idées, vivent et respirent. C'est pourquoi certaines meurent, tandis que d'autres s'adaptent. Et parfois, certaines d'entre elles reviennent même à la vie. C'était déjà vrai dans les temps anciens, avant que la Confluence ne brouille les pistes et ne mélange les cartes. Et c'est encore vrai aujourd'hui, au fur et à mesure que nous nous remettons à les raconter. Même la fin du monde ne les a pas empêchées de continuer à se propager, malgré ce qui s'apparente à une terrible extinction.

Autrefois, le Petit Chaperon Rouge finissait sa vie dans le ventre du loup. Puis d'autres auteurs sont passés, et à travers eux, elle a survécu, par le biais d'un chasseur soudain venu la délivrer. Et quand les survivants du cataclysme se sont emparés de l'histoire, ils ont fait d'elle le reflet de l'humanité, qui avait été déchiquetée par la gueule d'un monstre invisible. Le Tumulte, sous l'apparence du loup. Mais d'autres fabulistes ajoutèrent ensuite leur pierre à l'édifice. Dans les plus récentes versions, Red s'est remise de ses blessures. Elle a pris les armes pour mettre un terme aux ravages du Grand Méchant Loup. La morale de cette nouvelle histoire est limpide : nous autres Asgarthi sommes comme elle. Nous avons été à la merci du Tumulte, mais nous devons nous rendre compte que ce n'est nullement une fatalité. Grâce à notre imagination, nous pouvons le vaincre, en appelant le chasseur, ou tout simplement en réécrivant l'histoire.""

Yezdan Nand, Humanitas Fabularum, ""Préface"", 372 AC"
018d61e2-7d39-a207-b606-e95c897f383a,ALT_CORE_B_BR_11_C,Character,Chiron,"374 AC","« Et veuillez, je vous prie, retenir toutes ces choses dans un cœur averti. »","Créature de la mythologie grecque, mi-homme mi-cheval, Chiron est fils de Cronos, roi des Titans et père de Zeus et des autres premiers Olympiens. Mais contrairement aux autres centaures, brutaux et rustres, Chiron se distingue par sa sagesse légendaire et la grande versatilité de ses connaissances, de la chirurgie à la divination, en passant par la chasse et l'astronomie. C'est en vertu de ses talents qu'on lui confie l'éducation de nombreux futurs héros : Jason, Achille, Asclépios, Héraclès pour ne citer qu'eux. Après sa mort, il est dit que Zeus fit de lui une constellation.",Basira,"Carmela se tient la cheville, grimaçant de douleur alors que les autres pupilles se pressent autour d'elle pour voir ce qu'elle a. Je les écarte sans ménagement pour lui faire un peu d'air, puis me penche vers elle et ausculte son pied tandis qu'elle serre les dents. Hmm. Rien de grave. Une simple foulure. Mais elle ne pourra probablement pas faire le trajet retour vers le Kurung sur ses deux jambes. Je soupire tout en me redressant, laissant Kai filtrer vers moi le peu de Mana qu'il a glané sur le chemin. Comme à son habitude, Carmela a dépassé ses limites en voulant épater la galerie. Un vrai garçon manqué, et aussi une vraie tête de mule. Mais viendra le temps des remontrances. En attendant, il va lui falloir une monture, et aussi un médecin. Très bien, je sais ce que je dois faire.

À travers l'Altération, je convie Chiron à venir nous rejoindre. Son Eidolon apparaît, trottant dans notre direction. Le centaure se gratte la barbe et soupire en voyant la jeune fille étalée par terre, les poings serrés plus par frustration qu'à cause de la souffrance. Je le vois s'incliner, sortir de sa besace bandages et onguents. Et tandis que les autres orphelins se reposent ou explorent les environs, il entreprend de la soigner. Une fois sa cheville bien emmaillotée, il la hisse sur son dos. Elle se cramponne à lui, laissant soudain la fatigue et l'abattement l'envahir. Après avoir rallié les autres enfants, je demande à Chiron de la ramener à bon port, pour que nous puissions continuer de notre côté notre petite excursion. Je frappe sur sa croupe et il s'élance, galopant vers la capitale. Espérons que sur le chemin, il trouve les mots pour lui offrir des conseils avisés, comme il avait su le faire avec moi quand je jouais moi-même les casse-cou."
018d61e2-7d3d-5b7b-a5ad-b9849060c9b0,ALT_CORE_B_BR_12_C,Character,"Hua Mulan","386 AC","Sa détermination est sans égale dans ce monde.","Protagoniste principale de la Ballade de Mulan, Hua Mulan était une jeune tisseuse d'origine tabgache, une région du nord de la Chine. Lorsque son père fut appelé par conscription obligatoire à servir sous la bannière du Quaghan, leur souverain, elle décida de prendre sa place pour rallier l'armée, se faisant passer pour un homme. Après une dizaine d'années de service, lors desquelles elle se distingua par ses prouesses martiales et militaires, elle ne demanda pour seule récompense qu'un simple chameau pour rejoindre sa famille.",Atsadi,"""Tu dois te nourrir de ce que t'offre autrui"". C'est ce que Hua Mulan avait dit. Je ne l'avais pas prise au pied de la lettre quand elle m'avait fourni ce conseil, pensant qu'elle parlait tout simplement des leçons que je pouvais tirer de chacun de mes instructeurs, de l'expérience que j'accumulais à chaque combat mené. Mais je commence à comprendre ce qu'elle voulait vraiment dire. J'avais la capacité de prendre appui sur la nature de mon Alter Ego pour me mouvoir à la vitesse de la lumière. J'avais la capacité d'insuffler dans mes coups des décharges qui engourdissaient les membres de mes ennemis. Mais ce n'était pas simplement dû au lien que j'entretenais avec Surge. C'était parce que je dévorais une partie de son être pour la faire mienne. Et à chaque Eidolon que j'appelais, une partie de sa puissance se transférait en moi, pour me rendre plus fort.

Mulan se met en position, son jian brandi devant elle comme l'aiguillon d'une guêpe. Ses yeux sont calmes comme un étang abrité du vent, son corps immobile comme une statue de marbre. Elle s'anime soudain, et file dans ma direction. À droite, à gauche, en bas. Ses coups sondent ma garde, à l'affût d'une faille. Mais là où j'aurais rendu coup pour coup il y a seulement quelques jours de cela, je reste sur la défensive, me concentrant sur le fait de parer ou d'esquiver chacune de ses offensives. Depuis toujours, j'avais pensé que je devais devenir le meilleur spadassin, par la seule force de l'épée. Mais j'avais négligé le fait que j'étais un Altérateur, alors que c'est là que résidait toute ma polyvalence. Alors je les appelle à moi. Tous ceux avec qui j'ai croisé le fer. Je les convie, non pour qu'ils combattent à ma place, mais pour qu'ils me lèguent une partie de leur puissance. Alors qu'ils apparaissent, Hua Mulan sourit. Et à travers eux, je sens la transcendance germer en moi. Je sens le duende m'envahir."
018d61e2-7d40-f13d-0768-c62997e94dbd,ALT_CORE_B_BR_13_C,Character,Kappa,"378 AC","« Affronte ta douleur. Abandonner fait bien plus mal. »","Créature aquatique du folklore japonais, le Kappa ressemble à un croisement entre une tortue humanoïde et un singe, dont le sommet du crâne est creux et rempli d'eau comme pourrait l'être une écuelle. Il est dit que c'est de ce liquide que provient sa puissance, et que la seule façon de le vaincre est de l'obliger à renverser son contenu. Farceur et vorace, on peut l'amadouer en lui offrant des concombres, nourriture dont il raffole par-dessus tout.",Atsadi,"Je ne sais pas quelle lubie le pousse à me faire escalader cette montagne interminable, mais je serre les dents sans maugréer. Du moins pas verbalement. Le sommet est encore loin, la chaleur presque insoutenable. Et le fait qu'il m'ait sanglé aux jambes et au bras gauche des poids excessifs n'arrange pas les choses. Chaque pas est une épreuve, chaque volée de marches un supplice. Mais il ne m'appartient pas de critiquer les méthodes du maître Kappa, aussi désuètes semblent-elles être. De nombreux apprentis sont passés sous sa houlette au fil des ans, et il a acquis cette réputation d'extraire le meilleur de chacun d'entre eux, même du bout de charbon le plus prosaïque. Cependant, le voir tirer nonchalamment sur sa pipe en buvant un thé bien frais a de quoi faire sortir de ses gonds le plus patient des élèves.

Je grogne, ajustant le sac de pierres qui pèse lourdement sur mes épaules et suant à grosses gouttes par la même occasion. Facétieux, il l'est certainement. Sage, peut-être, même si cela reste à confirmer. Bedivere m'a conseillé de suivre l'entraînement que le Kappa était disposé à me prodiguer. Je l'ai crue sur parole, mais chaque jour qui passe, les tâches qu'il me confie deviennent de plus en plus absurdes. Est-il en train d'éprouver ma patience ? Ou bien cherche-t-il à renforcer ce qui peut l'être pour pallier mon invalidité ? Les pensées se bousculent tandis que je gravis la pente escarpée. Une chose est sûre : je n'arriverai à rien si une simple montée parvient à me contraindre à l'abandon. Je continue sur ma lancée, tandis que Surge papillonne sur le chemin, nullement affecté par la gravité ou même la distance. Lui, contrairement à moi, ne subit pas les limites physiques... J'étrécis soudain les yeux. Mais en fin de compte, le but n'était-il pas de moi aussi m'en défaire ?"
018d61e2-7d43-66d7-a7ef-cc30b9c0e2d7,ALT_CORE_B_BR_14_C,Character,"Bravos Vanguard","392 AC","« Nous serons la flèche qui percera le voile de l’inconnu, le flambeau qui bannira les brumes de l’ignorance ! »",,Basira,"Aoife pose un genou à terre et contemple le paysage qui se déploie en face de nous. Sa chevelure rousse fouette son visage alors qu'une bourrasque nous accueille au sommet de l'élévation que nous devons cartographier. L'ascension a été rude, mais à part sa respiration légèrement hachée et le filet de sueur qui couvre son front, elle n'en laisse rien paraître. Je lui tends ma gourde, et elle en boit une gorgée, s'essuyant la bouche du revers de sa manche. Elle me la tend à son tour en souriant, et je me doute de ce qui lui passe par la tête en cet instant. Après plus de dix ans d'entraînement, elle était enfin sur le terrain, en dehors de la sécurité d'Asgartha. Toute sa vie, elle s'était préparée à cette mission. Qu'importent les difficultés et les obstacles, c'était pour ça qu'elle avait sué sang et eau, qu'elle s'était donnée à fond.

De toutes les recrues que j'ai pu entraîner durant toutes ces années, Aoife est peut-être celle en qui je me reconnais le plus. Sans la colère, sans les traumatismes. Si jamais quelque chose venait à m'arriver, le détachement serait entre de bonnes mains. Mais est-ce qu'elle saurait pour autant officier en tant qu'Altératrice ? Les Corps expéditionnaires ont encore besoin d'Exalts comme Kai et moi pour les protéger en lisière du Tumulte, même pour des tâches aussi triviales que celles-ci. Savoir combien de temps une zone restera stable après le passage d'un duo n'est pas si évident que ça, au final, et ils ont donc encore besoin d'une escorte. Au moins dans l'immédiat. Aoife fait signe à la cartographe de sortir son appareillage de son barda. Autant ne pas lambiner. Plus on aura fini tôt, plus Kai et moi pourrons être redéployés rapidement."
018d61e2-7d47-8bed-9094-2f8f4971c156,ALT_CORE_B_BR_15_C,Character,"Haven Bouncer","390 AC","Seuls les braves ont une place en Havre.",,Venka,"Je m'étire et baille en marchant dans les couloirs de Havre, profitant de l'oisiveté de ma permission. J'ai dû faire un long détour pour éviter le cordon de sécurité. D'après ce que j'ai compris, l'Amiral Temera Singh est actuellement en visite dans le Bastion, pour une raison que seuls les sachants sont en droit de connaître. Arrivé à l'atrium, je m'arrête subitement quand une jeune femme passe devant moi en trombe, manquant de me bousculer. Je soupire, vaguement offusqué, mais décide finalement de laisser couler. À la vue des peintures sur ses joues, elle semble être porteuse d'une missive d'importance de la part de la Garde Phénixienne, probablement pour des considérations qui dépassent largement mon grade. Mais sa précipitation n'est pas du goût de tous. Une silhouette massive émerge d'une alcôve pour s'interposer, barrant la route de la messagère. Je reconnais immédiatement Silje.

La Combattante Phénixienne insiste auprès de la videuse, fait des pieds et des mains pour qu'elle la laisse passer. Mais cette dernière croise les bras sur son torse musculeux, refusant catégoriquement de s'écarter. Je m'approche de Silje, prenant mon expression la plus flegmatique pour la radoucir un peu. Mais autant elle peut faire preuve d'un peu de latitude quand on est en permission, autant là, c'est comme si je me heurtais moi aussi à un mur. Elle me dévisage, ses narines s'évasant comme celles d'un taureau prêt à charger. Son teint se rembrunit, comme si j'étais un importun en train de l'empêcher de faire son office. Tout de suite, je sens mes boyaux se liquéfier devant son visage fermé. J'ai peut-être abusé en interférant ainsi... et elle me le fera sûrement payer la prochaine fois qu'on se retrouvera au bar à faire un concours de bras de fer. En plus d'être coriace, je sais qu'elle était extrêmement rancunière..."
018d61e2-7d4a-f4f8-bfec-534870bd67dd,ALT_CORE_B_BR_16_C,Character,"Bravos Bladedancer","390 AC","« Il semblerait que Thot ne m'ait jamais vue combattre. »",,Basira,"Sitina prend position dans le cercle tracé à la craie, et d'un geste lent et précis, sort ses épées de leur fourreau. Puis elle se met en garde, lames écartées, tête légèrement penchée sur le côté. Sa respiration est calme, contrôlée. Pourtant, je peux déjà sentir la menace couver sous son apparente tranquillité, son instinct de prédateur sommeiller dans ses muscles au repos. Comme une panthère qui peu à peu s'éveille et se met en appétit pour la chasse. Je tourne autour d'elle, bras croisés, observant attentivement sa posture, la tension dans ses membres. J'acquiesce, satisfaite. Tout autour, d'autres bretteurs s'arrêtent et s'approchent en silence, interrompant leur entraînement pour assister au spectacle. Voir se mouvoir une Danseuse de Lames Phénixienne est une opportunité rare et précieuse. Sitina ne bouge pas d'un iota. Telle une statue d'ébène, elle patiente...

Je claque des doigts, et tout à coup, elle se met en mouvement. Lentement, tout d'abord, ses lames traçant des arabesques dans les airs. Ses enchaînements sont millimétrés, sa cadence impeccable. Je souris. Je claque de nouveau des doigts, et elle accélère. Ses épées virevoltent et se mettent à vrombir. Ses moulinets sont sans faille, ses pas de danse assurés alors qu'elle tournoie, glisse, bondit et se fend. Sitina a les yeux perdus dans le vague. Son esprit n'est plus dans le contrôle, mais dans l'exaltation. Sa danse est en train de devenir une transe. Un dernier claquement de doigts, et elle se déchaîne. Je sens le duende l'emporter. Je dégaine ma lame et me mets à exécuter de complexes katas en face d'elle. Instinctivement, Sitina prend la mesure de mes gestes et se met à les reproduire à l'identique, sans une once de délai. Nous dansons avec grâce, miroir l'une de l'autre. Je vois ses lames commencer à luire d'un éclat écarlate, laissant des traînées carmines dans leur sillage comme autant de rubans incandescents. Bien... voyons jusqu'où elle peut aller."
018d61e2-7d4d-d09b-6e01-89744e69358c,ALT_CORE_B_BR_17_C,Character,"Haven Warrior","388 AC","« Tu penses avoir traversé ton lot d'épreuves ? J'ai connu bien pire. »",,Kojo,"Je mords de nouveau la poussière, heurtant violemment le sol. Aïe. Je roule sur le côté et fais face à mon adversaire, une masse de muscles et de nerfs qui me toise avec indifférence, et peut-être même un peu de mépris. Je secoue la tête pour chasser les trente-six chandelles qui tournent autour, tandis que Boo couvre la sienne avec ses pattes. Ok, j'ai bien compris le message, ma force est pas forcément mon point fort. Réfléchis, Kojo. Comment tu vas faire pour prendre le dessus ? Je regarde ses muscles saillants, sa peau couturée de cicatrices, son œil recouvert d'un bandeau de pirate. Ouais, c'est clairement pas la première venue. Mais bon, c'est pas comme si je m'attendais à recevoir un traitement de faveur. C'est même l'inverse, je suis sûr que Gul lui a demandé de pas y aller de main morte pour me décourager d'intégrer les Corps.

Mais si elles pensent que je vais lâcher l'éponge après deux ou trois bobos, c'est vraiment mal me connaître. Je me relève et me mets à sautiller. L'avantage que j'ai, c'est ma vitesse. L'inconvénient, c'est qu'à chaque fois que je la percute, c'est comme si je frappais une statue de pierre avec un boudin gonflable... Elle me sourit en me voyant me redresser. Sauf que son sourire ressemble plus à une gueule de lionne prête à me dévorer qu'à un signe d'encouragement. Alors c'est quoi, le plan ? Maintenir mes distances pour l'épuiser ? Hmm. Nan, elle a sûrement plus d'endurance que moi. Utiliser ma vitesse pour charger ? Ouais, et me démettre l'épaule dans la foulée ? De toute façon, elle me surclasse sur quasi tous les plans. Et je crois que la seule option que j'ai, c'est de tout donner et de tenir le choc autant que possible pour lui montrer à quel point je suis déterminé. Ok, je vais douiller. Mais si j'arrive à ce qu'elle ait une bonne opinion de moi, même Gul pourra rien dire."
018d61e2-7d50-6e82-4b83-5206e4d6dde0,ALT_CORE_B_BR_18_C,Character,"Sun Wukong","385 AC","Toujours trompeur, à jamais rebelle.","Héros de La Pérégrination vers l'Ouest, le roman de Wu Cheng'en, Sun Wukong, celui qu'on nomme aussi le Roi Singe, est un combattant indomptable coupable de nombreux méfaits. Affublé d'une force et d'une célérité incroyables, ainsi que de capacités magiques extraordinaires, Sun Wukong défia l'autorité céleste pour s'accaparer des objets magiques dignes de sa personne. Provoquant constamment l'Empereur de Jade, il déclencha son courroux. Après plusieurs échecs, Sun Wukong fut finalement capturé et enfermé dans un coffre en pierre, dans l'attente de purger sa peine.",Atsadi,"Il se moque, hilare. Je me relève en me tenant les côtes, sans savoir si ses rictus sont des sourires ou des provocations. Il se tient avachi sur son bâton, baillant et se curant l'oreille, au gré d'un numéro d'équilibriste qui volerait la vedette à n'importe quel acrobate Lyra. Durant le combat, je l'ai vu se métamorphoser en de nombreux animaux — sanglier, buffle ou scarabée — pour me prendre au dépourvu, bondir à des distances improbables, ou simplement me narguer. Je ne trouve aucune brèche dans sa posture, et pas la moindre once de fatigue dans ses mouvements. Il s'est tour à tour montré aussi insaisissable qu'un poisson, aussi perceptif qu'un aigle, aussi agile qu'un chat. C'est comme s'il accueillait en lui toutes les caractéristiques des animaux dont il revêt l'apparence : la force de l'éléphant, la vitesse du guépard, l'explosivité de la libellule...

Haletant, je lui fais de nouveau face en récupérant le glaive que j'ai laissé choir. Puisqu'il ne semble y avoir aucune ouverture dans son armure, il va falloir que j'en crée une. Mais comment ? Il saute au pied de son bâton cerclé d'or, l'attrape alors que je me remets en position, sur mes gardes. Mais au lieu de m'attaquer, il le fait rétrécir à la taille d'un coton-tige et le fourre dans son oreille. Puis il arrache quelques poils de son pelage, et les souffle dans ma direction. Alors qu'ils se dispersent au vent, chacun d'entre eux se met à se transformer en une petite silhouette simiesque. Je fais un pas en arrière, encerclé par une armée de capucins en armure, comme des versions miniatures de mon adversaire. Riant aux éclats face à mon expression penaude, il s'assoit sur un rocher en débouchant une gourde, bien décidé à profiter du spectacle."
018d61e2-7d54-83da-35cd-d3b1f921c74c,ALT_CORE_B_BR_19_C,Character,"Mighty Jinn","392 AC","... Qui l'ose réveiller peut s'en laisser surprendre.","Issus de la mythologie préislamique, les Djinns sont des créatures fantastiques façonnées à partir d'un feu sans fumée. Capables de changer de forme à leur guise, on disait d'eux qu'ils vivaient dans des endroits désolés, que ce soit près des cours d'eau, dans les forêts ou bien les déserts. Si certains pouvaient être malveillants, il était aussi dit que les philosophes, les poètes et les devins étaient parfois inspirés par les Djinns. Ils apparaissent d'ailleurs dans de nombreux récits, des Mille et Une Nuits au poème Les Djinns de Victor Hugo.",Atsadi,"Le sol se craquelle sous la pression de la lave, qui se met à éructer du sous-sol en toux incendiaires. Des fumerolles sombres sifflent tandis que le puissant Djinn fait fondre le flanc de la falaise. Le Mana que j'investis en lui le garde manifesté, tandis que les élémentaires de basalte reculent, apeurés par le feu liquide qui menace de les dissoudre. Je me fends d'un sourire en voyant le Djinn s'ébrouer, pataugeant dans les coulées en fusion comme s'il s'agissait d'un petit bassin d'eau. Ce n'est pas l'un de ceux que j'ai croisés au sein du Parlement des Cendres. Celui-ci est plus massif, et infiniment plus impressionnant. Dans une lueur de fin du monde, vermeille et écarlate, il fait barrière de son corps, me permettant par la même occasion de préparer mon prochain assaut, qui j'espère sera le dernier.

Car aussi fougueux que soit le Djinn, caparaçonné du métal qu'il tire lui-même de la roche fondue, il ne sera pas suffisant pour faire fuir les créatures qui me font face. Il va me falloir être plus démonstratif. Dans son fourreau, mon glaive pulse des idées que j'ai insufflées en lui. La crinière incandescente du Djinn commence à vaciller, comme la flamme d'une bougie danse avant de s'éteindre. C'est le moment. Je m'élance alors que l'Eidolon se dissipe en volutes de Mana. Je capte son énergie résiduelle et l'absorbe, tandis que Surge jaillit à son tour. Alors que je traverse le panache de flammes dans lequel le Djinn s'est volatilisé, mon Alter Ego charge mon épée de son énergie, accompagne ma lame tandis que je frappe. Le rocher qui se tenait devant l'Eidolon se fend en deux, de part et d'autre d'une ligne de coupe zébrée d'éclairs bleutés. Ma passe d'armes a eu l'effet escompté. Les élémentaires se recroquevillent en boules inertes avant de dévaler la pente, hors de ma portée."
018d61e2-7d57-2490-0994-ef4c82f6634c,ALT_CORE_B_BR_20_C,Character,Atlas,"392 AC","Le poids du ciel ne saurait lui faire courber l'échine.","Titan de la mythologie grecque, fils d'Ouranos, dieu du ciel étoilé, Atlas a participé à la guerre qui a opposé les dieux de l'Olympe à leurs prédécesseurs primordiaux, la Titanomachie. Dans le camp des vaincus, Atlas est condamné par Zeus à porter pour l'éternité la voûte céleste sur ses épaules. Atlas fait partie intégrante de plusieurs récits héroïques : les douze Travaux d'Héraclès, d'une part, et aussi la légende de Persée, où pétrifié par la tête de Méduse, il se métamorphose en imposante chaîne de montagnes.",Basira,"Sa silhouette occulte une partie du ciel et ses épaules bousculent les nuages alors qu'il s'étire au-dessus de la vallée. Perchée en haut de la falaise, je vois l'une de ses mains émerger des brumes et vrombir en passant non loin de moi ; une main qui pourrait saisir le Colosseum, ou peut-être même soulever l'Astérion. C'est un colosse titanesque, un géant pour lequel nous ne sommes que de simples fourmis. Mais c'est précisément ce que je vise. Sa main redescend subitement et s'enfonce dans le flanc du plateau. Je me cramponne comme je peux pour ne pas tomber, alors que de violentes secousses ébranlent les paysages. Comme un carrier saisit une pierre, il arrache l'éperon rocheux sur lequel je me tiens. Comme un jardinier déracine une motte de terre, il trimbale l'îlot qu'il a désolidarisé du sol.

Tout autour de moi, les arbres s'agitent comme sous l'effet d'un ouragan. Un vent cinglant frappe la lande alors qu'il la transporte sous son bras comme un volumineux paquetage. À chacun de ses pas, c'est comme si le monde tremblait, tressautait. Je m'agrippe à une souche pour ne pas être emportée, et ne peux m'empêcher de lâcher un rire nerveux et dément. Face à lui, je ne suis qu'une vulgaire tique accrochée à un buffle, un insignifiant moucheron. Tout à coup, je sens tout l'atoll sur lequel je me tiens tomber vers la terre. Nul doute que pour lui, son geste se veut délicat. Mais pour moi, c'est comme si un épouvantable séisme était en train de fracasser le monde. Des arbres chutent sous l'impact. Des roches jaillissent du sol, qui se disloque et se met à bouger comme la houle. Et alors qu'une épaisse poussière déferle autour de moi, le calme revient. En quelques pas, il m'a fait parcourir des lieues..."
018d61e2-7d5a-6dcc-32d7-70d8b3eddcaa,ALT_CORE_B_BR_21_C,Character,Achilles,"382 AC","« Une mer tumultueuse et des montagnes ombragées d'arbres nous séparent. »","Dans l'Iliade, l'épique épopée attribuée à Homère, et l'Énéide, celle de Virgile, Achille est un héros grec, fils de Thétis et de Pélée, qui se distingue lors de la Guerre de Troie. Immergé dans les eaux du Styx, il est réputé invulnérable, sauf au niveau du talon, seule parcelle de son corps qui n'a pas été plongée dans le fleuve infernal. C'est là qu'il est blessé fatalement par la flèche de Pâris, prince troyen qui a déclenché la guerre en ravissant la belle Hélène.",Atsadi,"Je tourne autour de mon adversaire, sous l'œil attentif de Bedivere. Celui qui me fait face n'est pas le premier venu. Il s'agit d'Achille, vétéran de plusieurs guerres et héros d'épopées légendaires. La cuirasse cuivrée de l'Eidolon luit sous le soleil déclinant, et la pointe de sa lance étincelle dans la clarté crépusculaire. Je suis attentif au moindre de ses gestes, cherchant la plus petite faille. Mais c'est plus facile à dire qu'à faire. Même s'il a laissé de côté son casque et son bouclier, l'allonge de son arme constitue à elle seule un danger. Pour pouvoir le bousculer et le mettre en défaut avec mon jian, il va me falloir réduire la distance et rentrer à l'intérieur de sa garde. Mais comment ? Brusquement, il frappe. Je pare au dernier moment, effectuant une légère rotation de poignet pour tenter moi-même une incartade.

Mais alors que j'arme mon coup, son poing me cueille au niveau de la mâchoire et je bascule en arrière, réalisant qu'il a lâché son arme pour mieux me recevoir avec ses poings nus. Je titube, effectue une roulade pour me remettre en garde. Mais Achille a été le plus rapide. Réceptionnant sa lance sur son pied, il la propulse en l'air pour la saisir, puis la fait virevolter en faisant un pas dans ma direction. J'esquive le coup de manche qui m'était destiné, mais pas le coup de pied qui me percute les côtes de plein fouet. Je plante mon arme dans le sol pour ne pas chuter, luttant de toute ma volonté pour ne pas céder à la panique de mon souffle coupé ou de ma vision encore flottante. En entamant le combat, j'avais espoir de pouvoir exploiter son talon, mais je ne me doutais pas que ce dernier allait être aussi difficile à atteindre."
018d61e2-7d5d-58fd-5e62-98d56ee1f52c,ALT_CORE_B_BR_22_C,Character,Shenlong,"385 AC","Attention à ce que tu souhaites. Il est des dangers que même les Bravos préfèrent éviter.","Il n'est pas sage de provoquer le courroux de Shenlong. Gouvernant l'ouragan, la foudre et la pluie, il peut faire déferler le déluge et ravager les cultures s'il n'est pas correctement apaisé. Dans la mythologie chinoise, Shenlong est le dieu-dragon de la tempête, aux côtés de trois autres types de ""Long"". Ces esprits draconiques ne sont pourtant pas des entités néfastes. Ce sont elles qui fertilisent le sol et permettent aux récoltes d'être florissantes.",Atsadi,"Les nuages noirs tourbillonnent au-dessus de la vallée, crépitant d'éclairs. Affrontant la pluie et les vents déchaînés, je me tiens sur la corniche, extirpant de moi le peu de Mana qui me reste. Dans la paume de ma main, Surge est réduit à une simple étincelle qui lutte pour exister dans ce monde. Et je ne peux le laisser s'étioler ainsi, par ma faute. Durant mon combat face au Roi Singe, à bout de force et dos au mur, j'avais puisé plus que de raison dans les forces de mon Alter Ego. Pendant une fraction de seconde, j'étais devenu la foudre. L'espace d'un instant, j'avais pris Sun Wukong de vitesse et arraché la victoire. Mais à quel prix... Luttant contre l'épuisement et l'abattement, je convoque la tempête, et ce qui se meut en son sein. Qu'importe qui répondra à mon appel. Tout ce que je souhaite, c'est le feu du ciel.

Les nuages s'entrouvrent comme une houle, et une silhouette sinueuse en émerge. Ses yeux me toisent, tandis que ses cornes luisent comme des flammes immobiles. Je me fige, écarquillant les yeux face à l'Eidolon qui s'est manifesté en face de moi. Oubliant l'eau qui ruisselle sur mon visage et le froid qui me transit, je pose un genou à terre et lève la main pour lui présenter l'étincelle vacillante qu'est devenu Surge. Le dragon gronde comme roule le tonnerre. Sa crinière danse dans l'air comme s'il était l'incarnation du typhon. Des éclairs se mettent à lacérer les cieux, alors que le vent se charge d'une odeur d'orage. Et je me mets à implorer, du fond de mon être. Je fais une prière face au cyclone. Au-dessus de ma tête, les cumulus s'ouvrent et se mettent à tournoyer. Je ferme les yeux, attendant d'être frappé par la foudre."
018d61e2-7d61-f3ca-f5e0-d109047d7c6d,ALT_CORE_B_BR_23_C,Character,"Tomoe Gozen",,"Seuls les Altérateurs et Altératrices les plus doués peuvent donner vie aux légendes gravées dans la mémoire de l'humanité.","Célèbre Onna-musha, femme-samouraï, de l'ère Heian, qui prit fin au 12e siècle, Tomoe Gozen était une combattante intrépide et expérimentée. Ses exploits et légendes sont notamment relatés dans le Heike Monogatari, un roman guerrier dépeignant la Guerre de Genpei qui vit l'avènement de la période Kamakura. Cavalière et archère émérite, elle maniait aussi le sabre et le naginata avec une exceptionnelle habileté. Dans le camp des vaincus, on la voit pour la dernière fois alors qu'elle quitte le champ de bataille, emportant avec elle la tête de son Seigneur et amant, Minamoto no Yoshinaka.","Tomoe Gozen","""Assieds-toi. Prends donc un peu de thé. Laisse de côté tes tracas et prête l'oreille. Laisse-moi te conter une histoire. Ce conte vient du crépuscule et de l'aube des temps. Mais comme mon sabre, son éclat n'a pas été terni par l'âge. Comme ma lame, il n'a pas perdu son tranchant. Il y a bien longtemps, très loin d'ici, des voyageurs faisaient route comme les feuilles d'érable glissent sur le vent. Ils étaient huit vagabonds, portés par l'espoir d'une terre promise. Durant de nombreuses lunes, ils avaient arpenté les contrées changeantes, comme le mendiant vogue de temple en sanctuaire en quête d'un bol de riz et d'une paillasse pour la nuit. Mais à la tombée du jour, alors qu'ils n'étaient plus qu'à une portée de flèche de leur destination, ils se rendirent compte que le dernier d'entre eux n'arrivait pas. Inquiets, les sept autres firent appel à sept sabreurs pour aller voir où le dernier voyageur s'était réfugié. Ils leur offrirent tout ce qu'ils avaient, jusqu'à la dernière lampée de leur tokkuri. Et les épéistes, rassasiés, s'enfoncèrent dans la brume à la recherche de l'égaré. Nul à cet instant n'avait idée que le brouillard, épais et funeste, n'était pas de ce monde. C'était celui que les fantômes empruntaient pour gagner l'au-delà. Les vagabonds allumèrent chacun une bougie, et dans l'air saturé d'encens, portèrent aux cieux leurs prières. Puis ils allèrent se coucher, laissant la lune terminer sa course sur l'horizon. Au réveil, les sept vagabonds constatèrent que nul ne les avait rejoints. Ils ne se souvenaient plus du nom de leur compagnon, ni des sept spadassins qui avaient bravé les ténèbres pour aller le secourir. Car en visitant les brumes, ils étaient aussi devenus des spectres. Qu'en dis-tu, Atsadi-san ? Es-tu prêt à devenir toi aussi une ombre ?"""
018d61e2-7d64-fca3-fc01-04a32f2185ae,ALT_CORE_B_BR_24_C,Character,"Kaibara, Asgarthan Leviathan","392 AC","Depuis de nombreux siècles, Kaibara veille sur Asgartha.",,Kojo,"Ça fait plus d'une dizaine de minutes que Teija est assise en tailleur, alors que je ronge mon frein. Sur la plage, le plan est en train de voler en éclats. Des soldats Ordis se font emporter par les flots tumultueux, et le Kraken s'en donne à cœur joie avec ses tentacules et ses geysers d'encre noire. Je fais les cent pas, essayant de me contenir. Mais le fait de savoir que Gul est là-bas, en train de souffrir le martyre... Non, faut pas que je pense à ça. La Muna m'a demandé de lui faire confiance. Elle m'a dit qu'elle allait s'insinuer dans le réseau de Mana pour faire appel à un allié qui pourrait nous sauver la mise. Quand est-ce qu'il va arriver, bon sang ? Mais alors que je vais de nouveau lui demander où elle en est, Tei ouvre les yeux et fronce les sourcils. Puis un léger sourire illumine son visage.

Je lève soudain les yeux au ciel, hoquetant de surprise. Une ombre plane au-dessus de nous ; une ombre tellement grande qu'elle gonfle et chasse les nuages sur son passage. Puis la forme colossale transperce la voûte nuageuse. Kaibara. Le Léviathan fond sur nous, son cri emplissant le monde comme une complainte. Teija me hurle quelque chose que je peine à entendre, mais je comprends. Instinctivement, je me mets à courir, Booda sur mes talons. Je sprinte, esquive les rochers qui émaillent le chemin. Quand la baleine approche et se met à longer ma position, mon sang ne fait qu'un tour, et je saute dans sa direction, me jetant dans le vide. Mes mains s'agrippent à une branche, celle d'un arbre qui pousse à la surface de son épiderme. Et je tiens bon, même ballotté par les vents qui me fouettent le visage. Je peine à ouvrir les yeux, mais de ce que je vois, Kaibara est en train de foncer sur le Kraken. Comme nous tous, il a une revanche à prendre..."
018d61e2-7d67-6af6-7302-674f2dcea1eb,ALT_CORE_B_BR_25_C,Spell,"Helping Hand","392 AC","Ne la laisse pas tomber.",,Basira,"Je saisis un brin d'herbe et me mets à le mâchonner en massant mon cou endolori. Au loin, quelques nappes de Tumulte sont en train d'osciller comme une mer de brume, mais il va de soi que des Exalts se dirigent déjà vers cette destination. Bon sang, les premières courbatures. Il y a longtemps, cette expédition aurait été une promenade de santé pour moi, mais l'âge est en train de me rattraper, on dirait. ""Ha, depuis déjà un bail, Baz"". Je lance un regard noir en direction de Kai, dont les yeux apparaissent sur mon avant-bras. Ha, dit celui qui se laisse porter sans fournir le moindre effort. Mais quoi qu'on en dise, il a raison. Je suis aux dernières pages de mon histoire, et il est grand temps que je passe la main aux plus jeunes. Ceux qui ont encore la vie devant eux.

Aoife vient me trouver alors que je suis encore perdue dans mes pensées. Elle me tend la main pour m'aider à me relever. Je l'accepte en maugréant, et elle me hisse sans effort malgré ma carrure beaucoup plus robuste que la sienne. Je fais craquer mon cou et joue des omoplates pour étirer mes muscles refroidis. Sans un mot, elle frappe mon épaule d'un geste complice avant d'aller donner ses directives aux autres membres de l'équipée. Ne t'emballe pas, Aoife. Il me reste quelques pages pour terminer mon histoire, et je ne compte pas partir sans un dernier coup d'éclat. Je saisis mon sac et le remets sur mon dos. Kaizaimon me sourit furtivement avant de disparaître sous mes vêtements, glissant sur ma peau comme le tatouage vivant qu'il se plaît à être parfois. Je fais craquer mes phalanges. Quoi qu'on en dise, j'ai encore mon rôle à jouer, ici et maintenant, et il faut avouer que j'ai encore de beaux restes."
018d61e2-7d6a-a3e9-11b9-d1a3d11f6189,ALT_CORE_B_BR_26_C,Spell,"Physical Training","368 AC","100 pompes, 100 abdos, 100 squats,10 km de course à pied et le désir de faire ses preuves : l'entraînement typique des Bravos. ",,Basira,"Ah, le Kurung... Baluchon sur mon épaule, je me fraye un chemin entre les attroupements de recrues qui s'entraînent. Quelques cadets sont en train de faire le tour de la cour intérieure, trottinant dans leur tunique trempée de sueur. D'autres troupiers sont en train de s'entraîner sur le gazon central, frappant des mannequins de paille ou des cibles de bois. Je salue un instructeur d'un discret signe de tête, alors qu'une cohorte de gamins passe en courant à côté de moi. Je ne peux m'empêcher de sourire. Moi aussi, je faisais partie de cette clique ; une pupille parmi tant d'autres, dont la caserne était devenue mon foyer. Regardant en direction de l'orphelinat, je guette avec nostalgie la silhouette de Nanshe. Mais je ne vois l'Eidolon nulle part, pas même l'un de ses pélicans. J'aurai le temps d'aller la voir une fois installée dans mon dortoir.

Alors que je longe les bâtiments administratifs de la Petite Cour de Justice, je vois au sein d'une arrière-cour un instructeur corriger la posture d'un de ses élèves. Ce dernier semble s'offusquer, rageant contre son mentor du haut de son ego blessé. Je hausse les sourcils en remarquant l'expression de son coach et la colère froide peinte sur son visage. Ha, s'il s'entête, c'est clair qu'il va écoper d'une dérouillée et d'un tour de corvées supplémentaire. Mais qui suis-je pour juger ? Moi aussi, j'ai été hargneuse et récalcitrante. Moi aussi, j'ai été rappelée à l'ordre au moins trois fois par jour. De la pointe de son épée, l'instructeur désigne le cercle de duel. Et c'est parti pour une bonne leçon. Il a raison de ne pas se laisser marcher sur les pieds. Le petit piou-piou a mérité une bonne correction. Encore aujourd'hui, je m'étonne de la patience de mes formateurs. En vérité, j'avais été bien pire, et ils avaient réussi à faire de moi ce que j'étais à présent..."
018d61e2-7d6e-d03e-61a5-13cf09d016d3,ALT_CORE_B_BR_27_C,Spell,"Mana Channeling","392 AC","Il n'y a qu'une seule façon d'éviter la débâcle : devenir plus fort.",,Kojo,"Avant que Kaibara ne lance son embardée, je me laisse tomber sur la plage, essayant tant bien que mal d'amortir ma chute en profitant de la pente d'une dune. J'atterris dans un nuage de sable, et dévale le talus. Je me redresse et me secoue, crache les grains qui sont rentrés dans ma bouche, quand Boo glisse à côté de moi, vitrifiant le sol pour s'en faire un toboggan. Puis une terrible déflagration nous percute, et je tombe sur les fesses, alors que les poils de Boo s'ébouriffent. Kaibara vient de heurter le Kraken et de l'envoyer valdinguer au milieu des vagues. Je cligne des yeux, estomaqué par le choc et les impacts qu'ils s'échangent, toute la dévastation qu'ils causent. C'est face à ça qu'on va devoir se dresser ? Je déglutis, alors que mon ventre se noue. Ok, j'ai peur. C'est normal d'avoir peur.

Je serre les poings. Mais je suis un Bravos désormais. La peur, c'est ce qu'on bouffe au petit-déj et à quatre heures. Je me frappe les joues. Prêt, Booda ? Parce que c'est à nous de jouer. C'est pas un vulgaire encornet qui va nous foutre les chocottes, hein ? Je me mets à marcher en direction du Kraken, essayant de glaner autant de Mana que possible. Booda en fait de même, trottinant à côté de moi. Ça commence par le Mana volatile présent dans l'air, mais ce n'est pas assez. Il nous en faut plus si on veut espérer lui foutre une raclée. Peu à peu, je me résous à puiser dans le Mana enraciné dans les choses qui m'environnent. Les herbes dans les dunes se désincarnent alors que je leur vole leur Mana, puis les dunes elles-mêmes. Tant pis, pas le choix. Il nous en faut plus. Je me mets à chourer tout le Mana que je peux, alors qu'autour de moi, tout est renvoyé au néant. Et dans ma main luit plus de puissance que je n'en ai jamais manifesté."
018d61e2-7d71-31c7-7076-098f2cc243b3,ALT_CORE_B_BR_28_C,Spell,Intimidation,"390 AC","La terrible bête se recroquevilla en tremblant devant la force des Bravos.",,Venka,"Silje se redresse, bombant le torse et me toisant de haut. Elle me dépasse d'au moins une tête, et je ne suis pas le plus chétif du lot, bien au contraire. Mais à ce moment, j'ai l'impression d'être un petit lapin dans le collimateur d'un lion pas commode, une boule de poils grelottante qui a malencontreusement dérangé un dragon durant sa sieste. Ses yeux s'étrécissent en me fixant avec véhémence. Peut-être que j'ai un peu présumé de notre amitié... Je fais un pas en arrière, levant les mains en signe d'apaisement. On a déjà fait le planton en maintes occasions, elle et moi. Mais là, c'est comme si ça ne voulait rien dire, comme si toutes ces heures à poireauter ensemble n'avaient été que du vent. Certes, on avait toujours eu un fonctionnement ""bon garde, mauvais garde"" assez clair, et c'était amusant de ce point de vue-là.

Mais en me retrouvant de l'autre côté de la barrière, je ressens désormais tout le poids de sa pression, de sa faculté de dissuasion. Et ça me donne des frissons dans le dos. Je me tourne vers la Garde Phénixienne qui tient encore sa lettre dans sa main, l'air paniqué. Je la lui ôte délicatement des doigts malgré ses protestations et lui assure qu'elle sera délivrée à temps, lui envoyant tous les signes que je peux pour la faire rebrousser chemin. Son insistance n'aurait pour effet que de braquer Silje davantage, de toute manière. Un peu chiffonnée, la Combattante Phénixienne fait demi-tour, et je regarde Silje avec toute la sollicitude et la déférence dont je suis capable, brandissant la lettre comme un laissez-passer. Lentement, son expression s'attendrit — même si attendrir est un bien grand mot — et sèchement, elle me fait un signe de la tête pour me dire de passer. Je joins mes mains devant moi en guise de remerciement, et déguerpis aussi vite que je le peux."
018d61e2-7d75-0726-eec3-936de1922136,ALT_CORE_B_BR_29_C,Spell,"Mana Eruption","392 AC","Des flammes jaillissent de sa main alors qu’il chute en direction du monstre, laissant derrière lui une traînée incandescente...",,Kojo,"J'écarquille les yeux en voyant le portail s'ouvrir devant moi. À travers l'ouverture, j'aperçois les eaux déchaînées, le Kraken qui s'ébroue en propulsant de puissantes vagues sur la grève et les écueils. Comme si j'étais au-dessus de lui, en surplomb. Dans la paume de ma main, tout le Mana que j'ai concentré est en train de crépiter, et je lutte pour le maintenir. Comme la gravité attire tout vers le sol, il attire vers lui mille idées qui cherchent à se matérialiser, à exister dans le monde. Je serre les dents. Je ne vais pas tenir mille ans. Je crie, mobilisant toute ma volonté pour garder la boule de Mana vide de toute idée aussi longtemps que possible. Et je me mets à courir vers le portail magique que je-sais-pas-qui a ouvert pour moi. J'ai clairement pas le temps de m'en soucier. Je cours, je prends mon appui, et je saute.

Tout à coup, je suis au-dessus du Kraken, en train de tomber. Mes vêtements clappent au gré du vent qui me frappe le visage. Et pendant une fraction de seconde, je me vois en train de m'écraser sur la surface de la mer. Mais je n'ai pas le temps de me préoccuper de ça. Pour l'instant, j'ai une grosse bestiole à terrasser ! Soudain, je libère la boule de Mana de mon emprise. En même temps, j'insuffle en Booda l'idée du feu, de l'incendie, de la chaleur d'un astre, et mon compagnon file vers la sphère de Mana déchaînée. Il y a comme un flash lumineux, puis elle s'embrase comme mille soleils, se colorant d'abord de bleu, puis de rouge et de jaune, jusqu'à virer à l'incandescence. Prends ça, Kraken, retourne donc dans les abysses ! Mais je peux pas vérifier si ma décharge énergétique a eu l'effet escompté. Je suis toujours en train de me casser la gueule. La surface de la mer approche à vitesse grand V. Impact dans trois, deux, un..."
018d61e2-7d78-8412-faf2-c39bc9666ca6,ALT_CORE_B_BR_30_C,Permanent,"Haven, Bravos Bastion","368 AC","Havre n'est pas le lieu où naissent les légendes. C'est le lieu où elles deviennent immortelles.",,Basira,"L'emblème du Phénix trône au-dessus de la porte principale de Havre, son or terni par le poids des ans. Pour autant, il continue de se dresser fièrement, surnageant au-dessus de la brume et le fjord en contrebas. Combien de temps ça fait, déjà ? La dernière fois que j'ai mis les pieds ici, j'avais clairement moins de rides. Ça, c'est une certitude. Descendant la pente qui mène jusqu'au niveau du sanctuaire Bravos, je ne peux m'empêcher d'observer les colonnades robustes, les fresques matinées de feuilles d'or gravées tout autour de l'île abrupte. Un décorum grandiloquent pour une Faction plus grande que nature. Comment pouvait-il en être autrement ? Je peux déjà entendre les éclats de rire des réfectoires, le fracas des godets qui s'entrechoquent au coin du feu. Peut-être y aura-t-il aussi un ou deux bardes Lyra pour égayer les salles austères par des mélodies guillerettes et ribaudes...

Mais je ne peux m'empêcher de ressentir en même temps une pointe de tristesse. Havre est tout autant un lieu de vie qu'un mausolée à la gloire de ceux qui sont tombés. Erregu, Hanta, Guewen, Agunda, Solofa, Dastan... Que de camarades, que d'amis devenus cendres et poussière... Ils siègent désormais tous au Parlement des Cendres au milieu des héros de jadis, dans des urnes ou des boîtes laquées. Et un jour, je siégerai parmi eux à mon tour. ""Mais pas encore"". Je souris alors que la voix de Kai résonne dans ma tête. Non, en effet, pas encore. Le Basileus en personne était venu me trouver pour que je forme ses contingents d'explorateurs. Trente-cinq ans, c'est jeune pour devenir Seiringar. Mais ce n'est pas comme si je prenais vraiment ma retraite. Les recrues et les cadets n'ont qu'à bien se tenir. Je n'ai pas du tout l'intention de les laisser se la couler douce."
018d61e2-7d7b-58d7-72bb-18412a81f3e4,ALT_CORE_B_BR_31_C,Token,Booda,"378 AC","Quelle que soit la distance, un Altérateur peut se servir de son Alter Ego comme vecteur de matérialisation.",,Kojo,"Je caresse le ventre de Boo tandis qu'il se prélasse près du feu. Ses yeux sont clos, et on dirait qu'il est en train de sourire, étendu de tout son long sur le dos. Ouais, rien à voir avec son pelage hirsute de quand je l'ai trouvé il y a quelques mois maintenant, en train de faire des ""meep, meep"" apeurés. C'était une petite boule de poils en broussaille, entortillés dans des croûtes de boue et de gravier. Il était tout tremblant, et il avait même tenté de m'intimider avec des petits feulements quand je m'étais approché pour l'envelopper dans mon manteau. Je me souviens qu'il essayait de se débattre dans mes bras pendant que je redescendais vers la maison. Et puis, il avait lapé le lait que je lui avais servi dans une soucoupe en en mettant partout tellement il essayait de défendre son bout de gras, même si j'arrêtais pas de lui répéter que personne viendrait le lui voler.

Maintenant, sa fourrure écarlate est belle et forme presque des sortes de flammes. Et c'est fou ce qu'il a grandi depuis que je l'ai adopté. Au départ, c'était pas évident. Il avait peur de tout, il se cachait sous les meubles. Mais maintenant, maman est en train de se dire qu'il va causer pas mal de dégâts quand il va atteindre sa taille adulte. Peut-être que je vais devoir aller voir quelqu'un pour m'aider à l'éduquer. Parce que s'il met en pièces le plaid ou des vêtements, c'est clair que ça va pas passer. Mais bon, papa sera de notre côté. D'après lui, c'est un signe du destin si Gul et moi on a tous les deux hérité d'une Chimère le même jour. Et clairement, je préfère ma petite boule de poils à la grosse statue de ma sœur. Hein, Booboo ? T'es d'accord avec moi ?"
018d61e2-7ef4-d728-5ce0-8edd440e00d8,ALT_CORE_B_LY_01_C,Hero,"Nevenka & Blotch",,"Le chaos est source de désillusions, mais recèle aussi les plus belles pépites !",,,"392 AC - Hop hop ! Pas de temps à perdre. L'Eidolon de Sierra va pas tarder à popper hors de sa prison de peinture. Et forcément, il va être un peu vénère. Comment ça, de la triche ? Hé, c'est juste pour donner un peu de piquant à la compète ! T'es d'accord, hein, Blotch ? Ah. Euh. Ben, merci pour ton soutien. C'est pas moi qui ai fixé les règles du jeu, et franchement, rien disait qu'il était pas possible de mettre des bâtons dans les roues de ses adversaires ! Hmm ? Comment ça ? Le Covenant ? Coopération entre les Factions, bonne entente... Blablabla. Ouais, ok, mais là, c'est juste pour s'amuser. Y a pas de Covenant qui tienne ! Oh, hein. T'es dans quelle équipe, Blotch ? T'es l'Alter Ego de qui ? Ouais, ben, c'est pas ma faute si t'as d'mauvais goût dans le choix de tes alliés, surtout quand c'est ad vitam ratatam !

Ok, ok. Soit. Tu lâches du lest sur la question, et je t'envoie de quoi t'aider. Ça te va ? Allez zou, emballé c'est pesé. Reste juste à invoquer une petite route arc-en-ciel ! Je dégaine mes sprays et commence à barbouiller le sol. Tout à coup, un ruban d'un rose irisé se met à tortiller dans les airs, tournicotant vers le ciel, puis à travers les nuages comme une anguille qui se dandine. Allez hop ! Tous en piste et dans les starting-blocks ! Par l'Altération, je matérialise des rollers aux pieds du Chapelier, un char à voile pour Tanuki ! En suivant le Bifröst, ils vont débarquer sur les chapeaux de roues auprès de Blotch. Hein, vieux frère ? Tu vois comment on doit se soutenir ? C'est comme ça qu'on est censé s'épauler dans un Exalt ! Pas en contredisant son comparse, surtout sur des points de détails ! Vroum vroum ! Tchou tchou ! Alors, les renforts sont arrivés, vieille branche ?"
018d61e2-7efb-0b82-8da5-f7be2c7ba8f4,ALT_CORE_B_LY_02_C,Hero,"Auraq & Kibble",,"La véritable beauté est celle qui existe en marge des conventions.",,,"392 AC - Kibble bondit de pierre flottante en rocher suspendu, et se catapulte dans ma direction. Il dérive dans l'air, tandis que la gravité facétieuse l'emmène jusqu'à moi. Il est crépitant de Mana, même si cela veut dire que son pelage est tout ébouriffé, comme une boule de poils en pleine tempête d'énergie statique. Il en a emmagasiné bien assez pour que nous puissions stabiliser la zone. Je l'attrape au vol et lui fais des câlins, sentant son Mana déborder et m'envahir. Il pose ses pattes contre mon nez pour m'empêcher de lui couvrir le museau de rouge à lèvres et de paillettes. Oh, pauvre bougre. Tu n'es pas heureux de me voir ? Mais je sais très bien que le temps est compté. Tout ce Mana grésillant vibre de s'incarner dans le monde. Oui, petit bonhomme. En piste, tous en scène ! Que le spectacle commence !

Notre étreinte est une décharge, une déflagration. Je laisse mon esprit vagabonder et mon imagination se déverser en dehors de moi comme le vin d'une outre. Les idées ainsi libérées virevoltent hors de ma psyché. C'est comme une explosion, comme une onde de choc qui se propage à des lieues à la ronde. Et partout autour, je sens la réalité se modifier, se transmuer au gré de mon inspiration, dont j'ai délibérément lâché la bride. Mon imagination s'exprime, et s'imprime, façonnant le monde tandis qu'idées et Mana se mélangent, se tissent, s'enchevêtrent dans une bouffée pétaradante. En réalité, la conflagration née de notre rencontre est comme une petite Confluence, mais dont l'expression est guidée, maîtrisée. Et je compte bien faire en sorte que quiconque pénètre dans mon territoire soit subjugué et inspiré par sa beauté. Je pense à des soieries, à des estampes, à des aplats de couleur et de forts contrastes. Oui, je veux que tous ceux qui mettent un pied ici aient l'impression d'évoluer au sein d'une œuvre d'art !"
018d61e2-7f00-9961-17bc-633f5239cd28,ALT_CORE_B_LY_03_C,Hero,"Fen & Crowbar",,"Quand on écoute la voix du Vent, il nous porte toujours là où nous sommes censés être.",,,"392 AC - HahahaHAHAHAHA ! Le rire d'Asmodeus résonne dans la nuit, alors que tout autour, le sol se disloque et se met à bouillir. De la lave en fusion déborde des craquelures, emplissant l'obscurité d'une lueur infernale. BAAAOUUUWWWW ! Au loin, par-delà les montagnes et les rivières, Crowbar a sorti sa guitare électrique et se met à jouer un riff si puissant qu'il me donne des frissons. Les notes semblent dériver dans les airs jusqu'à nous comme de petits moineaux, qui traversent l'espace et le temps. Je puise dans mon Ignescence, mon feu intérieur. Je laisse libre cours à mon inspiration, laisse mon esprit vagabonder sans limite, cueillir toutes les idées qui y germent. Le Marchand de Sable éclot non loin de moi, saupoudrant les immensités de poussière de rêves ; une Danseuse d'Étoffe se met à virevolter au-dessus de nos têtes, suspendue à un nuage...

Je me laisse transcender. En cet instant, je n'existe plus. Il n'y a que la musique et la lisière du songe. Je me laisse brûler. Je me laisse m'embraser. Et lorsque ma bouche s'entrouvre enfin, les flammes qui couvent au sein de mon cœur jaillissent sous la forme d'intenses mélopées. Fwot fwot. Fuuum, dududum. Une ligne de basse, ronflante et profonde, transperce la nuit. Baooom, baooom. Les sons s'étirent, et puis... Klang, klang ! Une batterie furieuse se met à éructer, battant la mesure, provoquant de brefs séismes. Crowbar se lance soudain dans un solo endiablé. Ses notes stridentes zèbrent le ciel comme des éclairs, flirtant avec les aigus. Dans une effusion de Mana, je me mets à chanter, passant du contralto au soprano colorature. Tout autour de nous, des danseurs fantômes se mettent à headbanger et à se déhancher, portés par la musique. Des couleurs jaillissent des instruments, des images furtives s'impriment dans l'air. Et à travers tout ça, je vais transmuter le monde !"
018d61e2-7f0d-7b20-3fb7-94cfb23deb47,ALT_CORE_B_LY_04_C,Character,Martengale,,"Voir passer une martengale est toujours un bon présage.",,,"Onzième signe du Nouveau Zodiaque : la Martengale
23 octobre - 22 novembre

Représenté par une martre ailée aux longues oreilles, on dit du signe de la Martengale qu'il symbolise l'inconstance, l'impermanence des choses. Il a pour élément l'air.

L'individu Martengale est par nature insaisissable et pétri de paradoxes : indépendant, il n'aime pourtant pas être seul ; avide de nouveauté, il a cependant un grand sens des traditions. Tout comme son animal totem, il aime sortir des sentiers battus, mais revient toujours à son point d'origine. On dit souvent qu'un individu Martengale est chanceux, mais c'est généralement qu'il préfère rebondir plutôt que de s'apitoyer sur son sort. Adaptable, il sait pourtant faire preuve d'une grande détermination, et peut parfois s'entêter lorsque la situation l'y contraint. Affublé d'une peur panique de l'ennui, il manifeste un besoin implacable de liberté, quitte à faire des paris osés qui défient tous les pronostics."
018d61e2-7f11-b235-3c9b-8b7ae1937431,ALT_CORE_B_LY_05_C,Character,"Lyra Thespian","360 AC","« Le monde entier est un théâtre. »",,AURAQ,"Ses gestes sont lents et précis, chacun d'entre eux exprimant une émotion ou un conflit intérieur. Il se tient seul sur la scène, incarnant à tour de rôle pléthore de personnages : reine, courtisan, marchand, démon, marraine... Et à chaque fois, son attitude change, sa gestuelle se modifie avec une subtile grâce. Je suspecte qu'il fasse appel à l'Altération et laisse s'exprimer en lui certaines idées pour l'aider à mieux interpréter son impressionnante galerie de portraits. Il les laisse entrer et sortir de lui comme des fluides, bousculant qui il est et modelant un instant son identité. Mais le plus fascinant, c'est que même quand il change de masque, il ne s'empêche nullement d'exprimer sa véritable personnalité. Il disparaît derrière ses rôles, et en même temps, il lance au monde sa nature profonde, la crie à son auditoire, sans se soucier de ce qu'on pense de lui.

Comme j'aimerais être comme lui. Il passe aisément de l'ombre à la lumière, de la grandiloquence à la retenue. Il glisse d'une identité à une autre comme s'il changeait de chemise, avec autant d'hardiesse que de délicatesse. Je sais qu'à travers l'Altération, il pourrait revêtir mille apparences, mais il n'en a pas vraiment besoin. À travers ses mimiques, ses regards, on sait instinctivement qui il est. On reconnaît les personnages qui prennent vie à travers lui. Ils sont comme de vieux amis qui viennent à sa rencontre, le temps d'une danse. Il joue la comédie, car au fond, nous jouons tous la comédie de temps à autre. Mais en fait, il fait bien plus que ça : il puise en lui la tristesse, la colère, la joie, la déception, la terreur et l'amour. Peut-être pourrais-je moi aussi revêtir un masque ? Et faire en sorte que derrière celui-ci, je puisse être véritablement moi-même ?"
018d61e2-7f1b-e8da-8527-58c935694fa9,ALT_CORE_B_LY_06_C,Character,"Ouroboros Trickster","390 AC","La fortune sourit aux audacieux.",,NEVENKA,"J'émerge du Sköll & Skál au matin, et plisse les yeux devant tant de lumière. Ok, barrons ça. Il est plus près de midi. Je déambule dans les rues de la capitale, titubant tous les deux pas. La représentation s'est bien passée, mais la soirée et la nuit qui ont suivi ont été pour le moins... mouvementées. Un tram passe devant moi, et j'attends que les barrières se lèvent pour traverser le passage à niveau, faisant bien attention à pas coincer mes chaussures entre les rails. Mon veston moulant et pailleté étincelle au soleil, et doit clairement dénoter à cette heure de la journée. Alors que je me faufile dans une ruelle, je sens que quek'chose me bouscule. Je me retourne pour voir une jeune fille courir dans la direction opposée, tenant une babiole brillante à la main. Rectification : ma babiole brillante.

Ma première pensée est qu'il est bien trop tôt pour ce genre d'exercice. Ma deuxième est que je vais pas me laisser faire si facilement. Je vais lui apprendre à détrousser une Altératrice. Elle est douée et svelte, c'est une certitude. Elle navigue au gré des ruelles avec aisance. Mais moi, j'en ai pas besoin. Tout ce que j'ai à faire, c'est traverser les murs. Je finis par l'acculer dans une impasse, lui coupant la route en émergeant d'une maisonnée qui aurait bien besoin d'un peu de ménage. Elle me dévisage avec de grands yeux surpris, mais sans la moindre trace de peur. Je suis pas de celles qui se laissent attendrir facilement, mais je dois dire que je suis tentée de lui laisser une chance. Je sors un gobelet et un dé de ma besace. Je suis d'humeur joueuse ; on verra bien qui gagnera le droit de garder ce bijou..."
018d61e2-7f1f-b277-cac7-6db3905ed89e,ALT_CORE_B_LY_07_C,Character,Hathor,"370 AC","La danse est le langage de l'âme.","Déesse de la mythologie égyptienne, Hathor préside à la joie, à la musique, à la danse et à la beauté. Elle est celle qui organise les festivités, et à ce titre, elle a hérité du surnom ""Dame de la Maison de la Jubilation"". Représentée sous la forme d'une vache ou celle d'une femme couronnée d'un disque solaire posé entre ses cornes, Hathor était particulièrement aimée de la population. D'ailleurs, hommes et femmes pouvaient sans distinction intégrer sa prêtrise, contrairement aux cultes des autres dieux.",AURAQ,"Je lève mon verre et m'assieds sur les genoux du bel éphèbe, rabattant ma robe pour dévoiler la peau nue de ma cuisse. Je vois son visage s'empourprer tandis que je m'allonge contre son torse, susurrant mes paroles dans le micro. Autour de moi, les autres spectateurs clapent et sifflent gaiement, s'amusant de me voir me trémousser dans ma tenue affriolante sous mon nom de scène : Auraq. Je me relève et pose un pied entre ses cuisses pour monter sur la table. Du bout du pied, j'écarte un verre, fais cliqueter les assiettes et les couverts en avançant parmi les convives qui me zieutent avec bonhomie, fascination ou même hilarité. Mais ce n'est là que le début de mon show, un petit amuse-bouche. La mélodie des luths et des tambourins s'accélère, montant crescendo. Au terme de mon spectacle, il y aura de l'ivresse et de la liesse !

Je tends la main, et Hathor la saisit, se matérialisant à côté de moi par la même occasion. Avec une petite impulsion, je la fais tournoyer pieds nus sur la table. Après avoir gracieusement virevolté dans un tourbillon de frous-frous et de jupons, elle interrompt son mouvement en me faisant face, puis se fend d'une petite révérence. Je prends moi-même la pose, attendant de voir quelle danse elle va choisir. Valse ? Charleston ? Tango ? Rumba, peut-être ? Aaaah, flamenco, bien entendu. Les musiciens troquent leurs timbales contre des cajóns, leurs luths contre des guitares. Je tape dans mes mains pour donner le compás, le rythme sur lequel Hathor va danser. Puis tandis qu'elle s'élance, je frappe du pied, invitant tout le monde à rejoindre la cadence de la bulería. ¡Venga! ¡Eso es! ¡Así se baila! Hathor se laisse entraîner par la fièvre de la musique. ¡Arsa! ¡Toma que toma! Ses pieds tambourinent sur le sol, devenant des sabots. Bien ! Que vienne le duende !"
018d61e2-7f22-974a-0833-4a1c3393b972,ALT_CORE_B_LY_08_C,Character,"Lyra Skald",,"Au bout du compte, nous sommes tous façonnés d'histoires.",,???,"Nous ne sommes pas nombreux, parmi les Lyra, à ne pas nous placer sous l'autorité d'une Matriarche. Bien entendu, nous entretenons la mascarade pour ne pas souffrir de cette indocilité sacrilège : nous nous confondons en courbettes, tout en nous faisant discrets. Mais en notre for intérieur, c'est la désobéissance qui nous anime. Depuis trop longtemps, elles ont fait de leur position un piédestal, arguant qu'elles seules peuvent converser avec les Muses. Mais les Neuf Sœurs doivent elles aussi rendre des comptes à la Mémoire, et c'est précisément elle que nous servons. C'est pour cela que nous devons évoluer à la marge de leur joug, en silence et en secret. Nos objectifs sont les nôtres, pas ceux qu'elles nous dictent depuis les hauteurs de leur trône. C'est pourquoi nous aimons parfois, quand le public semble mûr et le contexte propice, partager des histoires habituellement tues : celles que les skalds retirent par commodité de leur répertoire. Les histoires ne doivent souffrir d'aucun diktat, et être libres de se mouvoir dans le monde. Elles doivent trouver un écho dans les esprits de ceux qui les entendent. Mais chut, ne les racontez surtout pas à tout va. Choisissez votre auditoire avec soin. Car les histoires portent en elles un pouvoir : elles peuvent ensorceler, bousculer et remettre en cause. Tout ce qui importe, c'est qu'elles ne soient pas oubliées."
018d61e2-7f25-bf3b-3e25-6bc8e27dc897,ALT_CORE_B_LY_09_C,Character,Tanuki,"388 AC","« Pon ! Ponpoko, pon ! »","Le Tanuki, dont l'apparence oscille entre celle du blaireau et du raton-laveur, est une créature du folklore japonais, dépeint à travers une multitude d'histoires souvent drôles et rocambolesques. Symbole de prospérité et de succès, il est réputé pour apporter la bonne fortune, qui se retrouve souvent représentée sous la forme de testicules à la taille démesurée. Le Tanuki est un métamorphe espiègle et farceur, ressemblant à un chien viverrin. Maître du déguisement, il peut se transformer en ce qu'il souhaite quand il colle une feuille d'arbre sur son front. On dit que lui et le Kitsune sont d'éternels rivaux, toujours prêts à se jouer des mauvais tours.",AURAQ,"Je distribue des baisers à la foule, écartant les bras comme pour l'enlacer tout entière, et récompense ses vivats et ses applaudissements d'un clin d'œil un rien séducteur. Les lumières des projecteurs dansent sur la scène, traversent le public, interrompent soudain leur ballet quand je lève la main. Je pose un doigt sur mes lèvres pour inviter au silence, car c'est l'heure de mon prochain tour. Mes hauts talons claquent sur la scène, mes hanches oscillant de manière outrageusement suggestive. Roulement de tambour. J'écarte les mains, puisant dans mon feu intérieur, mon Ignescence. Dans mon esprit, l'image s'affine : celle d'une boule de poils facétieuse qui aura l'insigne honneur d'être mon assistant pour le prochain tour de passe-passe. J'appelle le Tanuki, et il apparaît dans un tourbillon de confettis bariolés.

Il toise la foule, agitant sa queue de façon moqueuse. Il me dévisage et fait mine de bouder. Je hausse les épaules en lorgnant du côté du public, faussement interloquée. J'entends quelques rires dans l'assistance. Il semble prêt. J'extirpe de mon décolleté un dorayaki — deux pancakes entourant une pâte de haricots rouges sucrée. Le Tanuki le hume et se tourne vers moi avec un air gourmand. Je le lance en direction d'un jeune homme au troisième rang. Prestement, le Tanuki pose une feuille de hêtre sur son front, et disparaît dans un panache de fumée pour réapparaître en lieu et place du spectateur, juste à temps pour ouvrir la gueule et attraper au vol ma petite mignardise. Sur le podium, le jeune homme substitué regarde tout autour de lui, l'air ahuri. Le Tanuki se lève sur son siège et s'incline, applaudi de toutes parts. Mais ce n'est pas fini. Je sors une nouvelle sucrerie de ma robe échancrée."
018d61e2-7f2a-259d-e2b4-7c22af31557e,ALT_CORE_B_LY_10_C,Character,"Ouroboros Inkcaster","383 AC","Le liquide noir traça des formes sur la pierre, et de ces traits jaillirent d’innombrables créatures de suie.",,FEN,"Je m'assieds à côté d'Itoro alors qu'elle trace à l'encre noire les lignes de sa missive. Désormais, je suis une grande, et j'ai le droit de rester éveillée, contrairement aux autres enfants. Le seul problème, c'est que quasiment tous les adultes sont partis — sûrement pour le quartier du Ruzzante, comme à leur habitude le vendredi soir — et malheureusement, je ne suis pas encore autorisée à les accompagner. Pas d'Esme à l'horizon, et Auraq est au Rossignol. Il ne reste donc plus qu'Itoro, vu que je ne veux pas traîner avec Serket et sa bande. C'est la seule obligée de rester ici, en tant que seconde de la Bergère. Alors je prends mon mal en patience, et j'attends que la calligraphe termine sa lettre. En lisant par-dessus son épaule, je découvre qu'elle concerne les travaux que le Basileus demande sur l'Ouroboros. Elle parle de la disparition d'un des deux cirques de la ville flottante, et du fait que pas mal de salles de spectacle vont être converties en habitations.

Dans quelques années, quand elle sera prête, notre Sahanka sera noire de monde. Il y aura plein de gens des autres Factions, plein d'inconnus. Et je ne sais pas si c'est quelque chose que je crains ou que j'attends avec impatience. Itoro soupire et pose un point final sur son parchemin. Elle souffle dessus pour faire sécher l'encre, avant d'essuyer ses doigts tachés. Puis elle me tend son pinceau, et déroule pour moi un morceau de papier, sur lequel elle pose des poids pour le garder bien droit. Je regarde les estampes de la calligraphe accrochées aux murs, et je sais que je ne pourrais jamais reproduire son talent. Elle seule a la capacité de faire prendre vie à ses dessins de cette façon. Mais peut-être qu'en me concentrant, je pourrais créer un petit camarade de jeu pour Juju ? Je plonge le pinceau dans l'encrier, le pose sur le papier jusque-là immaculé... Peut-être une corneille ou un merle pour voleter avec mon oiseau jacasseur ?"
018d61e2-7f31-a47f-b893-436d7f0d938b,ALT_CORE_B_LY_11_C,Character,Esmeralda,"381 AC","« Eidolon ou non, tu es notre Bergère. Tu guides, et nous suivons. »","Esmeralda est l'un des protagonistes principaux du roman Notre-Dame de Paris de Victor Hugo. Jeune gitane à la beauté magnétique, elle séduit et fascine Quasimodo, un bossu au grand cœur, l'archidiacre Claude Frollo, et le capitaine de la garde Phœbus de Châteaupers, dont elle s'éprend en retour. Mais sa beauté et sa naïveté vont causer sa perte, alors qu'elle est injustement condamnée au gibet pour pratique de la sorcellerie. Sa seule consolation aura été de retrouver sa véritable mère avant qu'on ne la conduise à l'échafaud.",FEN,"Je toque légèrement à la porte, et Itoro me fait signe d'entrer. Je pose la tisane bien chaude sur la table, et les tasses juste à côté, faisant bien attention à ne rien casser. Juju se met à voleter dans la pièce avant de se jucher sur le gouvernail. Je mets un doigt sur mes lèvres en le regardant sévèrement. C'est une réunion de grands, il ne faut pas les déranger. Puis je commence à servir tout le monde. J'apporte une tasse à la vieille Shauri, en tends une autre à Zenith, mais il la refuse. Tour à tour, je sers les Vénérables, avant de me tourner vers Esmeralda, notre nouvelle Bergère. En utilisant règle et compas, elle trace sur la grande carte un itinéraire vers la capitale. Je lui donne sa tasse, et elle la saisit, m'offrant un sourire en retour tout en me caressant la tête.

Je peux sentir les flux de Mana qui émanent de chaque Vénérable et alimentent l'Eidolon. C'est une dépense considérable de l'incarner ainsi en permanence, mais je sais que c'est une bonne chose. Toute ma vie, elle avait servi de bras droit à mon grand-père. Elle avait été là à chaque instant, pour le conseiller, pour l'épauler dans chacune de ses décisions. Elle était notre ancre, notre roc. Il n'y avait personne de mieux placé pour nous guider. Je lui souris alors qu'elle boit une gorgée de thé. Puis elle me montre le chemin que nous allons faire : d'Avesta, nous allons contourner le Fagn et traverser les Plaines d'Arami, avant de rallier Verbera et de traverser la Muir Concordia... Une fois à la capitale, elle demandera une audience auprès du Basileus, pour voir s'il accepte que l'Ouroboros participe aussi à l'Effort de Redécouverte. Et à cet instant, je sais que c'est le Vent qui parle à travers elle."
018d61e2-7f35-89c0-bea7-4bdb4a329d11,ALT_CORE_B_LY_12_C,Character,"Lyra Navigator","389 AC","Tout comme les Bravos, les Lyra sont attirés par la liberté et l'horizon lointain.",,AURAQ,"Kibble colle son museau humide contre ma joue, et je lui fais un petit geste de la main pour lui dire de me laisser tranquille. Il faut dire que la soirée d'hier a été animée autant qu'elle a été arrosée, me laissant avec un mal de crâne des familles que je ne peux qu'encaisser. Et le fait de me trouver sur un bateau n'arrange rien à l'histoire. Ça m'apprendra à jouer la fière et à faire la fête plus que de raison la veille du grand départ... Le moins qu'on puisse dire, c'est que ces vacances commencent sous de bons auspices. Ou pas. Quelques matelots passent à côté de moi, ricanant plus ou moins discrètement. Pas du tout, même. Mais je sais bien de quoi je dois avoir l'air : le teint verdâtre, le mascara qui coule sur mes joues... Ça, je ne peux m'en prendre qu'à moi-même. Au final, c'est plutôt la houle qui me dérange, pas les messes basses des marins. J'essaie de respirer un grand coup, laissant les embruns fouetter mon visage...

Puis, j'entends un bruit de pas sur le bastingage, et vois du coin de l'œil une silhouette m'enjamber alors que je me penche vers l'écume et les vagues en contrebas. Je lève les yeux, et regrette immédiatement de m'être tournée vers le soleil de midi et sa clarté inquisitrice. Je maugrée dans ma barbe, étrécissant les yeux tout en ravalant un léger filet de bile. Comment peut-elle être si guillerette ? La navigatrice se suspend aux cordages, parfaitement dans son élément, tandis que des oiseaux marins se pressent au-dessus des flots. Comme eux, elle observe les crêtes blanches qui s'agitent devant le navire, alors que nous voguons sur la Muir Concordia. Hm ? Elle semble regarder la surface de l'eau, comme si elle attendait quelque chose. Soudain, une flopée de poissons volants émergent des ondes, déployant leurs petites ailes membraneuses. Et pendant une seconde, je souris devant ce spectacle. Mais une seconde seulement."
018d61e2-7f3c-85c9-f44a-68004a45bba2,ALT_CORE_B_LY_13_C,Character,Anansi,"384 AC","Finalement, quand il eut rassemblé toute la sagesse qu'il ait pu trouver, il la mit dans une calebasse et la reboucha.","Figure incontournable du folklore ouest-africain et des Caraïbes, Anansi est, tout autant que Coyote dans les cultures nord-américaines, l'archétype du Farceur. Facétieux, il se sort même des pires situations grâce à son intellect, sa créativité et son éloquence. De ce fait, il personnifie souvent la résilience de la diaspora africaine face à l'oppression de l'esclavage. Au fur et à mesure que ses fables furent colportées oralement, son influence ne cessa de grandir. Comme l'araignée qui est son symbole, il a ainsi tissé sa toile jusqu'à devenir un véritable héros culturel.",FEN,"Ce n'est pas un hasard si les Lyra ont toujours vénéré le Vent. C'est sur ses courants que les histoires parcourent le monde, tout comme les idées qu'elles véhiculent. C'est par la voix et le bouche-à-oreille que les contes et les nouvelles du monde se diffusent et s'entremêlent. Je ne sais pas quand le Vent m'a parlé pour la première fois. Peut-être était-ce par le biais d'un skald, alors que je l'écoutais raconter ses fables au coin du feu. Ou peut-être était-ce quand j'ai chanté pour la première fois, et qu'il m'a répondu. L'oralité a toujours fait partie intégrante des traditions Lyra, contrairement aux Ordis qui utilisent du papier et du vélin. Mais même en écoutant attentivement, je ne parviens pas à entendre le Chant de l'Un. Nulle mélodie, nul couplet. Désespérée d'attendre, j'appelle à moi Anansi. Il m'apparaît comme une simple araignée, qui se pose sur ma main après avoir dérivé sur son fil.

Je le cajole, le flatte, lui qui se dit le détenteur de toutes les histoires. Il me conseille alors de lui fabriquer une toile, me dit qu'il se placera en son centre pour goûter chaque chose qui viendra s'y coller. À travers l'Altération, je lui tisse son piège. À chaque idée qui s'englue sur la fine dentelle, il construit un cocon de soie autour, et se met à la savourer. ""Un rêve du vieux Bancu"", dit-il. ""Des souvenirs d'enfance de Manea"", précise-t-il ensuite. Mais là encore, nulle mélodie, nul couplet. Lasse et fatiguée d'attendre, je me tourne vers Anansi, qui se repaît de toutes nos prises et se contente de dire à chaque fois que ce n'est pas le Chant de l'Un. Je lui demande s'il pense qu'on l'attrapera un jour de cette manière, et il me répond que c'est peine perdue, que ce qui est oublié ne peut plus être capturé. Je lui fais les gros yeux, lui demandant pourquoi il m'a conseillé cette méthode. Avant de disparaître, il me confie qu'il avait faim, et qu'à tâche impossible, autant faire en sorte qu'elle serve à quelque chose."
018d61e2-7f4d-4799-64c4-316cd230a252,ALT_CORE_B_LY_14_C,Character,"Lyra Cloth Dancer","385 AC","« Toi, tu files un mauvais coton ! »",,AURAQ,"Tandis que les facétieux clowns terminent leur numéro par de désopilants calembours, je saisis de nouveau le micro, prenant ma voix de velours pour annoncer la suite des festivités. Kibble, de son côté, s'en donne à cœur joie, profitant du fait que l'on m'ait nommée Madame Loyal pour faire le pitre plus que de raison. Faisant apparaître un chapeau haut-de-forme, il en extrait en y plongeant la gueule une petite martengale. Et tous deux se mettent à se pourchasser sous l'immense chapiteau bariolé. Mais déjà, l'entracte se termine, et les clowns emportent avec eux ballons géants, cerceaux, bâtons sauteurs, trampolines et nez rouges. Après mon petit speech, lors duquel j'introduis l'incroyable, l'extraordinaire, la renversante Ehuang, tous les projecteurs se mettent à illuminer le sommet de l'un des mâts, et la frêle silhouette qui salue la foule depuis les hauteurs. L'une de ses mains est tendue vers les cieux, l'autre tient un trapèze.

Quand s'interrompt soudain le roulement des tambours, Ehuang s'élance dans le vide, sans filet ni attache. Il y a un murmure dans l'auditoire, alors que le trapèze file. Depuis le second mât, un autre voltigeur lui envoie un deuxième trapèze pour qu'elle puisse se réceptionner. L'acrobate lâche la première structure en se propulsant vers sa destination. Mais quand ses mains se referment sur l'autre barre horizontale, les cordes lâchent, et elle se met à chuter vers le sol, griffant de ses mains l'air devant elle, cherchant désespérément à se cramponner. Le public se lève, horrifié. Mais il n'a pas le temps de détourner les yeux. Par le biais de l'Altération, Ehuang manifeste de longs serpentins de tissus, qui se nouent autour des mâts et s'y arriment avec force. Et tandis qu'elle dégringole, elle s'enroule dans ces morceaux d'étoffe, ralentissant sa chute, tournoyant et tourneboulant avec grâce et maestria. Lorsqu'elle s'arrête enfin, suspendue la tête en bas et les mains tendues vers la foule en guise de salut, les applaudissements résonnent comme le tonnerre."
018d61e2-7f50-a40b-e3c5-435ed93efa2f,ALT_CORE_B_LY_15_C,Character,"The Sandman","381 AC","« Le sable est un avant-goût de ce qu'est la vie. Au matin, les châteaux érigés disparaissent avec la marée. »","Le Marchand de Sable est un personnage apparaissant dans de nombreux contes et histoires pour enfants. Issu du folklore scandinave, sous les noms d'Ole Lukøje ou encore Jon Blund, il souffle du sable dans les yeux des dormeurs pour les emmener vers le monde des rêves. Quand ils finissent par se réveiller, au matin, ils portent souvent les marques de son passage : une fine croûte sablonneuse aux coins des yeux, preuve qu'il est venu les bercer au cœur de la nuit.",AURAQ,"Il y a des traditions auxquelles on ne peut pas déroger. Chaque soir, un membre du clan Kasirga est de corvée d'histoire, ce qui n'est jamais réellement une corvée. Pendant que les adultes se réunissent pour la veillée, les enfants ont aussi le droit à leur moment privilégié. Et c'était déjà le cas du temps de mon arrière-grand-père, et de son arrière-grand-mère avant lui. Oui, c'est exactement ça : du baby-sitting. Marang se colle à moi en attendant l'histoire. Déjà, quelques enfants réclament celle de Maya Vastag, tandis que d'autres votent plutôt pour celle de Niavhe. Mais j'ai déjà en tête celle que je veux conter ce soir : la geste de Chiara Caceres et du Chant de l'Un. Et pour cela, je vais faire appel à un allié de poids. Pas Geppetto, car j'ai déjà sollicité ses services lors de la précédente représentation, mais le Marchand de Sable, pour m'assurer cette fois que tous restent couchés au terme de la petite comptine du soir...

L'Eidolon apparaît au milieu du dortoir dans un nuage de poussière dorée. Dehors, la nuit est tombée, et je peux déjà entendre les éclats de rire, les sons des farandoles. Alors que je commence mon récit, des silhouettes fantomatiques apparaissent, façonnées de sable, de rêves à demi-ébauchés. Si je suis le conteur et le narrateur, le Marchand de Sable est le metteur en scène et le chef décorateur. Une pincée de silice fait apparaître des palais — celui de l'Astérion vers lequel nous voguons présentement sur le chemin de l'exil. Un soupçon de songes fait jaillir des cathédrales de verre et de verdure, des champs de lances et de métal. Peu à peu, les regards fascinés des enfants se font de plus en plus lourds. Alors que les grains se muent en champ de bataille, les marmots se mettent eux aussi à lutter de toutes leurs forces pour rester éveillés. Mais déjà, je peux voir les premières victimes, ceux qui ont laissé leurs paupières se fermer, las de ferrailler contre le sommeil."
018d61e2-7f54-e281-a64f-dbc72a83de63,ALT_CORE_B_LY_16_C,Character,"Lyra Chronicler","361 AC","Eidolon ou humain, nous sommes tous façonnés par les histoires. Ce sont elles qui font de nous qui nous sommes.",,???,"Je la vois poser ses mains sur la fresque, oublieuse de notre présence. Il y a un amour inconditionnel dans ses yeux, alors que les peintures et les bas-reliefs se reflètent dans ses pupilles et dans le creuset de son esprit. D'un simple toucher, d'un simple effleurement, elle appelle les idées contenues dans les dessins, leur permet de s'exprimer. L'Altératrice contemple les scènes qui se jouent devant ses yeux en brumes évanescentes, et essaie de déchiffrer ce qu'elles racontent. Je souris, satisfait de son travail. Comme toujours, Somayeh excelle dans l'art d'extraire une histoire de ce qui est tapi dans la pierre. Congédiant les saynètes de son petit théâtre fantôme, elle s'assied quelques instants, pour compiler dans son esprit ce qu'elle vient de voir. Elle agence, organise, structure la narration de l'histoire à laquelle elle vient d'assister.

Puis elle allume un feu, autant pour bannir le froid et l'obscurité de la nuit en train de tomber, que pour nous donner un cadre propice au récit. Comme nous, c'est une collectionneuse. Comme nous, c'est une conteuse. Alors nous prenons place, et nous écoutons. En fixant les flammes qui dansent, nous faisons de la place sur les étagères de notre psyché pour accueillir ce nouveau conte. L'histoire de Naem, une protégée de Terpsichore, qui dansa pour les pontes et les rois. Mais quand elle tomba amoureuse, elle préféra partir avec son aimé plutôt que de devenir Matriarche. Et pour cela, elle fut répudiée. Mais ce ne fut pas la fin du courroux. Fuyant les Muses, tiraillée par la faim, elle se réfugia dans un verger. Là, elle déroba des fruits pour nourrir son amant, et apaiser aussi son ventre affamé. Tous deux croquèrent dans les fruits, sans savoir qu'ils avaient été marqués de l'empreinte de Polymnie. À jamais, il leur fut impossible d'exprimer l'amour qu'ils ressentaient l'un pour l'autre... Au terme du récit, j'ouvre les yeux pour constater que les flammes sont devenues de simples braises. Une larme se permet de couler sur ma joue."
018d61e2-7f57-548b-2e94-49bcfc47f7e3,ALT_CORE_B_LY_17_C,Character,"Ouroboros Croupier","391 AC","La banque ne perd jamais.",,NEVENKA,"Impassible. Rester impassible. Je zieute la croupière et son collier, qui à lui seul doit coûter une fortune. Plus sa tiare, et ses boucles d'oreille en or massif, auxquelles on ajoute une tenue extravagante d'un maître-couturier... Hmmm. Je savais pas que ça rapportait autant de bosser dans un casino. Pourboires ? Pourcentage des gains ? À moins que ce soit la grand-mère du propriétaire des lieux ? Ha ! Pas facile de faire les additions, les soustractions, le calcul des probabilités. Aaaaaaaah ! Je suis nulle en probas !!! Et puis le fait que Blotch pouffe comme un volatile de basse-cour en naviguant sur les murs comme une fresque animée, ça m'aide pas, mais alors pas du tout à me concentrer. Avec son petit sourire énigmatique qui m'énerve depuis le début de la soirée, la croupière pose une carte sur la table de jeu, presque délicatement, comme on dépose un bouquet sur la tombe de quelqu'un.

Elle semble consciente de sa supériorité. Comment on dit déjà ? La banque gagne toujours ? Ça veut dire qu'elle va y aller franco. Mais peut-être qu'elle pense que je bluffe avec mon air ahuri, et mes pertes astronomiques, et que j'ai en main ma carte maîtresse. Et si c'est le cas, elle va y aller prudemment. Sauf si elle pense que je fais semblant d'être acculée pour faire croire que je suis en position de faiblesse, pour faire en sorte qu'elle croie que je suis en position de force alors que je suis finalement vraiment en position de faiblesse... et là... Hmmm. Je me suis perdue moi-même. Aaaaah. Est-ce que je demande à Blotch de regarder discrètement sa main ? C'est pas comme si je l'avais jamais fait. Ou peut-être qu'avec un peu d'Altération, je pourrais transformer ce trois de trèfle en as de pique ? Au final, qu'est-ce qu'on en a à battre ? Y'a juste à y aller au pif, non ? J'abats mes cartes en éclatant de rire. La stratégie, ça a jamais été mon fort, de toute façon !"
018d61e2-7f5a-9949-414b-7515df764b26,ALT_CORE_B_LY_18_C,Character,"The Hatter","391 AC","« Quand il y a de l’eau dans un puits, vous savez bien comment on en tire, n’est-ce pas ? D’un puits de mélasse on s'en tire de même, comprenez-vous, petite sotte ? »","Le Chapelier est un personnage des Aventures d'Alice au Pays des Merveilles de Lewis Carroll. Il rencontre Alice alors qu'il prend le thé, chose qu'il est condamné à faire en permanence aux côtés du Loir et du Lièvre de mars, car pour eux tous, le temps s'est arrêté. Dans De l'Autre Côté du Miroir, la suite des péripéties d'Alice, il est présenté comme l'un des deux messagers du Roi Blanc, car sa majesté a besoin de ""l'un pour aller, l'autre pour venir"". On dit souvent de lui qu'il est fou, et à juste titre. C'est qu'à l'époque, de nombreux chapeliers perdaient la raison à cause de l'usage fréquent de mercure au sein de leur métier.",FEN,"Nev me ressert une pleine rasade, même si j'essaie de l'en empêcher. J'ai déjà la tête qui tourne, et avec un verre de plus, c'est sûr que je vais avoir du mal à me réveiller demain. De son côté, Crowbar ne se fait pas prier. Il engloutit une pinte entière, et le breuvage s'écoule par tous les orifices de sa tête de citrouille pour venir tremper ses vêtements de scène. Après un rot disgracieux, Nevenka s'écroule par terre, prise d'un fou-rire. J'en profite pour transmuter la bière qu'elle m'a servie en thé glacé sans qu'elle s'en aperçoive. Mais j'aurais dû me douter que ça ne suffirait pas. Dès qu'elle se réinstalle sur son tabouret, elle se met à invoquer le Chapelier, bien entouré du Chat de Cheshire, du Lièvre de mars et consorts. Ah, message reçu, elle a capté mon petit manège. Et bien entendu, ce qu'elle lui susurre à l'oreille ne concerne aucunement un simple goûter ou une dînette.

Tout à coup, la table sur laquelle nous étions accoudés se couvre de mets succulents : fraisiers nappés de crème fouettée, babas au rhum, éclairs au chocolat, au café ou à la noisette, îles flottantes, cake pops, doughnuts, clafoutis et crêpes Suzette... Saisissant sa théière, le Chapelier verse dans d'innombrables tasses d'improbables liquides : jus de raisin, hydromel, soda à la carotte, cocktail ananas-betterave... Levant les yeux en signe de résignation, j'accepte une tasse, dans laquelle tournoie une boisson violette. J'en sirote une lampée, et reconnais immédiatement un Stargazer, probablement l'un de mes cocktails préférés. Nev sourit d'un air malicieux, mais fait une moue déçue quand je ne sursaute pas en buvant ma rasade. De son côté, mon Alter Ego s'enfile tout le contenu de sa tasse, et se met à éructer des flammes tandis que de la fumée jaillit de ses orbites. Ah, il est probablement tombé sur une version boostée d'un bon petit Flamebreaker Bravos. Nev tombe de nouveau de sa chaise en se tenant les côtes, satisfaite d'avoir fait au moins une victime dans l'assemblée."
018d61e2-7f5e-4517-abf6-621640a344f2,ALT_CORE_B_LY_19_C,Character,"Amahle, Asgarthan Outcast","388 AC","L'ancien monde se meurt et le nouveau monde peine à naître : voici venir l'âge des monstres.",,FEN,"Je me faufile discrètement sur le pont pour ne pas être vue par les Vénérables. Ils se sont isolés, donnant l'ordre exprès de ne pas être dérangés. J'étouffe une exclamation en voyant qu'ils invoquent Amahle, le Paria, le Désavoué. Je reste immobile, allongée sur une poutre. Et même si je n'entends pas tous les mots prononcés, j'en distingue quelques-uns qui me font froid dans le dos. Mensonge, rébellion, vérité, défiance... En temps normal, nul ne serait en droit de l'invoquer sans l'aval d'une Matriarche, mais ça fait bien longtemps que la nôtre a quitté l'enceinte de l'Ouroboros, suite à notre excommunication. Que manigancent-ils donc ? Qu'ont-ils à gagner en l'incarnant de la sorte, en secret ? Toutes les connaissances autour de cet Eidolon avaient été placées sous scellés, pour que personne ne puisse l'appeler aisément. Mais mon grand-père avait été Berger de notre Sarabande, et de ce fait, avait eu accès à ce savoir.

Et même si ce n'était pas sage, il m'avait raconté son histoire, ou en tout cas quelques bribes de ses méfaits. Amahle Kalu, le Faux Prophète... Il avait embrigadé une partie des clans pour qu'ils se retournent contre l'autorité de la capitale. Mais ce que l'histoire passait sous silence, c'est que sous ce vernis de dispute territoriale, le véritable but de Kalu était de libérer l'humanité de l'influence des Eidolons. Heureusement, il avait été stoppé. Sa présence ici n'augure rien de bon. Est-il le dépositaire d'informations vis-à-vis des Exilés ? En contrebas, l'entrevue est en train de se terminer. Je me risque à un discret coup d'œil, juste à temps pour voir l'Eidolon disparaître comme une brume sombre. Puis les vénérables quittent un à un la pièce, me laissant seule, coincée sur la charpente. Je ne parviens pas à empêcher mon cœur de battre la chamade. Devrais-je en parler à Esme ?"
018d61e2-7f61-ec1b-94a6-6a95cd6e18cb,ALT_CORE_B_LY_20_C,Character,Asmodeus,"391 AC","« Ça te dit, un petit jeu ? »","Démon dont l'existence remonte au zoroastrisme, Asmodée est devenu dans l'imaginaire médiéval le surintendant des maisons de jeu infernales. Dans le jeu de rôle In Nomine Satanis/Magna Veritas (INS/MV pour les intimes), créé par Croc et publié par Siroz Productions à partir de 1990, il est l'un des Princes-Démons que les PJ peuvent servir dans sa partie INS. On ne saurait trop vous conseiller de tester ce monument du JDR à la française, irrévérencieux et pas du tout politiquement correct. À moins que vous préfériez vous placer du côté des anges et de Novalis, l'Archange des Fleurs. Et dans ce cas, n'hésitez pas à jouer à MV. Une nouvelle édition, ""Génération Perdue"", est sortie sous la bannière de Raise Dead Editions en 2015 (salut Jeff et Bouly, hello Stéphane et Nadège !).",NEVENKA,"Deux gros gorilles me soulèvent par les dessous de bras et me tirent en direction d'une grande table de blackjack vide. Virulemment, ils... Euh, avec virulité ? Non, c'est pas ça. Avec virulence (bingo !), ils me jettent sur une chaise, avant de poser leurs mains littéralement de la taille d'une roue de vélo sur mes épaules. Nan, je mens pas, de la taille d'une roue de vélo. Je me tourne vers l'un d'entre eux, et il me toise en grimaçant, dévoilant ses dents et ses crocs tandis que ses naseaux soufflent avec menace. Des gorilles, je vous dis. Littéralement, assurément, des gorilles. Mais c'est pas ce qui m'inquiète le plus. Ça, c'est pour planter le décor. Ok, j'avoue que j'ai un peu tenté de tricher. Ok, j'avoue que dans la précipitation, je me suis un peu foirée. Ce qui m'inquiète le plus, c'est la brume rouge sang qui est en train de se dilater dans l'air comme de la ouate devant moi.

Si ç'avait été de la barbe à papa fraise-framboise, j'aurais pas dit non. Mais là, y'a même une odeur de fer et tout. Puis dans une conflagration lugubre, Asmodée apparaît, immense, ses ailes déployées jusqu'au plafond, ses cornes gigantesques comme des défenses d'éléphant, son rire macabre résonnant à travers tout le casino, une couronne enflammée flottant au-dessus de sa tête, où luisent deux rubis étincelants et sanguinaires... Hmmm ? En face de moi, un garçon à la peau rouge me fait des signes, essayant d'attirer mon attention. Il me jette un regard à la fois interrogateur et un peu mâtiné d'ennui. L'un des gorilles lui confie les dés que j'ai pipés. Il les scrute, et finit par exploser de rire. Je me mets à rigoler avec lui, sous le regard impassible des gorilles. Mais une fois son hilarité passée, il joint ses mains devant lui avec un air conspirateur. Ha, voilà la partie où on négocie, et où on passe un marché. Moins fun, mais bon... Qu'est-ce qu'on dit, déjà ? Il faut donner au diable son dû ?"
018d61e2-7f64-321d-aed2-f1c1885c9e12,ALT_CORE_B_LY_21_C,Character,Loki,"391 AC","« À quoi tu t'attendais ? »","Fils de Farbauti — un Jötunn — et de Laufey — une déesse de la famille des Ases — Loki est recueilli par Odin au sein du panthéon nordique. Capable de se métamorphoser à loisir et de conjurer des illusions, il use de ses talents pour jouer des tours et faire régner la discorde. Malicieux et impulsif, il n'a que faire des conséquences de ses actes, mais ses ruses finissent presque toujours par se retourner contre lui. En fin de compte, les nombreux méfaits qu'il a commis, bien que problématiques, ont parfois résulté en un gain pour ses pairs. C'est d'ailleurs ainsi que son Thor a hérité de son fameux marteau, Mjöllnir.",NEVENKA,"À part Blotch (et lui, ça compte pas), mon meilleur poto, c'est Loki. On se comprend, lui et moi. Et ouais, on se fait des crasses, mais c'est toujours sans rancune, hein ! C'est comme ça qu'on se témoigne notre affection. La dernière fois, il m'a enfermé dans un baril de poissons pourris. J'ai empesté pendant des jours après ça. Et moi, je l'ai attaché à un rocher pour lui faire goutter du venin de serpent dans les yeux, histoire de lui rappeler de bons souvenirs... Lui et moi, on sait que la véritable nature du monde, c'est le chaos. Tout se joue aux dés, et rien n'a de sens. C'est comme ça depuis le commencement des choses, et ça le restera quoi qu'il arrive, qu'importe le semblant d'ordre qu'on veut donner au fait d'exister. Le monde restera toujours une histoire, contée par un idiot, pleine de bruit et de fureur, qui ne signifie rien.

À force de foutre le bordel, y'a toujours quek'chose qui se passe, de toute façon. Ruer dans les brancards, faire des étincelles et de la fumée, ça a toujours tendance à réveiller ce qui sommeille dans les tanières. Loki sourit de toutes ses dents. Oh oui, lui et moi, on va donner un gros coup de pied dans la fourmilière. Parce qu'on sait que même si en apparence, tout est lisse à la surface, en dessous, ça gigote, ça s'agite, ça grouille comme un panier rempli d'anguilles. Et moi, j'adore les anguilles. D'ailleurs, y'a un vendeur ambulant qui vend des unadon du feu des dieux au coin de la Via Keikerak et de la Calle Caducea. Sa sauce est juste une tuerie. Fen m'a emmenée là-bas un matin, et même si ça paie pas de mine, c'est un vrai délice. Alors, ça te dit, Kiki ?"
018d61e2-7f68-03a3-cbbb-810d36dd8167,ALT_CORE_B_LY_22_C,Spell,"A Cappella Training","390 AC","« Merci d'être mon métronome ! »",,FEN,"Tranquillement assise sur le crocendule, Aru s'éclaircit la voix par quelques vocalises, alors que l'Eidolon commence à battre la mesure. Tic-toc, fait-il, aussi régulier qu'un métronome. Puis, quand elle se sent prête, Aru commence par un discret vibrato, qui monte crescendo. Son timbre est clair, ses notes cristallines. J'observe son diaphragme, son port, la régularité de son souffle. Hier, nous avons travaillé l'ouverture de la mâchoire, la position de la langue et du larynx. Aujourd'hui, nous allons travailler sur ses côtes et sa respiration plutôt que sur la phonétique respiratoire et l'articulation. Pour l'instant, c'est un sans-faute. Aruzhan a toutes les capacités pour devenir une incroyable cantatrice. Et si elle continue comme ça, peut-être pourrons-nous mener ensemble un concert lyrique à deux voix ? Non, bien entendu. À moins qu'elle ne reste en Arkaster, nous devrons nous contenter des salles de l'Ouroboros.

Mais plus que la technicité, c'est sur l'émotion que nous devons nous concentrer. Aru est jeune et encore inexpérimentée. C'était la même chose pour moi, au départ. Je savais chanter, mais rien exprimer. Avec le temps, j'avais appris à puiser dans mes émotions. Grâce à elles, j'avais mis du relief à mes envolées lyriques. La colère, la frustration, l'injustice, l'exil, le deuil, l'espoir... tout ça avait nourri ma voix. J'écoute attentivement Aru, et m'émerveille de la justesse de sa musicalité, du spectre étendu de sa tessiture. Elle passe avec aisance de la voix de tête à la voix de poitrine. Mais elle cherche avant tout à impressionner, pas à raconter quelque chose, et c'est là que le bât blesse. Peut-être que tout à l'heure, je lui montrerai comment convoquer des idées pour sous-tendre son chant. Par le biais d'un peu d'Altération et d'un soupçon d'imagination supplémentaire, elle pourra atteindre de nouveaux sommets. Ce qui lui manque, c'est juste un peu de personnalité."
018d61e2-7f6b-7332-64fe-33b6004b85e0,ALT_CORE_B_LY_23_C,Spell,"Twinkle Twinkle","386 AC","Et le vent souffle fort.",,FEN,"Auraq passe une main dans ses cheveux de jade, un peu perplexe. Trois ou quatre enfants ont profité de son inattention pour sortir du dortoir et fureter là où ils ne devraient pas. J'avais assisté à sa petite histoire, et même vu Crowbar s'émouvoir du spectacle qu'elle avait concocté avec Sierra. Les marionnettes avaient pris vie, et narré l'une de mes fables préférées : celle des Paramours de Seki. Mais même après plusieurs années, Auraq ne semble toujours pas savoir à quels garnements et chipies elle a affaire. Ça fait quoi, cinq ans qu'elle a embarqué sur l'Ouroboros ? Depuis le temps, elle devrait savoir que ces marmots sont capables de tout pour grappiller quelques minutes sur le sommeil. Je tire Qannik par l'oreille, tandis qu'Aru gesticule pour que Phong et Luka regagnent leurs lits. Crowbar, de son côté, allume ses yeux pour effrayer Oleneo, toujours dans les mauvais coups comme à son habitude.

Je me pose sur un lit vide, tandis que ma Chimère monte la garde à la porte. Mais il n'est pas l'heure de leur faire un sermon. Je fais un signe à Aruzhan et matérialise dans ses mains une petite lyre. Si elle parvient à endormir des Eidolons, ce ne sont pas quelques galopins qui vont lui résister. La cantatrice de seulement dix ans — l'âge minimum pour rester avec les adultes — commence à pincer ses cordes, tandis que les enfants se réfugient sous leurs couvertures. Puis elle se met à chanter une comptine, sur une petite étoile qui continue de briller dans l'obscurité, un petit astre qui guide les voyageurs même au plus profond de la nuit... Alors que je l'écoute, ses paroles résonnent en moi. Nous étions nous-mêmes de tels voyageurs, en train de vivre probablement l'heure la plus sombre de notre histoire. Retrouver la Tribu Exilée était un faible phare à l'horizon, vers lequel nous nous rendions sans certitude aucune."
018d61e2-7f6e-9118-7f6c-ba4fa1717ae6,ALT_CORE_B_LY_24_C,Spell,"Cloth Cocoon","385 AC","Il est dans de beaux draps.",,AURAQ,"Agrippé à la corde lisse, Ehuang fait mine de marcher dans les airs. Puis, les jambes tendues, elle enroule le cordage à sa taille et se permet de lâcher les mains, décrivant de longs cercles au-dessus des gradins. Son expression est sereine, concentrée ; celle du public partagée entre crainte et émerveillement. Mais même si le numéro est empreint de poésie, il est temps de dynamiser un peu le spectacle. Posant malicieusement une main sur ma bouche, j'invoque en haut d'un mât le petit Tanuki qui me sert toujours de comparse lors de mes one-woman-shows. Faisons d'Ehuang une héroïne, et de Tanuki et moi les méchants de l'histoire. Tandis que les projecteurs soulignent la présence du yōkai, ce dernier sort de derrière son dos une énorme paire de ciseaux. Il se met à ricaner théâtralement, en menaçant de couper les bandelettes de soie de la jeune voltigeuse sous les huées du public.

Mais avant qu'il ne puisse commettre son malicieux méfait, Ehuang propulse ses tissus aériens vers la petite créature, comme s'il s'agissait de fouets. Les bandes d'étoffe enveloppent le Tanuki, le transformant peu à peu en momie de soie. Désarçonné, il tombe à la renverse et finit suspendu la tête en bas, grimaçant d'effroi et d'irritation dans son cocon de tissu. Et alors que les acclamations et les ovations tonnent sous le chapiteau, l'acrobate glisse le long de ses rubans, jusqu'à toucher le sol du bout des pieds. C'est le signal. De toutes parts, des jongleurs, des saltimbanques et des cascadeurs surgissent dans une joyeuse cacophonie. Ils entourent Ehuang, qui quatre fois s'incline face au public. Et alors qu'elle regagne les coulisses, je jette un coup d'œil vers mon cher Tanuki, toujours suspendu dans le vide. D'un claquement de doigts, je le congédie, ainsi que les rubans de soie que je fais pleuvoir en myriades de pétales sur l'assistance."
018d61e2-7f72-7d80-36d0-95ff86c6a23e,ALT_CORE_B_LY_25_C,Spell,"All In!","391 AC","Il y a des moments où la prudence est de mise, et d'autres pour de l'imprudence dans la mise !",,NEVENKA,"Fen secoue la tête énergiquement, les yeux exorbités et les joues empourprées. Je sens le sang palpiter contre ma tempe, et ma paupière s'agiter de tics nerveux. Chou blanc aux machines à sous, dépouillée au blackjack, zéro pointé à la roulette... Toutes mes économies sont en train de se volatiliser sous mes yeux. Oui, bien entendu, Fen a tenté à quelques reprises de me dissuader de continuer à jouer, mais l'espoir fait vivre, non ? Alors me voilà devant la table de craps, les dés en mains. Je pourrais la jouer safe et y aller mollo avec mes jetons, mais ça me prendrait une éternité pour me refaire. Autant tout miser d'un bloc et partir la tête haute. Y'aura bien assez de temps ensuite pour me lamenter devant une binouze. On est joueuse, ou on l'est pas, hein ?

Ok, les dés sont jetés. Hmmm, non, pas encore. Bam, tapis, je mets tout sur la table, alors que Fen se couvre les yeux en se mordant les lèvres. Y'a plus qu'à tenter le tout pour le tout : je souffle sur les dés, matérialise une patte de lapin, un fer à cheval, un trèfle à quatre feuilles et tourne treize fois ma langue dans ma bouche, et puis advienne que pourra. 7, 7, 7, 7... Je lance les dés avec force, et ils rebondissent sur la feutrine. 7, 7, 7, 7... Je les vois rouler, heurter le bord de la table, ralentir et s'arrêter. Tout autour de moi, les spectateurs enthousiastes qui jusque-là m'encourageaient s'arrêtent soudain de crier à tue-tête. Même le croupier s'interrompt en voyant le résultat des dés. En effet, c'est bien un ""7"" qui est apparu sur les deux dés. Avec un ""6"" sur l'un et un ""1"" sur l'autre. Sauf que toutes les faces du premier sont des ""6"", et toutes les faces du deuxième sont des ""1"". Oups, dans mon excitation, j'ai peut-être un peu trop perdu le contrôle de mon Altération..."
018d61e2-7f75-471d-004e-10832bda97ec,ALT_CORE_B_LY_26_C,Spell,"Paint Prison","390 AC","« On dirait bien que tu n'as plus de lignes de fuite. »",,NEVENKA,"Aaaaaah, l'art éphémère ; le street art. C'est un peu un art incompris. Mais ceux qui disent que c'est juste des dégradations se rendent pas compte que c'est de l'expression sous sa forme la plus spontanée, qui transcende le matériau pour s'en extraire, et investit les rues plutôt que les musées. Quoi qu'il en soit, c'est pas vraiment le moment de penser à tout ça. Déjà, faudrait que je puisse semer mes poursuivants. Ça fait un bail que j'ai perdu les agents de l'Aegis dans les rues tortueuses de la capitale, mais pas de bol, ils avaient un Scribe Runique parmi eux. Et ce vilain garnement a envoyé des Eidolons à mes trousses. Du coup, je me retrouve en train de détaler en regardant par-dessus mon épaule, et je vois clairement que les limiers sont sur mes talons, à gagner du terrain. Eux, contrairement à moi, ont pas besoin de respirer.

Aaah là là, tout ça pour quelques graffs sur l'enceinte extérieure du palais du Basileus... Ils sont pas marrants, quand même. S'ils m'attrapent, ce sera un tour au poste, un passage express à la Petite Cour de Justice, et hop, une nuit en tôle probablement. Et ça, ça me fait moyen envie. Mais bon, ce qui est cool, c'est que j'ai plus d'un tour dans mon sac. Je débouche la grosse gourde dans laquelle Blotch est en train de pioncer, et mon dragon de peinture s'en extrait comme un petit nuage coloré. Pas besoin de lui faire un dessin pour qu'il comprenne que je suis un peu dans la mouise. Alors dès que j'ai tourné au coin de la rue, je lui pointe du doigt le mur pour qu'il s'y colle comme une décalcomanie. Et moi, je demande pas mon reste et je me mets à tracer. En lorgnant au-dessus de mon épaule, je vois la queue de peinture de mon Alter Ego jaillir du mur et saisir l'Eidolon, avant de le transformer en petite fresque murale du meilleur goût."
018d61e2-7f78-631f-8c62-d253888f9e53,ALT_CORE_B_LY_27_C,Spell,"Mind Apotheosis","390 AC","Celui qui regarde à l'extérieur rêve, celui qui regarde à l'intérieur s'éveille.",,AURAQ,"Il y a mille façons d'atteindre l'apothéose. Pour certains, il suffit juste de suivre son flow intérieur. Pour d'autres, il convient de se plonger dans le Chaudron de Cerridwen. Mais à chaque fois, le processus est le même : il faut se libérer des limites de son être. Je vous vois venir : quelle différence avec les Bravos me direz-vous ? Eh bien, il y a une nuance, une petite divergence qui change tout ! Les Bravos cherchent l'amélioration de soi, le dépassement, tandis que les Lyra visent le changement, la métamorphose, le passage d'un état à un autre. On peut aussi trouver une différence de philosophie : les Lyra accueillent les expériences pour les absorber comme une éponge ; les Bravos, au contraire, comme des épreuves pour se renforcer. Eux se bâtissent une carapace, et nous, un cœur à toute épreuve, aussi dur que le diamant.

Mais en réalité, la finalité est la même : ce qu'on recherche, c'est évidemment la transcendance. C'est pourquoi je suis là, à puiser dans mon Ignescence. Et en parallèle, je fais taire mon ego. Pour moi, ça a toujours été le meilleur moyen de devenir poreuse à toutes les idées qui existent dans le monde. Elles sont là, volatiles, à flotter dans l'air, et je les invite. Tout d'abord parce que l'hospitalité a toujours été dans les mœurs Lyra, mais aussi parce que, comme des billes, je les fais s'entrechoquer avec toutes celles que j'ai déjà collectées par le passé. Les idées se percutent, tapent les unes dans les autres. Parfois, les associations ne marchent pas. Parfois, l'impact crée une nouvelle petite bille jamais vue auparavant. Et parfois encore, j'assiste en mon for intérieur à la naissance d'une perle, que d'aucuns appellent l'inspiration. Et de ce feu, je vais nourrir mon spectacle !"
018d61e2-7f7c-5b2c-c95e-df7d0f2f3bfe,ALT_CORE_B_LY_28_C,Spell,"Ride the Bifröst","392 AC","Les Lyra refusent de se laisser contraindre par les règles.","Signifiant ""chemin scintillant"", le Bifröst est un pont arc-en-ciel qui relie Midgard, la terre des mortels, et Ásgard, la citadelle céleste des dieux nordiques. Gardé en permanence par Heimdallr, ce pont des Ases est dit indestructible, et constamment animé de flammes, pour empêcher les Jötnar de le franchir. Pourtant, le Bifröst est condamné à s'effondrer lors du Ragnarök, le conflit final censé opposer les dieux et les géants qu'Odin a entrevu.",NEVENKA,"Mince, Blotch est dans la panade. Je peux le sentir galérer de son côté, genre empêtré dans une brume dans laquelle ses couleurs sont en train de baver. Bon, de mon côté ça va aller, je vais pouvoir me démerder, donc autant faire en sorte que ça se passe bien pour lui. Je me concentre, et ferme les yeux pour appeler à moi l'esprit du Bifröst. Faut que je fasse gaffe à pas me mélanger les pinceaux avec l'arc-en-ciel du Leprechaun et son pot d'or, son chaudron rempli de Fleurons. Avec toute cette thune, je pourrais acheter plein de... non, non, non. J'ouvre les yeux, et fatalement, ça manque pas. Un pot avec de la thunasse, pas du tout ce dont j'ai besoin maintenant... Bien entendu, suffit de se dire de pas penser à une chose pour y penser. Typique.

Donc je me reconcentre, me focalisant sur une route irisée, un ruban ardent dont les couleurs s'entrelacent pour former un pont dans le ciel... Et cette fois, ça marche. Pas de petit bonhomme vert, pas de barbe rousse ni de trèfle à quatre feuilles, mais à la place, un arc-en-ciel zigzaguant entre les nuages. Allez zou, et que ça saute ! Je fais signe à mes Eidolons de se jeter dessus, pour que ses courants les emportent vers mon petit Alter Ego. Tour à tour, je les vois se faire entraîner dans les flux roses et bleus, glissant sur cette rivière aérienne comme si c'était un toboggan, slalomant entre les étoiles et les éclairs. Juchée sur son crocendule, l'Eidolon d'Aru, la copine de Fen, attrape un Mush sous son bras et saute à son tour dans le torrent. J'espère qu'ils arriveront sains et saufs de l'autre côté, parce que je vais avoir du mal à les repêcher s'ils passent par-dessus bord."
018d61e2-7f7f-d28f-2505-8b8a6041dd81,ALT_CORE_B_LY_29_C,Permanent,"Lyra Festival","392 AC","Quand vient le temps du Kalann Mae, les Lyra se sentent appelés vers un même lieu pour y faire naître un chef-d'œuvre.",,FEN,"Ouais, ben foi de corbeau, c'était la meilleure chose qui puisse arriver de se retrouver bloqués en Arkaster. D'un puissant coup, je fais vibrer les cordes de ma gratte, headbangant lentement au rythme de la basse qui m'accompagne. Je lève le bras et fais le signe des cornes à destination du public. C'est la fin de l'intro. Vous êtes prêts à rentrer dans le dur ? Yeah, alors let's go ! Mes doigts se mettent à virevolter, et mon médiator claque sur les filins de métal, faisant hurler des notes bien grasses. Rhaaaaaaaaa, le pied ! Les enceintes commencent à cracher, tandis que Boona beugle dans son micro. Beeeeuuargh !!! Devant la scène, le public est déjà en transe. C'est une marée humaine, et pas seulement humaine. Dans la fosse, un pogo est en train de se monter. Allez, lâchez-vous ! Ouais, et nous on va lâcher la sauce pour notre dernier concert dans la capitale !

Fen attrape son micro et se met à chanter. Aaaouuuuuh ! Foi de corbeau, on va embraser la salle ce soir ! On se succède, elle et moi. Couplet, refrain. Une tirade de sa part, comme une libération, et moi qui enfonce les clous du cercueil avec mes riffs. Tamati abat ses baguettes comme un damné. Ce soir, on est tous des damnés ! Grosse caisse et caisse claire, cymbales et syncopes. Ok, on monte dans les tours. Encore, encore ! Et puis, c'est l'heure du pont. Tudum tudum, tudum tudum. Fen hypnotise la foule avec une longue complainte... Fièvre, ivresse. Mais c'est pas fini, on y retourne. C'est l'heure de tout déchirer avec mon solo. Je me replie sur moi-même, faisant danser mes mains sur le manche de ma guitare électrique, balançant notes stridentes et accords complexes. Allez, le public est mûr pour une impro totale. Go ! Je sens le feu brûler au sein de l'auditoire, comme une vague d'énergie qui me nourrit et qui m'emplit. Ben vous savez quoi ? On va verser de l'huile sur le feu !"
018d61e2-7f82-19bb-9e55-c1d8a57ecffe,ALT_CORE_B_LY_30_C,Permanent,"The Ouroboros, Lyra Bastion","391 AC","L'avant-poste mobile des Corps expéditionnaires s'élève haut, tel un rouet tissant le vent.",,NEVENKA,"Alors c'est ça, l'Ouroboros, un anneau gigantesque en forme de serpent qui se mord la queue... Et au centre du cercle, un navire-forteresse, une nef. On dit qu'il y a là-bas les meilleurs spectacles de voltige, et puis surtout des casinos bling-bling qui font cling-cling quand on gagne le jackpot aux machines à sous. Je suis Fen sur les coursives, et je me faufile entre les maçons, les ouvriers, les charpentiers et les soudeurs qui travaillent dare-dare pour aménager les zones d'habitation. Quek'part, je me dis que c'est pas mal comme endroit. À part le vertige, faut dire qu'y a tout pour se sentir chez soi : des tavernes, des gargotes, des maisons de jeux de la plus luxueuse à la plus miteuse. Je zieute au-dessus de la rambarde, et observe les petites silhouettes des badauds qui se promènent dans l'aérogare où l'Ouroboros est amarré.

Fen me prend la main et me dit de pas la perdre de vue. Et c'est vrai que c'est un dédale de malade. Je sais pas comment elle fait pour se repérer là-dedans. Même si je regarde les panneaux directionnels, entre la coursive de droite, le corridor de gauche, l'échelle, la passerelle, le boyau, le conduit, la galerie, la trappe, la porte dérobée, le goulet, et la petite porte rouge A38, c'est clairement pas évident de s'y retrouver. Mais quek'part, je m'y sens bien. C'est un peu comme si j'étais dans ma tête, en fait. Alors je me laisse entraîner, sans savoir où je vais. Mais c'est pas grave. C'est toujours cool de se laisser surprendre. Là, il y a un chapiteau pantagruélique, ici, un bassin avec des canards en plastique pour que les gamins puissent s'amuser. Y'a comme une ambiance de fête foraine, qui promet de s'illuminer à la nuit tombée au gré de guirlandes colorées."
018d61e2-7f85-c5b2-ed34-206dd05cb809,ALT_CORE_B_MU_01_C,Hero,"Teija & Nauraa",,"La nature se doit d'être nourrie pour exprimer toute sa bienveillance.",,,"392 AC - Nauraa fixe la surface de l'eau avec avidité. Il ne bouge pas, essayant de voir si quelque chose mord à l'hameçon de ma canne à pêche. Je soupire discrètement et rabats mon chapeau d'osier sur mon visage. Je ne sais pas quel poisson va oser s'approcher alors qu'un renard démesuré examine les eaux, salivant d'avance à l'idée de le dévorer. Lentement, Nauraa se tourne dans ma direction, répondant à ma remarque mentale par un léger grondement. J'ouvre un œil et lui souris, lui tirant la langue d'un air taquin. Il réajuste sa posture, me tourne le dos en feignant de me faire la tête. Ce qu'il peut être susceptible, parfois. Il s'allonge de tout son long, posant son museau sur ses pattes avant. Ah, l'heure de la sieste... nous en avons bien besoin, lui et moi. Difficile de croire qu'il y a quelques heures encore, nous étions en train de batailler pour nous extirper de ce marécage.

J'observe la fourrure rousse de Nauraa, les croûtes de sang coagulé qui sont autant de stigmates de la dureté des épreuves qu'il a dû endurer. En nous retrouvant en ces lieux, nous avons fait de la zone un petit paradis aussi sublime qu'éphémère. Autour de nous, des libellules argentées vrombissent entre les roseaux, de petites araignées d'eau glissent nonchalamment à la surface de la mare... Si le Tumulte venait de nouveau à souffler ici avant que les Corps expéditionnaires ne s'investissent, tout ce que nous avons stabilisé sera anéanti, jeté en pâture à la dysharmonie. Mais pour l'instant règne une sérénité dont nous devons profiter. Plop. Le flotteur s'enfonce dans les eaux, et je saisis la canne à pêche, prête à tirer sur la ligne. Juste à temps pour voir avec horreur Nauraa bondir dans l'étang, tel un éléphant sautant dans un magasin de porcelaine."
018d61e2-7f88-482d-5789-60a4ff9e4dfb,ALT_CORE_B_MU_02_C,Hero,"Arjun & Spike",,"C'est en aérant la terre que l'on permet aux racines de devenir fortes et endurantes.",,,"392 AC - Ouvre les yeux et baaaaaille. Ça tangue, c'est tout chaud et ça berce dans la capuche. Faufile sous le tissu, vers l'air libre. S'étirer, mais pas faire sortir épines pour pas piquer Arjun. Fait froid dehors, s'enrouler dans tissu, au chaud, avant de regarder dehors. Brrrrr. Montagne. Désert me manque. Chaud dans désert. Fleur sur tête, alors que là, coiffure toute rabougrie. Tire. Enlever fleur fanée. Fleur tombe sur le sol tout blanc. Au revoir, fleur. Brrrr. Moi retourner dans capuche. Chaud bien mieux que froid. Oh ? Main d'Arjun vient me chercher. Moi cramponne à ses gants. Mana et chaleur. Miouuuu. Chaud dans ses mains. Glisse sous son manteau avec fourrure. Hmmmm. Bien mieux, à l'intérieur contre poitrine. Dehors, pas beaucoup couleur. Noir et blanc et un peu bleu. Banquise, glace et pas trop d'amis plantes. Seul ici, pas comme forêt. Ici, pas grand-chose voir.

Sauf. Oh. Petite forme qui tombe, comme plume. Se pose sur nez. Brrrr. Froid, mais rigolo. Autres plumes tombent du ciel. Plein plumes, mais pas oiseau. Plumes ciel ? Tendre main. Attrape petite poussière blanche. Flocon, dit Arjun dans tête. Ça flocon de neige. Spike sourit parce que Spike content. Flocon fond. Devient goutte eau. Comme Altération ! Mais pas Altération. Neige beau. Beau mais froid. Maintenant mouillé ! Flocon parti ! Arjun rigole. Bien. Elui content aussi. Hihi, rentrer. Profiter chaud. Demain, Arjun a dit Spike partir vers Tumulte. Mais pas aujourd'hui. Aujourd'hui, trouver source chaude et petit bain, avec Vera copine. Boire jus et détendre ! Oui oui, bon programme. Spike aime être chaud, Spike adore barboter dans onsen ! Main Arjun caresser tête Spike. Hihi. Ici chaud sous écharpe et veste et manteau. Ici encore meilleur endroit pour dodo ! Rouler en boule et fermer yeux. Ici, tout est bien contre Arjun. Ici, meilleur endroit du monde ! Ici, dodo..."
018d61e2-80b1-3594-6f74-1bb7ca8ec98e,ALT_CORE_B_MU_03_C,Hero,"Rin & Orchid",,"Si on donne à la forêt, alors elle saura se montrer généreuse en retour.",,,"392 AC - Les rayons du Soleil filtrent à travers les branchages, tombant depuis la canopée en patchworks moutonneux. C'est comme un vitrail sur le sol, un camaïeu indistinct de vert et de jaune, qui ondoie au rythme du vent. Je m'étire, sifflotant alors que nous avançons dans la dense forêt. Devant moi, Kiddo cisaille et tranche, taille et fend sans discontinuer. De ses pattes ravisseuses, elle élague les buissons épineux comme si c'étaient des faucilles, libérant un passage à travers les futaies aiguisées. À sa suite, je désintègre les ramures tronçonnées, libérant leur Mana pour le réinvestir dans les plantes que nous avons meurtries. Derrière moi, les bosquets se mettent de nouveau à pousser, à bourgeonner et à fleurir. Et une fois que je suis passée, c'est comme si nous n'avions jamais emprunté ce chemin à travers les ronces et les halliers. Comme si nous n'avions jamais été là. Régénérée, la forêt continue de bruire de ses sons habituels.

Alors que nous débouchons sur une clairière, je regarde autour de moi en écarquillant les yeux. Au-dessus des fourrés spinescents, de gros fruits juteux à l'aspect étrange poussent en lourdes grappes jaunâtres. Je m'approche de l'une d'entre elles, intriguée. Je tends les mains, et Orchid coupe l'une des tiges, faisant chuter un chapelet de fruits. Je l'ausculte par le biais de l'Altération, observant les idées qui le composent. Nulle trace de ""Poison""... Satisfaite, je sors mon couteau et entaille l'un des fruits, qui se met à suppurer un jus couleur émeraude constellé de pépins. Je le renifle, puis lape le suc qui coule sur mon poignet. Immédiatement, une saveur acidulée et herbeuse sature mon palais. Hmmm. Je croque dans le fruit, réfléchissant à comment il pourrait se marier avec du poisson ou bien des fruits de mer. Il faudrait d'ailleurs lui trouver un nom. Une idée, Kiddo ?"
018d61e2-80b5-2742-948a-8abe3bc0a1a4,ALT_CORE_B_MU_04_C,Character,"Muna Caregiver","389 AC","« Nous n'héritons pas de la terre de nos ancêtres, nous l'empruntons à nos enfants. »",,Rin,"Ses gestes sont précis et précautionneux. Avec lenteur, elle déplace les œufs du dragon. Un à un, elle les palpe, les ausculte, prenant bien soin de ne pas brusquer la vouivre. J'observe, fascinée par sa douceur et la confiance que lui témoigne la créature écailleuse. Elle pourrait nous dévorer d'un simple claquement de mâchoire, mais elle n'en fait rien. Elle semble même apaisée, voire heureuse du soin prodigué par l'Altératrice. En me concentrant, je peux voir que la soigneuse a tissé l'idée de ""Chaleur"" sur ses mains, et qu'elle couve les œufs rugueux tout en les examinant. Quant à moi, je n'ose pas bouger de peur de la déranger, ainsi que la maman dragon qui ne fait pour l'instant que tolérer ma présence. Loin de moi l'envie de finir en barbecue, ou de me faire roussir les vêtements...

Un craquement soudain. L'œil de la vouivre s'entrouvre, sa pupille bordée d'or s'étrécissant en une fine fente. La soigneuse ne bronche pas. Au contraire, il émane d'elle une incroyable bienveillance, une onde de chaleur et de confort, de sérénité et de douceur qui me met moi-même à l'aise. J'écarquille les yeux en voyant que la coquille de l'œuf qu'elle tient dans ses mains est en train de se fendiller. Et quelque chose pousse depuis l'intérieur, émiettant la paroi du cocon. Subjuguée, je vois un petit museau poindre hors de sa gangue écailleuse, émettre un râle rauque mâtiné de surprise et d'incompréhension. Un petit dragonnet émerge, les yeux encore clos. Sous le regard attentif de sa mère, la soigneuse le berce tendrement, ôte un à un les bouts de coquille qui collent à ses écailles encore molles. Elle tire sur la membrane, tandis que l'albumen goutte sur sa toge. Puis elle se lève, et présente le nouveau-né au dragon. Un nouveau craquement, un autre œuf en train d'éclore. Elle me fait signe de m'approcher..."
018d61e2-80b8-7a55-b034-9a6b41affe69,ALT_CORE_B_MU_05_C,Character,Kitsune,"373 AC","« Tu sais jouer au renard qui passe ? »","Souvent considéré comme le messager d'Inari, le Kitsune — esprit-renard — est un yōkai qui obtient, comme son rival le Tanuki, la capacité de se métamorphoser quand il arrive à l'âge de 100 ans. Apparaissant dans de nombreuses histoires du folklore japonais, le Kitsune, qui peut arborer jusqu'à 9 queues plus il devient vénérable et puissant, est souvent dépeint comme un esprit farceur. Que ce soit par pure malice ou pour punir des êtres humains vaniteux ou cupides, il les leurre grâce à ses illusions pour leur jouer de mauvais tours. Pourtant, le Kitsune peut parfois aider et protéger ceux qui prennent soin de lui ou le traitent avec respect.",Teija,"Je sautille entre les rochers moussus, remontant le ruisseau qui glougloute dans son lit. J'entends Nauraa derrière moi, en train de jouer dans l'eau. Il éclabousse tout autour de lui, poursuivant peut-être des poissons argentés ou les petites écrevisses vertes qu'on vient parfois pêcher ici. Je me retourne et le sermonne. Ce n'est pas pour ça qu'on est venus aujourd'hui. Il semble déçu, ses oreilles aplaties derrière la tête et la moue boudeuse, mais il vient quand même me rejoindre. Aujourd'hui, on a une offrande à apporter, et maman a dit de ne rien faire d'autre avant de l'avoir déposée. J'escalade un rocher glissant et couvert de lichen, Nauraa m'aidant avec son museau. Je me hisse vers la petite cascade qui tombe entre les pierres, me faufile dans un étroit canyon frais et ombragé. Nauraa, quant à lui, bondit au-dessus de moi et me regarde cheminer d'en haut. Il me suit sans me quitter du regard, la langue pendante.

J'arrive enfin au petit autel dédié à l'Esprit-Renard. Je joins mes mains et fais une prière rapide, avant d'y poser quelques gâteaux de riz gluant. Je dispose les boules en pyramide sur l'assiette de bois laqué et appelle la divinité, en fermant les yeux, comme maman me l'a appris. Derrière moi, j'entends quelques galets claquer dans le cours d'eau frémissant, ainsi que quelques grelots tinter. Je me retourne et je vois Kitsune en train de jouer avec sa balle — sa Hoshi-no-Tama. Elle aperçoit les boulettes sucrées-salées et s'émerveille, un grand sourire malicieux illuminant son visage. Elle approche en sautillant et me confie sa balle, avant d'engloutir avec appétit l'un des dangos. Elle mâchonne longuement sa friandise pour mieux la savourer. Puis elle farfouille dans son sac et dispose sur le sol quelques poissons brillants qui font saliver Nauraa. Elle se tourne vers moi et me tend quelque chose, enveloppé dans une feuille de chêne."
018d61e2-80bc-e118-e232-f4c6f986f0cd,ALT_CORE_B_MU_06_C,Character,"Spindle Harvesters","388 AC","Certains disent que les vendangeurs sont les jardiniers des arbres-mondes.",,Rin,"J'attrape la liane et me hisse comme je peux sur la branche, mon cœur tambourinant dans ma poitrine. Ne pas regarder en bas. Ne pas regarder en bas. Je souffle un grand coup pour chasser ma peur, et aussi le vertige de me retrouver si haut dans les airs. Au-dessus de ma tête, les branches du Fuseau oscillent au gré des vents, tels des nuages roses qui occultent même le bleu du ciel. Allez, encore un petit effort. Hmmpf. Je grimpe une volée de marches taillées dans le bois pour atteindre une autre branche, et me colle contre le tronc de l'arbre-monde, luttant pour ne pas avoir la tête qui tourne. Je sais que je suis arrimée avec des cordes, et qu'Orchid me surveille, prête à étendre ses ailes pour me rattraper au vol, si jamais... Non, il vaut mieux ne pas penser à cette éventualité.

Lentement, je dénoue le cordon qui me maintient accrochée à la via legnata, et saisis le câble qui me permettra de monter plus haut encore. À ces hauteurs, tout tangue, et je n'ose pas imaginer comment ce sera encore plus haut. Mais alors que j'essaie tant bien que mal de rassembler mon courage, après avoir vérifié plusieurs fois que mon nœud était bien solide, je vois de petites silhouettes descendre le long du tronc, leurs griffes s'enfonçant profondément à l'intérieur de l'écorce. Les minuscules rongeurs sautent, se mordillent et tourneboulent en une ronde furieuse, oublieux qu'ils sont à plusieurs centaines de mètres au-dessus du sol. Regarder ainsi jouer les vendangeurs du Fuseau me permet de m'aérer un peu l'esprit. J'aimerais bien avoir cette insouciance, ce flagrant mépris de l'altitude... À travers eux, c'est peut-être le Fuseau qui m'envoie un petit signe, pour m'encourager durant mon ascension. Allez, prends exemple sur eux, Rin. Encore un dernier petit effort..."
018d61e2-80bf-2632-2a40-b7a6faab20a9,ALT_CORE_B_MU_07_C,Character,Mowgli,"379 AC","« Réveille-toi, grosse boule de poils ! »","Créé par Rudyard Kipling en 1893, Mowgli est le protagoniste du recueil de nouvelles qui sera intitulé le Livre de la Jungle. Après avoir été égaré par ses parents, il est recueilli par une meute de loups quand il n'était alors qu'un nourrisson. Élevé par Raksha et Père Loup, il devient ami avec d'autres animaux sauvages : Bagheera, la panthère noire, Kaa le python, ou encore l'ours Baloo, qui deviendra son précepteur pour tout ce qui touche aux lois de la jungle. Au terme de ses aventures, Mowgli fait finalement la paix avec son humanité, et devient un trait d'union entre la jungle et les communautés humaines.",Arjun,"Je dépose la corbeille d'offrandes à la lisière de la vieille forêt, comme la tradition l'exige. C'est ainsi que les choses se font depuis des siècles, depuis le jour où ce village s'est implanté ici. Je sais que les autres villageois ont encore peur de la forêt, et j'aurais peut-être moi-même eu des réticences à m'enfoncer si loin dans les bois il y a quelques mois de ça. Mais depuis que j'ai fait ce rêve, c'est comme si un voile s'était levé, emportant avec lui mes craintes injustifiées. Car même la vieille forêt fait partie de moi. Je ne sais pas encore entièrement ce que ça veut dire. Depuis, l'Altération me vient naturellement. Il n'est pas rare d'ailleurs que des Eidolons se manifestent autour de moi, parfois même sans que je le veuille. Mais à cet instant précis, je sais en pleine conscience qui je souhaite appeler.

Dans mon esprit, il y a un craquement dans les branchages. Une silhouette tombe depuis la frondaison du vieux chêne. C'est bien sûr mon imagination qui parle, mais avec le Mana que j'y insuffle, la scène et le personnage que je conjure prennent vie. L'enfant se redresse, me fixant d'un regard intense derrière ses boucles de jais. Il porte une coiffe de brindilles et de feuilles, une ceinture et un pagne de plumes et de lin. Sa peau sombre, tachée de boue séchée, est parée de peintures cérémonielles. Et alors que je le dévisage en retour, j'ai l'impression de me retrouver en lui. Mowgli peut évoluer à sa guise d'un côté ou de l'autre de la frontière, dans le monde des hommes, mais aussi dans les étendues férales. Appartenait-il aux deux, ou bien était-il au contraire déraciné ? Il s'approche de la corbeille et vérifie son contenu. Et sans concertation, nous échangeons un sourire. Peut-être était-ce une richesse d'évoluer ainsi de part et d'autre de la lisière ?"
018d61e2-80c2-5f41-23d8-cc220f5cecb3,ALT_CORE_B_MU_08_C,Character,"Sneezer Shroom","DATE: 382 AC","« Atchoum ! »",,Teija,"Je dépose un linge humide sur le front de la petite fille, pose le dos de ma main sur sa joue. La fièvre est suffisamment tombée ; nous allons pouvoir tenter de la soigner. Comme beaucoup d'autres, elle a été affectée par la petite Singularité de Tumulte qui a émergé dans le village. Fort heureusement, nul n'a été atteint au point d'en perdre la vie. Je fais un signe de tête à son père avant de canaliser mon Mana. J'appelle par le prisme de mon esprit la petite créature qui va pouvoir nous aider ici. Le mush apparaît et tombe à la renverse, avant de se relever péniblement, la goutte au nez. Il me dévisage avant de se tourner vers la jeune malade, les yeux étrécis et la mine contractée, comme s'il luttait pour ne pas éternuer. Je sais qu'il va m'aider à purifier son Mana, rendu instable par le Tumulte.

Le champignon éternueur avance diligemment vers l'enfant, l'expression concentrée et sérieuse. Il escalade le lit et les couvertures, reniflant à plusieurs reprises. Puis en me regardant une dernière fois, il étend son réseau de mycélium depuis ses petits petons, le propageant sur la peau de la fillette. Ses filaments captent le Mana tumultueux, l'absorbent en lampées continues. La jeune fille s'agite dans son sommeil, et son père resserre sa main sur la sienne. Le traitement va énormément la fatiguer, mais je sens déjà que le mush fait son office, filtrant son Mana à travers son organisme. Sans prévenir, je commence à chatouiller le nez de la créature, qui éternue sans se faire prier. Il relâche par la même occasion d'innombrables gouttelettes de Mana sain dans l'air, que je me mets à récupérer malgré sa mine courroucée. Nourrir ma patiente avec cette énergie devrait vite lui redonner des couleurs."
018d61e2-80c6-589a-f244-9679933803f9,ALT_CORE_B_MU_09_C,Character,Kodama,"387 AC","Il n'y a pas de plus grande bénédiction pour un arbre que de devenir la maison d'un Kodama.","Petits yōkais du folklore japonais, les Kodama sont des esprits sylvains qui vivent dans les arbres. Il est interdit de couper un arbre dans lequel résident ces petites créatures, sous peine d'endurer une terrible malédiction. C'est pourquoi à travers les âges, certains d'entre eux étaient protégés par les communautés humaines, qui veillaient à ce que personne ne les blesse ou même ne les coupe. Une autre légende raconte qu'au sein des montagnes, l'écho — ou yamabiko — est un phénomène imputable aux Kodama.",Rin,"On peut parfois les voir en train de somnoler dans leur bulle charnue. Souvent, on les trouve non loin d'une branche de gui, se dissimulant par mimétisme au sein de ses fruits pulpeux et translucides le temps qu'ils éclosent. Et quand le cocon se perce, ils s'étirent et se mettent à arpenter les branches des vénérables arbres, parfois sans fouler le sol, qu'ils préfèrent moussu quand ils osent le faire. Il y en avait déjà beaucoup dans les forêts bleutées de Nutsuwa. Mais là, au sein de la Katkera, il était facile d'en distinguer à tout moment au moins un ou deux sous la canopée, si ce n'était pas toute une ribambelle de petites silhouettes blanchâtres en train de nous observer, curieuses de savoir ce que nous étions ou ce que nous venions faire ici. D'après Turuun, les Kodama sont les esprits des arbres, et en voir à profusion est le signe de leur bonne santé.

Nous cheminons sous la voûte végétale, Turuun à dos de yak, et moi à dos de mule. Kiddo ne doit pas être loin, mais nulle trace d'elle dans les environs. Peut-être est-elle en train de chasser, ou de repousser d'éventuels prédateurs un peu trop ambitieux. Mais je ne m'en fais pas tant que ça, au final. La route jusqu'ici, depuis les rives de Kirighai jusqu'au cœur de la forêt, a été plutôt reposante. Hormis bien sûr mes courbatures aux cuisses et mon postérieur douloureux... Au-dessus de ma tête, des Kodama gambadent le long d'une branche, et se penchent pour me regarder de leurs grands yeux innocents. Je m'adosse sur les paquetages que la mule transporte, et les salue d'un joyeux ""ohé !"". Et alors que je passe sous leur petit belvédère de bois, ils me répondent tout en me gratifiant d'un petit signe de main."
018d61e2-80ca-0a0c-6689-6b5b2cadd087,ALT_CORE_B_MU_10_C,Character,"Yong-Su, Verdant Weaver","391 AC","« Ça va aller. Je touche du bois. »",,Rin,"À côté de moi, une belette escalade furtivement la balustrade et vient se percher sur un petit promontoire de bois laqué. Je me baisse légèrement pour qu'elle grimpe sur mon épaule, et elle ne se fait pas prier. Après avoir frénétiquement couru le long de ma nuque, glissant d'épaule en épaule sous mes cheveux en m'arrachant quelques rires, elle se positionne sur ma tête, aux aguets. Le bois du ponton craque sous mes pas, alors que je suis la langoureuse procession. Mais malgré le temps que prend la traversée du Mugen, l'heure est à la fête. Des rouges-gorges dansent avec des avocettes, des renards et des blaireaux jouent entre les jambes des pèlerins. Car à l'occasion du Ryukkōsai, il n'y a plus de prédateurs ou de proies. Toutes les espèces respectent la trêve édictée par les Muna.

Je débouche enfin sur la sixième île, où virevoltent des centaines de lucioles échevelées. Je me prosterne devant l'autel dédié à Yong-Su, frappant trois fois dans mes mains en signe de respect. Lorsque la capitale avait été coupée du monde par une Singularité de Tumulte et condamnée à la famine, c'était lui qui avait créé le Mugen, le pont aux dix-neuf tronçons reliant la Katkera à Arkaster. L'Altérateur avait réussi à convaincre toutes les espèces sentientes de Kirighai de réunir des offrandes et de les acheminer vers la métropole congestionnée. C'était grâce à lui, et à ce pont miraculeux, que la capitale était parvenue à survivre. Non loin de moi, un orang-outan au pelage bleu se met à crier, imité par de nombreux autres animaux. Sur les eaux tranquilles, l'Eidolon de Yong-Su s'est manifesté, flottant dans les airs tandis qu'à ses pieds, de nonchalantes ondes concentriques glissent sur les flots. Des fleurs de lotus se mettent à éclore sous chacun de ses pas. Je m'incline une nouvelle fois, les larmes aux yeux devant cette apparition."
018d61e2-80cd-85ba-864a-b3a834aa00ab,ALT_CORE_B_MU_11_C,Character,Inari,"375 AC","L'harmonie peut naître d'un simple acte de sollicitude, comme une rizière peut germer à partir d'un seul grain de riz.","Divinité des céréales et des cultures dans la religion shinto et le bouddhisme japonais, Inari peut apparaître sous la forme d'une femme ou d'un homme, mais aussi sous les traits d'un renard. Les Kitsune lui servent d'ailleurs de messagers. D'après les légendes, iel apparut sous l'apparence d'une femme pour mettre un terme à une terrible famine, chevauchant un renard blanc et portant des ballottins de céréales et de grains. C'est pour cela qu'iel a été associé·e très tôt à la notion de fertilité. Pour autant, Inari est aussi le kami patron des forgerons et des marchands. Son sanctuaire le plus connu est celui de Fushimi-Inari, à Kyoto, avec ses innombrables toriis vermillon.",Teija,"Le son des taiko emplit l'air, tandis que des étincelles jaillissent du feu de joie et dérivent dans le ciel nocturne. Les prêtresses accélèrent la cadence, leurs baguettes frappant la peau de leur tambour. La musique est enivrante, l'atmosphère irréelle. Je lève mon instrument à grelots et l'agite en entamant quelques pas de danse. Mes gestes sont aussi lents que possible, comme papa me l'a appris avant notre départ. J'essaie de ne pas m'attarder sur le public, même si je sais que tous les regards sont tournés vers moi pour mon premier office. Mon cœur bat fort, mais je lui demande de se calmer. Beaucoup espèrent que les prochaines récoltes seront florissantes, et comptent sur moi pour bénir les cultures. Je canalise l'énergie qui vient de la forêt, des ruisseaux, des loirs et des blaireaux. Je l'absorbe comme une onde, douce et voluptueuse. Il est temps d'invoquer Inari, et de lui témoigner nos offrandes.

Le Mana se diffuse autour de moi, et la divinité prend forme non loin de la pagode. Sa silhouette est tout d'abord évanescente, avant de prendre plus de consistance. Iel n'a pas choisi de genre cette fois, embrassant une apparence inhumaine et singulière, teintée de l'aspect du renard. L'Eidolon approche et prend part à la danse, adaptant ses gestes aux miens. L'euphorie prend le pas sur le trac, et je me mets à sourire tandis que nos pas s'harmonisent. Les flûtes émettent une complainte stridente dans la nuit, transperçant les sons de la nature. Des lucioles s'illuminent et virevoltent entre les branches, des fleurs crépusculaires s'entrouvrent timidement... Il y a comme une fièvre d'été en ce soir de printemps. Nous tournoyons dans une valse hallucinée. Nous pirouettons, comme deux bourdons autour d'une fleur. Puis la musique s'interrompt soudainement, et nos corps se figent."
018d61e2-80d1-3baa-9c0e-d1866a9cba38,ALT_CORE_B_MU_12_C,Character,"Daughter of Yggdrasil","388 AC","Les enfants d'Yggdrasil prennent désormais soin des arbres-mondes.","Yggdrasil, même s'il relie entre eux les royaumes de la cosmologie nordique, est lui aussi un monde en soi. Ses trois énormes racines s'abreuvent chacune à une source différente : Hvergelmir, où le dragon Nidhögg ronge la base de l'arbre ; la fontaine de Mimir, d'où jaillissent connaissances et sagesse ; et enfin le puits d'Urd, où les Nornes tissent les fils de la destinée. Mais son feuillage accueille aussi de nombreux animaux fantastiques, du facétieux Ratatosk à l'aigle, faucon ou coq Vidofnir, en passant par la chèvre Heidrun ou les quatre cerfs Dain, Dvalin, Durathror et Duneyr.",Arjun,"Je sors de la bâtisse au toit de chaume, Spike sur mon épaule, alors que le soleil de midi darde ses rayons sur les champs. Les anciens du village me suivent, pleins d'espoir. Pendant une poignée d'heures, ils m'ont fait part de toutes leurs difficultés, de l'idée inopinée de gel qui a tué les jeunes pousses au printemps dernier, aux fréquentes incursions des bêtes sauvages sur leurs plantations. Ces dernières avaient sans doute aussi souffert du froid inattendu, et étaient descendues jusqu'à ce vallon, poussées par la faim... Je m'accroupis et attrape une poignée de terre. Je le sens à travers le Skein : ce terreau est fertile et n'appelle qu'à accueillir la vie. Mais pour la semer à nouveau, la communauté locale doit passer l'hiver et la Saison des Brumes... Ils ont besoin de mon aide, et loin de moi l'idée de la leur refuser.

Je prends place au milieu du pré et pose Spike à côté de moi. Il se cramponne à ma jambe tandis que je fais appel à l'Altération. Je sens mes fils de Mana s'entremêler à ceux de la terre, et je me concentre, appelant au sein de mon esprit les idées qui vont façonner une Fille d'Yggdrasil : la prolifique ""Abondance"", l'immense ""Générosité"", tout un chapelet de luxuriants concepts... Je les bouture, les tisse ensemble. Devant moi, l'arbre sentient se déploie : racine et tronc, branches et feuillage. Elle ouvre les yeux tandis que sa frondaison se couvre de fleurs, puis de fruits. Autour de moi, les enfants sont les premiers à courir dans sa direction. La Fille leur sourit, les autorise à l'escalader en faisant bruisser ses feuilles comme s'il s'agissait d'un éclat de rire. Il va me falloir investir du Mana à foison pour rendre ses cadeaux pérennes. J'en appelle à la terre nourricière, à son opulence..."
018d61e2-80d4-edb1-9862-e8dc65ac7c8e,ALT_CORE_B_MU_13_C,Character,"Muna Druid","378 AC","« Nous sommes les sentinelles du Skein, toujours à l'écoute du pouls de la nature. »",,Teija,"Je me retourne et vois mes parents se dresser au loin tandis que nous nous éloignons. Mon père serre ma mère dans ses bras, leurs petites silhouettes se découpant sous la frondaison des arbres. Je sens les larmes me monter aux yeux. Je ne sais pas quand je les reverrai... Toute ma vie, je n'ai connu que le Refuge de la Terre et sa canopée ombrageuse. J'essaie de tout balayer du regard pour bien ancrer tout ça dans ma mémoire. Ici, un ensemble de tertres où nous jouions souvent avec Nauraa. Là, un arbre sous lequel nous nous abritions souvent par temps de pluie... Je resserre mes mains autour d'une touffe de poils de ma Chimère. Le renard géant lève la tête pour me regarder avec une pointe de tristesse. Lui aussi doit ressentir de la détresse à l'idée de quitter notre maison. Mais quoi qu'il arrive, nous serons toujours là l'un pour l'autre.

Devant nous, le Druide Muna chevauche sa monture sans presser le pas. Pour les prochaines années, il sera mon instructeur, mon professeur. Je l'ai vu à de nombreuses reprises méditer près du cours d'eau, le visage serein mais attentif. Comme de nombreux autres Muna, il était venu en pèlerinage au sein de la Katkera, restant quelques jours chez nous avant de repartir. Son rire était clair, son attitude bienveillante. Il répondait gentiment à toutes les questions que je lui posais sur la capitale, sur les autres presqu'îles et sur Asgartha en général... Mais le revoir après son périple m'avait emplie d'un étrange pressentiment, comme une sourde appréhension. Il avait longuement conversé avec mes parents. Et lorsqu'ils étaient sortis du monastère où ils s'étaient enfermés, un seul coup d'œil m'avait suffi pour deviner que ma vie entière allait changer."
018d61e2-80d8-5885-e29f-87a04181a0bb,ALT_CORE_B_MU_14_C,Character,Cernunnos,"388 AC","On peut l'entendre battre dans les arbres, au plus profond de leurs racines : c'est le cœur de la nature.","Divinité proto-celte et gallo-romaine, Cernunnos, le dieu cornu, symbolise le rythme de la nature, et le cycle de la vie et de la mort. Souvent présent aux carrefours, c'est un dieu psychopompe et lié au concept de réincarnation, à la fertilité, au commerce et à la résilience. Il n'était pas rare de le voir représenté assis en tailleur, tenant dans ses mains un torque et un serpent, et entouré de nombreux animaux dont il avait la charge. Malheureusement, peu de références subsistent quant à son importance au sein du panthéon celtique.",Rin,"Le feu de joie lance ses étincelles haut dans le ciel nocturne, ses flammes dardant la nuit comme autant de langues volatiles. Les tambourins résonnent sous la canopée, leur son se réverbérant contre les troncs et à travers la Katkera. Les bûches incandescentes craquent en s'affaissant, projetant une nouvelle vague de feux follets aux alentours. À la lisière de la clairière, nombre d'élans contemplent la scène, témoignant un dernier hommage à Valpas, le vénérable de leur espèce. Autour de sa dépouille, de nombreux Muna dansent lentement, se mouvant au rythme des percussions et des wood-blocks. La prêtresse du Refuge du Musc lève les mains au ciel, tandis qu'elle se fend d'un tonitruant hululement. Je sens le Mana s'agiter dans le tissu du Skein ; je la sens faire appel à la nature pour manifester son Altération. Soudain, la forêt se met à bruire. Les élans frappent de leurs bois les troncs des arbres.

Émergeant du brasier comme s'il s'agissait d'une brume, le dieu cornu s'avance au sein du cercle des officiants Muna et marche jusqu'au vénérable défunt. Il s'agenouille à côté de Valpas et pose une main sur son pelage froid et rigide. Je sens les fragiles filaments du Skein remonter du sol et se diffuser au sein de la dépouille, absorbant son être. Des insectes se mettent à courir sur sa robe terne, des champignons se mettent à bourgeonner de sa chair. En quelques instants, le vieil élan se décompose, comme aspiré par le sol et l'humus. Il retourne à la terre, tandis que les idées qui le composaient se dispersent au gré de vents invisibles. Les Muna se penchent à leur tour pour récupérer son Mana ; toute l'énergie qui l'ancrait dans le réel. Ce dernier serait plus tard réensemencé pour que son essence se mêle à celle de la nature."
018d61e2-80db-6837-9468-054eb2f42e00,ALT_CORE_B_MU_15_C,Character,Dracaena,"384 AC","On peut parfois les voir somnoler non loin d'un étang, se gorgeant d'eau et de lumière...",,Teija,"Le dracaena se pose sur mon avant-bras, ses ailes tachetées frétillant avec excitation. Habituellement, ce sont des créatures plutôt placides, presque léthargiques. Mais celui-ci est venu directement à moi, avec une frénésie peu commune. Il pépie avec vigueur, enroule sa queue autour de ma main avec insistance. Nauraa, intrigué, approche son énorme museau de la plante draconique. ""Appétissant"", l'entends-je dire dans ma tête. Je le fusille du regard, même si je sais qu'il ne fait que plaisanter. Le dracaena essaie de capter mon attention, de me mener quelque part. Je lui fais un signe de tête, et il s'envole en vrombissant à tire d'ailes. Je monte sur mon Alter Ego et lui demande de le suivre. Nauraa glousse et se met en chasse, ses pattes foulant avec légèreté le sol meuble et marécageux des tourbières.

Le dracaena serpente fougueusement à travers les sous-bois de bouleaux, silhouettes malingres de noir et de blanc. Du pollen mordoré dérive en fine pluie au-dessus des herbes hautes. Les Marais de Kiragata ont toujours été réputés pour leur quiétude, et en dépit de l'anxiété de mon guide, je ne peux que m'émerveiller de ces paysages tranquilles et idylliques. La voix de Nauraa résonne dans mon esprit. Il sent une odeur humaine. L'enchantement laisse soudain place à l'horreur. En face de moi, le marécage est retourné, piétiné et dévasté. Les arbres ont été abattus sans ménagement. Le dracaena virevolte de droite à gauche, couinant à tue-tête. Oui, il a eu raison de me faire venir. Je fixe du regard les outils que les humains ont rangés au pied d'un arbre. La communauté établie non loin a cru bon de prendre possession de ces terres sans l'autorisation de ses autres habitants... Il va me falloir les rappeler à l'ordre et dénouer les tensions."
018d61e2-80de-ef62-066e-e131ac114270,ALT_CORE_B_MU_16_C,Character,"Aloe Vera","392 AC","C'est très important de bien s'hydrater.",,Arjun,"T'as gagné, Spike ! Je puise dans les bribes de Mana qu'il a collecté sur le chemin. Oui, oui, je sais, petit père. En scrutant les environs, j'aperçois un lieu dont la topographie pourrait correspondre. C'est une petite cuvette, nichée entre de gros rochers et idéalement placée pour nous abriter du vent. Je me mets à imaginer une piscine naturelle encerclée de petites cascades, une eau soufrée et à la bonne température — ni trop froide, ni trop chaude. En m'appuyant sur le Mana, je matérialise ma vue de l'esprit, la surimpose sur le monde. Grâce au Skein, je l'enchâsse au sein de la réalité, afin que l'onsen reste suffisamment longtemps pour que nous puissions en profiter. J'exhale longuement. Déjà, Spike est en train de courir dans la direction des sources chaudes, prenant bien soin d'éviter les parterres de neige. Il plonge et fait une bombe dans l'eau, avant de remonter à la surface en barbotant.

Je le sens tirer sur notre lien et sur ma faculté d'Altération. Quel gamin. Bien entendu, il manque quelque chose. J'appelle la petite Vera depuis mon esprit, et la plante gracile apparaît non loin de l'étang. Toute heureuse de retrouver son camarade de jeu, elle plonge ses longues jambes effilées dans l'eau fumante, alors que Spike lui fait signe encore et encore de venir le rejoindre. Je les regarde jouer dans l'eau comme des enfants, tandis qu'une brume commence à nous entourer à cause du choc des températures. J'observe tout de même les environs, vigilant·e. Le terrain rocailleux pouvait abriter de nombreux dangers insoupçonnés. Puis je remarque que Spike s'est rapproché de moi. En faisant la moue, il se met à me regarder avec des yeux implorants. Ah, vraiment, une nécessité ? Il hoche vigoureusement la tête, et je finis par céder à son caprice. Deux thés glacés pour les deux garnements !"
018d61e2-80e2-edde-2cda-7761884e4056,ALT_CORE_B_MU_17_C,Character,Aja,"389 AC","Elle est l'âme de la forêt, la patronne de l'herboristerie. Avec herbes et racines, elle concocte de puissantes potions.","Dans la religion Yoruba et certaines croyances de la diaspora africaine, Aja est l'Orisha qui veille sur les forêts et tous les animaux qui les peuplent. Il est dit que les chamans vont la trouver pour être formés aux arts de l'herboristerie, et ce pendant plusieurs jours ou de longs mois. Bienveillante, elle leur inculque son savoir, faisant d'eux de puissants ""Jujuman"", des soigneurs investis de magie, capables de fabriquer onguents et élixirs. On la nomme aussi ""Vent Sauvage"".",Rin,"Elle écrase des herbes sèches dans son mortier, y rajoute des graines avant de moudre le tout en fine poudre. Quelques gouttes d'huiles essentielles, un peu de sève... la mixture devient une pâte poisseuse et odorante. Attentive, je regarde Aja préparer son onguent, tandis qu'à côté d'elle bout le contenu de son chaudron. Je cligne des yeux et me concentre sur ma propre décoction. J'attrape un bouquet de sauge, en broie quelques feuilles avec mon pilon. Dans un coin de la pièce, entre l'âtre et la fenêtre, Turuun fredonne doucement une vieille comptine, tandis que se diffuse la fragrance de la coriandre, du thym et du romarin. J'imite chaque geste de l'Eidolon, malaxe ma propre pommade, applique l'épais baume sur une bandelette récemment bouillie et stérilisée.

Aja s'essuie les mains et se tient à côté de moi, inspectant mon travail. L'Orisha hoche la tête, visiblement satisfaite. Peut-être que mes cataplasmes sont moins soignés que les siens, mais je ne peux m'empêcher de sourire et d'être fière de ce que j'ai réussi à faire pour une première tentative. Elle se met à les plier, puis les enveloppe dans de larges feuilles avant de les ranger dans des pochons individuels. Demain, nous les confierons à un marchand itinérant de l'enseigne Cornucoopia pour les acheminer vers le Refuge du Musc. Une fois tout empaqueté, je me tourne vers le chaudron, d'où émanent des relents de gingembre, de paprika, de cerfeuil et de clous de girofle. Le liquide glougloute en bouillonnant. Je me tourne vers Aja et lui demande à quoi va servir ce philtre. Turuun éclate alors de rire, tandis que l'Eidolon sourit à son tour. Je me sens devenir pivoine lorsque je réalise, honteuse. Ce n'est pas du tout une potion qu'elle est en train de préparer, mais probablement le ragoût de ce midi..."
018d61e2-80e5-750b-02f6-e6067f4f592c,ALT_CORE_B_MU_18_C,Character,Parvati,"380 AC","Ce n'est que dans l'harmonie que le monde peut prospérer.","Déesse hindoue de l'harmonie et de la maternité, Parvati est aussi une incarnation de la shakti, l'énergie cosmique qui imprègne l'univers. La shakti est à l'origine une force primordiale, chaotique par essence et indomptée. Épouse de Shiva, on la montre souvent en train de se lier à lui. Par cette union, elle symbolise l'énergie régénératrice qui unit tous les êtres entre eux. Mais à cet aspect bienveillant s'associe aussi une facette meurtrière quand elle prend l'apparence de Kali. Car la shakti est aussi bien synonyme de création que de destruction.",Arjun,"Je plonge mes mains dans le lit de la rivière, là où les eaux s'évasent et stagnent en se parant de nénuphars. Je regarde la terre se dissoudre dans les eaux limpides où nagent quelques poissons bariolés, frotte pour retirer les croûtes de boue qui maculent mes poignets. J'aurais probablement besoin d'une toilette plus approfondie. J'ôte mon veston et ma chemise souillée de terre, retire mes braies en hâte. Nu, je m'avance au sein du cours d'eau, frissonnant malgré les températures caniculaires. J'avance lentement pour ne pas glisser sur les galets moussus, jusqu'à ce que l'eau lape mon nombril. Je reste là, immobile. Pensif, je regarde mon reflet. Soudain, je sens une main se poser contre ma joue. Je me redresse et me retrouve nez à nez avec une femme d'une beauté singulière. Non, pas une femme. Une Eidolon.

Elle m'observe avec bienveillance, une douce chaleur irradiant de sa main sur ma joue. Et par ce contact, mille images se projettent au sein de mon esprit. Elle et son mari, Shiva, en train de s'étreindre. Leurs essences en train de s'unir, de se mêler. Et soudain, alors que les fleurs de lotus s'entrouvrent autour de nous, je finis par comprendre que chaque être est en fin de compte un mélange de masculin et de féminin... Parvati m'encourage à observer de nouveau mon reflet. Et je sais dorénavant qu'il ne me définit pas. Il fait partie de moi, il m'appartient. C'est mon terrain de jeu, et je suis libre d'en faire ce que je souhaite. Le corps n'est pas une prison, mais un canevas. Je me vois sourire, et explore du regard mes yeux, mon front, mes épaules un peu trop larges à mon goût. Avec la bonne tunique, je pourrais les adoucir. Avec des boucles d'oreille, je pourrais casser les lignes trop carrées de ma mâchoire. Je suis soudain ému·e aux larmes, alors qu'une paix et une excitation nouvelles germent en moi."
018d61e2-80e8-b4e8-c9ed-ac8905ee952a,ALT_CORE_B_MU_19_C,Character,Verdantback,"388 AC","Rien ne sert de courir, il faut partir à point.",,Teija,"Les badauds nous observent, bouche-bée, alors que nous avançons sur l'artère bondée. Les tisserands s'arrêtent de filer pour nous regarder passer ; les marchands lèvent des yeux exorbités depuis leurs étals de grillades. Je caresse Nauraa pour l'inviter à patienter. Même s'il salive, il va devoir attendre. Nous avons un rendez-vous que nous ne devons pas manquer. Force est de reconnaître que nous devons marquer les esprits, moi à dos de renard géant, et à mes côtés, une tortue impressionnante que les habitants d'Arkaster n'ont pas l'habitude de voir dans les rues de la capitale. Les vénérables vertéchines ne quittent que rarement leur habitat naturel, mais la situation l'exige. Celui qui m'a accompagnée est probablement plusieurs fois centenaire. Peut-être était-il déjà là quand Asgartha fut fondée... Sa carapace florissante est recouverte d'une dense végétation où se cachent de nombreux petits êtres.

Je souris en voyant quelques rongeurs se mouvoir sous les feuillages et faire une pause pour me lancer un discret coup d'œil. Un lézard argenté passe la tête par le trou d'un vieux tronc moussu, probablement appâté par les odeurs inconnues qui flottent dans l'air. Des papillons bariolés volettent entre les tiges qui s'élèvent du dos de la tortue. Au final, nous ne sommes pas seulement trois à faire partie de ce cortège. Je me redresse sur Nauraa, bombant le torse. Je suis honorée d'avoir été choisie pour accompagner cette ambassade. Notre mission est d'une importance capitale pour l'avenir des Marais de Kiragata. Nous sommes venus demander l'aide du gouvernement et des autres Factions pour combattre un mal qui y sévit depuis bien trop longtemps. Le Fagn, ce marécage maudit, ne cesse de grandir, rognant centimètre après centimètre les zones alentour. Nous devons être entendus. Nous devons réussir."
018d61e2-80ec-c0de-0414-fb602ee80747,ALT_CORE_B_MU_20_C,Character,"Coniferal Coneman","385 AC","Ça sent le sapin !",,Teija,"Le Pignon gronde et se frappe le torse, menaçant les villageois qui se tiennent derrière moi. Je me dresse devant lui, les mains tendues en signe de paix. À mes côtés, mon Alter Ego grogne en signe de défiance, prêt à intervenir s'il venait à s'en prendre à moi. Je regarde les poings massifs du colosse se refermer comme des marteaux. Il crie et frappe le sol, faisant voler des mottes de terre. Comme toutes les variétés de Pignons Pugnaces, il est soupe au lait et prompt à recourir à la violence. Mais je ne le laisserai pas aller jusque-là aujourd'hui. Je lève les mains et m'approche, prostrée en signe de respect. Il tambourine le sol devant moi, faisant trembler les arbres alentour. Nauraa me demande de faire attention. Il sait à quel point ils peuvent être dangereux quand ils voient rouge.

Et il a raison d'être en colère. Le village s'est installé sans consulter les autres espèces de ce lieu. Mais je dois lui faire comprendre qu'ils n'avaient pas d'autre choix que de poser leurs valises ici. Ils ont été chassés de leur foyer par la propagation du Fagn, une zone de fange putride qui étend petit à petit son influence sur le reste du marais. Délogés, ils se sont établis ici par la force des choses, mais ils ont négligé l'avis des premiers habitants de ce lieu. Je pose un genou à terre et m'incline humblement face à lui. Les Pignons sont peut-être irascibles, mais tout ce qu'ils veulent, c'est qu'on leur montre du respect. Il gronde toujours, mais a cessé de marteler la terre. Je dépose une coupelle au sol et y verse en offrande de l'eau de ma gourde, chargée de Mana. Très bien. Nous allons enfin pouvoir discuter, lui et moi."
018d61e2-80ef-d09c-398e-3d75dcc8f15d,ALT_CORE_B_MU_21_C,Character,"Son of Yggdrasil","390 AC","Les arbres-mondes tels que le Fuseau sont peut-être issus des graines du Frêne Cosmique.","Yggdrasil est au sein de la mythologie nordique l'arbre-monde, l'axe central de l'univers. C'est selon les versions ce Frêne ou If Cosmique qui relie les neuf royaumes, d'Asgard à Helheim, en passant par Midgard, Alfheim ou encore Jötunheim. C'est autour de lui que tout le reste de la création existe. Arbre sacré, c'est en se pendant à l'une des branches d'Yggdrasil pendant neuf jours et neuf nuits, le flanc percé d'une lance, qu'on dit qu'Odin découvrit la signification des runes.",Rin,"Je monte sur la main noueuse que me tend le Fils d'Yggdrasil, me cramponnant à sa peau d'écorce tandis qu'il me hisse jusqu'à son épaule. Alors que le vent fouette mon visage, je retiens ma respiration et m'agrippe aux quelques branches qui couvrent son épiderme, évitant de regarder le sol en contrebas. Et quand il se met à avancer, l'Eidolon fait trembler la terre ; les secousses remontant le long de ses membres jusqu'à mon promontoire. Le géant enjambe une colline, s'appuie sur la crête d'une montagne pour gravir un contrefort escarpé. J'ose à peine ouvrir les yeux tant les bourrasques sont violentes, tout là-haut. Et Kiddo est loin d'être à l'aise, elle aussi. Ses ailes moirées frémissent à chacun de ses pas, vrombissant frénétiquement comme un colibri, pour lui permettre de garder un soupçon d'équilibre.

Mais lorsque j'aperçois l'horizon, mon effroi se dissipe tout à coup. À la lisière entre le ciel et la terre, je peux voir les effluves irisés du Tumulte luire comme un mirage. C'est donc de là-bas que je viens. Quelque part au loin. Même si Orchid n'a pas su me dire avec exactitude où elle m'avait retrouvée, je sais que ce n'est pas en Asgartha, mais dans un lieu où d'immenses fleurs jaillissent du sol. Cela voulait dire qu'il y avait d'autres Oasis où la vie humaine était possible, et que d'autres peuples résidaient dans ce que nous appelions la Terra Incognita. Gagnant en confiance, je me risque à jeter un coup d'œil vers le bas. D'un simple pas, le Fils d'Yggdrasil couvre des kilomètres, traversant la forêt comme s'il s'agissait d'une jardinière. Il prend soin d'éviter de piétiner les arbres, laissant de lourdes empreintes dans des clairières ou des tourbières. Sans lui, il m'aurait fallu des jours pour traverser toutes ces étendues boisées... Je sens l'excitation me gagner. Prochaine destination, Amorgand, pour retrouver mon père !"
018d61e2-80f2-265c-5a4f-7485f1fa87bb,ALT_CORE_B_MU_22_C,Character,Hydracaena,"382 AC","Quand on voit un dracaena de taille adulte, on se dit que végéter lui a réussi.",,Arjun,"Je gravis la colline, m'appuyant de plus en plus sur mon bâton au fur et à mesure que j'approche du sommet. Les lanières de mon sac frottent sur mes épaules, et à chacun de mes pas, j'ai l'impression qu'il se fait de plus en plus lourd. Peut-être est-ce moi qui y appose sans faire exprès une idée de ""Lourdeur"", ou alors —hypothèse bien plus probable — je suis exténué·e, voilà tout. Je pose mon paquetage sur le sol herbeux et entrouvre ma chemise. Même si, après trois semaines sur les routes, mon corps commence à s'habituer à ce nouveau rythme, je suppose que j'ai un peu trop tiré sur la corde. Je m'adosse à un rocher couvert de lichen et ouvre mon pochon pour y saisir un biscuit. La vieille femme que j'ai aidée à creuser son puits m'a offert pas mal de vivres en récompense, mais ces derniers commencent à s'épuiser.

Allez, en route. Je bois une gorgée d'eau et hisse de nouveau mon barda sur mon dos. Peut-être est-il temps de faire un tour par une enclave humaine pour me ravitailler ? Tout à mes réflexions, je ne manque pas de laisser un bout de gâteau sec à l'intention de la petite Chimère qui continue sûrement de me suivre. Mais alors que je m'apprête à partir, une ombre tombe depuis le ciel. La créature se juche sur le rocher que je viens d'abandonner, déployant ses ailes végétales. J'écarquille les yeux en reconnaissant un dracaena, mais dont la taille est si imposante qu'un simple battement d'ailes fait flageoler mes jambes. Il a tellement grandi qu'il a développé plusieurs têtes, et toutes sont tournées vers moi, avec un soupçon de gourmandise. Je sais que je ne crains rien vu qu'ils préfèrent de loin les fruits à la viande. Il a probablement humé ma dernière pomme. Eh bien... la vie sur les routes réserve décidément bien des surprises..."
018d61e2-80f6-5486-a358-31175b8a7050,ALT_CORE_B_MU_23_C,Character,"Muna Merchant","384 AC","« Qu'est-ce qu'il vous faut ? »",,Arjun,"Je pousse de toutes mes forces, mes pieds patinant dans la boue. De l'autre côté de l'attelage, le marchand tire comme il peut sur la bride de son raton laveur géant. Petit à petit, la roue de la carriole se désembourbe et se met de nouveau à rouler sur les routes détrempées. Je souffle longuement alors que l'épicier itinérant me fait signe d'approcher. En montant la pente gadouilleuse, je vois Spike passer discrètement sa tête entre un tonneau de bois et une pile de caisses emmaillotées. Je lui souris, tandis qu'il entame sa danse de la joie. La moindre de nos victoires l'a toujours mis dans un état d'euphorie proche de l'ébriété. Le camelot de la franchise Cornucoopia me tend une gourde, et je m'empresse d'y boire quelques gorgées. Je dois dire que Kimo a été d'une agréable compagnie ces derniers jours.

En échange d'un peu d'aide pour charger sa charrette, il a offert de me déposer au prochain carrefour. Contre une place à son feu et une portion de ses rations, il m'a proposé de vendre ses produits aux divers marchés que nous avons croisés pendant qu'il négociait et troquait quelques-unes de ses autres marchandises. Et le soir venu, il me racontait ce qu'il avait vu durant toute sa carrière, et ce que ça signifiait de faire partie des Muna. Il n'avait pas été dupe. Il avait bien vu que j'avais moi aussi été éveillé·e. Il s'étonnait pourtant que personne n'ait pris le temps de m'expliquer ce que ça signifiait, et tout ce que cette étincelle impliquait. Alors qu'il cuisinait le contenu de ses bocaux et conserves, il m'avait conseillé de me rendre au Fuseau, pour que des officiants puissent me former plus avant. Et peut-être allais-je y aller. Mais pour l'instant, j'étais amplement satisfait·e de ce petit bout de chemin à ses côtés."
018d61e2-80f9-8d51-b319-5a52d4c78d73,ALT_CORE_B_MU_24_C,Permanent,"Bountiful Meadow",,"Voir croître la verdure est la plus grande joie qui soit.",,,"En ce moment chez Cornucoopia - Prix valable jusqu'au 2 décembre 393
Section Jardinage

ENGRAIS LIQUIDE
Gamme Rosée de Printemps
Flacon de 20 ml - 5ƒ99
Engrais liquide, chargé en Mana et des concepts de ""Résilience"" et de ""Luxuriance""
Utilisable en spray ou machine à bulles, idéales pour les prairies et les jardins

Cornucoopia propose une vaste gamme d'engrais liquides pour répondre à toutes vos envies printanières. Ludiques et faciles d'emploi, utilisez-les en tubes à bulles ou en sprays concentrés pour fertiliser durablement vos champs, bosquets ou jardins. Même au cœur de l'hiver, égayez vos journées en voyant fleurir la végétation comme à la belle saison. Floraison rapide et assurée, faible entretien.

Également disponibles en flacons de 50 ml (10ƒ99) et 100 ml (19ƒ99)

OFFRE SPÉCIALE : Pour l'achat d'un flacon de 100 ml, un sachet de graines offert !
Au choix : Sarcococca hookeria humilis, Daphne odora, Clematis armandii, Rosa x centifolia 'Muscosa', Lonicera japonica 'Aureoreticulata', Trachelospermum jasminoides"
018d61e2-80fc-020e-8bd4-0c03b05a2c7e,ALT_CORE_B_MU_25_C,Spell,"Meditation Training","392 AC","Ne pense pas que tu es, sache que tu es.",,Rin,"Je prends place sur le sol duveteux, essayant de calmer ma respiration. Pendant un instant, je m'imagine au sein de la Katkera, sous la frondaison des arbres qui oscillent au-dessus de ma tête, tandis que les rayons du Soleil transpercent la canopée. Mais nous sommes bien loin d'Asgartha, sous des cieux inconnus, et les arbres ici me sont étrangers. Cette forêt aussi est ancienne. Cependant, les troncs qui s'y élancent ont la couleur du marbre, et les feuilles qui y vacillent ont la teinte du miel. Je souffle longuement et m'assieds sur le sol moussu. Ces vénérables arbres répondront-ils à mon appel ? Immédiatement, je sens les filaments de Mana crépiter sous mes doigts, comme s'ils signifiaient leur accord. Ils ne semblent pas rejeter ma présence. Bien au contraire, ils m'invitent à entrer en résonance. J'étends ma conscience. Mon esprit remonte le long des veinules énergétiques, qui s'étirent comme du mycélium.

J'accède au Skein, le réseau d'énergie qui relie toutes choses et tous êtres. Je pourrais puiser à l'intérieur, mais ce n'est pas ce que je fais en cet instant. À l'inverse, j'y insuffle mon propre Mana, stabilisant mon environnement, ainsi que tout ce qui s'y déploie. Non loin, je sens l'Eidolon que j'ai matérialisé s'ébrouer. Son Mana est faible, et il est en train de se désincarner. Je mobilise mon énergie et celle du monde autour, la fais affluer vers lui. Les rigoles deviennent des ruisseaux, les ruisseaux une rivière... Lampée après lampée, je nourris son être, lui fais reprendre un peu de consistance, jusqu'à ce qu'il vibre à nouveau d'énergie. J'ouvre alors les yeux, remerciant les arbres tout autour. Après cette brève méditation, je me lève et me remets en route. Au-dessus de ma tête, les branches s'agitent et les feuillages bruissent, palpitant de réalité."
018d61e2-8100-e94f-1de5-87dbede9bcd9,ALT_CORE_B_MU_26_C,Spell,"Mana Reaping","376 AC","Tout est énergie, et c'est tout ce qu'il y a à comprendre.",,Arjun,"Elle n'hésite pas, fonçant tête baissée à travers les fourrés incendiés. Je la suis comme je peux, toussant bruyamment, essayant de me convaincre que mes maigres talents en Altération pourront l'aider. Autour de nous, les cendres tombent, nos pas soulèvent un tapis blanc et gris sous lequel couvent encore des braises rougeoyantes. La chasseresse hellequine manifeste l'idée de l'eau, et une bulle de liquide froid éclate au-dessus de nous, nous douchant par la même occasion. Immédiatement, mes vêtements imbibés se mettent à fumer tellement la chaleur est étouffante. Haletant, un douloureux point de côté vrillant mon ventre, je parviens à la rattraper alors qu'elle semble converser avec un renard. Ce dernier pointe une direction de son museau, puis détale à l'opposé tandis qu'elle s'élance de nouveau. J'aurais bien aimé me reposer quelques instants, mais le temps presse.

Je grogne et me remets en route. On doit éteindre ce feu de forêt coûte que coûte, avant qu'il ne ravage le versant est et ne se propage aux sous-bois. Là-bas, il y a l'exploitation de Yurij et le corps de ferme Oowaite... et le village ne peut pas se permettre de les perdre. Nous émergeons soudain dans une zone qui ne semble pas encore avoir été touchée par la flambée. Où est donc passé le feu ?  Je le comprends soudain en voyant un petit Djinn flotter indolemment dans les airs, non loin d'un parterre de fleurs sauvages et de russules. Un acte de malveillance ? Qui donc avait osé invoquer un tel Eidolon durant la saison sèche ? Je sens la chasseresse se connecter au Skein et prononcer sa sentence. Sans hésitation ni remords, elle aspire le Mana de la créature, désincarnant les idées qui la composent avant qu'elle ne puisse causer plus de dégâts. Je me laisse tomber sur les fesses, exténué et frustré de n'avoir servi à rien."
018d61e2-8103-b4ab-c31c-87c9628a9f6e,ALT_CORE_B_MU_27_C,Spell,Nurture,,"Après la pluie, le beau temps !",,,"""Le rapport qu'entretiennent les Muna avec la nature est sans pareil. Peu peuvent en effet se targuer d'être aussi étroitement liés aux choses et aux êtres qui les entourent. De cela, nous avons collecté de nombreux indices, pour ne pas dire des preuves. Cependant, la chose n'est pas évidente au premier abord. En étudiant la philosophie Muna, on peut distinguer qu'elle est avant tout tournée vers soi. Mais n'y voyez pas un quelconque égocentrisme, bien au contraire. Les Muna pratiquent l'introspection, et de ce fait, disposent d'une connaissance de soi qui dépasse de loin celle d'un individu lambda. Je pense que c'est cette sagesse intérieure qui dicte au final la relation qu'un Muna entretient avec le monde et avec autrui. Parce qu'il est lucide vis-à-vis de lui-même, il peut se concentrer en toute conscience sur ce qu'il veut apporter à ce qui est en dehors de lui. Il connaît sa place dans le monde. Il reste bien entendu des inconnues. Ce que les Muna appellent le Skein en est une. Si ce qu'ils disent est vrai, le Mana, que nous pensions né de la Confluence, pourrait avoir existé avant le cataclysme. Mais il était alors invisible, fermement ancré dans les êtres vivants et les choses inanimées. D'après leurs dires, ce Mana serait organisé en grande toile, où tout serait interconnecté. N'étant pas Muna, nous ne pouvons pas vérifier cette information. Mais si elle se révélait vraie, cela ouvrirait de nouvelles perspectives sur ce que nous pourrions accomplir. Et pourquoi pas, trouver une solution pour stabiliser la réalité ?""

Témoignage d'Issur, 157 AC
Lors du collège décisionnaire de validation des Muna en tant que Faction"
018d61e2-8106-c323-25f9-2263650b9ded,ALT_CORE_B_MU_28_C,Spell,"Beauty Sleep","378 AC","Prenez tout de même garde aux échardes de lin.",,Arjun,"C'est une sensation étrange. Je sais que je dors. Je suis là où j'ai fermé les yeux, adossé au grand ginkgo biloba qui surplombe la vallée. Ses feuilles jaunes tournoient en tombant, telle une pluie d'or autour de moi. Je les sens percuter ma peau, plus que je ne les vois. Il en va de même pour les chèvres qui paissent non loin de là. J'entends le bruit feutré de leur mastication, celui de leurs sabots effleurant la terre alors qu'elles cheminent à flanc de colline. Je suis assoupi, mais en même temps, je suis là, présent dans le monde comme je ne l'ai jamais été auparavant. Et quel est ce martèlement sourd que je perçois ? À travers la fine membrane qu'est devenue ma peau, je sens qu'il se diffuse dans mon être, comme un écho à la sève qui monte dans l'arbre. C'est comme si je sentais le sang battre dans mes veines.

Mais ce n'est pas mon sang, ni même ma lente respiration. C'est quelque chose de plus diffus, comme profondément enseveli sous une couche de matière. Comme des racines de lumière qui s'insinuent en moi et m'abreuvent de chaleur. Non, pas de lumière, d'existence. Oui. Je me sens exister et faire corps avec tout ce qui m'entoure. Je ressens mon être, enchâssé dans une volubile tapisserie qui ne finit pas à la frontière de mon épiderme. Je me sens en paix, avec le monde et avec moi-même. Je me réveille soudain, et ouvre brusquement les yeux. La sensation de plénitude est en train de refluer. C'est comme une douce étreinte qui se desserre, et que je ne veux pas laisser partir. De nouveau dans mon corps, une détresse m'envahit alors, comme une vague qui  me submerge. Mais en même temps, je sens qu'une étincelle s'est allumée en moi."
018d61e2-810a-f20c-046e-9ec9edc38924,ALT_CORE_B_MU_29_C,Spell,Harvest,"392 AC","Qui parle sème, qui écoute récolte.",,Flore,"J'ôte mes torques bleus et les confie à Spike, en profitant pour le câliner un peu. Assise sur le talus, je retire mon furisode et le plie soigneusement avant de le poser à côté de la petite Chimère, déjà toute accaparée par l'apatite et les anneaux dorés de mes bracelets. Autour de nous, les cigales chantent à tue-tête, emplissant la vallée d'une clameur assourdissante. Une fois prête, je me dépêche de rejoindre man toncle dans la rizière asséchée. Arjun est déjà occupé·e à couper les tiges de riz, le dos voûté et la sueur perlant de son front. Je dégaine ma propre faucille et me mets à l'imiter, regardant tout du long sa silhouette corpulente saisir des bottes et les poser sur le bord du champ. Je n'arrive pas à croire que dans quelques jours, iel sera parti·e. Une fois la récolte terminée, iel prendra son baluchon, et ellui et Spike partiront vers Arkaster...

Je soupire. Je commençais à m'habituer à sa présence. Durant toute mon enfance, iel avait été loin. Bien sûr, maman me parlait souvent d'ellui. Mais à part les quelques fois où iel nous rendait visite, je n'avais jamais eu le temps de lae connaître. Et maintenant, voilà qu'iel allait repartir, et cette fois, peut-être pour de bon... Je dépose un fagot aux pieds de Qaaje, qui l'amène à Astana et Celestino. Je les regarde battre les tiges au-dessus d'un bac en bois, pour en extraire le riz paddy qui sera ensuite séché, puis passé à la décortiqueuse manuelle pour en retirer la cosse... Mais quoi que je fasse, mon attention est toujours ramenée vers Arjun. C'est ellui qui m'a enseigné les rudiments de l'Altération. En son absence, je devrai continuer seule et par moi-même... Iel se retourne alors, essuyant son front couvert de transpiration. Et les larmes me montent aux yeux en voyant qu'iel porte autour du cou la cordelette couleur clémentine que je lui ai offerte."
018d61e2-810d-36fa-101e-63bc5fb16f97,ALT_CORE_B_MU_30_C,Permanent,"The Spindle, Muna Bastion","381 AC","Le Refuge de l'Écorce, le sanctuaire où les Muna conversent avec les plantes sentientes.",,Teija,"Arrivés tout en haut de la colline escarpée, le Fuseau se déploie devant nous dans toute sa magnificence. Ça fait quelques heures que j'aperçois son feuillage rose entre les cimes des arbres, mais le voir enfin dans toute sa splendeur me laisse pantoise. À côté de moi, Bokang esquisse un sourire devant mon air hébété. Mon professeur a toujours fait preuve d'espièglerie à mon égard, tout au long de mon apprentissage. Mais bientôt, nous deviendrons des pairs, et non plus un maître et son élève. Là-haut, dans les branchages de l'arbre-monde, des myriades d'oiseaux volettent telles de petites taches blanches ou colorées. D'après ce qu'on dit, le Fuseau est un écosystème à part, presque isolé du reste de la Katkera. À le voir ainsi, je comprends pourquoi les Asgarthi le considèrent comme le Bastion de la Faction, même si les Muna ne se sont pas attribués de quartier général proprement dit.

Je réalise que c'est la fin de mon pèlerinage, la dernière étape de mon apprentissage avant de devenir officiellement une Muna, moi aussi. Dans quelques jours, je ferai un jeûne pour purifier mon être. Je devrai gravir le Fuseau et collecter des échantillons de lianes et de racines. Et lorsque je finirai mon nœud Namkha, ce sera le signe que je ferai pleinement partie de la Faction. Je caresse le museau de Nauraa, qui glapit d'excitation. Oui, je sais. Ensuite, ce sera le moment pour nous de célébrer le Musubi, la cérémonie par laquelle lui et moi allons nous lier par l'âme et l'esprit. Je tire la langue en direction de Bokang, qui se contente de rire à gorge déployée. Même aujourd'hui, je ne sais pas s'il m'a choisie comme élève par instinct, ou parce qu'il savait que la Faction allait avoir besoin de Nauraa et moi en tant qu'Exalt."
018d61e2-8110-6cc8-3b4e-81e0c683ae57,ALT_CORE_B_NE_1_C,Token,"Mana Convergence","392 AC","Le Mana est le ciment qui lie la substance des idées à celle de la réalité.",," Afanas","Je suis le cortège funéraire du regard tandis qu'il se dirige lentement vers le cimetière de l'Asphodèle. Je n'ose pas me joindre à eux, préférant laisser à la famille de Matera un peu d'intimité pour qu'elle puisse exprimer sa peine. Je vois la silhouette voûtée de ses parents, entourant comme ils peuvent celle de son petit frère. Durant toute la cérémonie, ce dernier n'a pas arrêté de sangloter, inconsolable et incapable de retenir ses larmes. Je soupire, plongeant mon regard dans les eaux turquoise et glacées du fjord. Mais je le détourne vite. Fixer l'eau trop longuement fait ressurgir les souvenirs amers de sa mort... Soudain, je sens tous les poils de mon corps se hérisser. Je fais volte-face, pour voir l'Eidolon de Wanjiru me fixer, tranquillement assis sur une stèle. Il me salue et me fait signe d'approcher, ce que je me résous à faire après une brève hésitation, tandis que mon corps tout entier est parcouru de sueurs froides.

""Toutes mes condoléances pour ta Disciple, Initié"", me lance-t-il. ""Et toutes mes félicitations pour avoir vaincu le Kraken."" J'étrécis les yeux, ne sachant pas pourquoi le fondateur du Qorgan s'intéresse à moi. Ai-je bafoué un Interdit ? Wanjiru se contente de sourire. ""Je conçois que le moment est mal choisi, mais la sécurité d'Asgartha ne tolère aucune concession. Je sais que le Kraken a été terrassé d'une façon singulière, par l'entremise du jeune Bravos. Pour autant, même si je crois que ses intentions étaient louables, sa façon de procéder m'interpelle au plus haut point. Peu peuvent se targuer de conjurer du Mana de manière aussi... vorace."" En effet, Kojo avait réussi à absorber des quantités de Mana phénoménales, bien au-delà de ce que les Altérateurs avaient l'habitude de collecter. ""C'est pourquoi j'ai besoin de toi, Afanas. Il serait dommageable que certains secrets s'éventent..."""
018d61e2-7edb-5356-2494-c7a689b7dd25,ALT_CORE_B_FOILER_C,Foiler,ALT_CORE_B_FOILER_C,,,,,
018d61e2-8114-3c30-2ddd-c4a6dbb5a9e3,ALT_CORE_B_OR_01_C,Hero,"Sigismar & Wingspan",,"« Suivez-moi, compagnons ! Si nous travaillons de concert, rien ne pourra nous arrêter ! »",,,"392 AC - Wingspan glapit en direction de notre assaillant, tandis que mon épée s'abat sur une autre Chimère qui nous attaque par le flanc. Je jette un rapide coup d'œil vers Sunisa, dont le bouclier présente déjà plusieurs éraflures. Mon aide de camp couvre notre côté gauche, essayant de repousser de la pointe de sa lance les créatures du Tumulte qui nous prennent d'assaut. Elles sont nombreuses, et leur multitude ne semble pas vouloir tarir. Pour autant, nous devons tenir bon pour permettre au convoi de passer le col. Une patte griffue heurte mon bouclier, lacérant sa surface. Je sens le poids de son attaque sur mon épaule, mais parviens à encaisser le choc en serrant les dents. J'écarte la créature, appuyant de toutes mes forces pour la faire déguerpir. Wingspan parvient à l'attraper dans son bec, l'envoie valdinguer un peu plus loin.

Les bêtes qui nous encerclent feulent, aux aguets, attendant qu'une occasion se présente. Je dois profiter de cette brève accalmie pour faire basculer l'échauffourée à notre avantage. Wingspan déploie ses ailes et prend son envol, ses lourdes ailes propulsant de puissantes bourrasques. Les créatures bondissent en arrière. Maintenant. Je plante ma lame dans le sol, puisant dans le Mana de mon Alter Ego. De ma main libre, je trace un Glyphe dans les airs, avant de l'apposer sur le sol. L'Eidolon de Maibritt se matérialise devant moi, brandissant son épais pavois pour me fournir un couvert. Elle n'est pas seule. Une autre recrue Ordis se manifeste à ses côtés. Hallebarde et lance dardent les rangs des créatures du Tumulte. En concentrant mon Mana, j'invoque depuis mon imagination un torrent de feuilles de papier. Elles virevoltent, emplissent l'air comme un blizzard papillonnant. Partout où une page se dépose, elle s'y colle, comme si elle était couverte de glu. Je souris en voyant que les créatures finissent prises au piège dans un amas de feuillets collants."
018d61e2-8117-dd67-359b-6ea6f1ed96dc,ALT_CORE_B_OR_02_C,Hero,"Waru & Mack",,"La bureaucratie est un art qui exige une grande planification.",,,"392 AC - Caer Oorun, la Province Perdue. Deux cent soixante-dix-sept ans après l'abandon de ce territoire aux... tentacules du Kraken, cette contrée était de nouveau foulée par les Asgarthi... Presque trois cents ans, et que de choses oubliées, que de mystères à éclaircir ou redécouvrir. Que de temps perdu. Je soupire et inspecte la ruine, recouverte de mousses, de lichen et de lierre. Un corps de ferme, probablement, dont les murs se sont effondrés à cause de l'érosion et du manque d'entretien. Il devait y avoir là une grande étable, ici un puits... Mack est posé sur un muret, se curant nonchalamment les griffes. Il avait sûrement hâte de regagner l'Ouroboros, pour replonger dans les intrigues fascinantes qui s'y jouaient en permanence. Entre les opposants à l'Effort de Redécouverte, et les officiers qui se comportaient comme des sycophantes tout en briguant plus de pouvoir, il y avait certainement de quoi faire, là-bas.

Mais nous étions désormais un Exalt, et notre mission première était d'explorer le vaste monde, tout en gardant bien sûr un œil attentif sur les autres champions d'Asgartha. Et de toute façon, il fallait bien que mon Alter Ego cède parfois aux caprices de sa vieille moitié. Mack secoue la tête, exprimant sans fard son ennui. Lui n'était clairement pas aussi intéressé par les vieilles pierres. Et malgré toutes mes tentatives de l'initier à l'histoire, à l'archéologie ou à l'étude des temps passés, rien n'avait capturé longuement son attention. Je lui souris, tandis qu'il se laisse tomber à la renverse dans l'herbe drue et se met à gesticuler comme un impatient garnement. Patience, mon ami. Une porte vermoulue gît sur le sol, ensevelie sous des gravats et un tapis de mauvaises herbes. En faisant appel à mon imaginaire, je recompose ce que la bâtisse devait être à l'origine. Des images-fantômes se mettent à se mouvoir devant moi, comme une saynète vestigiale, un fantasme de ce que pouvait être le passé. Tel un voyeur, je les contemple."
018d61e2-811a-37ce-be3c-cc0df639f49d,ALT_CORE_B_OR_03_C,Hero,"Gulrang & Tocsin",,"L'idéal de l'Ordis repose sur la patience et l'endurance.",,,"392 AC - La pluie tapote contre ma peau de marbre ; Le Kraken rugit, émergeant des sombres eaux ; Résonne mon vaillant cor entre monts et vaux ; Malgré le vent, je ne ploierai pas comme l'arbre ; Portées par le devoir, nul besoin de palabre ; Les troupes chargent, nimbées du pressant halo ; Du courage, de la gloire comme un manteau ; Fendre, fendre, sortez au clair, lances et sabres ; Sable noir où roulent les trépidantes vagues ; Ô, ondées traîtresses où sont cachées des dagues ; Fendre, fendre, que tombent les serpents sifflants ; Pour que la vile bête pour l'éternité sombre ; Et pour qu'enfin, l'espoir rayonne, étincelant ; Faites ployer l'ouragan devant votre nombre... Ha ! Je reçois soudain un sermon de la part de Gulrang, m'intimant au silence. Pas un moment pour la poésie ? Ce n'est pas parce que se dresse devant nous un redoutable ennemi que nous devons mettre en sourdine nos prétentions artistiques. Mais soit !

Debout sur mon piédestal de pierre, je souffle longuement dans mon trombone, signalant aux lanciers de se mettre en branle. Gul se tient parmi eux, son lourd pavois brandi pour couvrir leur avancée. Elle me dévisage et me fait un discret signe de tête. Je fais de nouveau tonner mon instrument, appelant tous les soldats à prendre position. À l'unisson, fifres et percussionnistes Lyra se mettent à jouer en cadence, mais rapidement, le concert se transforme en cacophonie au gré de tous les mouvements de troupes. Ha ! Il va leur falloir un chef d'orchestre pour battre la mesure. J'avertis Gulrang, et sens en retour les idées qu'elle canalise filtrer à travers mon être pour se déverser sur le monde. Des Glyphes signifiant tour à tour ""Coordination"", ""Arrangement"" et ""Harmonisation"" se dessinent sur ma conque. Et j'expire de toutes mes forces dans le cor, mes mécanismes intérieurs servant de soufflerie pour les propager sur tous les troubadours..."
018d61e2-811d-5b81-88bf-ef11b6542a2a,ALT_CORE_B_OR_04_C,Character,"Paper Herald",,"Les paroles s'envolent, les écrits aussi.",,,"NOTICE D'UTILISATION
Rédigez votre message sur une ou plusieurs feuilles d'origami standards, format 15 x 15 cm ou 20 x 20 cm
Inscrivez au recto le nom de l'expéditeur
Inscrivez au verso le nom du destinataire
Réalisez votre pliage conformément au département ou service à contacter (consultez la liste ci-jointe)
Apposez le Glyphe ""Vie"" sur le Héraut de Papier réalisé
Donnez à l'oral vos instructions personnalisées
Notifiez l'envoi à votre destinataire à travers votre Gestalt (procédure optionnelle)

Grue                     Sanctum
Pélican                 Kurung
Lapin                    Havre
Tortue                   Tribunal
Coléoptère           Aegis
Abeille                  Talaria
Fourmi                 Offices cléricaux
Grenouille            Offices notariaux
Papillon                Palais de l'Astérion
Libellule               Guilde des Historiens
Fleur de Lotus      Refuge de l'Écorce

Pour consulter les codifications des sous-officines, référez-vous à la circulaire 80-PA1020.

Attention : tout défaut de pliage peut entraîner une erreur de classement ou d'aiguillage, avec à la clé de potentiels retards de délivrance."
018d61e2-8121-181b-0157-a12c1dc56371,ALT_CORE_B_OR_05_C,Character,"Ordis Trooper","382 AC","« Relevez la tête, tenez vous fièrement. Vous êtes maintenant boucliers de l'Aegis ! »",,Gulrang,"Je fais un discret signe de tête à l'attention d'Aedyt, et cette dernière ajuste sa posture, essayant autant que possible de paraître assurée. Cela m'avait toujours paru étrange que la Troupière s'accroche autant à son envie d'intégrer l'infanterie de l'Aegis. Elle était toujours anxieuse, en permanence timorée, arrivait souvent dernière ou avant-dernière aux parcours d'obstacles... En maintes occasions, je lui avais proposé une porte de sortie, une astuce pour retourner à la vie civile la tête haute ou bien un transfert vers les corps administratifs. Mais à chaque fois, elle avait refusé avec entêtement, presque avec véhémence. Malgré les moqueries, elle avait tenu bon. Face aux humiliations, elle avait tenu tête. Je voyais bien que les remarques désobligeantes des autres recrues affectaient son moral, mais là encore, elle se contentait de baisser la tête et d'aller de l'avant en serrant les dents.

Les autres recrues l'accusaient de saboter leurs efforts, affirmant que ses piètres performances affectaient les résultats de tout le régiment... et j'avais failli intervenir quand les brimades flirtaient avec le harcèlement. Mais tout ça changea lors d'un exercice. L'Altérateur en charge de la manœuvre perdit le contrôle de l'environnement qu'il avait créé, et une Singularité était en passe de naître en plein milieu du Kurung. De nombreux soldats commencèrent à fuir pour se mettre à l'abri, en attendant que des vétérans ne mettent un terme à la menace. Aedyt fut la seule à se jeter dans les vents de Tumulte pour agripper l'Altérateur et le traîner hors de danger... Quand il avait fallu vaincre la peur, elle l'avait foulé aux pieds sans état d'âme, pour se précipiter à l'aide de son camarade quand tout le reste de l'assemblée avait préféré prendre leurs jambes à leur cou. La perception du régiment changea alors du tout au tout, quand il prit conscience qu'elle était probablement, malgré les apparences, la plus brave d'entre eux."
018d61e2-8124-2142-1179-f505af26ad6f,ALT_CORE_B_OR_06_C,Character,"Ordis Cadets","390 AC","Ensemble ils apprennent, ensemble ils protégeront.",,Sigismar,"Wingspan se pose dans la cour du Kurung, rabattant ses ailes derrière son dos alors que je glisse hors de la selle et le long de son plumage bleuté. Je flatte son encolure, ébouriffe affectueusement ses plumes, caresse son bec. C'est alors que je remarque que tous les yeux des Cadets se sont posés sur nous, interrompant les manœuvres que leur instructeur leur a dictées. Juste avant d'atterrir, je les avais vus effectuer des chorégraphies en duo. C'était une importante leçon de savoir batailler à deux ou à plusieurs, afin de ne dégarnir aucun flanc, afin que toute brèche dans les défenses soit immédiatement colmatée. Mais il semble que la curiosité ait pris le pas sur la discipline. Je les regarde observer mon griffon avec de grands yeux, tels des enfants. Et effectivement, beaucoup d'entre eux sont encore jeunes.

Je m'approche d'eux et retire mon casque, amenant Wingspan avec moi pour qu'ils puissent le rencontrer. Aussitôt, les Cadets abandonnent leur entraînement pour venir découvrir et caresser ma Chimère. Et cette dernière se laisse faire, prenant bien soin de ne pas faire de mouvement brusque. Depuis toujours, mon Alter Ego a montré une grande précaution vis-à-vis des jeunes humains, jouant volontiers avec eux, en s'efforçant de ne pas les blesser. Peut-être que dans quelques années, certains d'entre eux postuleront en tant que recrues officielles de l'Aegis. Mais pour l'instant, il fallait encore qu'ils apprennent les bases. Je salue l'instructeur, qui ramasse les armes en bois que les Cadets ont laissé traîner sur le sol. Peut-être sermonnera-t-il les soldats en herbe une fois que je serai parti. Présentement, il les laisse me presser de questions, non sans un malin plaisir. Je pose un genou à terre pour leur répondre. C'est aussi là ma mission en tant qu'Exalt : servir de figure de proue pour l'Ordis..."
018d61e2-8127-1d76-fe6b-a7ef2044901f,ALT_CORE_B_OR_07_C,Character,"Monolith Rune-Scribe","387 AC","C'est une bonne situation, Scribe ?",,Gulrang,"Baxsan m'indique un nouveau symbole — ""Entrave"" — et je trace le Glyphe sur mon vélin. ""Obscurité"", ""Passage"", ""Girouette"", ""Mur"", ""Labyrinthe""... les idéogrammes s'enchaînent les uns après les autres, et je m'évertue à les reproduire. Bien sûr, je butte sur certains d'entre eux, en particulier ""Lagon"" et ""Aigu"". Heureusement, Bax me reprend et corrige mes erreurs, montrant une patience infinie face à mes tâtonnements et mes tergiversations. Je suis encore loin d'avoir le vocabulaire des autres Exalts en matière de Glyphes et d'Altération en général, mais je suis résolue à rattraper mon retard vis-à-vis du Heka. J'ai eu la chance que Venka me mette en relation avec la fille d'une amie à lui — une Scribe Runique de haute volée — et que cette dernière accepte de prendre le temps de parfaire mon éducation. Je me masse les tempes et fronce les sourcils en essayant de décrypter un autre Glyphe.

Bax ferme son livre et prend place au centre du cercle scripturaire, m'invitant à la rejoindre. Après plus de deux heures à déchiffrer des Glyphes, j'avoue que ma tête était sur le point d'exploser. Elle a dû sentir que j'arrivais à saturation. En tout cas, passer au travail pratique me va très bien. J'ai toujours préféré mettre les mains dans le cambouis plutôt que me tâcher les doigts d'encre. Avant même que je parvienne au centre du cercle d'invocation, Baxsan appose un Glyphe sur le sol, scarifiant ce dernier de mille éclairs. Sous la pression de sa paume, des blocs de pierre jaillissent du plancher. Je sais à quel jeu elle veut jouer. Il va me falloir matérialiser quelque chose pour contrer ce qu'elle a conjuré. Un paratonnerre ? Un isolant quelconque ? J'appose mon propre Glyphe sur mon armure, qui se transmute en tenue isolante, et entre dans l'aire de duel. Bax se permet un sourire. À mon tour, maintenant. Qu'est-ce que je vais pouvoir incarner pour la mettre en difficulté ?"
018d61e2-812b-bf30-8f31-091610dfb2c7,ALT_CORE_B_OR_08_C,Character,"Monolith Legate","363 AC","« Votre document a expiré. Pour toute réclamation, prenez rendez-vous avec l'Archiviste. »",,Waru,"La Légat me toise alors que je lui soumets en toute discrétion le projet de lancement de l'Effort de Redécouverte. Elle hausse les sourcils avec un air agacé, et entreprend de le lire, avec pour claire consigne d'en souligner toutes les failles. Bien entendu, je suis passé par des réseaux officiels ; il n'y a donc aucune raison qu'elle suspecte une quelconque tricherie. Elle doit tout juste penser que mon objectif, en tant qu'opposant public d'Avkan, est de dénicher de quoi discréditer l'édit, de quoi mettre des bâtons dans les roues de mon rival. Bien sûr, elle ne le fait pas de bon cœur, et elle me le signifie par son attitude pincée et revêche. Pour autant, la démarche s'ancre dans un procédé on ne peut plus démocratique. Même si cela va à l'encontre de ses propres convictions, elle ne peut s'y opposer et elle le sait très bien.

Fidèle à mon personnage, je lui intime de se presser, claquant la langue avec désobligeance pour lui faire part de mon irritation et de mon impatience. Elle me fusille du regard, mais continue d'éplucher le document sans mot dire. Plus elle me détestera, plus elle sera inconsciemment réceptive aux demandes des partisans d'Avkan le moment venu. Elle repose le document annoté et le glisse sur la table dans ma direction. Je le saisis sans même un remerciement, me fendant d'un soupir exaspéré. Je la sens fulminer en silence tandis que je lis ses addenda. Comme on pouvait s'y attendre, le projet présentait des problématiques de financement, et les coupes budgétaires nécessaires pour financer l'entreprise allaient certainement créer la grogne. Il y avait aussi une question de temporalité, et surtout de continuité. En l'état, le mandat du Basileus ne suffirait pas à la concrétiser. Et surtout... hmm, il fallait que j'apporte ce document à Avkan pour qu'il prenne conscience de certaines implications légales."
018d61e2-812e-902c-2c69-58bb7fdfd10e,ALT_CORE_B_OR_09_C,Character,"The Frog Prince","386 AC","Fort heureusement, il ne scelle pas ses contrats par un baiser.","Issu d'un conte folklorique allemand recueilli par les frères Grimm, le Roi-Grenouille est un prince qui a été changé en batracien suite à une cruelle malédiction. Lorsqu'une princesse laisse choir par mégarde son ballon doré au sein de sa mare, le Roi-Grenouille lui propose de la récupérer, en échange d'une promesse : celle de devenir son amie. Mais cette dernière ne respecte pas sa parole. Après avoir plaidé son cas auprès du père de la jeune fille, il le convainc de son bon droit, forçant le roi à transiger en sa faveur auprès d'une princesse ulcérée.",Waru,"Il s'appuie contre le dossier de son fauteuil et saisit sa balle dorée, qu'il fait rouler entre ses doigts effilés. Il lit la missive que je lui ai apportée, perplexe face à son contenu, puis entreprend d'étudier le sceau basiléal pour s'enquérir de sa véracité. Cela devait paraître étrange que l'opposant le plus notoire d'Avkan soit nominé en tant qu'Exalt, mais les raisons officielles étaient nombreuses. Pour contenter les adversaires du Basileus, j'avais moi-même proposé de prendre place au sein de l'avant-garde, pour soi-disant surveiller de l'intérieur les avancées des Corps expéditionnaires. Une taupe, un espion à leur solde, en somme. Ils s'étaient même réjouis quand nous avions réussi à arracher cette concession, qui au fond, n'en était pas une. En vérité, le rôle d'Avkan arrivait à son terme. Il avait manœuvré habilement pour concrétiser l'Effort de Redécouverte, et c'était désormais à moi d'assurer sa pérennité sur le terrain.

Et Mack allait être un atout de choix pour débusquer les conspirations éventuelles qui n'allaient pas manquer de naître au sein de l'Ouroboros. Le Roi-Grenouille me considère de ses yeux tout aussi globuleux que perçants. Il saisit sa loupe, s'assure que le document est authentique, et non une vulgaire contrefaçon. Puis il trempe sa plume dans l'encrier, et signe en bas de page la confirmation notariale de cette proclamation. Je souris quand il me remet mon exemplaire. C'est désormais officiel : Mack et moi sommes un Exalt. C'est à mon tour de porter sur mes épaules le poids de notre ambition commune. Le voyage ne sera pas de tout repos, et je vais devoir entretenir ma condition physique... mais c'est un faible prix à payer pour avoir la chance de contempler le Tumulte et les vestiges qu'il doit encore contenir. Je me ressaisis en voyant le Roi-Grenouille étrécir les yeux. Il serait dommageable qu'il en vienne à suspecter toute l'étendue de notre combine..."
018d61e2-8132-2c6d-0f53-3fe549a70214,ALT_CORE_B_OR_10_C,Character,"Monolith Archivist","367 AC","« Le document a été mal rempli. Veuillez prendre un nouveau rendez-vous demain. »",,Waru,"Sur sa table, de lourds volumes sont entassés au milieu de monstrueuses piles de feuillets et de notes griffonnées. Je me présente devant l'archiviste, claquant lestement ma canne pour attirer son attention. Il lève les yeux et me toise quelques instants, étudiant avec attention l'accréditation signée que je lui tends. Sans un mot, il se lève et saisit son lourd trousseau de clés, me faisant signe de l'accompagner. Nous cheminons en silence à travers le dédale de rayonnages du Sanctum, descendons l'escalier en colimaçon qui s'enfonce dans les entrailles de la bibliothèque tentaculaire. Au fur et à mesure que nous avançons, je remarque que les étagères se font plus poussiéreuses, les ouvrages qu'elles contiennent plus obscurs et visiblement moins sollicités. En tournant la tête, je vois l'Eidolon de Kikimora passer le balai dans une zone qui n'a probablement pas été visitée depuis des lustres...

L'archiviste s'arrête devant une grille et passe en revue son jeu de clés dans le but de trouver la bonne. Puis il enfonce le précieux sésame dans l'étrange verrou qui scelle la section interdite, où tous les recueils dangereux du Sanctum sont enfermés à double tour. Alors que je pénètre dans la zone restreinte, Mack bondit discrètement hors de ma tunique et se dissimule hors de vue. Je souris à l'archiviste et le suis dans le capharnaüm de livres, rouleaux et tablettes sensibles, tout en supervisant la fouille discrète de mon Alter Ego. Il se faufile entre les rangées de livres, tout en pestant quand je lui donne des directives. ""Je sais ce que je fais"", me répond-il avant de couper la communication. Bien plus tard, assis sur un banc de la Fourmilière, Mack vient me retrouver, déposant un lourd grimoire juste à côté de moi. Beau travail. Il ne reste plus qu'à le déchiffrer et apporter en catimini sa traduction au Basileus."
018d61e2-8135-5925-8ead-c5ac6168fa24,ALT_CORE_B_OR_11_C,Character,Ozma,"368 AC","« N'abandonne jamais. Personne ne sait de quoi demain sera fait. »","Créée par L. Frank Baum dans les suites du Magicien d'Oz, Ozma est la fille de l'ancien roi, Pastoria. Transformée en un garçon appelé Tip par la sorcière Mombi, elle est élevée sans connaissance de son passé et de sa prétention légitime au trône. Après que la bonne sorcière Glinda lui a redonné sa véritable apparence, elle monte sur le trône du Pays d'Oz, en tout temps accompagnée de sa chère amie Dorothy Gale.",Sigismar,"Je sanglote sur le sol du préau, tandis que résonnent encore les rires et les pas précipités des enfants qui viennent de me chahuter. Les larmes coulent sur mes joues alors que je tiens mon genou râpé et ensanglanté. Mais ce ne sont pas mes plaies ou mes contusions qui me font mal. C'est surtout ce qu'ils ont dit sur moi et ma famille : ""On ne veut pas de toi ici"", ""Mauvaise graine"", ""Fils de traîtres""... Ce n'est pas la première fois qu'ils m'alpaguent. J'ai déjà été poussé contre un mur, enfermé dans les toilettes tandis qu'ils me renversaient un seau d'eau glacée sur la tête. Et chaque jour, il y avait tout plein de remarques assassines, que les instructeurs peinaient à décourager. Mais je ne pouvais rien dire à Mère. Si je le faisais, elle me retirerait de l'école, et je serais de nouveau seul...

Une main se pose soudain sur ma tête et je lève les yeux, essayant de sécher mes pleurs, cherchant une excuse pour ne rien laisser paraître des brimades. Je m'apprête à dire que je suis juste tombé tout seul quand je remarque que ce n'est pas un instituteur, mais l'Eidolon Ozma qui se penche vers moi. Elle se contente de me sourire et de caresser mes cheveux affectueusement. Et lorsque je bafouille quelques explications, elle pose un doigt sur ma bouche et m'enlace tendrement. Je ressens tout à coup un amour inconditionnel me traverser de part en part, une acceptation totale de qui je suis, malgré l'ignominie qui pèse sur ma lignée. D'un baiser sur mon front, elle chasse cette pensée de mon esprit, avant de me répéter que je n'ai nullement à payer pour les fautes de mes ancêtres. J'essuie mes yeux sur mes manches, et pose ma tête sur ses genoux tandis qu'elle se met à fredonner une petite comptine."
018d61e2-8138-e5f6-12c0-432e31de6103,ALT_CORE_B_OR_12_C,Character,"The Council","368 AC","La simple idée de faire face au Conseil suffit à dissuader la plupart des criminels d'Asgartha.",,Waru,"Je lance mon dossier sur la table, et toutes les feuilles qu'il contient se déversent sur le sol de l'auditorium. Autour de moi, mes alliés politiques se lèvent d'un bond, invectivant le conseil, contestant futilement sa décision. Mais le porte-parole de la Tétrarchie martèle son bloc sonore pour faire taire les dissensions et rappeler tout le monde à l'ordre. Sur le banc adverse, les partisans de l'Effort de Redécouverte se congratulent de leur succès, tandis que le Basileus se contente de hocher la tête. Je le dévisage, prenant soin de manifester sur mon visage une expression de pur dégoût. Je dois faire bonne figure, alors je frappe théâtralement la table du poing et m'assieds en laissant choir ma canne. Il me faut comme d'habitude jouer mon rôle à la perfection. Les quatre conseillers se lèvent et quittent leur estrade, se dirigeant vers le dais pour ratifier l'ordonnance.

Tour à tour, ils apposent leur signature et le sceau de leur office sur l'édit de recommandation de l'Effort de Redécouverte. Devant la cohue vindicative, l'un d'eux fait signe aux sentinelles de l'Aegis de ramener l'ordre dans l'assistance, sous les huées des protestataires. Mais il est vain de récuser leur choix. Pour encore quelques mois, ils restent les dirigeants absolus de l'Ordis, et leur parole est d'évangile. C'est pour nous une nouvelle étape de franchie. Il ne reste plus que le vote populaire pour entériner tout cela. J'aimerais sourire pour célébrer la victoire, mais je me force à faire grise mine, reluquant Avkan avec des éclairs feints dans les yeux. Je le vois se lever, serrer des mains, puis se tourner vers moi pour me faire un discret signe de tête. Mais il prend bien la peine d'afficher une morgue arrogante pour dissimuler toute la gratitude qu'il pourrait ressentir à mon égard. Depuis combien d'années durait entre nous cette mascarade ?"
018d61e2-813c-09fb-1291-3197894f8427,ALT_CORE_B_OR_13_C,Character,"Ordis Gatekeeper","389 AC","La Sentinelle de l’Aegis ouvrit la porte et fit un pas de côté pour la laisser passer, la saluant d’un hochement de tête.",,Gulrang,"Je m'arrête net devant la salle du Conseil en voyant Maibritt se dresser devant la porte close. Ainsi, ils sont en session... et la présence d'une Templière indique qu'ils ne souhaitent pas être dérangés pendant qu'ils parlementent. Je m'approche de la sentinelle, et elle se met au garde à vous, frappant le sol de l'extrémité de son pavois pour me prévenir que toute négociation est vaine. Je ne passerai pas, le message est on ne peut plus clair. Je me plante devant elle, lorgnant sur la chaîne en or qui symbolise son office et les trois parchemins scellés qui établissent son autorité : un pour son grade de Templière, un pour son appartenance à l'Ordre de Syn... et le troisième et dernier frappé de l'emblème du Libra, tout comme son bouclier. Secours, sécurité et justice : les trois facettes de sa profession de foi. Elle me surclasse sur tous les plans, hormis peut-être sur les affaires des Corps expéditionnaires.

Elle soutient mon regard, et finit par se détendre en me voyant me positionner à côté d'elle. Si elle a reçu l'ordre de ne laisser passer personne, rien n'a été stipulé sur le fait de laisser quelqu'un attendre au pas de la porte. Il y a longtemps, j'avais envisagé une carrière similaire à la sienne. Les Templiers faisaient partie des troupes d'élite de l'Aegis, missionnés aux quatre coins de la péninsule. Des troupes de choc, à la solde de la Tétrarchie et mises à disposition des instances de l'Astérion. Mais au fur et à mesure de mon avancement au sein de la hiérarchie militaire, j'en étais venue à comprendre que mon véritable talent était de transmettre mon savoir aux cadets et recrues qui arrivaient chaque année dans la caserne de la capitale. Qui plus est, Maibritt devait désormais me regarder avec un soupçon d'envie. De nous deux, j'étais celle qui allait franchir la porte au lieu de faire le pied de grue sur son seuil..."
018d61e2-813f-4695-37d1-ed4668d79487,ALT_CORE_B_OR_14_C,Character,"Ordis Spy","390 AC","L'espionne qui ne vous aimait pas.",,Sigismar,"Alors que je referme doucement la porte d'entrée, je remarque immédiatement la fenêtre entrouverte et les rideaux qui volettent nonchalamment dans la pénombre. Si je porte une main à ma dague, je sais en vérité qu'il est peu probable qu'un danger me menace. La mise en scène est bien trop ostentatoire. C'est comme si elle m'avertissait d'une intrusion. Puis je vois un verre à demi rempli sur mon bureau, une paire de gants en velours sur le montant de la cheminée, un châle lâché négligemment sur le divan. Évidemment. Je hume le parfum capiteux de l'écharpe, saisis le verre pour en boire une lampée. Puis je me dirige vers ma chambre, où je peux déjà entendre l'eau de la douche ruisseler en abondance. Je pose mon barda et m'installe patiemment sur le lit, savourant la liqueur que Hasret a dérobée dans mon cabinet.

Elle émerge de la salle d'eau vêtue d'une simple serviette, cheveux noir de jais et épaules encore constellées de gouttes d'eau. Je lui souris, et elle se contente de feindre l'étonnement, alors que je sais pertinemment qu'elle m'a entendu arriver. Hasret passe à côté de moi et subtilise mon verre, se contentant de désigner du doigt un parchemin posé sur ma commode. Bien, cela veut dire qu'elle a trouvé quelque chose dans les archives de l'Astérion... Elle est l'une des cambrioleuses les plus douées de sa génération, et ne serait pas revenue bredouille, de toute façon. Question d'honneur. Je détourne les yeux pour la laisser enfiler ses vêtements, ouvrant le rouleau qu'elle a dérobé pour moi. Il y est fait mention de mon ancêtre, Ayxas. En parcourant davantage le texte, je découvre qu'il s'agit d'un pamphlet accusateur de Vissentes Narses, son contemporain... Peut-être trouverai-je ici un indice qui m'aidera à comprendre pourquoi mon aïeul avait commis tous ces outrages ?"
018d61e2-8143-2c75-47f0-8af7428219d6,ALT_CORE_B_OR_15_C,Character,"Kakoba, Legion Commander","387 AC","Le général devenu érudit ; l'érudit devenu sénateur.",,Sigismar,"Les pièces sont soigneusement alignées sur l'échiquier. Je contemple la main tendue du Commandant et m'assieds en face de lui en écartant les pans de mon manteau, tandis que mon griffon s'allonge près de la fenêtre. Une petite partie ne peut pas faire de mal, et il faut dire que j'ai hâte de me mesurer à lui. Je ne peux me permettre de paraître timoré et passe directement à l'offensive avec un pion en d4. Je regarde mon adversaire alors qu'il considère mon ouverture pion dame, pas le moins intimidé du monde. Avec un discret sourire, Kakoba saisit son cavalier et le pose sur la case f6 pour m'empêcher de prendre le centre en e4. Défense indienne, classique. Très bien, la patience est de mise. Pion en c4. S'oriente-t-on vers une défense Grünfeld, une défense Benoni ? Il répond du tac au tac par un pion en e6. Nous nous jaugeons, passe d'arme après estocade...

Je réplique par un cavalier en c3, et il enchaîne avec un pion en c5. Je soutiens son regard, essayant de percer la stratégie qu'il veut déployer. Mais pour pouvoir la lire, il va me falloir puiser dans sa psychologie, écarter les faux-semblants et les leurres pour le contrer efficacement. Que sais-je de lui ? Qu'il est versatile, autant militaire qu'érudit. Qu'il est un fervent partisan d'Avkan ruun-Heshkari et un politicien avisé, audacieux et opiniâtre. D'instinct, je me dis qu'il aura tendance à me provoquer. Mais il sait que c'est aussi mon tempérament. Si j'étais lui, la décision la plus sage serait au contraire de rester tapi et de me tendre une embuscade, déclenchant le piège en s'appuyant sur mes propres erreurs tactiques. Mais le contexte de cette partie n'est pas anodin. C'est un entretien, une audition. C'est une façon de nous présenter l'un à l'autre, de montrer qui nous sommes au fond de nous. Très bien, montrons-lui, Wingspan."
018d61e2-8146-d135-e06a-aa4781f0426c,ALT_CORE_B_OR_16_C,Character,"Ordis Attorney","365 AC",« Objection ! »,,Waru,"Les palabres vont bon train au sein du Tribunal. La juge abat son maillet pour ramener le silence dans la salle. L'avocat de la Misericordia s'assied à mes côtés, et sa mine est bien sombre. Il sait sûrement que la partie est pliée d'avance. Il faut dire que mon attitude revêche ne m'a pas aidé à m'attirer la sympathie du jury citoyen. Je maintiens sur mon visage un masque de dédain et d'arrogance, toisant les jurés avec morgue et dégoût. Autant jouer à fond la carte de la détestation. C'est au tour de la procureure de se lever, toussotant pour s'éclaircir la voix. Elle est encore jeune, et semble flotter dans son ample tunique. Alors qu'elle avance vers le pupitre, son porte-clés en forme d'ours cliquette à chacun de ses pas. Ses robes effleurent le sol quand elle se hisse sur le dais, tandis que sa chevelure blonde tangue nonchalamment dans son sillage.

Mais malgré ses traits innocents, sa diatribe à mon encontre est sévère. Ses arguments font mouche, bien entendu, et elle les assène comme autant de coups de gourdins. Il y avait suffisamment de preuves pour me faire condamner : des tentatives de corruption, des menaces, et aussi des pots de vin. Elle revient extensivement sur mon entrevue avec Robin des Bois, durant laquelle j'ai tenté de forcer la main de l'institution bancaire de l'Isura. Bien entendu, j'avais fait courir la rumeur qu'il y avait une taupe au sein de mon parti, un délateur dans nos rangs. Mais personne ne savait que ce traître, c'était moi. La procureure se tourne vers le juge pour demander ma radiation immédiate et une inéligibilité de cinq ans pour mes actions. Et cela me convient parfaitement. Cette sentence allait fortement ébranler les opposants d'Avkan dont j'étais la tête de pont, et lui ouvrir une voie royale pour concrétiser son rêve — notre rêve."
018d61e2-814a-483e-165a-55e412f70a90,ALT_CORE_B_OR_17_C,Character,"Jeanne d'Arc","386 AC","Elle continuera d'inspirer les foules bien après son départ.","Celle que l'on nomme désormais la Pucelle est une figure héroïque de l'histoire française. Alors que la guerre de Cent Ans faisait rage entre les royaumes de France et d'Angleterre, Jeanne, une jeune paysanne, se mit à entendre des voix lui demandant de délivrer la France du joug anglais. Grâce à son charisme, elle parvint à obtenir l'aval de Charles VII, à insuffler du courage dans les armées françaises jusqu'à obtenir la levée du siège d'Orléans, à conduire le roi jusqu'à son sacre à Reims. Finalement capturée par les anglais, elle mourut sur le bûcher à Rouen, en 1431.",Sigismar,"Je salue et me mets en garde, alors que Jeanne prend position en face de moi. Il y a de la résolution dans son regard, que l'on pourrait facilement confondre avec de la dureté. Mais en vérité, jamais je n'ai fait face à autant d'intensité, de présence... de prestance, même. Et cette dernière lui vient naturellement, aussi aisément que l'air qu'on respire. Son port est impeccable, son maintien excellent. Et alors qu'elle fait quelques pas dans ma direction, je recule devant sa détermination, pleine de force d'âme et de radiance. Mais je ne peux me permettre de céder du terrain. Je frappe, et elle cueille mon assaut du plat de son bouclier. Je me fends à nouveau, et elle pare mon coup du tranchant de sa lame. Il n'y a aucune hésitation, aucune crainte. Son objectif est la victoire, et elle se dirigera vers elle tous azimuts.

Durant la dernière leçon, elle m'avait parlé de sa façon de voir les choses. Elle n'était qu'un instrument, dédié à l'accomplissement d'une mission qui la transcendait. Et pour elle, tous les soldats de l'Aegis se devaient d'être dans ce cas de figure. Il n'y avait pas à douter, juste à avancer jusqu'à ce que cette destinée se réalise, jusqu'à libérer le monde du joug du Tumulte... L'entreprise était noble. Elle devait en tout temps rester notre compas moral, notre boussole inflexible quand le chemin n'était pas clair. Si Jeanne avait été à la tête de nos troupes, je sais que je l'aurais suivie jusqu'au bout du monde... Mais il était temps que d'autres prennent cette place, pour mener l'humanité hors de son enfermement... Pouvais-je être cet étendard ? Avais-je le charisme suffisant pour que tous se rallient à moi ? Son coup résonne contre mon bouclier et je titube en arrière. Il est temps de le prouver."
018d61e2-814d-107f-b899-b33d0900bb8a,ALT_CORE_B_OR_18_C,Character,Quetzalcóatl,"367 AC","Nulle âme n'est assez audacieuse pour contester sa sagesse.","Symbolisant le savoir et la connaissance dans la mythologie aztèque, Quetzalcóatl — le serpent aux plumes précieuses — est l'une des divinités les plus prépondérantes des cultures pan-mésoaméricaines, qui regroupent notamment les Aztèques, les Mayas, les Mixtèques et les Toltèques. Il est le protagoniste de plusieurs mythes fondateurs, dont ceux de la création de la terre, des êtres humains et de la découverte du maïs, nourriture cruciale de la civilisation précolombienne.",Waru,"Les étudiants se lèvent de leur siège alors que la sonnerie retentit, s'égayant dans les couloirs de l'université pour rejoindre leur prochain cours. Je descends les marches du gradin et me dirige vers l'estrade professorale. Quetzalcóatl essuie ses binocles et les pose sur son pupitre, avant de se tourner vers moi. Ses écailles frémissent et ses plumes changent de couleur, comme pourrait le faire la peau d'un caméléon. Me faisant signe de le suivre, l'Eidolon se dirige vers l'annexe de l'amphithéâtre, où il a installé ses bureaux. Je demande à Mack de monter la garde et de me prévenir au cas où un intrus chercherait à nous espionner. Il couine pour me signifier qu'il a compris le message, et se perche sur un bureau, sortant de son pochon une poignée de graines de tournesol pour grignoter en attendant. D'une pensée, je lui demande de nettoyer derrière lui, mais tout ce qu'il fait, c'est me montrer son postérieur.

Après avoir lâché un soupir, je referme la porte derrière moi, alors que Quetzalcóatl ouvre un coffre et en extrait un étui cylindrique de métal et de cuir. Il l'ouvre et en sort un vieux parchemin, qu'il pose sur une table et déroule précautionneusement de ses doigts griffus. Puis il m'invite à approcher. Peu — à part peut-être Thot — peuvent se targuer d'une telle érudition dans tout Asgartha, et j'ai confiance en ce qu'il a trouvé dans les rayonnages de la bibliothèque interdite du Sanctum. Je mets mes lunettes et enfile des gants pour ne pas abîmer la précieuse relique. Puis je commence à parcourir les lignes du document, dont l'encre s'est estompée avec le temps. Le journal de bord de Baird y Idris, dernier Berger de la Tribu du Couchant... Chaque jour, il a religieusement noté les azimuts, les coordonnées et la localisation de la Cité des Sages. Cette dernière deviendra alors le premier point d'étape pour l'Effort de Redécouverte."
018d61e2-8150-8407-54d2-96b323944074,ALT_CORE_B_OR_19_C,Character,Issitoq,"365 AC","Nul ne peut échapper à son regard.","La religion Inuit raconte que chaque être existe aussi sous la forme d'un souffle ou d'un esprit : l'anirniq. Que ce soit celle d'un être humain ou d'un animal, cette ""âme"" persiste au sein du monde après la mort, et peut chercher à se venger de celui ou celle qui l'a tuée. La seule façon de l'apaiser est de procéder aux bons rites, de respecter les traditions et, surtout, de ne pas briser de tabou. La divinité Issitoq, qui prend l'apparence d'un gigantesque œil volant, veille à ce que ces règles soient honorées, et ne se prive pas de punir tous ceux qui se risquent à les bafouer.",Waru,"Le juge se tourne dans ma direction, faisant tomber sur moi son regard implacable. Issitoq flotte au-dessus de l'assistance, tel un œil inquisiteur. Il a écouté la plaidoirie de l'avocat de la défense, celle de la procureure du Libra, et l'heure est venue de donner son jugement. Ses yeux s'illuminent, et des rayons bleutés m'enveloppent de la tête aux pieds. Puis sa voix tonne comme le rugissement de la foudre, comme le grondement d'une avalanche. L'Eidolon n'est pas connu pour être le juge le plus indulgent, et c'est tant mieux. Je pose un genou à terre en écoutant le verdict : une révocation immédiate, et une exclusion de trois ans minimum. Défait, je baisse la tête. Derrière moi, mes partisans s'offusquent, crient au scandale. Ils n'y peuvent rien, mais ma condamnation va aussi jeter le discrédit sur tous ceux qui m'ont soutenu.

Les yeux d'Issitoq se ferment et, comme un globe oculaire, l'Eidolon pivote pour se tourner vers l'entrée du Tribunal. Ayant rendu son jugement et prononcé ma peine, il se désincarne lentement. Je jubile intérieurement, même si je ne peux rien laisser paraître. Par mon sacrifice, je laisse à Avkan toute latitude pour entériner le lancement de l'Effort de Redécouverte. Par mes manigances, j'ai muselé la contestation. Qui plus est, la place que je laisse vacante va susciter de nombreuses convoitises, et la lutte de succession qui en résultera va forcément empêcher les prétendants de se mobiliser efficacement contre le Basileus. Bien entendu, il est hors de question de prendre des vacances pour autant. Je vais devoir continuer à surveiller leurs agissements et avertir Avkan de leurs manœuvres. Mais il est certain que le niveau de menace qu'ils peuvent faire peser sur le projet va s'alléger drastiquement. Faussement contrit, je me lève et me dirige vers la sortie, maintenant la tête haute. Je n'ai nullement à feindre la fierté en tirant ma révérence."
018d61e2-8154-c763-e089-ac9de4f20606,ALT_CORE_B_OR_20_C,Character,Anubis,"392 AC","Seul un cœur aussi léger qu'une plume saura se mesurer au jugement d'Anubis.","Dieu à tête de chacal noir de la mythologie égyptienne, Anubis est le patron des embaumeurs et le protecteur des nécropoles. Il est celui qui prend soin des défunts, les purifie des souillures de leur existence terrestre. Mais c'est aussi lui qui officie à la pesée de l'âme, lorsqu'un individu doit rendre compte à Osiris de ses actions sur Terre. Il pose le cœur du défunt sur l'un des plateaux d'une balance en or, et sur l'autre la plume de Maât, la personnification du principe universel de vérité, d'ordre et de justice face à laquelle il sera mesuré.",???,"Je m'adosse à la colonnade et croise les bras sur mon torse, attendant la sentence. J'ai fait mon office : j'ai traqué et amené le contrevenant devant le tribunal itinérant, comme l'ordre de mission le stipulait. Aux juges de trancher, maintenant. Mais même si ma tâche est déjà accomplie, j'aime toujours rester dans les parages, pour savoir ce qu'il advient de ma cible, savoir ce que le sort lui réserve. Rien ne m'empêche de partir ; d'autres limiers s'en vont avant même que le jugement ne débute. Pour ma part, je trouve que rester jusqu'à la fin me permet de garder les pieds sur terre. Détourner les yeux rendrait probablement mon travail plus facile, mais contempler les conséquences de mes propres actions m'a toujours empêché de tomber dans l'indifférence. Ce serait pour moi un crime bien plus grave de basculer dans le désintérêt ou la froideur...

Anubis apparaît soudain sur son trône de marbre, et je me surprends à retenir mon souffle. L'Eidolon à tête de chacal baisse le regard en direction de l'accusé. Le jeune Bravos serre les poings. Il est tendu, défiant. Peut-être se dit-il qu'il n'y est pour rien. Mais son geste a mis en danger ses compagnons. Il a agi sans considération pour le bien-être et la sécurité de ses pairs. Les yeux d'Anubis s'étrécissent devant la morgue de l'aventurier encore bien immature. C'est une mauvaise attitude de sa part, probablement à mettre au crédit de sa jeunesse. S'il continue de la sorte, il est sûr d'écoper d'un verdict qui lui fera comprendre ses errements. L'Eidolon manifeste dans sa paume la plume de Maât, et invite le Bravos à monter dans le creux de son autre main, ce qu'il fait. Au moins, il n'est pas de ceux qui fuient leurs responsabilités. Ça et le fait qu'il se soit rendu sans faire de vagues seront aussi à mettre à son crédit dans la balance..."
018d61e2-8157-979c-79c0-c4d2ab90a4ac,ALT_CORE_B_OR_21_C,Character,"Robin Hood","364 AC","La justice découle d'une redistribution équitable des richesses.","Héros légendaire du folklore anglais, Robin des Bois est un brigand au bon cœur qui apparaît dans différentes gestes et œuvres littéraires. Depuis son repaire, dissimulé dans la forêt de Sherwood, lui et ses amis – Petit Jean, Frère Tuck et les autres Joyeux Compagnons – détroussent les riches pour donner aux pauvres, et luttent avec acharnement contre la tyrannie instaurée par le Prince Jean et le Shérif de Nottingham.",Mack,"Commme c'est ammusant. Un bandit de grand chemmin qui se fait désormmais passer pour un banquier. Hihi, on aura tout vu. Je mme cure les griffes tandis que Waru et l'Eidolon discutent dans l'alcôve isolée du troquet. Et commme d'hab, c'est qui qui mmonte la garde ? C'est bibi. Autour de mmoi, le bar est bondé. On trinque, on parle un peu trop fort, on fait la bringue, on pousse la chansonnette. En vérité, y'a peu de personnes qui semblent s'intéresser à nous. Deux inconnus encapuchonnés et une hermmine dans l'arrière-salle d'une taverne de la breivikensveg... Circulez, y'a rien à voir. Alors je mme contente de siroter ma mmousse et de faire le pied de grue. Ha, autrefois, on disait que Robin des Bois était un grand voleur, dérobant aux riches pour donner aux pauvres. C'était intéressant qu'il soit devenu l'un des argentiers de l'Isura. Avec cette position, c'était sûr qu'il pouvait s'assurer de la bonne répartition des richesses...

À travers les oreilles de Waru, j'écoute distraitement ce dont ils causent. Hmmm. Ça négo sévère, là-dedans. Ça parle du fait que l'Effort de Redécouverte va de facto repousser les plans de développemment des villes secondaires du Protectorat — qui en ont pourtant bien besoin —, du fait que l'entreprise est un risque inutile, un investissemment à perte... J'entends Waru titiller Robin au sujet de son passé de brigand, du fait qu'il a pu s'élever au sein de la population... tous les argumments censés provoquer son ire. Hihi, ça semble mmarcher. Tout à coup, je remmarque la paire d'yeux qui les observe depuis le comptoir. Probablemment un espion à la solde d'Avkan. Bien, la seconde phase du plan est en train de porter ses fruits. Hihi. J'avertis Waru de la présence du mmalotru. Pour l'instant, tout semble aller commme sur des roulettes."
018d61e2-815a-a4d4-3e0d-ea9c6f8f7415,ALT_CORE_B_OR_22_C,Character,Thoth,"367 AC","« La plume est plus forte que l'épée. »","Inventeur de l'écriture hiéroglyphique et patron des scribes dans la mythologie égyptienne, Thot symbolise la sagesse. Sciences, mathématiques, architecture, il est le réceptacle de tout le savoir du monde. Mais en tant que tel, ce dieu à tête d'ibis — qui peut aussi prendre l'apparence d'un babouin — a aussi la charge de le transmettre et de le diffuser dans le monde. Thot, par son impartialité, a aussi reçu pour rôle de présider au tribunal d'Osiris – qui juge les défunts — aux côtés d'Anubis.",Waru,"L'Eidolon ouvre le vieux grimoire, marquant une pause pour me dévisager intensément. Il est difficile de lire les émotions qui se reflètent dans ses yeux d'oiseau. Est-il courroucé, ou tout simplement perplexe ? Quoi qu'il en soit, j'ai besoin de son aide pour décrypter ce manuscrit aussi sibyllin qu'antédiluvien. Parmi les livres, ceux qui concernent les Nomades du Tumulte sont probablement les plus précieux et les plus délicats, et ce, dans tous les sens du terme. Mais au lieu de s'étonner du fait que j'aie ce précieux tome en ma possession, Thot se met à en feuilleter les pages, inclinant la tête pour mieux décoder son contenu. Puis il trempe son calame dans son encrier, et se met à transcrire certains passages. Si les augures nous sourient, ces mémoires contiendront une idée forte autour de laquelle nous rallier, autour de laquelle le principe même de l'Effort de Redécouverte pourrait graviter.

Billet après billet, Thot me tend les bribes qu'il a traduites. Je les lis attentivement, réfléchissant à comment telle ou telle information pourrait aider Avkan. Il y a bien entendu des indications intéressantes sur le devenir de la tribu perdue, des anecdotes intrigantes sur les Bergers de chaque caravane... Mais rien qui puisse cristalliser l'ambition de la grande entreprise, ou se mesurer à la portée de ce que nous souhaitons accomplir. Je soupire en me massant les yeux. De l'autre côté de la baie vitrée, la lumière du jour a été supplantée par la flamboyance mordorée du crépuscule. Thot me glisse une nouvelle page. Je la lis une première fois, puis une seconde pour être sûr de comprendre ce qui y est écrit. ""La Cité des Sages, où est gravée la source du Tumulte""... Mes mains tremblent. La source du Tumulte. Trouver son origine. Il n'y avait pas de raison plus évocatrice que celle-là."
018d61e2-815e-888a-ec73-bee30e7a1dd5,ALT_CORE_B_OR_23_C,Spell,Charge!,"392 AC","Malgré des chances dérisoires, la légion Ordis chargea face au colossal et insondable Léviathan.",,Sigismar,"Nous survolons les troupes en train d'évoluer vers le Léviathan. D'une main, je tiens les rênes de Wingspan, et de l'autre, j'agite comme je peux l'étendard de l'Aegis, luttant contre les vents furieux qui viennent du large. En planant au-dessus des cohortes de soldats, je les vois passer de la marche au trot, puis à la charge. Rang après rang, ils s'élancent, marées de spadassins qui se confrontent à la houle. Les lances s'abaissent, les boucliers sont brandis, les épées sont tirées au clair... À travers les yeux de mon Alter Ego, je peux voir les gouttelettes d'eau salée ruisseler sur leurs armures, les expressions fermées des visages, mélange d'effroi et de fureur. Et il y a de quoi avoir peur, en voyant ce qui nous fait face. Pendant une fraction de seconde, je cherche Sunisa du regard, avant de chasser cette idée de ma pensée.

Je ne peux laisser l'inquiétude me paralyser. Je ne peux me laisser aller à m'inquiéter pour mes troupes. Tout ce que je peux faire, c'est les coordonner de la meilleure des manières, afin que la majorité puisse revenir à bon port. Je me dois de rester détaché, de faire preuve d'analyse plutôt que d'émotion... Le mieux que je puisse faire, c'est de les guider vers la victoire. Alors c'est ce que je vais faire. C'est ce que je dois faire. J'en appelle à la Coalescence, laissant mon esprit se lier à tous ceux qui portent le Losange de l'Ordis. Je communique un vecteur d'intervention au premier chef de régiment, un déploiement tactique à un deuxième, une manœuvre d'évitement à un troisième. L'idée est d'occuper le Kraken, le temps que les Druides Muna et les Mages Yzmir fassent leur œuvre et le pourfendent. Mais pour cela, nous devons créer une diversion crédible, et attirer le courroux du monstre..."
018d61e2-8161-6049-3736-88fc6442685f,ALT_CORE_B_OR_24_C,Spell,"Teamwork Training","386 AC","À travers leur Esprit-Ruche, les Ordis font de la multitude une seule et même volonté.",,Gulrang,"Les rayons du soleil traversent la baie vitrée, réchauffant l'air matinal. Ils sont quatre autour de la table : Kakoba, Commandant de légion de l'Aegis ; le Roi-Grenouille pour représenter le Libra ; Cestimir, Conservateur en chef du Sanctum ; Nassefa de l'Armarius. Je me tiens droite comme un ""i"" dans la grande salle déserte, Tocsin dressé derrière moi comme une statue de marbre. À ma droite, Sigismar affiche un air perplexe, caressant d'une main l'encolure de son griffon. À ma gauche, Waru regarde par la fenêtre la promenade indolente des nuages, tandis que son Alter Ego dort dans l'une de ses manches. J'ai été réveillée bien avant l'aube par un aspirant, pour apprendre que j'avais été conviée au Monolithe aux côtés de ma Chimère. Et sur la barge qui m'emmenait vers le Bastion, j'avais pu apercevoir le Capitaine de l'Ordis rallier la forteresse volante à dos de griffon depuis le Rempart.

Nous avons été tous les six réunis dans une antichambre pendant quelques heures. Pour Sig, cela ne voulait dire qu'une seule chose : de tous les Exalts potentiels, nous étions les trois duos qui avaient été choisis pour entamer l'Effort de Redécouverte en amont des Corps expéditionnaires. Et plus le temps passait, au gré d'interminables délibérations, plus je me disais qu'il avait raison. Désormais, en voyant les quatre représentants de l'Ordis présents devant nous, le doute n'était plus permis. À les voir se passer les flacons de cire et les encriers pour griffonner tour à tour sur de longs parchemins, il était de plus en plus clair que notre rôle était en train de se confirmer. L'Aegis, le Libra, le Sanctum et l'Armarius... les quatre antennes — militaire, judiciaire, culturelle et politique — de l'Ordis réunies sous un même toit, sous la délégation d'éminents représentants... Malgré l'atmosphère feutrée, j'avais l'impression que quelque chose d'homérique était en train de se jouer devant mes yeux."
018d61e2-8164-1e3e-098f-21bc3e230c04,ALT_CORE_B_OR_25_C,Spell,"Sticky Note Seals","392 AC","Certaines leçons collent plus à la peau que d'autres.",,???,"Devant moi, la lumière du feu de camp est à peine perceptible. Je me faufile entre les buissons, essayant de faire le moins de bruit possible. À mesure que j'approche, je peux entendre le bruit ouaté d'une discussion, quelques éclats de voix et des rires feutrés. En arrivant à la lisière de la clairière, au terme d'une avancée fastidieuse, je distingue clairement les trois silhouettes qui se sont réfugiées près du feu. Et ma cible est bien l'une d'entre elles. Le moment me paraît propice. Je ne sais pas si elle va m'opposer de la résistance, donc autant ne pas lésiner sur les moyens. Je sors de ma poche intérieure quelques sceaux de papier, tire ma lame au clair. En manifestant mon Altération, j'étouffe les flammes pour provoquer l'obscurité. Profitant du bref instant où ils sont aveuglés par la soudaine noirceur, je m'élance.

Je lance les sceaux de papier sur le sol, et les Glyphes d'emprisonnement qu'ils contiennent se mettent à crépiter et à luire autour de ma cible. De chacun des billets, des liasses de papier jaillissent, façonnant autour du jeune Bravos une prison de feuillets et de bulletins adhésifs. Il écarquille les yeux, mais la cellule énergétique forme maintenant une gangue épaisse. Et plus il tentera de se libérer, plus sa geôle deviendra collante. Le danger ne vient pas de lui, mais de ses compagnons. Lame tendue dans une main, je brandis de l'autre mon insigne de limier de l'Aegis, et celui-ci a l'effet dissuasif escompté : les deux hommes lâchent le pommeau de leur épée. Pour couper court à toute conversation, je sors de mon veston le mandat d'arrêt que j'ai en ma possession. Ce document a été signé par les plus hautes instances du Tribunal. Nul n'oserait de toute façon aller à l'encontre de son autorité. Du moins en théorie..."
018d61e2-8168-35de-0ebe-38a57e9579f5,ALT_CORE_B_OR_26_C,Spell,"Open the Gates","392 AC","La Porte du Solstice est ouverte. Pour la première fois depuis des temps immémoriaux, l'humanité va découvrir ce qui se trouve au-delà des portes.",,Gulrang,"Les lourds battants de la Porte du Solstice s'entrouvrent avec fracas. Je ne parviens pas à détourner les yeux du spectacle, comme paralysée par la portée historique de l'événement. À côté de moi, Tocsin s'assied en tailleur et contemple l'envolée soudaine de centaines de colombes. J'ai les mains moites, la gorge nouée. En contrebas, les bataillons de l'Aegis se mettent en branle. C'est l'heure de vérité. Après plus de vingt ans à attendre ce moment, j'y suis enfin. Les premiers à passer sont les fyrds Bravos, puis les soldats du Général Sekifu, talonnés par les troupes du Général de Graaf. Les transports aériens ne sont pas en reste, dérivant au-dessus de notre tête sous l'autorité conjointe des Commodores Jeanty et Nagaya. Et bien entendu, il y a aussi l'Ouroboros, placé sous la supervision de l'Amiral Singh. La main de Tocs se pose soudain sur mon épaule, m'ancrant de nouveau dans le présent.

Je me tourne vers lui et acquiesce. Ce n'est ni le moment, ni le lieu pour courber l'échine devant l'ampleur de la tâche. Je souffle longuement et frappe du poing mon bouclier, tandis que mon Alter Ego brandit son clairon. Il en tire une note puissante, qui se réverbère au-dessus des toits. Après avoir retrouvé mon aplomb, j'en appelle à la Coalescence. Les portes du Gestalt s'entrouvrent, comme se sont ouvertes celles d'Asgartha il y a peu. J'effleure de mon esprit toutes les recrues que j'ai pu entraîner durant toutes ces années. Je leur témoigne de la gratitude, de la camaraderie, leur communique du courage, de la fierté. Comme une plaine qui se couvre de feux de camp, je sens leurs esprits répondre un à un à mon appel. Tout comme pour moi, je ressens en eux de la peur, bien entendu, mais aussi de la liesse et de l'excitation."
018d61e2-816b-795e-0373-c433eb73124d,ALT_CORE_B_OR_27_C,Spell,"Celebration Day","392 AC","« Aujourd'hui, et pour les siècles à venir, nous célébrerons la victoire sur le Kraken et notre liberté retrouvée ! »",,Gulrang,"Kojo, héros d'Asgartha... Je secoue la tête en le voyant plier genou devant le Basileus, l'auréole rouge de la Couronne de Cornaline en passe d'être posée sur sa tête. Mais même si je fais mine d'afficher un air stupéfait, c'est avant tout de la fierté que je ressens. Mon petit frère... Je souris avec perplexité en me disant que dans des siècles, on parlera encore de lui en tant que vainqueur du Kraken. En une année seulement, il avait gagné son ticket d'entrée pour faire partie des Eidolons, état que de nombreux Bravos cherchent à atteindre sans pourtant y parvenir. Mais sous l'ébahissement, sous l'émotion, je sens un autre sentiment rôder au fond de moi. De l'inquiétude. Non, plus que ça, de la peur... Celle de voir mon frère abandonner toute prudence. Celle de le voir jouer les héros. C'est comme une prémonition, qui me fait froid dans le dos rien que d'y penser.

Non, ces craintes sont les miennes. Je tente de regagner mon sang-froid. Après un bref discours que je n'écoute que d'une oreille, Avkan ruun-Heshkari dépose la couronne de lauriers sur la tête de Kojo, et lui enjoint de se redresser. Le vieux souverain invite la foule à célébrer la victoire de mon frère — et de toutes les forces Asgarthi — sur le Léviathan, et elle ne se fait pas prier. Les confettis pleuvent, les vivats et les applaudissements tonnent comme le crépitement du tonnerre. Kojo salue le public, tout penaud et clairement intimidé. D'après ce que j'ai compris, le jour de la victoire va devenir un jour férié pour tout le Protectorat, une date à marquer d'une pierre blanche. Non, ce n'était pas le moment de craindre pour l'avenir, mais celui de célébrer le présent. Je me mets à applaudir à mon tour. Il l'a bien mérité. Demain, il sera toujours temps de le sermonner pour sa témérité."
018d61e2-816f-ec80-d03b-ec1287007527,ALT_CORE_B_OR_28_C,Permanent,"The Monolith, Ordis Bastion","371 AC","Un flambeau de connaissance et de civilisation. Un phare qui surplombe le monde.",,Sigismar,"La calèche bringuebale sur les pavés. En face de moi, Mère est en train de lire une lettre, tout occupée à déchiffrer son contenu. Je me tiens bien assis, comme elle me l'a appris, et même si mon veston et ma fraise sont légèrement trop serrés, je m'évertue à faire bonne figure. Mais l'ennui finit par avoir raison de ma contenance. Je me risque à lever le rideau et à regarder par la vitre, observant les rues d'Arkaster défiler lentement. Au-delà de la vitre, il y a un dédale de canaux et de rues qui me sont inconnus, des visages d'étrangers qui sont libres d'aller et venir librement, contrairement à moi. Que dirait Mère si j'ouvrais la portière au prochain ralentissement et descendais en catimini ? Elle s'inquiéterait, bien entendu. Et Père me ferait cloîtrer dans ma chambre pour au moins une semaine...

Je lève soudain les yeux alors que nous traversons une place animée. Au-dessus de la ville trône le Monolithe, diamant d'albâtre, d'or et de verre. C'est là-bas que devait être Père, en ce moment. Il m'avait promis de m'y emmener un jour, pour regarder le monde de tout là-haut : les îlots des districts lacustres, les passants minuscules, l'horizon infini... Mais c'est surtout la bibliothèque du Sanctum qui m'intéressait. Il pouvait très bien passer toute la journée dans ses bureaux, je ne pensais pas pouvoir me sentir seul, ainsi entouré de milliers de livres. Mais à chaque fois qu'il était disposé, Mère l'avait convaincu de remettre son dessein à plus tard, probablement dans l'optique de me protéger plus que de raison. Pourtant, j'étais sûr que je n'avais rien à craindre dans ce temple de la justice et de la connaissance, loin des vicissitudes du monde, entouré d'ouvrages et de recueils pour seuls amis."
018d61e2-8173-d208-41a6-9f1ac85bf376,ALT_CORE_B_OR_29_C,Permanent,"Grand Endeavor","392 AC","Les Ordis ont construit un relais de phares pour éclairer le chemin dans le Tumulte.",,Gulrang,"À l'ombre des tours en construction, les architectes du Telamon déchargent et assemblent les blocs de marbre et de granit tandis que j'assure leur protection, attentive à tout ce qui pourrait entraver leurs progrès. À travers l'Altération, les grues et les échafaudages se sont élevés avec promptitude. Dorénavant, le chantier avance à pleine cadence, au prix de tout le Mana que j'investis dans l'entreprise. Chaque ouvrier est un Eidolon que j'alimente, chaque bloc de pierre un élément que je conjure depuis mon imaginaire. Je sens la sueur perler de mon front, mais je n'ose pas la chasser, de peur de perdre ma concentration. Avec un peu de chance et encore de nombreux efforts, les Espars me permettront de rattraper tout le retard que j'ai accumulé pour les mettre sur pied. Mais la tâche est encore loin d'être terminée.

Quand elles seront allumées, toutes les balises se lieront entre elles, et ce jusqu'au Monolithe. Elles me permettront de lier mon esprit à tous les Ordis restés en Asgartha. Même si seuls quelques Altérateurs répondent à mon appel, notre puissance combinée nous permettra, à Tocsin et à moi-même, d'ouvrir une voie royale devant nous... Avec leur appui, nous pourrons altérer le monde et créer une route qu'il sera aisé de parcourir. Nous ne serons pas deux, mais multitude. Pour l'instant, je ne ressens rien au niveau de mes omoplates — aucun picotement, nul fourmillement. C'est comme une absence, comme un douloureux manque, que seule la présence de mon Alter Ego parvient à adoucir un tant soit peu. Mais quand mon Losange se connectera au Gestalt, alors je sentirai enfin le bourdonnement familier des esprits de mes pairs. J'exhale lentement pour faire le vide dans mon esprit. Toutes ces pensées ne sont que des distractions. Si je maintiens mon allure, alors à la nuit tombée, les Espars se dresseront fièrement pour bannir la solitude."
018d61e2-8176-b55c-f2b3-6b52543e97a1,ALT_CORE_B_OR_30_C,Permanent,"Ordis Carrier","391 AC","Le flot des recrues Ordis ne semble pas vouloir se tarir.",,Sigismar,"Le vent s'engouffre dans l'ascenseur quand les portes s'ouvrent, et je referme le col de mon manteau autour de mon cou. Sunisa me précède et maintient la porte ouverte alors que je pose le pied sur la passerelle métallique, luttant contre un léger vertige en voyant le sol, si loin en contrebas. Nous nous frayons un chemin entre les manouvriers et les techniciens. Certains tirent des câbles, d'autres acheminent du matériel d'un pont à un autre. Et lorsque nous atteignons enfin la plate-forme centrale de l'altiport, la silhouette titanesque du transporteur se dévoile de tout son long, véritable ville volante aux proportions gargantuesques. Je pose les mains sur la rambarde pour le contempler. Deux de ces immenses barges — celles de Verbera et de Sojourn — ont été réquisitionnées pour participer à l'Effort de Redécouverte, au grand dam du Commodore Bayly.

Je scrute la nef avec la plus grande attention : les ailes d'or stylisées dessinées sur sa coque, ainsi que ses tours aux liserés anguleux. Je consigne tous ces détails dans ma mémoire, apprenant par cœur ses formes, ses lignes, ses dimensions... J'aurai besoin de me les remémorer, si je souhaite le matérialiser au sein du Tumulte. À côté de moi, Sunisa sort une pomme d'une de ses poches et se met à la croquer. Cela fait des semaines qu'elle me suit ainsi, afin que je puisse contempler tel bâtiment, telle personnalité. Cela doit être d'un ennui mortel pour elle, même si je sais qu'elle comprend mes motivations. Dans ma tête, j'associe au souvenir que je suis en train de créer les séries de Glyphes qui me permettront de l'invoquer. Dans quelques mois, ce transporteur servira d'escorte à l'Ouroboros, et fera office de demeure pour des centaines d'aventuriers des Corps expéditionnaires... Trois navires, face à l'immensité de l'inconnu. De quoi donner le tournis, si on y pense."
018d61e2-817a-cdc5-00ae-79f1cf90c909,ALT_CORE_B_OR_31_C,Token,"Ordis Recruit","391 AC","Protéger le peuple d'Asgartha est le plus grand honneur qui soit.",,Sigismar,"Je balaie du regard les rangs des nouvelles recrues. Toutes connaissent l'enjeu. Jadis cadets, elles peuvent désormais prétendre au rang de troupier, si elles passent les deux années probatoires. Je sais que la majorité d'entre elles réussiront à intégrer les contingents de l'Aegis haut la main. Et même si certaines sont recalées, ces dernières auront la possibilité, au lieu de retourner à la vie civile, de prétendre à un poste d'auxiliaire logistique ou administratif, et ainsi de gagner leur Losange... Mais si la tension est grande, c'est pour une autre raison. Elles sont nombreuses à briguer un poste au sein des Corps expéditionnaires. Et pour cette position particulière, les places seront chères, et seules les meilleures pourront y accéder. Je scanne l'assistance. Les autres instructeurs ont lancé les paris sur lesquelles auront cette chance, et qui sera major de promotion cette année.

Même si je ne m'abaisse jamais à participer à ce genre d'enfantillages, je ne peux m'empêcher de jauger mes recrues. Mon rôle sera aussi de déterminer qui parmi elles aura l'étoffe de passer officier. Amensisa a la poigne nécessaire, et Sunisa cette aisance naturelle qui lui fait tout réussir, mais c'est Osoyo qui a pour moi la meilleure marge de progression. Le jeune homme n'est peut-être pas le plus éloquent ni le plus talentueux, mais il a de la patience et de la discipline. C'est une force tranquille, certainement, mais il y a dans son regard la dureté de l'acier. Ses yeux sont en permanence fixés sur l'objectif, avec une niaque que j'ai rarement vue chez quelqu'un d'aussi jeune. Les recrues se mettent au garde-à-vous alors que les officiers d'état-major entrent dans le mess. L'Amiral Singh, suivie du Commodore Jeanty... mais aussi Sigismar. Un sourire pédant sur le visage, avec la suffisance que seule la noblesse peut allouer, il dévisage à son tour chaque recrue."
018d61e2-817d-3c24-19b7-cae9d70b32c5,ALT_CORE_B_OR_32_C,Token,"Ordis Recruit","391 AC","Les recrues sont la charpente des forces Ordis.",,Gulrang,"Je passe à côté de Gulrang, qui fronce les sourcils comme à son habitude. Je ne sais pas ce qui cloche chez elle, mais à chaque fois que je rentre dans une pièce, c'est comme un courant d'air glacial qui m'accueille par son entremise. Mais soit, si elle veut en découdre, nous aurons l'occasion de régler ça au-delà des portes. Je me tourne vers le Commodore Jeanty, et souris avec politesse en lui présentant une recrue du nom de Nosk. Ce dernier me dévisage d'un air blasé, et je le comprends. Objectivement, c'est une affreuse perte de temps, mais il faut bien maintenir les convenances et les civilités. Les souhaits de l'état-major sont ce qu'ils sont. Il n'y a qu'à suivre le courant, sourire aux plaisanteries et faire quelques courbettes quand c'est nécessaire. S'il veut se faire mousser sous prétexte de maintenir le moral des troupes, qu'il en soit ainsi.

Je fais un clin d'œil à Sunisa en passant à côté d'elle. Je vois mon aide de camp lever les yeux au ciel et réprimer un sourire. J'ai personnellement demandé à l'Amiral Singh qu'elle devienne mon assistante, à la vue de ses performances. Mais c'est surtout son impertinence qui m'a séduit. J'étais dubitatif au début. Avec ses airs de première de la classe, je ne savais pas si nous nous entendrions bien. Mais force était de constater qu'elle avait du répondant, et était loin d'avoir sa langue dans sa poche. C'était quelque chose qui me stimulait, au final, et il était clair dorénavant que notre compatibilité sur le terrain était optimale. Il me fallait une personne en qui je puisse avoir entièrement confiance, suffisamment autonome pour savoir ce qui devait être fait sans que j'aie à intervenir. Et qui plus est, Wingspan l'aimait bien, lui aussi."
018d61e2-8181-91e3-808e-1b76c34a1f60,ALT_CORE_B_YZ_01_C,Hero,"Akesha & Taru",,"Les bonnes manières et la politesse ne sont jamais hors de propos, quelle que soit la situation.",,,"392 AC - Je me penche au-dessus d'Itoro, posant un linge humide sur son front. La calligraphe Lyra esquisse un sourire malgré la douleur, et je le lui rends en lui serrant la main. Pendant un instant, j'ai l'impression de me retrouver au Cloître, en train de m'occuper de ma sœur. J'espère que Kumari va bien... Demain, si le temps me le permet, je lui enverrai une lettre pour lui raconter comment se passent mes aventures. J'en profiterai pour lui glisser les quelques croquis que j'ai faits des paysages que j'ai pu voir, peut-être en les agrémentant de quelques émotions pour lui donner un petit goût de ce que j'ai pu ressentir. Taru me tire de mes rêveries en posant un tentacule visqueux sur mon avant-bras. Oui, ce n'est pas le moment d'être dans la lune. L'onde du Tumulte qui a frappé l'Ouroboros a causé de nombreuses avaries, mais aussi des parasitages légers.

Je positionne mes mains sur la poitrine de l'artiste Lyra, invoquant un Sceau pour stimuler son métabolisme. À travers mes Iris, je diagnostique son être, l'ausculte pour distinguer la nature et la localisation des idées qui se sont malencontreusement greffées à elle. ""Ruban"" et ""Caoutchouc"". En effet, sa jambe est flasque et élastique, comme si tous ses os s'étaient liquéfiés et que ses muscles s'étaient transmués en gomme. Et sa main gauche... À la place de ses doigts, elle arbore des lacets de chair soyeuse qui pendent mollement. À mes côtés, Esmeralda croise les bras sur sa poitrine, inquiète de l'état de son amie. Mais en puisant dans les pensées de l'Eidolon, je pourrai sûrement me faire une idée mentale précise de ce à quoi Itoro ressemblait avant ces fâcheuses modifications. En convoquant ses souvenirs, je pourrai lui rendre son apparence d'origine. Ok, allons-y ! Je me tourne vers Taru, qui agite ses appendices. J'aurai besoin de son ""doigté"" pour isoler et ôter les idées intruses..."
018d61e2-8184-bcb8-2db8-53971cd8ac90,ALT_CORE_B_YZ_02_C,Hero,"Lindiwe & Maw",,"Maîtriser la magie requiert de nombreux sacrifices.",,,"392 AC - Il n'est pas loin, celui qui se nomme Arjun. Ce n'est pas un mauvais bougre, loin de là. Au contraire, il a tout d'un individu sage et respectable : quelqu'un qui aime voir les choses croître et s'épanouir. Si je le laissais faire, il transformerait à coup sûr ce lieu en un magnifique verger, pour que les Corps expéditionnaires puissent cueillir des poires ou des oranges. Mais j'étais le ver dans sa pomme. Et il était hors de question de le laisser aussi aisément clamer cette garrigue pour le compte de sa Faction. D'après le Traité d'Aysun, ce lieu avait servi de dernier bivouac à la Tribu de l'Indus avant son arrivée en Asgartha. Et c'est là que son Élu avait été inhumé, tragiquement, sans avoir pu poser les yeux sur la terre d'accueil vers laquelle il avait guidé son peuple durant de nombreuses années.

Il était inconcevable de laisser ce tombeau aux mains des Muna, de le voir être recouvert d'une dense végétation, ou de le voir être englouti par l'appétit vorace de la nature. La seule fringale que je tolérais était celle de Maw. Je le sens d'ailleurs présentement évoluer depuis le Tumulte, dévorant toutes les idées qui se dressent sur son chemin pour en arracher le Mana. Il plonge dans l'essence des choses, y creusant des trous béants. Il absorbe, digère et recrache, sans considération aucune de ce qu'il laisse dans son sillage. Plus que quelques encablures et nous serons de nouveau réunis. Je serre les poings. Je ne peux laisser Arjun me ravir ce territoire. Trop de choses en dépendent. Je concentre mon Mana, façonnant avec mes mains une série de Signes. Devant moi, la réalité se tord, se distend, se perce, alors que le monde se met à gondoler, à se courber. Un tunnel s'ouvre dans l'espace-temps, comme un trou de ver prêt à m'aspirer. Et je me tiens sur son seuil."
018d61e2-8187-ce59-60a9-47e1cb86ea0c,ALT_CORE_B_YZ_03_C,Hero,"Afanas & Senka",,"Le monde se nourrit de magie, et s'étiole en son absence.",,,"392 AC - J'ouvre les yeux et contemple ma création, exhalant longuement pour dissiper le reste du Mana qui s'agite en moi. Le cercle de pierres levées luit encore d'un éclat améthyste alors qu'il s'ancre dans le monde, grâce au Mana que Senka a ramené du Tumulte. Je me redresse en faisant craquer mon cou, tandis que des éclairs mauves zèbrent les alentours. Oui, ce lieu crépite de magie et de puissance, un maelström d'idées fugaces capturées par le nodus que j'ai façonné. Je pose une main sur la surface d'un menhir. La pierre aux teintes violacées a pris une texture organique, amas noueux de stries et de rainures, comme s'il s'agissait de fibres et de ligaments. Partout autour, des géoglyphes complexes et de fragiles cairns parachèvent mon ouvrage ésotérique, que d'autres Initiés pourront exploiter à loisir quand ils parviendront jusqu'à ce lieu.

Je tends la main, et Senka vient se poser sur mon bras, plantant ses serres dans ma chair. De son bec, il perce ma peau, faisant couler un peu de sang dont il se repaît. C'est mon offrande pour le service qu'il m'a rendu. Je serre les dents et le laisse aspirer mon fluide vital. Il suffit. Mon oiseau de nuit reprend son envol, alors que je matérialise autour de mes blessures une bandelette de tissu, qui se pare immédiatement de rouge. Telle une ombre, Senka tournoie au-dessus du site. Tel un oiseau de proie, il fonce sur des idées, qu'il attrape au vol et gobe comme s'il s'agissait de vulgaires souris. Et pendant un bref instant, une angoisse affleure à la surface de mon esprit. À chaque avancée, je le vois devenir de plus en plus puissant. Ses ailes grandissent, de même que la nuit qu'il contient. J'ai besoin qu'il prenne de l'ampleur, mais est-ce sage de le laisser se gaver de la sorte ?"
018d61e2-818a-d6d9-07d5-ea7ec9c85939,ALT_CORE_B_YZ_04_C,Character,"Studious Disciple","392 AC","En retard, et encore tant de choses à apprendre !",," Afanas","Le portail s'entrouvre sur les jardins du Kadigir. Aux étendues côtières battues par les vents succède la quiétude du sanctuaire Yzmir. Mais la tempête fait toujours rage en moi. Colère, culpabilité, deuil... les émotions se meuvent en moi comme des couleuvres. Je me mets à marcher le long des allées bucoliques, que d'autres pourraient trouver bien étranges. L'arboretum accueille de nombreux végétaux qui ont été transmués par le Tumulte : des arbres aux formes et aux couleurs invraisemblables, des fleurs pour le moins exotiques... Des oiseaux insolites pépient sur les branches. Mais rien ne parvient à apaiser le trouble que je ressens. Je me retrouve soudain devant les portes de la bibliothèque occulte, hésite avant d'en pousser les battants. Ce que j'ai à faire n'a rien d'agréable. Serrant les dents, je pénètre au sein de l'édifice, cherchant du regard le jeune Disciple que je suis venu trouver.

Je m'incline devant le réceptionniste, et il me rend mon salut en traçant quelques Signes dans les airs. Le silence est de mise ici, comme l'exigent les convenances, mais tout en moi n'aspire qu'à crier. Je trouve Fasano en train de porter une lourde pile de livres. Comme d'habitude, il veut bien faire, quitte à se précipiter pour prouver sa valeur. Un grimoire tombe au sol, puis un deuxième, et il se démène pour les récupérer, sous les regards courroucés des Initiés alentour. Je ramasse l'un des livres et le pose sur le dessus de sa pile. Son regard s'illumine quand il me reconnaît, mais se ternit vite en voyant mon expression peinée. Je vois son sourire se faner sur son visage alors qu'il comprend. Je n'ai même pas à lui annoncer la mauvaise nouvelle. Sa grande sœur ne rentrera pas. Ses genoux chancellent et ses mains lâchent tous les grimoires, qui s'éparpillent sur le sol."
018d61e2-818e-b01c-5644-7bd2222a6310,ALT_CORE_B_YZ_05_C,Character,"Moonlight Jellyfish","372 AC","En théorie, la transdifférenciation peut se poursuivre indéfiniment, rendant ainsi la méduse biologiquement immortelle... et visqueuse.",," Lindiwe","La lune ne va pas tarder à pointer le bout de son nez. Je plonge la main dans l'eau de la mare, regardant de lentes ondes se propager sur sa surface. C'est l'heure pour les méduses de sortir de leur cachette et de venir emplir les halls diaphanes du Magisterium. On peut les voir sortir de l'eau et prendre leur envol à la nuit tombée, surtout quand la lune illumine les jardins d'une clarté laiteuse, comme ce sera le cas aujourd'hui. C'est un spectacle magnifique, plein de grâce... comme dans un rêve. Mais pour une fois, je suis bien réveillée. Suffisamment pour profiter pleinement de cette féerie. Le bruit de l'eau se réverbère dans les couloirs déserts, tout comme la lueur étoilée qui émane des murs ou du plafond. Il faut que je profite du moment, que je savoure autant que je peux cette brève parenthèse.

Bientôt, une méduse lunaire nage gaiement jusque dans la paume de ma main. Je sens bien entendu la morsure urticante de son épiderme, mais cela fait du bien de sentir quelque chose... Soudain, une sourde léthargie se met à m'envahir, comme un venin qui se propage en moi. Ma main sort la méduse de l'eau. Elle est engourdie, mais je peux encore percevoir la texture gluante de son mucus. Je cligne des yeux, sentant la torpeur se diffuser dans mon être pour m'attirer dans une nouvelle rêverie. Mais avant cela...je me tourne vers le ver astral qui m'enserre comme un serpent. Je dois le nourrir, satisfaire sa faim. La Chimère renifle la méduse. Brusquement, elle l'avale toute entière pour se repaître de sa chair gélatineuse. Je la vois désintégrer le métazoaire, digérer les idées qui le composent pour en extraire le Mana. Maintenant qu'elle a été nourrie, il est temps pour moi de me rendormir..."
018d61e2-8191-fdb5-2ba1-9bc0584ccbb6,ALT_CORE_B_YZ_06_C,Character,"Tooth Fairy","392 AC","« Allez, petite, souris ! »","La Fée des Dents est une figure folklorique des traditions occidentales, qui tire son origine d'anciennes coutumes d'Europe du Nord, où les dents des enfants étaient synonymes de chance au combat. Mais elle partage ce rôle de collectionneuse de dents avec un petit rongeur, appelé Ratoncito Pérez dans les pays hispanophones, ou encore la Petite Souris dans la majorité des pays francophones. En Italie, les deux figures coexistent, sous les noms respectifs de Fatina et Topolino."," Afanas","D'une main tremblante, je pose la dent sur le cercle d'invocation. Je sens une crise pointer le bout de son nez, et il faut que je la fasse taire avant que la situation n'empire. Déjà, dans le creuset de mon esprit, des idées bourgeonnent, erratiques et absurdes. Je ne dois pas les laisser s'exprimer dans le monde. Si je perds le contrôle, elles risquent d'avoir des conséquences dommageables autant pour moi que pour mes pairs. Je souffle et serre les dents, luttant contre la fièvre et la déraison. Il va falloir rapidement procéder au tand-fe si je ne veux pas basculer dans la folie. Qu'elle vienne, la Fée des Dents. Qu'elle vienne, qu'on puisse procéder au marché... Elle apparaît soudain,  ses ailes vrombissant alors qu'elle se pose, sa queue de scorpion fouettant l'air tandis qu'elle scrute les environs. Puis elle aperçoit la dent et s'en empare, montrant les crocs pour signifier qu'elle lui appartient, désormais.

Je retrousse ma manche et pose mon avant-bras sur la table. Elle sait déjà ce que je veux. Ce n'est pas la première fois qu'on procède à cet échange. Va, fais ton office. Elle plante brusquement son dard dans ma chair, et je grimace de douleur. J'ai découvert il y a longtemps que son venin avait la capacité de calmer la Rémanence, en purgeant mon esprit des idées parasites venant de l'Empyrée. Pour tout Yzmir, ce n'était qu'une question de temps avant que la magie n'exige son dû. Tout ce qu'on pouvait faire, c'était repousser toujours un peu plus l'inéluctable, tout en sachant pertinemment que l'issue était jouée d'avance. Et la Fée des Dents était mon moyen de réduire au silence les idées intruses qui nichaient dans ma psyché. Mais il y avait un prix, bien entendu. Ses toxines avaient beau m'aider à juguler mes pensées, elles empoisonnaient ma chair. Elle retire son aiguillon, et une bille de sang apparaît sur ma peau. Cette dernière se gangrène d'une teinte violette, alors que le tumulte de mon esprit s'apaise enfin."
018d61e2-8194-4fe8-c5dc-c57e8b0a5dc9,ALT_CORE_B_YZ_07_C,Character,"Kadigiran Mage-Dancer","366 AC","« N'attendez pas que la magie vienne à vous, créez la vôtre ! »",," Afanas","Lentement, Sewati se met à réaliser son premier kata. Ses traits sont apaisés, son regard est celui d'une extrême concentration. Les premiers mouvements s'enchaînent, alors qu'il trace devant lui Signe après Signe. Ses gestuelles vibrent de Mana. Chacune d'entre elles est un moyen de donner à ses Signes un caractère tangible, de les investir à la fois de sens et de puissance. On les appelle les Mage-Danseurs en raison des chorégraphies élaborées qu'ils réalisent, mais en réalité, ce sont des pêcheurs. Chaque Signe accompli devient un appât pour les idées qui existent de l'autre côté du Voile, un aimant qui les attire en un lieu, en un point précis. Ils n'ont plus qu'à créer une légère incision pour leur permettre de traverser la barrière entre les mondes, pour les faire exister, ici et maintenant. Et c'est précisément ce que Sewati s'apprête à faire.

Tout à coup, l'idée de l'eau déferle dans le monde depuis l'Empyrée. Et à l'instar de tous les concepts qui viennent du monde de l'imaginaire, cette idée est pure, raffinée par tous les esprits qui la pensent en cet instant. L'eau est limpide, claire, dénuée de toute impureté. Mais ce n'est là qu'une portion de son sortilège. Un autre Signe s'active et convoque son lot d'idées, celles du tourbillon. Nourrie par l'Éther, l'eau se met à virevolter comme une toupie autour de lui, frénétique et impérieuse. Mais il reste une dernière étape pour finaliser son sort : le troisième Signe qu'il a tracé, celui du verre. Les idées s'agglutinent, finissent à leur tour par franchir le seuil. Brusquement, la tornade aqueuse se solidifie en une spirale de verre aux motifs délicats et acérés. Je me contente de hocher la tête, satisfait du résultat. Après avoir terminé son exercice, Sewati se met au repos, soufflant longuement pour chasser toutes les idées parasites qui ont franchi le Voile..."
018d61e2-8198-3090-4a23-c808ff9d19a8,ALT_CORE_B_YZ_08_C,Character,"Yzmir Stargazer","392 AC","Elle ne lira pas l'avenir dans les étoiles, elle changera elle-même sa destinée.",," Lindiwe","L'Augure entrouvre les yeux, et ses Iris — d'un blanc luminescent — se parent d'un cercle noir dénué de pupille. Elle plonge son regard dans la boule de cristal, alors qu'à l'intérieur commencent à bourgeonner des images, tout d'abord floues, puis de plus en plus nettes. Comme certains autres Exalts, nous avons été gardés en retrait, pour... comment dit-on, déjà ? Ah oui, ne pas mettre tous nos œufs dans le même panier. Si toutes les dyades venaient à périr, ce serait bien entendu catastrophique pour la suite de ce soi-disant ""Effort de Redécouverte"". Mais la curiosité a pris le dessus, et j'espère bien, grâce à la devineresse, savoir ce qui se passe sur le champ de bataille. À travers les fumerolles qui dansent, emprisonnées dans le globe de verre, je vois les remous d'une mer agitée. Je vois les armées, battues par les vents et les éléments, qui rongent leur frein...

Et lorsque le Kraken émerge enfin, je comprends quelle est sa véritable nature, et à quel point nous avions fait fausse route. Je ne peux m'empêcher de sourire en le voyant fouetter l'air de ses tentacules. Bien sûr, c'était évident... Comment avions-nous pu passer à côté de cela ? Mais cette nouvelle information fait déjà naître mille autres questions. Dans la chambre de mon esprit, les conjectures et les répercussions éclosent comme des nymphes... Les implications s'extirpent comme des imagos de leur chrysalide. Mais je n'ai pas de temps à perdre. Je les passerai au tamis de ma psyché quand l'opportunité se présentera. Pour le moment, il me faut sceller l'image du Kraken dans ma mémoire, afin de pouvoir l'incarner quand le besoin s'en fera sentir. L'Augure continue de scruter l'affrontement. Je dois faire attention à ce qu'elle ne tourne pas le regard vers moi. Je dois m'enfouir plus profond, je dois m'ensevelir..."
018d61e2-819b-f8bb-e1a5-bc9fcf938032,ALT_CORE_B_YZ_09_C,Character,"Lady of the Lake","386 AC","« Un jour, je te montrerai les merveilles d'Avalon, la véritable majesté des royaumes faés. »","Aussi connue sous le nom de Viviane ou Niniane dans certaines versions du cycle du Roi Arthur, Nimuë est une fée qui intervient à de nombreuses reprises au sein des légendes arthuriennes. C'est elle qui a confié Excalibur au fils d'Uther Pendragon, élevé Lancelot du Lac, ou encore — accompagnée de ses sœurs — guidé le roi mourant vers la mythique île d'Avalon après qu'il a été mortellement blessé à la Bataille de Camlann. Il est aussi dit que c'est elle qui a fait enfermer le magicien Merlin dans une prison souterraine, qu'elle qu'en ait été la véritable raison."," Afanas","J'ouvre la bouche et laisse Senka jaillir hors de moi en denses volutes mauves. Mon oiseau de nuit étend ses ailes, tandis que son masque d'albâtre se cristallise pour couvrir sa tête. Je sens le Mana couler en moi comme une source claire, et je le réinvestis immédiatement dans l'Effigie que j'ai posée à mes pieds. Devant moi, le Mégalithe est en train de s'agiter. Le sol tremble, et le Tumulte suinte du cristal suspendu. Il va me falloir la renvoyer en urgence dans son sommeil séculaire. Et pour cela, je fais appel à l'un de ses gardiens. La statuette de Nimuë se brise, et je sens sa présence éclore de la microscopique brèche que j'ai ouverte vers l'Empyrée. La Dame du Lac s'exprime dans le monde, tenant dans sa main Excalibur, la légendaire épée du roi endormi. L'Eidolon se tourne vers moi, puis vers le météore d'Éther.

Ses pas effleurent à peine le sol, propageant des ondes indolentes dans la pierre comme si c'était la surface d'un lac placide. Ses cheveux se meuvent autour d'elle en un nimbe cotonneux, comme bercés par une brise imperceptible. Les parois de la caverne, devenus des miroirs d'obsidienne, se déforment sous le coup de vagues langoureuses. Dans sa main, Excalibur vibre légèrement, et elle lui susurre quelques mots pour l'apaiser. L'épée semble déceler la menace tapie dans la pénombre de ce sanctuaire inviolé. La roche scintille, comme parée d'étoiles et de constellations ; s'anime, comme si elle était parcourue de galaxies et de corps célestes en train de tournoyer. Puis, sans mot dire, elle enfonce l'épée dans l'amas d'Éther et la laisse plantée là, enchâssée presque jusqu'à la garde. Brusquement, les secousses s'interrompent, et les lueurs spectrales se dissipent. Mais je suis conscient que ce n'est là qu'un répit. Deux autres gardiens seront nécessaires pour sceller la Singularité de Tumulte."
018d61e2-819e-dc10-d5cd-49a50b4d0467,ALT_CORE_B_YZ_10_C,Character,Baku,"385 AC","Les Bakus gobent les rêves comme d'autres gobent les fantômes.",," Lindiwe","La jeune Initiée sort de la pièce, les yeux embués de larmes. Sur le lit, sa sœur cadette respire difficilement, le front constellé de gouttes de sueur. Je pose le bol d'eau froide sur la table de chevet et me mets à essuyer ses tempes, ses joues... Cela faisait des mois qu'elle était ainsi alitée, et même si la crise était passée, elle l'avait laissée à bout de force. Ces enveloppes charnelles étaient si frêles, si délicates, si fragiles... Il était étonnant que ceux doués du don d'Altération restent si poreux face aux idées qu'ils pouvaient manipuler. C'était ironique, quelque part. La jeune fille avait recraché et suppuré des idées sans parvenir à se contrôler. C'était la malédiction des Yzmir. Pour autant, voir une personne si jeune — presque encore une enfant — souffrir de ce sort était inhabituel, presque déchirant. Et il y avait peu de chances qu'elle s'en sorte...

Flottant au-dessus de la fillette, Baku continue d'aspirer de sa trompe le flot d'idées qui s'écoule irrémédiablement de son corps. L'Eidolon pompe ces concepts pour les empêcher de se greffer sur la réalité, les digérant lentement afin de purger la psyché de sa patiente. Bien entendu, l'apaisement ne sera que temporaire. Elle est atteinte de Rémanence, une calamité qui touche tous ceux qui flirtent trop avec l'imaginaire, et aucune cure n'existe pour ce mal. Son seul salut vient de ces ponctions, qui nettoient en quelque sorte son âme. Déjà, le flux est en train de se tarir. Là où il y avait un torrent, il n'y a plus qu'un filet qui ruisselle des pores de sa peau, de sa bouche et de ses narines. Et fort heureusement, car je sens que Baku approche de la limite de ses capacités d'ingestion. Au pire, je prendrai sa suite s'il est forcé de me laisser quelques restes..."
018d61e2-81a1-c99a-c57b-488549588329,ALT_CORE_B_YZ_11_C,Character,"Baba Yaga","391 AC","Faveur ou infortune ? Seul le tirage le révélera.","Figure surnaturelle du folklore slave, Baba Yaga peut tour à tour être sorcière primitive, ogresse chasseresse ou encore bienfaitrice ambiguë. Elle peut aussi bien incarner une antagoniste qu'offrir une aide providentielle aux héros. Ces multiples facettes, relayées par de nombreuses histoires et légendes, lui ont fait prendre une place centrale dans les traditions d'Europe de l'Est."," Akesha","Je souffle consciencieusement sur la tisane odorante que Baba m'a offerte, réchauffant mes mains transies sur la tasse brûlante. Je suis assise sur la terrasse de son isba, sur une chaise à bascule, emmitouflée dans une couverture de laine pour me protéger un tant soit peu du froid. Et même si j'ai une folle envie de me réfugier à l'intérieur de la cabane, je sais que ce n'est pas raisonnable. C'était à moi qu'on avait confié aujourd'hui la tâche de surveiller l'Onde Noire, aux côtés de la vieille sorcière. J'entends la porte d'entrée s'ouvrir et Baba Yaga sortir avec un plateau à la main. Elle y a déposé de petites assiettes en porcelaine avec plein de biscuits enrobés de sucre, des mignardises et des confitures. Et bien sûr, une nouvelle théière fumante. À voir son allure affable, on dirait plus une grand-mère qu'une terrible mégère. Taru émerge timidement de sous la couverture à la vue de ces nouvelles victuailles.

Baba s'assied à côté de moi et recommence à tricoter son écharpe en laine. Je la regarde faire, humant les senteurs d'épices : clou de girofle, cannelle, badiane, cardamome... Le bosquet de la Gora aurait pu être un cadre paisible au sein du Kadigir, s'il n'y avait pas eu cette Singularité de Tumulte. Tout à coup, l'isba se met à bouger sur ses pattes de poulet. Je renverse un peu de ma tisane et me mets à jurer, avant de voir que Baba s'est levée. Elle scrute la plaine duveteuse, aux herbes aussi noires que le jais. Un soudain malaise m'envahit, qui se confirme quand la sorcière saisit son pilon et invoque son mortier. Mon estomac se noue en voyant l'Onde Noire frémir. La clairière d'obsidienne se teinte d'une ambiance lugubre. Je me lève à mon tour, et me mets à me barder de Sceaux. Et quand je me tourne de nouveau vers Baba, je vois que la vieille dame aimable a fait place à une harpie au visage effroyable..."
018d61e2-81a5-7472-5788-0439e1421bbd,ALT_CORE_B_YZ_12_C,Character,"Kadigiran Alchemist","384 AC","L'alchimie n'est pas que la transformation du plomb en or. C'est la purification de nos imperfections en vue de révéler notre vraie nature.",," Akesha","Je toque à la porte et entre dans la boutique. J'ai dans ma poche tous les Fleurons que j'ai pu économiser pour acheter un remède pour ma sœur. La petite clochette tinte de nouveau quand la porte se referme, et je me mets à déambuler dans un capharnaüm de potions, d'élixirs et d'ingrédients un peu inquiétants : des pattes de poulet, des yeux de grenouille, des touffes de poils, des bouts d'écorce, des fioles de mucus... À vrai dire, ça me dégoûte un peu et j'ai un peu peur. Il y a des plantes et des champignons séchés qui sentent très fort, des tubes à essai avec des liquides lumineux, des vieux livres écornés... mais aussi des têtes effrayantes, des statuettes avec des formes curieuses et déroutantes. Mais je dois pas me laisser distraire. Je dois pas me laisser impressionner par toutes ces babioles.

Depuis l'autre côté de son comptoir, l'alchimiste lève vers moi un regard taciturne. Derrière ses grosses lunettes fumées, il me dévisage comme si j'étais perdue, comme si je n'avais rien à faire dans son magasin. Alors je prends mon courage à deux mains et pose sur le comptoir toute la monnaie que j'ai sur moi. Je lui explique en long, en large et en travers la maladie de ma sœur. Les larmes aux yeux, je lui demande s'il a pas une potion ou un onguent pour la guérir... Je le vois soupirer, et déboucher un à un des flacons pour en humer le contenu. Puis il mélange certaines des substances dans un petit chaudron en métal — quelques gouttes par-ci, un filet par-là — avant de touiller le tout et de verser la décoction dans une gourde. Il me la tend, ainsi que tout l'argent que je lui ai confié, en me disant qu'il n'acceptera le paiement que si le tonique est efficace..."
018d61e2-81a8-819e-ad47-d4186ea366b6,ALT_CORE_B_YZ_13_C,Character,Alice,"385 AC","« Je parie que vous n’avez jamais parlé au Temps. — Cela se peut bien, répliqua prudemment Alice, mais je l’ai souvent mal employé. »","Imaginée par Lewis Carroll, Alice est l'héroïne du livre pour enfants Les Aventures d'Alice au Pays des Merveilles, et de sa suite, De l'Autre Côté du Miroir. Alors qu'elle n'a encore que sept ans, Alice, en suivant un lapin blanc jusqu'à son terrier, tombe dans un trou qui la précipite au Pays des Merveilles. Là, elle va vivre de nombreuses aventures aussi psychédéliques que rocambolesques, rencontrant sur son chemin une interminable galerie de personnages, parmi lesquels le Chapelier, le Dodo, le Chat de Cheshire ou la terrible Reine de Cœur."," Akesha","La crise passée, l'Initiée me demande de partir pour que ma sœur puisse se reposer. Mais à peine sortie de sa chambre, je m'effondre en pleurs sur le pas de la porte. C'est ma faute. C'est à cause de moi qu'elle est tombée malade. Je reste là un long moment, prostrée, jusqu'à ce que mes sanglots finissent par sécher. Personne vient me déranger. De toute façon, y'a personne d'autre dans le Cloître à cette heure-ci, à part quelques mages-infirmiers. Je me sens si impuissante, si démunie. Aucun remède a marché. Aucun cataplasme, aucun baume, aucun médicament. J'aimerais aider Kumari, mais je sais pas quoi faire. J'y connais rien en magie. Mais je sens que je vais devenir folle si je fais rien pour qu'elle aille mieux. Je vais perdre la boule si on me dit encore que je dois baisser les bras et accepter la situation.

Tout à coup, une lueur soudaine me fait lever les yeux vers le mur opposé. Des sortes de bulles de savon aux couleurs insolites jaillissent hors de la cloison. Puis une figure bondit hors du mur, atterrissant sur les fesses comme si elle avait été catapultée sur quelques mètres. Elle masse son postérieur endolori, avant de réaliser que je la regarde avec de grands yeux. Alice. Elle me sourit soudain, plongeant la main dans son décolleté pour en sortir une créature bizarroïde, sorte de croisement entre une chenille et un ourson d'eau. Puis elle recoiffe dare-dare sa tignasse blonde, s'époussette et se relève d'un bond, avant de me tendre la main. Perplexe, je la saisis, sans savoir où elle veut m'emmener. Elle me relève et, sans me lâcher, se laisse tomber à la renverse, m'entraînant dans sa chute. Le sol s'entrouvre sous nous et nous avale toutes crues."
018d61e2-81ab-25b2-59b3-6a40ce33a681,ALT_CORE_B_YZ_14_C,Character,Flamel,"386 AC","Le Rubedo est l'étape finale de l'alchimie, où la substance d'un individu renaît tel un phénix avant de retourner au monde.","Nicolas Flamel est réputé pour avoir été un illustre alchimiste et le créateur de la Pierre Philosophale — capable de transmuter tout métal en or — ainsi que de l'Élixir de Vie — qui offre la vie éternelle à quiconque le boit. Simple écrivain public et copiste, cet homme pieux fit cependant fortune, et cette aisance manifeste fut la source de nombreuses rumeurs, qui aboutirent à terme à façonner sa réputation de praticien des arts occultes."," Afanas","Je suis du regard la procession de Disciples qui descend l'escalier tortueux du Puits des Larmes. Je cherche du regard la silhouette de Matera, sans pour autant le reconnaître au sein de la file de figures encapuchonnées. Ils passent sous des chutes d'eau vertigineuses, des arches de pierre, sur d'étroites corniches, suivant le chemin glissant qui serpente à flanc de falaise. Au centre du gouffre, le Mégalithe scintille tel un météore de cristal suspendu dans les airs. Si sa base est manifestée dans la réalité, son sommet est invisible, perdu dans des circonvolutions brumeuses. Si cette Singularité d'Éther est dangereuse, elle détient aussi une incroyable puissance. Et c'est précisément cela qu'ils sont venus chercher aujourd'hui. Flamel patiente à mes côtés, un sourire bienveillant illuminant son visage. Il était d'usage que l'Eidolon officie à cette cérémonie, où les Disciples Yzmir gagnent leur rang d'Initié.

Flamel était connu pour avoir transmis à l'humanité le savoir-faire nécessaire pour sculpter les Effigies, les petites statuettes d'Eidolons qui facilitent grandement leur invocation depuis l'Empyrée. Les légendes avaient fait de lui un puissant alchimiste, avec un don particulier pour la transmutation de la matière. En détournant le regard, je remarque que les Disciples sont enfin arrivés à notre niveau. Ils se positionnent en arc de cercle autour de nous, comme l'exige le rite. La lueur violacée du Mégalithe recouvre leur visage d'un voile d'ombre, dissimulant leurs yeux. Pour autant, je n'ai pas de peine à reconnaître Matera dans l'assistance. J'adresse un signe de tête à mon élève en guise d'encouragement, tandis que l'alchimiste appelle le premier d'entre eux. Le Disciple s'avance cérémonieusement, et l'Eidolon lui remet un marteau et un burin. Avec ces outils, il va pouvoir collecter un fragment du Mégalithe, et être intronisé en bonne et due forme au sein de la Faction. Les coups claquent au sein de l'immensité de la caverne. Tour à tour, ils avancent et viennent recueillir un morceau de l'anomalie d'Éther."
018d61e2-81af-d66f-9ae3-264d23b8e56a,ALT_CORE_B_YZ_15_C,Character,"Kuwat, the Dissenter","378 AC","« Il y a des portes que l'on ne doit pas ouvrir, des sceaux que l'on ne doit pas briser. Et pourtant, je le ferai. »",," Lindiwe","Kuwat Vasanti... L'Eidolon apparaît devant le collège de mages, et sa réputation le précède, comme d'accoutumée teintée d'un soupçon d'ignominie. Un silence gêné se fait alors qu'il avance calmement vers le dais, où siègent les cinq Magisters. Beaucoup le regardent encore avec appréhension, hésitant entre la révérence et la mortification. Conseiller personnel d'Ayxas, il était là quand le monarque impie a basculé dans la folie, il y a des siècles de cela. De nombreuses rumeurs courent encore sur le fait que ce sont ses exhortations, ses murmures à l'oreille du souverain, qui ont été la cause de son règne sanguinaire. Peu osent encore l'invoquer en raison de ses crimes passés, et c'est bien dommage. Kuwat avait été l'un des Eidomanciens les plus puissants de toute l'histoire d'Asgartha, hormis peut-être Aysun. Se priver de son conseil, sous prétexte que la morale ne le voyait pas d'un bon œil, était une aberration.

Bien entendu, il est dangereux. De toute façon, le fait d'incarner des idées sentientes comporte toujours son lot de dangers. Nul doute qu'il trempe encore dans des machinations obscures, qu'il échafaude des plans machiavéliques... Mais c'est à leur capacité à manipuler des forces qui les dépassent qu'on reconnaît les puissants. Sans lui, nul n'aurait découvert que les êtres et les choses pouvaient être désincarnés pour en moissonner le Mana. Pour autant, tous les Initiés Yzmir utilisaient dans une certaine mesure cette faculté. Et cette prouesse était à mettre à son crédit. Peut-être pourrais-je l'utiliser ? Il me faudrait sûrement marcher sur la corde raide, mais si je parvenais à le leurrer, il pourrait être un atout de poids dans ma panoplie magique. Et il me fallait quoi qu'il arrive un allié pour m'aider à tromper la vigilance de Wanjiru. Je souris alors qu'il s'adresse à la foule, la toisant d'un regard noir pour fustiger ses tergiversations. Oui, nous nous entendrons très bien..."
018d61e2-81b2-abe4-60d3-8312d1442306,ALT_CORE_B_YZ_16_C,Character,"Dorothy Gale","392 AC","« J'ai l'impression que nous ne sommes plus au Kansas. »","Dorothy Gale est le personnage principal de nombreux romans situés dans le Pays d'Oz. Créée par L. Frank Baum dans Le Magicien d'Oz, Dorothy est une jeune fille du Kansas qui est emportée par une tornade et catapultée avec son chien Toto dans le royaume magique d'Oz. S'alliant avec le bûcheron en fer blanc, l'épouvantail et le lion peureux, ils voyagent ensemble le long de la route de brique jaune jusqu'à la Cité d'Émeraude, où le fameux magicien pourra peut-être exaucer leurs vœux respectifs."," Dorothy","Ozma me prend par le bras et pose sa tête contre mon épaule, se pressant contre moi. Délicatement, je dépose un baiser sur son front avant de tourner les yeux par-delà la rambarde du balcon où nous nous tenons. Au-delà de la Cité d'Émeraude, au-delà même du Pays Winkie et du Désert Mortel, le Dominion du Roi des Nomes est en proie au Tumulte, qui ne cesse de rogner les terres orientales depuis des lustres. Combien de temps avant qu'Oz tout entier ne soit emporté ? J'enlace ma bien-aimée, mon amie, ma princesse. Nous avons fait ce que nous avons pu pour endiguer sa progression, pour sauvegarder ce qui pouvait l'être de ce royaume de l'imaginaire. Mais nous avons besoin de l'humanité pour mettre un terme à la calamité, tout comme elle a besoin de nous pour subsister. Ozma lève la tête et me regarde avec bienveillance, sentant probablement mon trouble. Je lui souris pour dissiper ses inquiétudes.

Tout ce que nous pouvons faire, c'est porter assistance à celles et ceux qui nous ont créés. Je ferme les yeux, me laissant emmener vers toutes les versions de moi auxquelles l'humanité a fait appel. Je converse avec un magicien sur les marches du Magisterium, j'aide la Chimère de foudre à traverser un marais luxuriant... Ailleurs, je console un enfant qui a perdu son jouet, et plus loin, je siège aux côtés d'un conseiller politique de l'Astérion, l'aidant à peaufiner son décret sur l'usage de l'Altération... Il y a des centaines, des milliers d'interprétations de moi qui évoluent en parallèle dans le monde des mortels, et chacune d'entre elles me nourrit et me renforce. Je suis en train de rire, d'essuyer quelques larmes, de discourir, de contempler l'océan. Et je sais qu'Ozma est en train de faire de même, tout en me serrant dans ses bras."
018d61e2-81b5-29fd-7973-a0135b4501c3,ALT_CORE_B_YZ_17_C,Character,"The Kraken","392 AC","Le Kraken éventre la surface, projetant aux alentours des panaches d’eau qui retombent sur les troupes en un déluge de fin du monde.","Dans les sagas scandinaves existent de nombreux monstres marins, gigantesques et destructeurs, qui s'en prennent aux navires pour les abîmer en mer et les tirer jusqu'au fond de l'océan. L'un d'eux, de la taille d'une île et armés de tentacules, se nomme le Kraken. Mais au-delà des légendes médiévales, l'imagerie du Kraken a influencé de nombreux auteurs, dont le poète Alfred Tennyson, dans un sonnet irrégulier, ou encore Jules Verne dans son roman Vingt mille lieues sous les mers."," Lindiwe","Je me tiens dans l'assemblée, tandis que les Magisters débattent sous l'œil soi-disant impartial du greffier de l'Ordis. Cela fait bientôt une heure qu'ils palabrent et tournent autour du pot. Fallait-il ajouter le Kraken à l'arsenal d'invocation des Yzmir, ou le placer sur la longue liste des Interdits de la Faction ? Heureusement, l'heure du vote arrive enfin. Et ce n'est pas trop tôt. La faim me tiraille. Malefane, Magister de la Sphère d'Eidomancie, est en train de marteler ses arguments pour essayer de contredire les exhortations de Nasir, son homologue de l'École de Géphyromancie. Il s'assied bruyamment, cédant la place au prochain orateur. C'est au tour de Tarjani de prendre la parole, semble-t-il. La Magistra de la Sphère de Phonomancie, avec une voix claire et assurée, préconise la prudence, comme à son accoutumée. Il se pourrait que le suffrage soit serré... mais ce n'est pas grave, nous avons de quoi parer à toutes les éventualités.

Egon, de l'École de Cinémancie, se contente d'un bref commentaire, aussi cynique qu'incisif. ""Si une arme existe, elle doit être utilisée, dit-il laconiquement. Il ne sert à rien de lutter contre, et au contraire, il convient d'apprendre au plus tôt à domestiquer sa puissance."" Deux voix contre deux. Cela veut dire que la décision de la Magistra de la Sphère d'Horomancie sera déterminante. Chambulla s'avance, et reste silencieuse pendant de longs instants, comme si elle considérait plusieurs avenirs possibles. Puis sans hausser la voix d'un iota, elle se prononce en faveur de l'ajout du Kraken à l'attirail des Initiés Yzmir, prétextant ingénument que l'Effort de Redécouverte exige de se doter d'armes à la hauteur de ses enjeux. Excellente nouvelle. Il me tarde de manipuler ce nouveau jouet mis si aimablement à notre disposition. En faisant mienne sa puissance, je n'aurai plus à craindre grand-chose..."
018d61e2-81b9-59f8-f142-9e6ecd9d8229,ALT_CORE_B_YZ_18_C,Character,Sakarabru,"391 AC","Face à une entité aussi imposante, il est naturel de prendre un peu de recul sur la situation.","Sakarabru est la divinité protectrice du peuple Agni, originaire d'Afrique de l'Ouest. Il est dit que, comme la lune, il aurait deux facettes : l'une sombre et l'autre bienveillante. D'un côté, il attaque tous ceux qui sortent de leur hutte après la tombée de la nuit, et de l'autre, il protège les villageois des entités maléfiques qui rôdent dans l'obscurité, et même des maladies s'il reçoit les bonnes offrandes."," Akesha","Les abominations, encore invisibles, tracent des sillons à travers les hautes herbes. Parfois, l'Onde Noire a tendance à régurgiter des créatures innommables, et il appartient aux Yzmir de les empêcher d'attaquer la population. Je me le répète encore et encore pour me donner du courage... Mais est-ce qu'on sera assez de deux ? Baba Yaga enfourche son mortier et se met à le chevaucher vers les monstres, son rire déchirant l'air comme le cri d'un oiseau de proie. Les aberrations sont nombreuses : j'en vois au moins sept, sans compter celles qui se font peut-être discrètes. Il va nous falloir des renforts. Je me mets à incanter, canalisant autant de Mana que je peux sans déstabiliser la zone. Flottant au-dessus de la mêlée, Baba fait pleuvoir des langues incendiaires sur la clairière, tandis que de denses fumées noirâtres s'élèvent dans le ciel.

Répondant à mon appel, Sakarabru apparaît devant moi, faisant trembler le sol lorsqu'il touche terre. Je me cramponne à la rambarde de la cabane forestière alors que mes jambes chancellent face à l'impact, observant le colosse de pierre qui se déploie de tout son long. Le bleu minéral de son épiderme luit faiblement sous la clarté lunaire, avant de se colorer de mauve quand ses bras fantomatiques apparaissent. Ses yeux s'entrouvrent, et se mettent à fixer les intrus. Alors qu'il se redresse, le sol tangue, s'ébroue, vacille. Lentement, sa bouche s'ouvre, et il se met à hurler. Et rien que par sa voix, il parvient à courber les herbes hautes, révélant les monstres chimériques qui nous attaquent. Mais même eux savent qu'ils ne sont pas de taille. Ils se mettent à reculer, à détaler, à prendre la poudre d'escampette. Très bien. Ainsi séparés, ils seront plus faciles à traquer et à mettre hors d'état de nuire. Allez Taru, c'est à nous de jouer !"
018d61e2-81bc-51a3-7544-7339d914d60e,ALT_CORE_B_YZ_19_C,Spell,"Magical Training","387 AC","Sans pratique, le don d'Altération n'est rien.",," Akesha","Le fragment d'Éther pulse contre ma poitrine, chaud et apaisant, comme un cœur qui bat au diapason du mien. Pour une raison encore inconnue, avoir sur soi un morceau qui vient de l'autre côté du Voile facilite le passage des idées depuis l'Empyrée. Alors je m'appuie sur lui pour faire appel aux idées de l'inconscient collectif, focalisant mon énergie pour les faire transiter jusqu'à moi. Elles sont à manipuler avec précaution. Ce sont des idées pures, qui ne sont pas polluées par les préjugés ou les préconceptions d'un esprit en particulier. Elles ont été passées au tamis de milliers de psychés jusqu'à acquérir une nature archétypale. Elles sont puissantes et dangereuses. Ce qui est arrivé à ma sœur en est la preuve. Mais en même temps, jouer avec ces idées est plus que grisant. Au fur et à mesure que je m'étais éveillée au secret de l'Éther, le monde avait pris une saveur différente...

L'entraînement n'avait pas été de tout repos, bien sûr. Depuis qu'Alice m'avait montré jusqu'où descendait le terrier du lapin, chaque jour apportait son lot de révélations, de surprises. Le monde me montrait dorénavant des couleurs jusque-là imperceptibles, même si je ne pouvais pas encore contempler son vrai visage. Je me concentre et sens le souffle des idées m'emplir. Je n'ai pas le temps de m'émerveiller ; Kumari compte sur moi. Je n'ai pas d'autre choix que de creuser plus profond, et je dois faire vite car chaque jour qui passe est un risque que son état empire. Si je parviens à conjurer le Lapin Blanc et à lui subtiliser sa montre, peut-être que je pourrai dérober le temps lui-même. Le temps... C'était ce qui me manquait, ce dont j'avais désespérément besoin. Je pose mon piège et me tiens aux aguets. Je n'aurai peut-être pas de seconde chance dans cette course contre la montre."
018d61e2-81bf-6628-0150-b57a145e73f0,ALT_CORE_B_YZ_20_C,Spell,"Gift of Self","392 AC","Son corps se met à se désagréger alors qu’elle rompt tous les ponts de Mana qui lient son essence à la matière.",," Lindiwe","Matera chute, frappée de plein fouet par le tentacule du Kraken. Le Léviathan a brisé la barrière de protection de la mage comme s'il s'agissait d'une fine pellicule de verre. Son corps disloqué bascule en arrière, tandis qu'elle incante faiblement pour réparer ses os fracassés. Je la sens puiser toute la force qu'elle peut pour réparer son être, luttant pour s'accrocher à la vie, avant que les eaux furieuses ne l'entourent et ne l'emportent vers les abysses. Je sens son désespoir. Je sens sa panique. Elle ne veut pas mourir. Elle se cramponne à l'existence. Son instinct lutte — quoi de plus normal, dans sa situation ? Mais l'usage qu'elle fait de sa magie est vain. Elle est condamnée, et cette déperdition de Mana ne servira personne. Il y a mieux à faire, et d'autres à qui cette énergie pourra profiter. Notre but est de détruire le Kraken, et Matera n'est tout simplement pas de taille à se mesurer à lui.

J'observe Afanas à travers la boule de cristal. Le vieux Mage de Bataille regarde avec horreur sa protégée choir comme une poupée désarticulée. Lui peut encore être utile, s'il daigne sortir de son marasme. Je me mets à incanter et à projeter ma volonté dans le globe de verre, à travers la distance et le temps. Comme un loup se jette sur sa proie, je me mets à déchiqueter l'essence de Matera, lui murmurant d'offrir son être en pâture. Il n'y a plus d'espoir pour elle. Son maître, en revanche, peut encore bénéficier de son sacrifice. Pendant un instant, j'ai l'impression qu'elle peut lire en moi comme dans un livre ouvert, qu'elle peut distinguer ma véritable nature... Mais en fin de compte, je sens son esprit se résigner face à l'inéluctabilité de sa mort. J'arrache le Mana de sa dépouille pour le projeter vers son mentor, juste avant que la boule de cristal ne s'ébrèche."
018d61e2-81c3-c309-22c8-0956088b99ec,ALT_CORE_B_YZ_21_C,Spell,"Off you go!","392 AC","Il est temps de dire au revoir au Kansas.",," Dorothy","La martengale se pose sur la balustrade, et se met à lisser ses oreilles avec ses pattes. Je me tourne vers le petit animal, croisement d'une martre, d'un lapin et d'un geai, m'interposant entre lui et Ozma. Il a l'air chétif et malingre, mais ce ne sont là que des apparences trompeuses. Je sais pertinemment qui se cache derrière cette forme intentionnellement quelconque. Je salue Loki d'un signe de tête, mais il se contente de lécher sa paluche, tout en posant ses yeux dorés sur moi. Que peut-il bien vouloir ? Quelle raison l'a poussé à quitter son domaine pour pénétrer dans le nôtre ? Alors que j'approche, il rabat sa longue queue touffue, sur laquelle est suspendu un message. De sa canine, il défait le nœud qui retient la petite missive et la laisse choir dans ma main, m'octroyant un semblant de sourire qui illustre parfaitement son tempérament facétieux.

J'ouvre le mot et entreprends de déchiffrer son écriture couvertes de ratures, de gribouillages et de fautes d'orthographe. Je lis et lis encore, déroulant le parchemin qui s'allonge sans fin. Il se perd en conjectures, en circonvolutions stylistiques et en apartés sans queue ni tête. Lasse de ses enfantillages, je passe — ou essaie de passer — directement à la fin... pour me rendre compte que c'est une bobine infinie. Je l'admoneste tandis qu'il se roule sur la rambarde, manquant à deux ou trois reprises de tomber dans le vide. Puis il se résout enfin à me laisser poursuivre ma lecture. Écarquillant les yeux, je parcours enfin du regard le fond du message. D'un geste de la main, je matérialise une tornade pour l'envoyer bouler vers son propre royaume. Je me tourne vers Ozma, qui m'interroge du regard face à ma réaction pour le moins explosive. Si Loki disait vrai, certaines vilaines choses étaient en train de se tramer dans l'ombre..."
018d61e2-81c6-0aad-87b5-22b2257f2ef8,ALT_CORE_B_YZ_22_C,Spell,"Spy Craft","381 AC","Ce message s'autodétruira dans cinq secondes.",," Lindiwe","Je déambule dans les allées étroites du Svarog Village, passant sous les grandes tentures qui protègent les étals de la lumière du jour. Les badauds se pressent dans la pénombre ocre du marché, à la recherche d'épices, de fruits de mer, ou encore des pièces métalliques que les Axiom mettent en circulation au sein de la population. Mais je ne m'intéresse nullement à ces babioles. Ce que je cherche, c'est le couvert de la foule. Derrière moi, l'espion me suit depuis un long moment déjà. Pour qui travaille-t-il ? Kuwat ? Wanjiru ? J'aurais aimé le découvrir, mais ma priorité reste de le semer. Et la carriole qui est en train de passer me donnera la meilleure occasion de le faire... Je conjure l'idée de la ""Cassure"", et l'appose sur l'essieu du chariot. Dans un craquement retentissant, le véhicule s'affaisse, tandis que des caisses tombent dans le canal en contrebas.

Je profite de la cohue pour m'éclipser dans une ruelle, conjurant d'autres idées pour les greffer sur ma chair. De longs cheveux noirs et lisses se mettent à pousser sur mon crâne, ma peau pâlit tandis que mes pommettes s'élargissent. Je me mêle au flot des passants pour me diriger vers la Criée. S'il continue de me suivre après ce tour de passe-passe, il sera toujours temps de devenir un véritable courant d'air, ou bien de jouer avec le souvenir de tous ceux qui me voient passer... En tournant au coin de la rue, je vois l'espion regarder tout autour de lui, clairement paniqué. Si le Qorgan ou toute autre cabale souhaitent me faire surveiller, ils vont devoir envoyer un agent d'un différent calibre. Après avoir vérifié que plus personne ne me talonne, je me remets en route vers le lieu de rendez-vous. Trouver des livres interdits était suffisamment rare pour que je prenne toutes les précautions du monde."
018d61e2-81c9-27d3-7715-9de577ea9c6d,ALT_CORE_B_YZ_23_C,Spell,"Conjuring Seal","389 AC","L'imagination façonne notre réalité, tout comme nos croyances ont façonné l'Éther.",," Afanas","J'en appelle à Hécate, j'en appelle au pourfendeur du Voile. Ilinka m'aide à maintenir le Sceau de Conjuration. Il a la forme du Strophalos de la Triple Déesse de la Sorcellerie, à demi dans notre monde, et à demi dans l'Empyrée. De ce fait, il se matérialise et se désincarne, tournoyant comme un mobile erratique. Il ne faut pas relâcher notre emprise. Il serait dommageable de créer une seconde Confluence... Tout ce qu'il me faut, c'est un interstice pour puiser directement dans le monde de l'imaginaire les idées dont j'ai besoin. La mâchoire serrée, je plonge la main en son centre. Autour, les cercles concentriques et éclatés effectuent des rotations chaotiques, comme un verrou qui s'ouvre et se ferme. Je sens la douleur irradier de mon bras, tandis que je vais à la pêche aux concepts...

La fissure entre les mondes grossit et se contracte tour à tour. C'est un subtil équilibre. Trop de force, et elle me sectionnera le bras. Pas assez, et nous risquons de créer une Singularité de Tumulte. Alors je ferme les yeux, et me concentre sur les idées qui lacèrent ma peau comme un maelström furieux. Quand je sens que celles que je cherche ont mordu à l'hameçon, je retire mon bras, gangrené par de nombreuses idées parasites. Ce sont des idées pures et puissantes, mais je m'étais préparé à les recevoir. Je me mets à les décrocher de mon essence comme on pèle une orange, gardant seulement celles qui m'intéressent. Les autres se dissipent dans l'air, emportées par les courants de Tumulte en attendant de se greffer quelque part dans la réalité. Je fais un signe à Ilinka, et de concert, nous refermons le Sceau d'Hécate. Je recouvre mon bras scarifié de mon manteau, faisant tournoyer dans mon esprit les idées que je vais m'empresser de manifester dans le monde."
018d61e2-81cd-96f1-7302-593aa8c2098a,ALT_CORE_B_YZ_24_C,Spell,"Banishing Gate","391 AC","« Laissez-moi vous montrer la porte. »",," Akesha","Taru referme ses bras visqueux sur la tête du monstre, obscurcissant sa vue. Il lutte pour maintenir son emprise, alors que ses ventouses se collent et se décollent par intermittence. J'ai juste besoin de quelques secondes supplémentaires... La Chimère cauchemardesque claque des dents et finit par mordre l'un des appendices de mon Alter Ego. Je hoquette de douleur en sentant son tentacule se sectionner. Certes, il repoussera, mais mon estomac se tord en ressentant la détresse de mon compagnon. Puis la colère finit par prendre le dessus. Je trace des Signes dans les airs pour ralentir le flux du temps. Ces quelques instants volés vont me permettre de bannir l'aberration de Tumulte. Enfin, c'est l'idée. Autour de moi, l'espace-temps luit comme un miroir, tandis que tout se joue désormais au ralenti. Les mouvements et les sons. Taru qui couine. La Chimère qui s'ébroue follement. Les herbes qui ondulent lentement...

J'invoque le portail, qui se dilate dans la réalité comme un disque bordé d'éclairs violacés. Depuis l'autre côté de la déchirure, je peux ressentir la pression des courants de Tumulte, qui ne demandent qu'à s'inviter ici. Mais je ne les laisse pas faire. Je dessine une figure dans les airs et téléporte Taru derrière moi, avant de réaliser un complexe kata pour propulser l'aberration à travers l'ouverture. Le temps est en train de retrouver son cours normal. Il s'accélère, se défait lui aussi de ses entraves. Je frappe l'air du plat de la main pour envoyer une bourrasque en direction de la Chimère. Je vois le point d'impact et la violence du choc, même si tout se meut encore au ralenti, comme si on était dans un liquide huileux. Je relâche enfin ma mainmise sur le temps, pour voir la créature être catapultée en arrière à cause de la déflagration. Très vite, je referme le portail, avant de tomber à genoux, complètement vannée."
018d61e2-81d0-d017-dbf9-046ba1547486,ALT_CORE_B_YZ_25_C,Spell,"Small Step, Giant Leap","356 AC","Un voyage de mille lieues commence toujours par un simple pas.",," Afanas","Senka m'enveloppe de ses plumes de nuit, et nous bondissons à travers le vortex vociférant. Le tissu de l'espace se courbe, tandis que le temps suspend son vol. J'avale les kilomètres, alors que les panoramas se distordent sur mon passage. Le monde est une vague, un rouleau qui spirale en continu. Nous la chevauchons, comme une rivière démente. Forêts, plaines et massifs se dilatent et se contractent en une furieuse farandole... Et alors que nous émergeons du tourbillon, à mille encablures de notre point de départ, tous mes Sceaux pulsent autour de moi, créant une barrière que je souhaite infranchissable. Je me précipite, effectue une roulade pour me mettre en garde. Ma Chimère n'est pas en reste : elle étend les ailes pour me donner un couvert, alors que j'essaie d'interpréter mon nouvel environnement. Un estuaire dont les eaux se déversent dans la baie, au gré de la marée descendante...

Mais qu'importe la direction vers laquelle je me tourne, nulle trace du Sorcier au Manteau de Chrysanthème. Il semble s'être volatilisé. Alors je fais quelques pas vers le corps inerte affalé à quelques mètres de moi, marchant avec prudence pour ne pas tomber dans un piège. Mais là encore, rien ne jaillit dans ma direction, aucune chausse-trappe ne s'entrouvre sous mes pieds. Je m'agenouille à côté de Qaasin, posant une main sur sa gorge pour vérifier son pouls. Je réprime un sanglot. Sa peau est froide, son teint livide. Me détournant de la dépouille de mon mentor, je hurle en relâchant tous les sorts que j'ai gardés en réserve, scarifiant la lande autour de moi. Je fracasse un monticule de pierre, incendie le sable jusqu'à le transformer en vague de verre. Je crie ma rage, ma douleur, mon désespoir... Il m'avait prévenu. Il m'avait dit que continuer à le traquer l'obligerait à sévir..."
018d61e2-81d3-11d5-9d88-b4935280a685,ALT_CORE_B_YZ_26_C,Spell,"Kraken's Wrath","392 AC","Les vagues rugissantes se brisèrent sur les armées qui chargeaient, et d'innombrables soldats disparurent sous les eaux en furie.",," Akesha","Avec horreur, je vois les soldats de l'Aegis se faire avaler par les vagues. Le Kraken ravage les rangs Ordis, et je désespère de leur prêter main-forte. Mais Taru est cramponné à mon bras, tournant ses yeux larmoyants dans ma direction. D'un de ses tentacules, il pointe une direction à l'opposé du champ de bataille. Mais les propos qu'il me tient sont incompréhensibles. ""Ailleurs. La menace vient d'ailleurs"". Ses ventouses se collent à ma peau, m'empêchant d'incanter. Je vois une silhouette disparaître dans la houle et supplie mon Alter Ego de relâcher son étreinte. Il finit par se résigner en prenant une moue boudeuse, tandis que ses appendices se mettent à pendre mollement. En contrebas, la mer est sens dessus-dessous. L'écume bouillonne, la houle gifle les falaises, la mer tourne comme l'eau d'une baignoire qui se vide. Mais c'est précisément là que je dois aller.

Je me laisse tomber, et plonge sous la surface. Immédiatement, je sens les courants me chahuter, mais réussis à garder ma respiration. Je me laisse entraîner vers les profondeurs, vers l'insondable pénombre des fonds marins. Retenant mon souffle, je combine mes gestes et invoque un portail vers la terre ferme. Je sens les courants changer de sens, alors que l'eau tourbillonnante est aspirée par la porte que j'ai entrouverte, ainsi que les soldats qui ont été engloutis par les flots. Je dois tenir. Je dois tenir pour qu'ils puissent passer. La pression sur mes poumons devient de plus en plus insupportable, des tâches noires dansent à la périphérie de ma vision, mais je ne peux pas encore abandonner. Soudain, Taru enveloppe ma tête et libère une bulle d'air dans la cavité qu'il a formée avec son corps gélatineux. J'inspire profondément, et tousse pour recracher l'eau que j'ai avalée par le nez."
018d61e2-81d7-73bd-9e8a-38f03165dc85,ALT_CORE_B_YZ_27_C,Spell,"Celestial Blast","392 AC","Le ciel se fendit en ondes tempétueuses alors que le rêve s'épanchait sur le monde.",," Akesha","Taru dort paisiblement contre ma poitrine. Mais pour ma part, je n'arrive pas à trouver le sommeil. Je repense à Kumari, à la distance qui nous sépare désormais. Je repense au fracas du champ de bataille, tout en écoutant le chant lancinant des cigales. Je repense à l'eau furieuse et au feu rugissant, en contemplant les têtes d'épingles qui percent la voûte céleste. Je me remémore ce qu'Afanas et Senka ont accompli durant la bataille contre le Kraken. Même si la tentative s'était soldée par un échec, le Mage de Bataille avait fait pleuvoir le feu du ciel. Je n'avais eu que peu de temps pour étudier l'astronomie quand j'étais encore étudiante au sein du Kadigir. J'avais bien d'autres chats à fouetter. Mais j'en connaissais néanmoins les bases. Tout là-haut dans l'immensité du ciel, il y avait des boules incandescentes, d'autres astres comme le Soleil...

Il y avait aussi d'autres mondes, peut-être peuplés de créatures fantastiques, comme certains vieux livres pouvaient laisser penser. Peut-être même que Taru et les autres Chimères venaient de là-bas... Machinalement, il enroule un tentacule autour d'un de mes doigts, probablement car il a senti que j'avais pensé à lui. Je soupire en regardant de nouveau le ciel nocturne. S'il y avait des gens comme nous qui vivaient sur les autres planètes — ou même sur la lune —, avaient-ils eux aussi vécu la Confluence ? Observaient-ils le ciel obscur, comme nous autres le scrutions grâce à nos télescopes ? Pouvaient-ils nous venir en aide ? J'aurais aimé apprendre le nom des constellations et des étoiles, mais j'avais dû y renoncer faute de temps. Senka était allé en dénicher une pour la faire s'écraser sur terre. Enfin, plutôt l'idée d'une étoile. Mais qui, ici-bas, savait réellement ce qui se tramait là-haut, bien au-dessus des nuages ?"
018d61e2-81da-dc77-53f0-9c45911e9eb0,ALT_CORE_B_YZ_28_C,Permanent,"Baba's Isba","391 AC","Vous préférez les ailes ou la cuisse ?","Demeure forestière de la sorcière Baba Yaga, son isba — chalet de bois d'origine russe — n'est pas une simple cabane. Montée sur des pattes de poulet, cette dernière arpente les étendues boisées et a la capacité de tourner sur elle-même. Les héros suffisamment braves pour y entrer sont alors soumis à un interrogatoire, par lequel la sorcière juge de leur valeur. Si elle est satisfaite, elle ne manque pas de leur offrir le gîte et le couvert, et même de leur prodiguer présents et conseils avisés."," Lindiwe","Je volette en direction du perron surélevé de l'isba, longeant les longues pattes striées sur laquelle la cabane est perchée. De loin, j'ai pu voir que Baba Yaga était en demeure, grâce au panache de fumée qui s'élevait de sa cheminée. Mais c'est l'étonnement qui me saisit quand j'ouvre la porte d'entrée. En face de moi, confortablement assise dans un fauteuil, une Muna est en train de boire une tasse de thé, tandis que la sorcière est dans la cuisine, en train de préparer ce qui ressemble — à l'odeur tout du moins — à un bortsch. La Muna me fait signe de m'asseoir en face d'elle. Jambes croisées, elle balance son pied, tout en prenant une gorgée de son potage. Je me souviens de son nom. Saskia, si je ne m'abuse. Il n'était pas rare que les Muna viennent trouver Baba Yaga. L'Eidolon était aussi celle qui veillait sur les étendues forestières...

Pourtant, le regard de la jeune Muna a quelque chose de particulier. Je ressens comme une menace, bien que rien dans le salon ne semble le présager. Les napperons de dentelle, les fleurs séchées qui pendent depuis les poutrelles, les ustensiles de cuisine accrochés au-dessus du poêle à bois... Il y a ici un charme suranné, presque bucolique, mais rien qui n'évoque un danger. Hormis Baba Yaga, bien sûr. Mais cela signifie que c'est la présence de la Muna qui m'est désagréable. Je m'assieds sur un siège, écartant le tartan qui le recouvre. Saskia se lève et pose à côté de moi une assiette en porcelaine, où sont entassés quelques prianiks recouverts d'une croûte de sucre. Le bois du chalet craque à chaque mouvement de l'isba. Rien ne semble anormal. Mais sous les odeurs de cumin, de muscade et d'anis étoilé, sous le sourire figé de l'autre invitée, quelque chose d'hostile couve..."
018d61e2-81dd-7b2a-dd3d-255a63f0e79d,ALT_CORE_B_YZ_29_C,Permanent,"Aether Shard","386 AC","Ce n'est pas un simple colifichet, mais un fragment même du rêve.",," Afanas","C'est désormais au tour de Matera de s'avancer. Ses épaules sont crispées, et ses pas hésitants tandis qu'elle récupère marteau et burin des mains de Flamel. Elle me jette un discret coup d'œil, et je hoche la tête pour la rassurer. Elle soupire et fait quelques pas vers le Mégalithe, qui pulse d'une lueur améthyste. Après cette cérémonie, elle sera officiellement une Initiée Yzmir. Après cette formalité, elle sera mon égale. Je la vois retenir sa respiration. En face d'elle, le météore d'Éther pulse dans la pénombre, intimidant. Elle positionne la pointe de son burin sur sa surface, prenant soin de viser une petite aspérité. Puis elle souffle longuement pour chasser son trac, lève le bras... et frappe avec le marteau. Le tintement métallique résonne dans l'immensité du gouffre et se réverbère en des milliers d'échos. Le fragment qui a été arraché du Mégalithe tombe au sol, et elle se penche pour le ramasser.

Cette pierre en forme de larme lui permettra de canaliser plus efficacement sa magie. Mais tout à coup, je la vois interrompre son geste. À côté d'elle, le Mégalithe a commencé à frémir, à palpiter frénétiquement. Matera attrape prestement l'éclat avant de reculer de quelques pas. Elle sursaute quand Flamel pose une main sur son épaule, mais comprend rapidement qu'il est juste en train de la mettre à l'écart pour me laisser toute la place nécessaire. Le frémissement est devenu grondement. Mais je suis prêt. Immédiatement, je pose une statuette sur le sol pour invoquer l'un des gardiens du Puits des Larmes. Matera m'observe, serrant son fragment contre sa poitrine. Les Disciples et Initiés fraîchement intronisés se mettent en retrait, et commencent à incanter pour m'apporter leur aide. Les éclats du Mégalithe brillent dans l'obscurité, tandis que des effluves irisés se mettent à danser dans l'air."
018d61e2-81e0-4e38-d9ec-30cbc86c69fe,ALT_CORE_B_YZ_30_C,Permanent,"The Kadigir, Yzmir Bastion","383 AC","Seuls les Yzmir et les fous savent quels fantasmagoriques et sombres secrets cache le Collège de Magie d'Asgartha.",," Akesha","Je tire Kumari par la manche, et on se cache dans les fourrés. Je pose un doigt sur mes lèvres pour dire à ma sœur de pas bouger et de rester silencieuse. Ce serait nul que des élèves — ou pire, des professeurs — nous trouvent alors qu'on vient tout juste d'arriver. On les regarde passer tandis qu'ils se dirigent vers un bâtiment biscornu. Ils portent de longues toges à capuche, et trimballent de gros livres avec sûrement plein de symboles incompréhensibles. Une fois qu'ils sont à une distance respectable, je fais signe à Kumari de me suivre. Aujourd'hui, il y a un bosquet que je veux visiter, et de ce que j'en ai aperçu la dernière fois, ça va être un endroit trop cool pour jouer. Alors on contourne la serre, où poussent plein de plantes et d'arbres étranges ; on se cache des oiseaux aux couleurs vives qui prennent leur envol, de peur qu'ils caftent.

Heureusement, le Kadigir est un labyrinthe d'allées, de futaies, de jardins, de collines et de sous-bois ombragés. Si on s'approche pas trop des gros bâtiments et qu'on reste dans le parc, y'a de grandes chances qu'on passe totalement inaperçues. Et il vaut mieux, parce que la dernière fois, le Magister avait été à deux doigts de nous balancer à papa et maman. On esquive la ménagerie, parce que Kumari a peur des animaux bizarres qui s'y promènent. On passe par les vergers, pour chiper quelques fruits aux goûts tous plus surprenants les uns que les autres. Et enfin, on arrive à destination. C'est une petite courette qui est parfois utilisée pour méditer, mais la plupart du temps, y'a pas âme qui vive. J'enlève mes sandales et plonge les pieds dans la fontaine, où gazouillent de gros flamants violets. Je prends dans mes mains un peu d'eau et l'envoie vers le ciel. Elle se transforme en bulle qui se met à flotter en direction du Magisterium..."
018d61e2-81e4-4813-ba27-c0b107878469,ALT_CORE_B_YZ_31_C,Token,Maw,"376 AC","Toujours avide de nouvelles idées.",," Lindiwe","La faim... Elle est toujours là, comme un vide qui n'aspire qu'à tout dévorer. Je ne peux que l'apaiser un temps, mais elle revient toujours, exigeant son dû, grondant pour qu'on lui fasse une nouvelle offrande. Elle est là, comme un gouffre. Elle est là, comme une maîtresse que jamais rien ne vient contenter. La faim... Je sais que rien — aucun sacrifice, nulle libation — ne parviendra à lui faire ressentir une quelconque sensation de satiété. Elle est là, comme une gueule ouverte, aux crocs acérés. Elle est là, avec pour objectif, à terme, de tout engloutir. Car elle sait qu'il y a ici une pitance bien plus nourrissante qu'un chapelet d'idées. Elle dévore. Elle broie. Elle salive à l'idée de son prochain festin..."
018d61e2-81f1-aee6-4daa-e623a140b76f,ALT_CORE_P_AX_01_C,Hero,"Sierra & Oddball",,,,,
018d61e2-7875-03c9-ef7b-11da35a94b68,ALT_PROMO_2024_B_AX_01_C,Hero,"Treyst & Rossum",,,,,
018d9e35-3d74-3ff7-fa48-76f62adec915,ALT_CORE_P_AX_03_C,Hero,"Subhash & Marmo",,,,,
018d61e2-81f4-44b0-72dc-f130574c6373,ALT_CORE_P_BR_01_C,Hero,"Kojo & Booda",,,,,
018d9e35-3d7a-cd49-c864-0f7fa2c63115,ALT_CORE_P_BR_02_C,Hero,"Atsadi & Surge",,,,,
018d61e2-7879-5800-08a7-76dc29c3f670,ALT_PROMO_2024_B_BR_01_C,Hero,"Basira & Kaizaimon",,,,,
018d61e2-81f7-8d6f-bd87-e0188576866d,ALT_CORE_P_LY_01_C,Hero,"Nevenka & Blotch",,,,,
018d9e35-3d80-7478-2b9a-31fdd3a53bfb,ALT_CORE_P_LY_02_C,Hero,"Auraq & Kibble",,,,,
018d61e2-787c-2bc7-2e4c-7c68c8407aa9,ALT_PROMO_2024_B_LY_01_C,Hero,"Fen & Crowbar",,,,,
018d61e2-81fa-2a2d-7e02-00a0985da4aa,ALT_CORE_P_MU_01_C,Hero,"Teija & Nauraa",,,,,
018d61e2-787f-50ce-ff67-f78e019121e0,ALT_PROMO_2024_B_MU_01_C,Hero,"Arjun & Spike",,,,,
018d9e35-3d88-eddc-b7f4-2b34682b2f34,ALT_CORE_P_MU_03_C,Hero,"Rin & Orchid",,,,,
018d61e2-7882-3056-53c8-8254bd01ef1d,ALT_PROMO_2024_B_OR_01_C,Hero,"Sigismar & Wingspan",,,,,
018d9e35-3d8d-c3b8-5a27-830ce92793a6,ALT_CORE_P_OR_02_C,Hero,"Waru & Mack",,,,,
018d61e2-81fe-89f2-20c6-66d23c6a6cde,ALT_CORE_P_OR_03_C,Hero,"Gulrang & Tocsin",,,,,
018d61e2-8201-2178-f505-29dd89d80453,ALT_CORE_P_YZ_01_C,Hero,"Akesha & Taru",,,,,
018d9e35-3d94-1183-51b9-179f6b3fb28e,ALT_CORE_P_YZ_02_C,Hero,"Lindiwe & Maw",,,,,
018d61e2-7885-608e-6be0-c51781132973,ALT_PROMO_2024_B_YZ_01_C,Hero,"Afanas & Senka",,,,,
