ID,REFERENCE,TYPE,NAME,DATE,FLAVOR_TEXT,INSPIRATION,NARRATOR,STORY
a20e6bc6-ea4f-470d-a0cf-cfd3cfa7beb6,ALT_CYCLONE_A_AX_74_C,Character,"Lucan, Hungry Leviathan",,"It burst out of the rocks to chomp on our jewels.",,SIERRA,"393 AC - The buildings are under battle orders to proceed with the evacuation of the island. The alarms let out a deafening wail. Halua was already causing enough damage, and now there's another Leviathan? Little by little, a different vibration starts to drown out the sirens. I've got a bad feeling about this. The clouds suddenly explode, and the beetle comes hurtling towards us. Its buzzing sounds like a turbine running at full speed. It caught us by surprise, just as we were unearthing a major Aerolith deposit – the biggest one so far. It moves rapidly, unfazed by the explosions, with its legs and mandibles gouging away at the rock. Its chitin is too tough, even against these long series of powerful blasts.

The monster's forewings start to thrum even louder, filling the air with chilling, grinding chirps. The Scarab Leviathan rushes towards the block we've anchored to the zeppelin. Its striated carapace reflects the sunlight as its shining rainbow-colored wings beat at the air. I watch, powerless, as it eviscerates an airship's balloon with its horn. The balloon deflates as though pierced by a knight's lance. But… unlike Halua, this Leviathan isn't targeting us. It's after the vein of Aerolith that we're dragging around with us like a big piece of meat on a hook. The only trouble is that the fish we've caught is way too big for us. Oddball beeps next to me, and I agree. I race towards the wheelhouse. We've got to convince the captain to dump the cargo."
fe4fd93f-8333-4db5-bf51-6991837510c9,ALT_CYCLONE_A_AX_76_C,Spell,"Axiom Signet",,"Innovation, engraved in chrome.",,UNKNOWN,"393 AC - Nothing is created, everything is transformed. So goes the old adage. Nothing is lost, everything is recycled. Such is the universal law. Underneath the successive stamps of various Axiom engineers, artisans and workers is the eternally changing life of a bit of metal, a piece of machinery, a lever… Nothing must ever be lost, and every component must be used and reused until it's completely worn out. Then it will be melted down and reforged to start another cycle of existence, whether in the same form or a different one. But before that, it's not unusual for a humble plate, hoop or lever to have so many different stamps on it – some of them overlapping others – that they combine to give the part an ancient and arcane appearance.

Recycling is a philosophy that maintains the balance between change and inertia. It encodes a new creation within existing work, the new within the old, and life within destruction. This cycle is a form of eternal life in which every ounce of material achieves a new transformation. This cycle is a rhythm, a cadence, whose purpose lies in metamorphosis and renewal. Each stamp is the mark of an entire life, bearing witness to the stage of the journey in which it is anchored. The more the part wears down, the more it is burnished and engraved, the further it advances in its odyssey. And through each of these countless interactions, it earns respect. The ancients spoke of a cycle of reincarnation. The same philosophy applies to objects…"
10477249-2daa-4321-bcce-5457faf5e0bf,ALT_CYCLONE_A_BR_77_C,Character,"Halua, Raging Leviathan",,"Its exuberance forced a stopover.",,HALUA,"393 AC - Even from miles away, I can smell it emanating from their pores. A strong, sickly scent that trails behind them in the wake of their flimsy ships, their makeshift crafts. They're just like the others – leeches, parasites, only good for sucking out sap until the shoot shrivels. I watch them gorge themselves, like a swarm of locusts. They land on an island, then dig, erode and devour the red-veined rock until the atoll can no longer fly. They leave a trail of destruction under the clouds, eradicating entire biomes, depriving birds of a nesting site or a stop on their migration. Those humans… They take without giving back, unaware of the devastation they cause. Pests. 

How could I have trusted them? They saw me being born. They showed me affection. But that was all a ruse to deceive me. To topple me more easily. And this human tribe is no better than the last one. No, they can't be allowed to land. I need to stop it. So I track them, hidden in the clouds. And I wait, patiently. I wait for a ship to fall behind the others, so I can isolate it from the rest of the herd. So I can break it, reduce it to scrap, drag it down to the bottom. So I can make it disappear, body and soul, with a simple flick of my tail. That's all they deserve. What is it they used to say? ""You reap what you sow…"" Yes, I'll make sure they get what's coming to them, by unleashing my righteous wrath."
4203479f-8c90-43bf-9948-78eb77b181d3,ALT_CYCLONE_A_BR_79_C,Spell,"Bravos Signet",,"Audacity, written in flesh.",,UNKNOWN,"384 AC - We are Bravos. Courage, prowess, camaraderie… they're all written on our skin. We display them proudly, like a challenge, a symbol, a warning. Through ink, through embers, each of our scars tells a story. Indelible. We are Bravos. It is a demand, an absolute commitment that can't be renounced. There's no turning back, only forward to new challenges and new obstacles. We are Bravos, and our tattoos say who we are. The needle's path is just a reminder of what we've faced, what has marked us, what has defined us. The pain is merely an echo, a recollection and a way to relive adversity in the crucible of your soul.

When I tattoo an athlete on their thigh, they've experienced much worse in training. When I tattoo the name of a deceased loved one above the heart, it's a promise that the survivors will remember them. When you are Bravos, you announce your life loudly and clearly to anyone who will listen, and sometimes at first glance. The needle reveals our rage, resilience, triumphs and setbacks. Because great deeds are always eternal burn marks, as glowing, vibrant and vivid as the disappointments. Sol sits down opposite me. The little one is all grown up. I'm told that Little Red Riding Hood showed her support during her Imhallat. She is Bravos now too. And I'm going to engrave that truth into her flesh."
0df4477a-fab0-4cef-a600-d5df45cfeecb,ALT_CYCLONE_A_LY_74_C,Character,"Koi, Playful Leviathan",,"Its joyful twirl splashed our path.",,NADIR,"393 AC - Its multicolored silhouette is reflected in the stagnant water of the rice fields, which are full to brimming after the recent rains. I watch intently to ensure I don't miss a single moment of the show. And what a show it is! Its pastel-colored fins push the clouds away each time they flap, like the rippling, lacy fins of a betta fighting fish. As it twists in the sky, like the fish-shaped streamers often flown during Ryukkōsai, its whiskers stir the air around it like those of a catfish. But there's really no mistaking it: This mischievous Leviathan specifically chose to be a carp as big as a mountain to announce its existence in the world. Its iridescent scales reflect the sunlight and start to shimmer.

It looks like it's dancing, or engaging in a courtship ritual. But I know it's actually playing with my alter ego. I can also see the sparkling droplets that Bubbles forms as he swims around the Leviathan, and the giant Koi happily follows him, curious and playful. After all, Chimaeras and Leviathans aren't that different, really. I don't know yet if other humans realize how closely related they were. They surely knew that both were connected to Mana and the Tumult, and could freely wade around in it as though it were an ordinary ocean. But did they understand their true nature and what their role was? I take out my notebook and charcoal and prepare to sketch the aerial ballet. I simply must show this to Zaza."
53deeac8-40a7-44b1-80f0-41e71c6569bb,ALT_CYCLONE_A_LY_78_C,Spell,"Lyra Signet",,"Imagination, drawn from dreams.",,UNKNOWN,"""He departs into the void and the chaos within;
Entering the Tumult, he embraces its essence;
He delights in it, trusting it with every sense;
He absorbs the energy, into soul and onto skin;

In that instant, that moment, the transformation takes place;
The eager initiate now understands that his nature;
Far from being fixed and unique, is just a signature;
Many-faced and ever-changing, it constantly regenerates;

He accepts the burden of his intense transformation;
The sign of his Faction and the source of its might;
For all, he wants only to bring joy and to excite;
From the magic he creates, art is its expression;

Returning from this journey and into a new dimension;
He celebrates Ignescence, and the change it brings;
And inspired by the power of all these feelings;
From the Tumult reshaped, he becomes its champion."""
9353af8b-f86a-4373-82ab-5c4303ebc6a4,ALT_CYCLONE_A_MU_74_C,Character,"Zaratan, Social Leviathan",,"We were dashing among the bushes when one of them came to meet us.",,TEIJA,"393 AC - I stand before him in my ceremonial robes. Sig insisted that I be accompanied by bodyguards from the Tagmata, but I know that a few soldiers won't make much difference if the Leviathan decides to get aggressive. No, all I can feel in the Skein is a combination of curiosity and joy. If he smashed our ship, it would be out of playfulness or clumsiness. The result would still be the same, of course. His giant head draws closer to us. Our whole ship could fit into one of his nostrils, without even touching the sides. We're nothing but ants compared to him. But the closer he comes, the more the dendrites of his Skein start groping around.

I feel his filaments tangling with mine, and he doesn't hold back, to say the least. In exchange, I ask for his hospitality. I share with him the key concepts of who we are – not through intellect, but more in relation to our underlying nature, the good and the bad… even though these concepts are essentially very human. The gargantuan turtle asks me if we come from below, from under the clouds, and I reply that no, we come from much further away. Narrowing his eye, which looks like a tiny moon, he tells me that we look like those who came to see him before the archipelago broke up and dispersed. Before the red wing made them abandon these shores…"
ed88a308-98d0-4d28-a31f-d62e68d9b69f,ALT_CYCLONE_A_MU_79_C,Spell,"Muna Signet",,"Empathy, bound within hearts.",,FLORE,"393 AC - There's an inherent contradiction among the Muna. We do our utmost to maintain the balance of nature, parity between the species – animals, plants, and others – so that everything can live in harmony. But isn't that just interventionism? If we were to follow the laws of nature to the letter, we should leave all species alone to live and die naturally. A few years ago, Arjun had told me to think more deeply about it. And it had been several days before I went back to find them. Proud of myself, I told them that it was all about our place in the world. Not doing anything was like not existing, but we did exist. And human beings were part of nature. It was a mistake to think that we were separate from or above nature.

In nature, there's always a sweet spot between cooperation and competition to guarantee a healthy environment. And we have the perfect tool to find that sweet spot: the Skein. Through it, we can almost hear nature, and all its desires and complaints. And we can help it thrive. In a way, it's like we've agreed to be its agents. But I've always wondered why it's only the Muna that received this gift, and not all human beings. The cicadas sing under the olive trees, and I lift my straw hat to wipe my forehead.  I pick one more juicy tomato, which Arjun would definitely have appreciated. Come to think of it, I think I dreamed about them last night…"
e971c31c-3092-4202-8bfc-2ed5c454be2a,ALT_CYCLONE_A_OR_74_C,Character,"Sagitta, Soaring Leviathan",,"We moved aside to avoid the petulant snapping of its beak.",,ZHEN,"393 AC - I step out on deck as the sirens blare all around us. Soldiers and recruits rush to their stations, but many of them pause, open-mouthed, when they see the size of the Leviathan in front of us. And I can understand why… It's obviously a bird, a bird of prey, but its size… It could easily grab one of our transporters in its talons. I receive a string of information through the Gestalt: ""Sagittarius serpentarius"", ""Secretarybird"", ""Sagittariidae family""… I contact my own Raptors, and all of them reply with their ""Supero!"" to indicate they are ready. All of them are converging on the drop zone. I feel a gust of wind on my face as Zephyr lands near me.

For now, the Leviathan seems content to watch the transporters as they fight against the turbulence of its gigantic wings. Its instinctual curiosity is strong. But that curiosity could quickly become more tactile, especially if it becomes angry or playful. We may have reacted promptly, but we can't handle an adversary like this. All we can do is keep its attention and distract it from the other ships. I think of the various possible tactics and the different approach vectors. For now, senior command is adamant that we hold off on launching a barrage, but if that does become necessary, our operation will become even more difficult… I turn to my squad, which is now fully assembled. I don't need to give a speech. The task speaks for itself, and the stakes are obvious and clear. We don't have any other choice. Supero."
37108a09-0a97-4f51-ae46-e4edc02bbc44,ALT_CYCLONE_A_OR_78_C,Spell,"Ordis Signet",,"Unity, joined within spirits.",,UNKNOWN,"393 AC - ""United in the throng. This is the ultimate meaning of the Gestalt. It is the fruit of a harmonious, shared, immediate and permanent collaboration. Coalescence is the surrendering of individuality in favor of a coming together of multiple spirits. United, bare in thought. United, bare in emotion. United, staunch in fellowship. United, staunch in our virtues. The Gestalt breaks down distance, borders, physical obstacles and the limitations of the self. The Rhombus that marks our flesh is proof of our commitment, proof that we offer up our individuality to the greater good of the community. There is no stronger vow. Our affiliation is one of total devotion and self-sacrifice. When others become part of yourself, the idea of justice is obvious. When others become part of yourself, we can move mountains.""

I listen to the officiant as he faces the… congregation. I feel their communion in the melting pot of their shared mind, as their thoughts begin to resonate. There are a few soldiers, clerics, politicians, scribes, scholars and many other identities among them. I move through them like an undetectable wave. I can't help thinking of the entity of the City of Scholars, the one that ultimately strived for a union similar to the Gestalt. It was the city, and it wanted everyone to live in harmony. In it. Within it. I don't think anyone perceived that side of it. Its appetite wasn't driven by an instinct for destruction – quite the opposite, in fact. It was driven by a desire for unity, however flawed that desire was."
cc223666-2975-428d-a428-7bca0758fe8b,ALT_CYCLONE_A_YZ_73_C,Character,"Alelo, Eerie Leviathan",,"We followed on its wave, believing it was a tadpole.",,MOYO,"393 AC - The Bravos skiffs slalom between the islands as the Leviathan follows in pursuit. It twists and turns with ease, and its movements are abrupt but calculated. The creature looks like some kind of eel, but that's not the most interesting thing about it. Just like the Moths, Alelo seems to exist somewhere on the threshold between reality and the imaginary. It regularly needs to dive into the cloud cover to fill up on Mana. But even more fascinating is that it can switch between one state and the other at will, transforming from the tangible to the illusory. And that's why the Bravos are on the wrong track. They can't repeat what Nuur Tamrat achieved with Annoba.

I need to find a way to help Afanas reach Alelo, while ensuring the hunters don't get too battered and bruised… I could have done without this distraction. I prepared for this very moment by experimenting with the Moths and their varying levels of reality. With a bit of luck, I could prevent Alelo from diluting itself in the intangible, force it to retain its physical form, and therefore make it vulnerable. Luckily, the biome it's chosen for its home has plenty of water, and that's precisely the element I have in mind to give it substance. But before that, I need to carefully position myself so that those pests from the Ascalon don't get in my way… It would be a shame if they wandered into my crosshairs."
0b4b5720-cd13-43c0-bc41-e3491d51c0fd,ALT_CYCLONE_A_YZ_76_C,Spell,"Yzmir Signet",,"Mystery, concealed in the soul.",,UNKNOWN,"393 AC - Truth. It's what every Yzmir is duty-bound to seek. The truth behind the thick veils of lies and false pretenses. Power. It's through power that truth must be harnessed, because only power allows us to confront it. Finally, selflessness. Because not everyone has the strength to confront the world's true face. Through selflessness, the Yzmir expose themselves to the chaos so that others may live in the bliss of ignorance. Knowledge is a double-edged sword, for the power that flows from it demands sacrifice. Few can continue to keep hope alive while staring the world's truth right in the eye. Few can make their mind a fortress, capable of standing firm against the flood of revelations.

But that's what it means to be Yzmir. We are anonymous sentries who brave the storm. And among the Yzmir, the Qorgan will always be at the forefront, always looking into the abyss. We will never take credit. We will always operate in the shadows. The enemy is on every front, and sometimes even within ourselves. That's why we must keep a clear mind and observe with concentration and clarity. Do you understand what is expected of us? Zeal, steadfastness, impartiality, renunciation. Such is our lot, now and forever. There will be no praise, no reward and no distinction. Our only gratification will come from the knowledge that we fight for a cause that is more important than all of us, and that deserves our total devotion."
2c770911-142e-41bb-8f79-989b91ce3434,ALT_CYCLONE_B_AX_31_C,Token,Brassbug,,"10,000 feet... 9,500 feet... 9,000 feet...",,,
e620c3be-a213-43ad-8052-6a0a7c8fdc42,ALT_CYCLONE_B_AX_65_C,Hero,"Isaree & Pebble",,"Science's role is to serve the people, not the other way around",,,
7f227ff5-e384-402f-86dd-e593797f7780,ALT_CYCLONE_B_AX_66_C,Character,Gavroche,,"He fills his basket and retorts by thumbing his nose.","An iconic character from Victor Hugo's Les Misérables, Gavroche is a mischievous and resourceful street urchin. In the republican uprising of June 1832, he steals from the dead to gather unused cartridges and bring them back to his friends in the rebellion. He is fired upon the whole time, but none of the National Guardsmen's bullets can seem to hit him. Until the fateful shot that leaves him falling to the earth, his nose in the gutter.",ISAREE,"393 AC - Most of the time, he appears when I think about the strikes back in Hadera, about the labor rallies and picket lines… That's when the Eidolon would manifest, wending his way among the workers. Some were amused to see him strolling through the crowd, while others were annoyed by his presence. In a way, the kid was a symbol of our resistance: Our protests were joyful, full of hope for a better tomorrow. And when the violence started, he became the symbol of our defiance. I watch him strolling through the ruins, tossing little nuggets of Aerolith into his basket just as the energy specialists had asked him to. All around, the abandoned warehouse serves as an arena for the tune he's singing: ""When I'm flying through the air, I blame it on Voltaire. Falling to the ground below, I blame it on Rousseau.""

Flying through the air… How fitting. Thanks to all this Aerolith, red as a cherry tomato, other airships will take flight… All evidence suggests that the civilization that once lived here had also managed to harness the power of this levitating stone. It must have been central to their whole way of life, nestled up here in the clouds. Gavroche pulls another jewel from the rubble, this one the size of a fist. It shimmers in the afternoon light, then starts floating in the air. If we'd wanted to, we could have used it to make bombs to fight back against the repression. But when we went on strike, we swore to each other that our protest movement would be a peaceful revolt. We were so naive back then."
8e2d53c6-cc13-40d4-bd60-c22fd6b5726d,ALT_CYCLONE_B_AX_67_C,Character,"Demolition Expert",,"Mining Aerolith is dangerous, but it's well worth the risk.",,ISAREE,"393 AC - He places the charges one by one along the crevice. His movements are confident and precise, but that doesn't keep me from sweating bullets alongside him. His missing arm is an indelible reminder that even the tiniest error in judgment can result in catastrophe. I know Angus knows what he's doing. He analyzed the deposit extensively to decide where to place the explosives to reveal the vein without triggering a chain reaction. Even so, I still don't feel entirely at ease. I'm biting my lip, and my palms are sweaty. I'm better off thinking about the bath I'll run for myself back on board the Pantagruel, once the supertanker has filled up on ore.

But even here, far from Asgartha, I can feel how politics is getting tangled up in our affairs. The Guild's energy specialists are under pressure to collect as much Aerolith as possible. Something to show to the country, to try and convince the bigwigs and the general public that the Effort isn't just a huge waste of money. And it makes me sick that it's come to this. It needs to be profitable. It needs to make money. Pebble places a hand, somehow as light as a feather, on my shoulder. Ultimately, he's a lot like Aerolith: a vein of stone with no weight to it at all. Angus finally signals to me, and I let out a long breath. I delicately connect the detonator to the charges and start unrolling the wire…"
d229abe3-b836-405f-a7b2-7219d7b99883,ALT_CYCLONE_B_AX_68_C,Character,"Bessie Coleman",,"""I was destined to fly. I was born to fly."" - Bessie","Born in Atlanta, Texas, on January 26, 1892, Bessie Coleman was the first Black woman in the world to fly a plane. She was also the first African-American woman and the first Native American to hold a pilot's license. She was a high-profile figure in the media of the time and performed stunt maneuvers in numerous airshows.",TREYST,"393 AC - Loop-the-loop, barrel roll, split S, stall turn, chandelle, Immelmann… The pilot executes a series of aerobatic maneuvers in front of the cadets assembled on the bridge. In other circumstances, it would have been an enjoyable spectacle, but Bessie's maneuvers today aren't just for show. She's teaching them what to do in case a Leviathan attacks – Lucan, or especially Halua. Their shadows loom over each of her stunts, because the cadets know that acrobatics like this will sometimes be the difference between life and death. So they watch, some of them imitating the control movements as they follow her flight path with their eyes. They need to know when to deploy the countermeasures, when to go into a nosedive… Bessie does a wide switchback between the floating islands, protecting her from any would-be pursuer, then dives like a bird of prey.

The missile roars out of the airship and hits a floating fragment. The stone block explodes as soon as the missile hits, sending slag flying in all directions. A few of the cadets whistle, clearly impressed. Others feel new hope after this skilled demonstration. I hear them shouting excitedly, saying that with those kinds of weapons, the Leviathans had better look out… and that together as a squad, they'll be unstoppable. My heart sinks. Because I know that despite our airships' firepower, facing a Leviathan as calculating as Halua will be no walk in the park. Meanwhile, Bessie comes in at full speed for a perfect landing. I look over the cadets' faces, and I clench my fists. They all remind me of Paju."
92a1c9f7-7e4e-4c0a-acc4-a7c4348124e4,ALT_CYCLONE_B_AX_69_C,Character,"FarFetch 2.0",,"""I'm glad I got my hooks into this new version!"" - Paju",,TREYST,"393 AC - It took a while, but I think I've done it. I set the number-12 wrench back in the toolbox and give Rossum an inquisitive look. He could probably use a tune-up as well… He takes off his goggles and extinguishes his blowtorch. We both take a step back to admire our work. Well, so to speak. It must have been a maintenance rig originally. Its design clearly wasn't Asgarthan, and it may have been created for handling Aerolith as it has prehensile claws for grabbing the crystals from a safe distance, shatterproof glass in case of an explosion… The cabin, with its cushioned seat, was made to accommodate a pilot, and that's exactly what made this robot a good candidate for my experiments, for a final gift…

I had a dream to fulfill and a wish to grant. I check the kelonic convectors glowing inside the cockpit. They'll put out enough energy to keep him incarnated for hours. With this system, he can explore at his leisure, even without me around to keep him manifested. He'll be able to fly freely, wherever he likes. I let out a long breath, then start sliding the symbols around on my Construct. I assemble all the ideas that remind me of Paju, all the little things that make me think of him and help me to fine-tune his identity: his mocking smile, his wild red hair, his naive and contagious enthusiasm. I see him as a child and feel a tear run down my cheek as I see my much older reflection in the glass of the cockpit."
4bda645f-509e-45a0-b9c5-62ae94b1b4b4,ALT_CYCLONE_B_AX_70_C,Character,"Paju, Axiom Pilot",,"""Look, Paju. Wandering unknown skies was our dream, and now we've achieved it."" - Treyst",,TREYST,"393 AC - Rossum serves us some piping hot tea, forcing Paju to interrupt his story. In a corner of the workshop, his robot is recharging. The engine is cooling down, and the Kelon cylinders are refilling after his outing. Paju shoves another cookie into his mouth, then resumes his tale, explaining all the details of his maneuvers in his new machine. He talks quickly, in a hurry to tell us everything, to share every sensation, every surprise, every moment of joy. His hands dart about in all directions, miming some movement of the machine or illustrating his description of the environments he flew through. He gives us a detailed account of his encounter with a flock of birds that he followed into the labyrinth of Aerolith stones.

I watch him with a smile. But all the while, I know it's just a simulation. Of him, of his presence. Still, I let the game go on, because I feel I have a debt to repay. Because I survived, while he didn't. He turns to me, telling me all about his plans for tomorrow. He bursts out in laughter, and says he can hardly believe we're finally both here, the two of us, exploring unknown skies. All of a sudden, he's no longer there. The chair is empty, though his tea is still steaming. There are still crumbs on the seat, but despite this clear evidence, it's as though he were never there. And the truth is, he never was. It was my memory of him, which I brought to life. Rossum places a hand on my shoulder."
28fe50c2-5372-46c3-96b6-635b403e53e3,ALT_CYCLONE_B_AX_71_C,Character,Medusa,,"They made her a monster simply for defending herself.","In Greek mythology, Medusa is one of the three Gorgons, alongside her sisters Euryale and Stheno. Originally a beautiful young woman, she was coveted by Poseidon, who attacked her and raped her in a temple dedicated to Athena. The goddess cursed the victim instead of supporting her, burdening her with a monstrous appearance with snakes for hair and a petrifying gaze…",ISAREE,"393 AC - I mutter with annoyance when I see the Bravos Eidolons appearing here and there around the Leviathan. They take out their weapons, ready to jump into the fray, as the monster's massive jaws tear through the rock below. What do they hope to achieve? What the hell are these Alterers even thinking? Aren't they supposed to protect us? Right now, they're mostly putting us in danger! The veins of Aerolith glitter in the stone walls. If there's to be a battle, it'll blow up the whole island – and us with it. Don't they realize that? I hastily pull out my Construct and put the khyalo symbols together as quickly as I can. The Kelon battery I'm carrying drains down a block as Medusa responds to my call and steps in at the last second.

The Gorgon blocks their path, the snakes on her head hissing in fury and dripping with venom. The Eidolons turn towards her in anger. But I've got no time to lose, and even less to negotiate. We need to get out of here right now, even if we lose some gear and even if Lucan turns the whole site upside down. It's not worth risking our lives for a few tons of ore, or for the egos of a handful of zealots trying too hard to do the right thing… Medusa opens her eyes and sweeps her gaze over the scene. All around her, the Eidolons freeze in place wherever her glance passes, transformed into amphibolite statues. There's no time to lose. We need to leave now."
94147fda-97a4-49f7-9771-05650c01bfd6,ALT_CYCLONE_B_AX_72_C,Character,"Axiom Puppeteer",,"""In rock-paper-scissors, I always win by a knockout.""",,ISAREE,"393 AC - Vassili slips on his steering gauntlet and clumsily attaches the straps around his forearms. He wasn't around for the Great Strikes; he was far too young to remember them. We had talked about them together a few days earlier, and for him, they were a mix of fleeting impressions from his childhood and impersonal paragraphs from his school books. He was scrawny and clumsy, with a physique you wouldn't expect to find in a mine. But there was no one else like him when it came to controlling Titans or heavy machinery. Something to do with proprioception, and the fact that he always seemed a bit spaced out. I guess disabilities can sometimes be advantages if you know how to make use of them.

From the other side of the quarry, the Titan's alarm glows red to warn all the Axiom that it's about to activate. Vass looks at me with a smile, and the robot's head also turns towards me. Each of Vass's movements will now be precisely reproduced by the gigantic machine (except the smile, of course). So he's careful to refrain from any sudden, unexpected movements. And a good thing, too. Even a simple sneeze or quick reflex to scratch an itch could have disastrous consequences. Vassili takes a step forward and focuses to get himself in position. He visually gauges the distance to the wall, confirms the Titan's overall balance… and activates the fist."
602b218f-53fb-406d-8bc2-fef21dfa6462,ALT_CYCLONE_B_AX_73_C,Character,"Marie Curie",,"""It is important to make a dream of life and of a dream reality.""","Born in Warsaw in 1867, Marie Skłodowska-Curie was a Polish chemist and physicist who became a French citizen. A two-time Nobel laureate, she is known (along with Henri Becquerel and her husband Pierre) for her research on radioactive materials like polonium and radium. Despite her immense contributions to scientific knowledge, she died of leukemia in 1934 after excessive exposure to radium and X-rays.",ISAREE,"393 AC - It's strange how obvious truths can sometimes quiet our curiosity. Oh, Aerolith, sure, that's the ore we use to defy gravity. We've known about it for centuries, and no one's ever really questioned it. No need, since we know what it does. It's startling to think that it wasn't until the Guilds were structured into Factions that research on Aerolith resumed. Yes, it makes things levitate, but how? Why? By what mechanism? We've known for ages that the material is highly exothermic, but linking that natural explosiveness to its potential electromagnetic properties… Marie finishes her annotations. The annals say that she had exposed the radioactive properties of certain substances during her lifetime, that she had made the invisible visible, so to speak.

I could have worked on the subject alone in my free time, but my research would have taken forever. So I greased a few palms to make sure certain people looked the other way while I grabbed a little something from the Kelon reserves… And with that in hand, I was able to have Marie take over for me during the day, when I was on site or following the other Exalts… in accelerated training mode. She hands me the notebook, and I consult the data that she's methodically recorded. There are notes here on resonance, vibration, friction… Back in the old days, Aerolith was considered an energy source, but the substance was deemed too unstable. But is that still true today, with our current technology?"
ad0a0c60-54dd-4d73-ada6-790ca2989437,ALT_CYCLONE_B_AX_74_C,Character,"Lucan, Hungry Leviathan",,"It bursts out of the clouds to devour our metal shuttles.",,SIERRA,"393 AC - The buildings are under battle orders to proceed with the evacuation of the island. The alarms let out a deafening wail. Halua was already causing enough damage, and now there's another Leviathan? Little by little, a different vibration starts to drown out the sirens. I've got a bad feeling about this. The clouds suddenly explode, and the beetle comes hurtling towards us. Its buzzing sounds like a turbine running at full speed. It caught us by surprise, just as we were unearthing a major Aerolith deposit – the biggest one so far. It moves rapidly, unfazed by the explosions, with its legs and mandibles gouging away at the rock. Its chitin is too tough, even against these long series of powerful blasts.

The monster's forewings start to thrum even louder, filling the air with chilling, grinding chirps. The Scarab Leviathan rushes towards the block we've anchored to the zeppelin. Its striated carapace reflects the sunlight as its shining rainbow-colored wings beat at the air. I watch, powerless, as it eviscerates an airship's balloon with its horn. The balloon deflates as though pierced by a knight's lance. But… unlike Halua, this Leviathan isn't targeting us. It's after the vein of Aerolith that we're dragging around with us like a big piece of meat on a hook. The only trouble is that the fish we've caught is way too big for us. Oddball beeps next to me, and I agree. I race towards the wheelhouse. We've got to convince the captain to dump the cargo."
8a50603d-aadb-4dc2-af5e-51964acf9fc5,ALT_CYCLONE_B_AX_75_C,Spell,Detonation,,"Aerolith's instability can turn any bump into an explosive reaction.",,ISAREE,"393 AC - Even from where we are, the explosion is terrifying. It started as a simple red spark on the horizon, but then the tiny glimmer swelled and came cascading out between the islands. I had to look away for a second to avoid being blinded. Then the explosion swept through like a tidal wave. Next came the shock wave, which jolted the fragments drifting in the sky and sent them crashing into each other and exploding in turn. And finally, there was the detonation, like the supersonic bang of an airship breaking the sound barrier… I instinctively raise one hand in front of me as the gust nearly lifts me off the ground. I know Angus chose a safe location, far enough away so that the blast won't reach us…

But still… Even at this distance, I know there's no such thing as zero danger around here. Just one wrong estimate could lead to an uncontrollable chain reaction. Yet, despite everything, I still can't stop myself from thinking about this unexploited potential. In an environment and a time when there was plentiful Kelon, there was no need to consider other energy sources. As for Sap, it was only available in finite quantities, so switching over to that would have been pointless... But Aerolith, on the other hand… Yes, there was a world in which controlling that ore could get us out of our tough situation. Is that a crazy thought? Is it even realistic? Despite my doubts, my brain is firing on all cylinders. I've got a workshop available. I might as well use it."
cf04385a-7b3c-4901-930d-5b0255f1e7d8,ALT_CYCLONE_B_AX_76_C,Spell,"Axiom Signet",,"Humanism and progress.",,UNKNOWN,"393 AC - Nothing is created, everything is transformed. So goes the old adage. Nothing is lost, everything is recycled. Such is the universal law. Underneath the successive stamps of various Axiom engineers, artisans and workers is the eternally changing life of a bit of metal, a piece of machinery, a lever… Nothing must ever be lost, and every component must be used and reused until it's completely worn out. Then it will be melted down and reforged to start another cycle of existence, whether in the same form or a different one. But before that, it's not unusual for a humble plate, hoop or lever to have so many different stamps on it – some of them overlapping others – that they combine to give the part an ancient and arcane appearance.

Recycling is a philosophy that maintains the balance between change and inertia. It encodes a new creation within existing work, the new within the old, and life within destruction. This cycle is a form of eternal life in which every ounce of material achieves a new transformation. This cycle is a rhythm, a cadence, whose purpose lies in metamorphosis and renewal. Each stamp is the mark of an entire life, bearing witness to the stage of the journey in which it is anchored. The more the part wears down, the more it is burnished and engraved, the further it advances in its odyssey. And through each of these countless interactions, it earns respect. The ancients spoke of a cycle of reincarnation. The same philosophy applies to objects…"
931b8fd7-55d4-4b0c-be90-7fbaef8c2042,ALT_CYCLONE_B_AX_77_C,LANDMARK_PERMANENT,"Aerolith Reef",,"Reaching the pillar is no easy journey, as the clouds conceal countless reefs and other dangers.",,ISAREE,"393 AC - I watch Pebble make his way through the belt of suspended rocks. He moves with surprising grace for such a lumbering brute—but then again, when you’re partly made of aerolith, it’s not all that surprising. I still don’t know whether these floating islets are his natural habitat, or if he was altered by the Tumult and his proximity to the mineral. Probably the latter. He’s a Chimera, as far as I can tell. Which, honestly, isn’t much. I still can’t believe that this hulking homunculus—or should I say golem?—keeps following me around. Once, a dog followed me like that, from the town square all the way home. I almost adopted him—he looked so pitiful. But my mother would’ve said no, anyway.

Pfff… just thinking about her makes my palms sweat. I chuckle. Even hundreds of miles away, she still manages to get to me. Ahead of me, the Chimera drifts like a soap bubble—except it’s got to weigh at least three tons. As it moves, the floating, aerolith-veined stones slowly part before it, as if… I frown. As if he was generating some kind of magnetic—or maybe antigravitational—field. Pebble—yeah, I thought calling him “Pebble” was funny, considering his size—might actually be able to manipulate the direction of the levitation field? I fire up my thrusters and head after him. I’ll have to talk to an energetician about this, just to be sure…"
19db69b8-6b08-46ff-a416-dfe229fd8b3d,ALT_CYCLONE_B_AX_78_C,LANDMARK_PERMANENT,"Brassbug Nursery",,"Even far from their Hive, the Brassbugs have developed a way to continue reproducing.",,SUBHASH,"393 AC - Seriously, they never cease to amaze me. Their queen is hundreds of miles away, and they've found a way to self-replicate without her help. A nursery. We've always let these critters manage themselves. We've even benefited from their services, but I have to admit that this kind of gives me the creeps. Seeing how adaptable they are, how easily they overcome their own limits… but do they really have any limits? Changing their mode of reproduction in the blink of an eye? Damn, it's a good thing they're our allies, because I don't think we'd have any way of fighting them if they weren't. They settled into the crater a week ago and promptly started building without the slightest pause.

And now we see the result, parked there in the middle of a ring of rocks. It looks like a metallic insect, standing on enormous legs embedded in the ground. Some sort of kelonic generator provides energy to the structure. Arranged along two metallic rows, transparent incubators offer a glimpse of developing Brassbug embryos inside. Suddenly, one of the clear hatches opens slightly and ejects a freshly produced newborn. Almost immediately, the whippersnapper starts flying around at top speed. Ha! Looks like the little buggers took inspiration from our drones and added a propulsion system. The hatch closes again, probably to start cranking out another specimen, just like the last. Yep, good thing they're our allies…"
c73e98b7-3535-4822-80d2-2be902c29cf5,ALT_CYCLONE_B_AX_79_C,LANDMARK_PERMANENT,"Abandoned Depot",,"""There's no doubt about it... These ruins are the work of people from the City of Scholars."" - Abiram",,ISAREE,"393 AC - Golden fringes, glittering with Sap crystallized by time. A modern architectural style, yet ancient at the same time… I'm no specialist, but even I can see the similarities with the City of Scholars. And with Sofia. Its residents had left their underground city to take refuge in the sky, using the Aerolith they'd found in the depths. To escape the Hunger, most likely, although that was ultimately just speculation. On the horizon, the pillar of light illuminates the sky. Could it be them calling us? I pass through the door of the silo. Its surface is made up of some unknown alloy, but as tough as it is, it hasn't stopped nature from partially reclaiming its territory… It was probably a warehouse or way station.

I push aside the cascade of climbing plants that have made their home inside, growing abundantly in the dark and humid space. This place must have been abandoned years or even decades ago. One of my colleagues hypothesized that all of these buildings were supposed to be temporary, built during one stage of this civilization's migration. But looking at it closely, this depot had obviously been built to last. I open one of the many lockers and find it empty. Why bother to build such a sturdy storage building if it was only for a limited time? No, something wasn't quite right with that assumption. I open a wide drawer, with a feeling that it might turn out to be a mortuary tray with a body. But this one's empty too."
cc898b0c-f505-4341-be85-17c1abddd545,ALT_CYCLONE_B_AX_80_C,LANDMARK_PERMANENT,"Brassbug Dropship",,"""Those little pests are tough. Even three miles up, they still manage to follow us."" - Subhash",,SUBHASH,"393 AC - Sitting on my flying rock, I toss Marmo his bone to pass the time as we wait for the maintenance crew. It always seems to be delays and long waits when dealing with tech support. But this time, alone on my black rock veined with Aerolith, I'm furiously swearing at this broken-down drill, and it's not like there's anything else I can do. Why am I always saddled with the worst gear? My pup drops the toy on my leg and gives a playful yap. I throw it again and take a look around. We're definitely on a big vein here. It'd be a shame to miss out on a motherlode like this. The bone is returned, this time accompanied by a long string of drool on my pant leg. Thanks, fleabag. And just as I'm thinking I should take a closer look at the busted equipment, I hear the sound of a small engine...

The capsule drops from the sky, then activates its propellers to head over towards me. Ah, reinforcements at last. I stand up to welcome the mechanics. But when the dropship's hatch opens, it's not my colleagues who emerge from its belly, but a bunch of little Brassbugs. Huh. I don't know if I should feel outraged or not. They all roll out in single file, like it's a parade. For a fraction of a second, I wonder how much trouble I'd be in if I jumped into the capsule and left them to figure things out themselves. But no, I'd better stick around and prepare things for the mining teams. OK then, you little critters, let's get to it. We need to finish fixing up this ancient drill before the miners arrive."
6c673b24-354e-42eb-a188-c98035ba55aa,ALT_CYCLONE_B_AX_81_C,LANDMARK_PERMANENT,"Restocking Station",,"""Kelon powers our engines, Aerolith gives us access to the skies. What heights will we reach with the other two Primordiae?"" - Basem",,ISAREE,"393 AC - The AES Kurush enters its approach vector. Over the railing, I see the restocking station floating in stationary position, patiently waiting for us to dock with it. The Faction had placed them at regular intervals so that all the ships in the fleet could fill up on Kelon. And our reserves were indeed quite low after several days escorting the Pantagruel. I squint and count the energy tanks, as Pebble scratches the top of his polished head. At least 15, maybe 20. Should be plenty. Three will be enough to reach the rest of the flotilla, or five if the captain decides to make a side trip to the factory that the Bravos scouts have identified in Sector 7. I turn to the Chimaera. My Chimaera. 

It's strange to think that he belongs to me now, just as I belong to him. The other Exalts had told me that it would take time to get used to him being around, but I don't really get the feeling that we're all that connected. Is he holding back? Or maybe I'm the one unconsciously keeping him out? He turns sheepishly to face me, his big blank eyes staring at me with a bemused look. ""We're going to have to get to know each other,"" I think inside my head, with no idea whether he hears or understands anything at all. No reaction… just more discouragement. I think back to our first meeting and to the innocent way he followed me out of the chamber. Even surrounded by pistoleers, he didn't complain…"
9eb6565b-5b54-4fe0-a229-c309044c0f38,ALT_CYCLONE_B_AX_82_C,LANDMARK_PERMANENT,"Aerolith Quarry",,"""It took great feats of ingenuity to mine for resources at such altitude."" - Isaree",,ISAREE,"393 AC - I drink from my canteen, savoring the last few drops as the barge brings me back to the open-pit quarry. The clouds part, and I whistle at the spectacle. It only took a week for the site to become a bustling mine in the sky. Once Angus had detached the block from the main island and blown up the parasitic fragments, the Axiom flotilla was able to deploy their installations there. And boy, did they ever. Cranes, excavators, a drone factory, refineries, storage and processing zones, even a mooring dock… Dang. I was only away for a few days, and they've accomplished all this. What's the old saying? Progress doesn't wait. ""Maybe I should be with them,"" I think to myself with a twinge of guilt.

Covered in sweat, the miners move about like scavengers on a carcass they're picking apart. Meanwhile, the drones are already scoping out other locations to hollow out in the same way. I would have thought we'd have taken what we learned in the City of Scholars and our contact with the Hunger as a lesson, or at least a warning, but it doesn't seem to have changed anything. I guess the appetite of science can be pretty hard to satisfy… Just like the drones, we'll also be deployed with Pebble. Since he's made of Aerolith too, he knows where to find the most profitable veins. He can sense them even when they're deeply buried in the rock. We too are part of the machine – just one little tastebud in a voracious, insatiable excavator."
3176444e-17cb-4c78-b580-6ceaf66ec67c,ALT_CYCLONE_B_BR_65_C,Hero,"Sol & Halua",,"Hate is a spear pointed at one's own heart",,,
70a709aa-111f-4a9f-8f0f-84725e595d4a,ALT_CYCLONE_B_BR_66_C,Character,"Jumping Frog",,"Hop to it!",,KOJO,"393 AC - Kaw bursts out laughing after stealing the victory from me in the final milliseconds. She and her team were Altrun champions in the year 376 AC, when I was still a little kid with no real interest in the sport yet. Well, it's better late than never to analyze her style, which supposedly relied heavily on Avgrunn to gain more strength. I have much to learn from the elders, although I'm sure she'd give me a good slap if she heard me call her that. At least Waru would just roll his eyes because, well, his white hair is a bit of a giveaway. Dripping with sweat, I park my butt down and drink from my canteen. Kaw approaches.

She throws something at my face. It sticks to my nose and I swat it away with my hand. The frog jumps in front of me, then shoots me a look with disapproving eyes. The champion crouches down and asks me to watch it, to study its seemingly chaotic jumps. Hop, it takes off again! Its sudden leaps, its insane spring, its way of using its feet to stick to walls… By concentrating, I make a note of the ideas and concepts I could use to improve. And come to think of it, there are loads of things I could try to imitate, like its reflexes… As long as she doesn't ask me to try croaking too… that's all I ask."
e5b01ddf-3778-467b-b77f-9539ae7fe688,ALT_CYCLONE_B_BR_67_C,Character,"Altrun Teammate",,"Altrun is a running and obstacle-dodging discipline that comes in very handy on these islands.",,KOJO,"393 AC - ""Act wisely""… So that's what being wise is? To have a knot in your stomach and to hold your tongue? I start thinking about all the others who stayed in Arkaster. Are they training to keep their title for another year? Are they preparing to come and join me like they promised? When we were together, we'd say anything to each other, even if it was painful to hear. It wasn't criticism; it was just the cold hard truth. Or at least it was constructive. ""You screwed up your start there""; ""You should've changed your strategy there""… Booda meows, sensing my unease, and I open my eyes wider when I turn in his direction. Next to him, the figure of Gault starts to materialize. He jumps around and waves his arms, and I start to smile.

You're right, Boo. It's cool to go through Waru's books, but I need to stretch my legs. The Eidolon imitates getting into the starting-blocks, and I do the same. There's a yowl. Ready, set, go! The islands of the Illyrian Quadrant are nothing like the roofs of the capital city, but it doesn't matter. We fall back into the same habits, the little taunts, our old bond. He leaps between the suspended rocks, runs along the walls and slides down the grassy slopes… And I follow him. I could maybe overtake him, but I prefer to watch him. With a surge of fiery emotion, I suddenly turn and tackle him head on. We tumble through a fluffy field, both of us laughing. I press my forehead against his as a few tears run down my cheeks."
b5a2d5a8-3389-4859-8f53-4be34017664c,ALT_CYCLONE_B_BR_68_C,Character,"Smoldering Jinn",,"Fire is always smoldering in the idea of the ember.",,ATSADI,"393 AC - The Jinn crackles. Its skin smokes and splits, dark as coal, while beneath the surface the embers still glow. Like the fire smoldering in a hearth. I force myself to loosen my shoulders—or at least try to. Under its watch, I am safe… and its heat will dry my clothes, soaked through by the storm, just as surely as it will cook the fish I caught, gutted, and skewered on wooden sticks before planting them in the ground. On my shoulder, Surge cymbals away in his cicada form, while I stare into the fire and try to glimpse the face of my beloved within it. Ember. I knit my brows. Ember of embers, why is it Kojo’s face that comes to me? I grit my teeth and let out a sigh.

He’s no longer a brat, even if he sometimes still acts like one. He’s immature and, at the same time, too old to be my student. Yet he carries an explosive energy, sharp enough to rival my own—and maybe even surpass it… A vital quality for anyone who would become a swordsman. He isn’t disciplined, but when he sets his mind to something, his determination never wavers. I remember him hurling himself at the Hunger, with a recklessness bordering on stupidity. Is it right to watch him run headlong into ruin without stepping in? Suddenly, blue, searing flames leap from the Jinn’s embers. What are you getting yourself into, Atsadi? Do you really believe there’s a rough diamond under that coal?"
062d2658-972a-47d5-b7d6-41fa923364c5,ALT_CYCLONE_B_BR_69_C,Character,"Leviathan Spotter",,"When the horn sounds, the hunters gather to track the Leviathan.",,SOLEDAD,"393 AC - He would often sit off on his own, polishing his conch while others grabbed a drink at the bar. His conch was almost a part of him: He used it as a horn to sound the alarm if there was an attack, or as a trumpet when dawn peeked above the horizon. We had gradually grown accustomed to hearing it in the morning – an often cheerful melody to gently wake the troops as the first rays of sunshine lit up the bridge. As the years passed, it had become a sort of routine to look out the window while listening to those few brief notes. It was the sign that a new day had begun, a brief pause before hunting or training started.

I'd had doubts when Maanus first joined us. He looked like a wrestler, whereas our work required agility. And where the others were outgoing and enthusiastic, he was taciturn and reserved. But he made up for his apparent awkwardness with his keen eye and unfailing tenacity. We rarely dwelled on our past lives and what had driven us to wage war against the Leviathans, so as not to rub salt into our wounds. But one day, he sat down across from me and told me his life story. With an unwavering voice, he told me everything: where he came from, his previous life as a woodcutter, and then how everything had been taken from him… And there, lurking under his calm veneer, I had felt the violence of his resentment, like an unexpected groundswell."
9094fa6a-bc78-4fc8-878e-be71139b8a92,ALT_CYCLONE_B_BR_70_C,Character,Tengu,,"""Calling the Tengu means submitting to anger and vanity, no?"" - Basira","Rooted in Japanese folklore, tengu are mythical creatures with many faces. They were originally tormentors and malicious, but their image evolved over the years, and they eventually became pious and protective. Yet becoming a tengu always results from a mistake that must be atoned for: having chosen the path of anger, ambition, vanity and pride.",SOLEDAD,"393 AC - Halua disappears beneath the clouds, and I smack the rock wall with my fist. I feel an overwhelming anger take hold of me – rage from having suffered another defeat, from having let the Leviathan slip away once again. I immediately start thinking back to my argument with Basira, when she had called my intentions into question. Why the hell should anyone care about my intentions? ""You claim to want to protect, but how do you intend to do that when everything you do is guided by hate?"" I take my mask off and throw it to the ground. I feel the resentment and spite rising like bile. They churn in my head, constantly searching for an outlet. How dare she?! But as my wrath focuses on her, an intrusive thought starts to force its way into my mind. What if she's right?

I scream and fall to my knees. No, Sol. Don't let doubt gnaw away at you from the inside. I need to get rid of it before it gets to me. I scream again, letting my Avgrunn express itself. All my rage, exasperation and ire flows out of me as the shape of the Tengu materializes in front of me. ""Your mission has two faces. It pretends to be a noble cause, but it's no more than vengeance at its core."" Why does it think it can teach me anything? How can it be so hypocritical when that's exactly what it's looking for too? The winged demon lands on a floating rock, its face red with rage and its nose as long as Pinocchio's. Are we both simply lying to ourselves?"
f387f761-be4d-45b8-a418-5182d88f39a4,ALT_CYCLONE_B_BR_71_C,Character,"Phileas Fogg",,"""The chance which now seems lost may present itself at the last moment."" - Jules Verne","Phileas Fogg is an archetypal 19th century English gentleman and the protagonist of Jules Verne's novel ""Around the World in Eighty Days"". Accompanied by his valet, Jean Passepartout, and the young Indian woman Aouda, he tries to circumnavigate the world in 80 days to win a bet, on which he has staked his fortune. The adventure is a mix of travel writing and scientific facts arising from the new modes of transport that emerged during the Industrial Revolution.",BASIRA,"393 AC - They say he runs like clockwork, but his craft doesn't exactly scream dependability – a wicker basket, buffeted by the winds, with an old bit of fabric keeping it suspended in the air? When the Axiom summon him, he appears in his methodical, almost mechanical, form. But as for us… When we call on him, it's the adventurer who answers. The one who doesn't care about borders, who goes beyond established limits. He smiles at me with an air of defiance while checking his pocket watch as impatiently as the White Rabbit. Well then, best not to keep those Leviathans waiting. Punctuality has its virtues too, especially when you're on your way to a battlefield. I return his look, responding to his tacit challenge.

I climb into the basket without a word, as the gentleman gives me a low bow to welcome me. As for Kaizaimon, he moves closer and clings to me. There's actually no need for all three of us to be so close. The burner suddenly hisses as Fogg heats the air above us, and the balloon leaves solid ground. The journey is 6 minutes and 24 seconds, he says, as if I care how long it takes. From up high, I see the rest of the fyrds gathering. We're bound to be the first to arrive. That is, unless some twist of fate gets the better of this walking metronome. I look up at the Mandjet, hanging there in the vast skies."
8f19c15f-1253-4a31-9069-d60dbc5b1bf6,ALT_CYCLONE_B_BR_72_C,Character,"Wingsuit Jumper",,"What's important is not the landing, but the fall.",,SOLEDAD,"393 AC - If anyone asked her why she resented the Leviathans, she would often say that she basically had nothing against them. What she enjoyed was the thrill of the big jump, the euphoria of diving. I know that's just her protective shell to stop her from dwelling on painful memories, the armor she wears to appear strong – perhaps stronger than she really is. But just like Zeke and Chalbo, Magdalena doesn't hesitate for one second to launch herself into the void. She told me that in those moments, there's nothing more to think about, nothing to worry about other than the free fall. And maybe that was what she really enjoyed the most: pushing the pain, the doubts and the bad memories that haunted her to one side.

Just like the two other guys, Magda was a key part of our training. With their Aerolith belts, jet packs and parachutes, they could act as both bait and beaters. It was a sight to behold, watching them opening their sails to suddenly slow down, then discarding them and becoming hunters instead of the prey they had been a few seconds earlier… And to be brutally honest, you had to be a bit crazy to do what they did, because anyone with an ounce of common sense would hang up their jumpsuit after their first dance with a Leviathan. I find myself suddenly chuckling. To be fair, we must all be a bit insane for taking on those monsters."
89deaad3-bd6d-4270-843c-ff025a83bcf9,ALT_CYCLONE_B_BR_73_C,Character,"Bravos Harpooner",,"Without explosive charges, these harpoons wouldn't even make a dent in Halua's hide.",,SOLEDAD,"393 AC - There are two types of harpooners among the Leviathan hunters: those who stay on the ships and arm their turrets, and those who control Alteration and summon their ammunition to them. Sure, there was a vague sense of safety in being on a ship, surrounded by a reinforced hull. But experience had shown that the larger the target, the more vulnerable it was. Being on a skiff was like having a target painted on your forehead, and a metal frame wasn't going to do much against a Leviathan heading straight for you. On the other hand, acrobats like Veora and me didn't even register on these behemoths' radar. To them, we appeared no larger than a mosquito does to a human. Or even a flea.

So, yes, we couldn't be more exposed. At best, all we had was a padded jacket. And in fact, many of us wouldn't even bother to put it on, because besides hindering our movement, it didn't really do much – or at most, maybe as much as an ant's carapace could do when stepped on by a boot. The only real defense we had was the trust we had in each other. No matter the situation, I knew I could count on her, and she knew she could rely on me entirely. Besides, unlike ants, we had explosives of all sizes and functions at our disposal: incendiary warheads, penetrating warheads, magnetic wave projectiles, homing missiles…"
a04b6fb1-cbd7-43a7-a1b6-fedae15d5f27,ALT_CYCLONE_B_BR_74_C,Character,"Priya, Bravos Signaler",,"""The goal is simple: to draw out Halua!"" - Sol",,SOLEDAD,"393 AC - The Aerolith fragments float above the flying islands as the day draws to a close. Magda removes her helmet and folds up her parachute. Her sweat-soaked hair sticks to her forehead. Next to me, Veora yawns while taking an energy bar out of her jacket, her ear glued to the radio receiver. Priya glances at me, and I nod my assent. She stands up and stretches, then pulls the pin out of her flare. The torch lights up the gloom with an orange glow that turns pink, while its colored smoke drifts across the small, fragmented islands. She raises her hand and waves it in the direction of the Axiom towboat, which has started its descent. With these new supplies, the next phase of the plan can start…

The lancer had been mobilized several days ago to show the Axiom where the flying stone deposits were. She usually used her talents to locate Leviathans so we knew where they were at all times, regardless of how thick the cloud cover was. In a few days, she would be on the front, guiding the AES Tempest to the ambush site… And she was prepared for it, as we all were. Whenever we were deployed, she would kiss a piece of jewelry hanging around her neck, carefully hidden under her many scarves. It was a locket, which she would sometimes open devoutly when we were about to leave for somewhere or even when we were in our barracks, but I didn't know what was inside it. It was probably a photo of a loved one– and the reason why she was with us."
871b70d4-19e2-4231-8717-2bf054b9dbfb,ALT_CYCLONE_B_BR_75_C,Character,"The Hare",,"""Move your feet, lose your seat!""","The Hare is one of the two protagonists of the tale ""The Hare and the Tortoise"" by Jean de la Fontaine, a French writer of fables in the 17th century. This fable centers on a race between a hare and a tortoise. The tortoise represents slowness, while the hare represents speed. Yet against all odds, the tortoise wins. It is aware of its weakness, whereas the hare has too much confidence in its own strength. The moral of the story – ""Slow and steady wins the race"" – means that if you are determined enough, you can achieve your goal by persevering.",KOJO,"393 AC - What was it that Waru said? ""Don't dwell on weakness, but put your strengths to good use""? He told me I had four strengths. The obvious one was Boo. I knew I could count on him above anyone else, and that was my biggest asset. The second and third were probably my agility and speed, although I don't know in which order. As for the fourth… no idea. But I couldn't neglect what I was good at while I was waiting to find out. I couldn't just sit around putting on weight. Atsadi had his swordfighters and duelists as sparring partners. And to be honest, I had an abundance of choices too: Pheidippides, the White Rabbit and now the Hare… A whole menagerie, really. I chuckle. Why not a hedgehog or roadrunner while I'm at it?

When I challenged the Eidolon to a bet, with a kelonic Floret at stake, it seemed like a good way to unwind while adding a bit of excitement. But seven minutes into the race and still behind, I'm starting to get nervous, because I really don't know how to close the gap. And the worst thing about it all is that the jerk is making fun of me, doing somersaults, turns, stopping to taunt me… ""If you must focus on weaknesses, let it be others' instead of your own."" Waru's words of wisdom come back to me, and now they make sense. Eidolons were somehow always predictable, often repeating the same patterns, as the stories dictated. And the Hare was known for one thing in particular, other than its speed…"
f6158ecf-d1ab-42bb-8978-06a6ed4a48a4,ALT_CYCLONE_B_BR_76_C,Character,Beowulf,,"""Each of us must suffer death; let he who is able cover himself in glory (before the end)!"" - Beowulf","Beowulf is the hero of an Anglo-Saxon epic poem. He is a Geatish warrior who goes to the court of the Danish king Hrothgar to help him slay the monster Grendel, who is terrorizing the area. After winning fame for his deed, he returns home to his country to serve King Hygelac and later succeeds him to the throne. Towards the end of his life, he has a final fight against a formidable dragon, which he succeeds in killing before succumbing to his own injuries.",SOLEDAD,"393 AC - I drop back, dodging the kick by a hair. For a fraction of a second, I see myself reflected in the abomination's vast pupils, then I plant my lance in the grassy hillside to escape its attack. I smile as the Leviathan eviscerates the atoll. Because further down the hill, the Eidolon I have summoned is ready. He is the slayer of Grendel, killer of witches and dragons… With a mighty roar, Beowulf bashes his shield with the flat of his ax before he sets it ablaze. He will be the one to face the charge. With a flip of his shield, he sends a rock as big as an aurochs flying. Then, without warning, he leaps in front of the manta ray, slicing the blade of his weapon down like a guillotine.

The strike slices through Halua's skin, leaving a bloody trail in its wake. The Geatish warrior slides over the monster's slippery, oily surface, then rushes forward again to deliver the fatal blow. I clench my fist as it seems the hallali will finally ring out. Suddenly, the hero is hit full force by what looks like a cloud. My eyes widen as I see the Woollyback's panicked expression. The wooly sheep bleats noisily, as if wondering, like me, what it's doing there in the middle of the battlefield. I clench my jaw as I watch the opportunity vanish, and the Leviathan's tail lashes down on my Eidolon like a whip. Beowulf blocks the blow at the last moment, but the damage is already done…"
9962bbe7-d937-4b31-ae82-604ecd21a558,ALT_CYCLONE_B_BR_77_C,Character,"Halua, Raging Leviathan",,"Its fury blocked our path.",,HALUA,"393 AC - Even from miles away, I can smell it emanating from their pores. A strong, sickly scent that trails behind them in the wake of their flimsy ships, their makeshift crafts. They're just like the others – leeches, parasites, only good for sucking out sap until the shoot shrivels. I watch them gorge themselves, like a swarm of locusts. They land on an island, then dig, erode and devour the red-veined rock until the atoll can no longer fly. They leave a trail of destruction under the clouds, eradicating entire biomes, depriving birds of a nesting site or a stop on their migration. Those humans… They take without giving back, unaware of the devastation they cause. Pests. 

How could I have trusted them? They saw me being born. They showed me affection. But that was all a ruse to deceive me. To topple me more easily. And this human tribe is no better than the last one. No, they can't be allowed to land. I need to stop it. So I track them, hidden in the clouds. And I wait, patiently. I wait for a ship to fall behind the others, so I can isolate it from the rest of the herd. So I can break it, reduce it to scrap, drag it down to the bottom. So I can make it disappear, body and soul, with a simple flick of my tail. That's all they deserve. What is it they used to say? ""You reap what you sow…"" Yes, I'll make sure they get what's coming to them, by unleashing my righteous wrath."
9ed85447-9900-4035-9e88-427d2200a9b4,ALT_CYCLONE_B_BR_78_C,Spell,"Sol's Hunt",,"""I'll stop it before it sows death far and wide!"" - Sol",,SOLEDAD,"393 AC - How long have we been playing cat and mouse? But the roles of predator and prey have constantly switched… Fleeing turns to an ambush, the hunter becomes hunted. I know some people find mutual respect in this kind of game – a recognition that there's no predator without prey. But I'm not the kind of person to indulge in such romantic musings. I don't care what the Muna Hellequin or amateur hunters say. When you're face to face with the beast, respect is useless. There's only one outcome: Kill or be killed. No sentimentality, just a cold, hard truth, a cruel and pragmatic inevitability, which is the only language the Leviathans know. It's survival of the fittest.

So I tighten my grip around the handle of the harpoon. I need a steady hand. Below, the explorers of the Expeditionary Corps have been deployed in the ruins, and they're at the mercy of the monster. Halua's lobes are already emerging from his fins, crackling with blue energy. It's a sign that he's getting ready to discharge his plasma and raze everything in his way. He's not afraid to dive into the Sea of Clouds and the Tumult beneath. He's gorged himself and licked the plate clean. Drifting on my jet board, I conjure as much Mana as I can. I need to reach him before he finishes concentrating his own. I summon fire. I summon fury. I summon Red. And then I leap."
cfa77fe5-9a5e-4bb1-90b7-4f27c94e1897,ALT_CYCLONE_B_BR_79_C,Spell,"Bravos Signet",,"Courage and excellence.",,UNKNOWN,"384 AC - We are Bravos. Courage, prowess, camaraderie… they're all written on our skin. We display them proudly, like a challenge, a symbol, a warning. Through ink, through embers, each of our scars tells a story. Indelible. We are Bravos. It is a demand, an absolute commitment that can't be renounced. There's no turning back, only forward to new challenges and new obstacles. We are Bravos, and our tattoos say who we are. The needle's path is just a reminder of what we've faced, what has marked us, what has defined us. The pain is merely an echo, a recollection and a way to relive adversity in the crucible of your soul.

When I tattoo an athlete on their thigh, they've experienced much worse in training. When I tattoo the name of a deceased loved one above the heart, it's a promise that the survivors will remember them. When you are Bravos, you announce your life loudly and clearly to anyone who will listen, and sometimes at first glance. The needle reveals our rage, resilience, triumphs and setbacks. Because great deeds are always eternal burn marks, as glowing, vibrant and vivid as the disappointments. Sol sits down opposite me. The little one is all grown up. I'm told that Little Red Riding Hood showed her support during her Imhallat. She is Bravos now too. And I'm going to engrave that truth into her flesh."
46c58b39-c173-4b53-b6d9-d350464a7953,ALT_CYCLONE_B_BR_80_C,Spell,Rage,,"""If its fury does not wane, it will soon have a taste of my own!"" - Sol",,HALUA/SOLEDAD,"393 AC - Pathetic humans. You are nothing. Your lances are nothing but splinters. Your cuts are mere scratches. Your shells, just gobs of spit. You are nothing but parasites who only want to subdue, extract, abuse. I will crush you as I would a parasite. There will be no peace as long as you continue to plunder like this. Without restraint, without remorse. Your appetite is that of an ogre, a hunger that cannot be sated. You only know how to mistreat, exploit and bully. I will give you a taste of despair, make you experience the devastation you cause all around you one hundredfold. No, there will be no peace as long as you continue this defilement!

Is that all you've got? Come on then. Come on, I'm waiting for you! I plant my feet firmly on the ground as tremors shake the entire flying island. Halua skims the ground like a sole burrowing in sand. But not to hide; oh no, quite the opposite. He decapitates mountains, pulverizes hills and flattens entire forests on his way. Directly toward me. His mouth is wide open, eager to swallow me. His fins beat rhythmically and trigger tremors. His eyes are gun ports with fiery braziers inside. His tail whips like a riding crop at anything that gets in his way… And I clench my jaw as I face this charge. It's like looking death right in the eyes."
a94a40e2-ae99-4ac5-aad5-ca4f8d4e4800,ALT_CYCLONE_B_BR_81_C,LANDMARK_PERMANENT,"Parliament of Ashes",,"A place of eternal rest for the dead, and for Rune's Phoenix, the nest of its rebirth.",,BASIRA,"393 AC - I stare at the Phoenix Egg, the one that used to sit in the Parliament of Ashes on its bed of embers. Sitina watches me calmly as I begin to realize the significance of her gesture. No, it's not the act of a single person, but of a group acting together. The Phoenixian Guard, the Bravos elite, the self-proclaimed heirs of Rune. I take the Egg, which is still smoldering with flames. It's warm to the touch, as though it were radiating its own heat and absorbing the heat of the fire at the same time. For a moment, I feel like I'm in the Parliament, surrounded by rows of seats and dusty catafalques. Among the urns of the dead. Those dead were the guardians of this Egg, and now they no longer watch over anything…

The Blade Dancer seems to sense my unease and places a hand on my shoulder. What was it she said? Find someone to carry it? Find someone to entrust it to? It couldn't be me, even if that was who she had in mind when she came to find me. No, I had my own demons and too many issues. I had even surprised myself when I refused Sol's offer. She had called me a hypocrite, and deep down I knew she was right. I had accused her of wanting revenge, whereas that was what I was looking for myself. But her rage had terrified me. Watching her harangue the crowd, I'd seen myself, and I'd felt ashamed. No, I wasn't worthy of being the carrier. That honor should go to someone else…"
24e69527-35eb-4b88-a076-c2526c61ded2,ALT_CYCLONE_B_BR_82_C,LANDMARK_PERMANENT,"Flying Dockyard",,"""Cast off, and let the hunt begin!"" - Sol",,SOLEDAD,"393 AC - I give the smooth surface of the warehouse a knock. The wall is white and hard like marble, but with thin veins of tarnished gold running through it, as though the rock had a bloodstream. It's Sap, of course, although it seems to be inactive here. All the buildings, docks and pontoons of this fortress are covered with it, contrasting with the pinkish red of the Aerolith. Maybe this place was a former bastion or some kind of way station, but it was abandoned ages ago. By whom? I'll let the Ordis archeologists work that one out, once they finally decide to land. In the meantime, our Faction has planted the flag and made it our advance base.

I curse to myself as I remember the recent discussion. Twice we had clashed with Halua, and twice he had escaped. They hadn't been crushing failures, but the result was the same: He was still on the loose, and was continuing to attack us… I had put forward a new strategy, a more ambitious one, and even though it had been approved, the other captains had made it very clear to me, albeit indirectly, that it was the last chance for Ascalon. Ember! A zeppelin loaded with Aerolith suddenly passes under the gangway, probably headed for the Illyrian or Macedonian Quadrant. Let's hope the Axiom don't take too much offence at the requisition about to be imposed on them so that we can play our last card…"
031ffa53-0f17-48b5-ba2d-c1af30609e8f,ALT_CYCLONE_B_BR_83_C,Token,Halua,,"So close to the enemy that they become your friend...",,SOLEDAD,"393 AC - See through the eyes of someone else and try to understand. That's what you told me to do. I remember you set me on your lap when I came home from school and asked me what was wrong. I said that it was Hossam again, that he had pushed me and pulled my hair. And as usual, I had reacted badly and flipped out, so that the teacher had asked for a meeting with my parents to sort it all out. You asked me what he had done and you said that maybe he just wanted to get my attention. I followed your advice and tried to understand, and I saw that you were right. A few days later, we were inseparable…

I close my eyes and open my mind to Halua. I'm with him, in him, as he flies over the Thessalian Quadrant. I still feel his distress, while he feels my presence. Little by little, his memories come to me. And mine rise to the surface of his mind, like bubbles that then burst and release impressions, vague recollections that become clearer as the days go by. He had lived and grown among humans. He was initially treated kindly, almost with reverence, before being chased away when he became a burden. He was a protector, and he'd been stripped of his purpose, his job, his role. I was now seeing through his eyes, and I was starting to understand…"
f9684644-108c-49bf-8304-f93921563d42,ALT_CYCLONE_B_LY_65_C,Hero,"Nadir & Bubbles",,><((((°>,,,
8b9c23fb-219d-42fe-872e-7a79be7efc24,ALT_CYCLONE_B_LY_66_C,Character,"Mountain Guide",,"Who better than a groundhog to wind their way through these hanging rice fields?",,FEN,"393 AC - I hope Crowbar has managed to make progress, because we've had to backtrack to shelter from the elements. A gentle wind in the distance can turn into a torrential downpour miles away, as they say, and the rain that fell on us is the perfect proof. I stick my head out and notice that the rain has calmed down a bit. The landscape is now shrouded in mist. The mist drifts along the crops in dense, lethargic blankets… But how do we know if this calm spell is just temporary? There's only one way to be sure. Well, there are several, but this one serves multiple purposes, and with the limited Mana I have left, I need to optimize.

With a thought, I materialize a groundhog. For a brief moment, I wonder whether I should give it some rain boots, but I decide not to. An umbrella and climbing equipment will be much more useful. It watches me and grunts when I push it towards the exit. The stories say that the Ancients had a long-held belief: When a groundhog emerges from its burrow – this cave should suffice – and it saw its shadow, it meant the cold weather would continue and it could go back to sleep. If it didn't see its shadow, spring was just around the corner. It's at the entrance to the cave now, and looks back at me imploringly. I cross my fingers. Go on, little one. It takes a step."
a1833203-bce0-4d88-a460-f8d4db5b9c1c,ALT_CYCLONE_B_LY_67_C,Character,"Sticky Shroom",,"He's a fun guy, but he can get into some sticky situations.",,NEVENKA,"393 AC - You've got to be kidding! Why does this kind of stupid thing only happen to me? It's a bit like when I used to walk through the streets of Arkaster in the hot season. There you are, just whistling and happily going about your day. Just minding your own business. And then, splat, you step on something slimy and sticky, all melted, and you have to spend the afternoon trying to get it off the bottom of your shoe because someone hadn't bothered to find a trash can. Well, the same thing happened just now. I was walking along quietly, taking it easy, trying to avoid puddles, and then… squelch. I step on something all colorful, glistening and as sticky as anything. Just what I needed! Isn't that right, Blotch? Hmm? Anything constructive to add? I already had Auraq sticking to me for some reason…

The Muna who was with us burst out laughing, then proceeded to explain that it was mating season for those shroomy things. And no, I don't know their common name, and I don't care either. At first, I thought it was really funny and quite cute. Thinking of them oozing with love and with sticky, gooey filaments. But that kind of cuddling is OK for two seconds only. I hate it when they're all over each other, all smoochy-woochy like in a bad sitcom, and this one is almost worse than Nosk when he's drunk. So now I'm trying to stop it from getting all frisky with my foot. I start thinking of it in a fricassee with garlic and herbs. I imagine giving it to Rin, because she's always looking for new ingredients. So go on, little fungus, I dare you to touch my calf. I dare you."
7e82c483-4232-4a53-abac-ac503a36ab02,ALT_CYCLONE_B_LY_68_C,Character,"Sea Nymph",,"From a thin trickle of water, she creates raging tides.","The Nereids are sea nymphs that are part of Poseidon's retinue, appearing on the backs of sea monsters, dolphins and seahorses. They are elemental spirits that symbolize the movement of the sea. Proud and vindictive, they are said to be the 50 daughters of the god Nereus and the Oceanid Doris. In their name, Poseidon demanded that Cepheus and Cassiopeia sacrifice their daughter, Andromeda, princess of Ethiopia.",NADIR,"393 AC - I sigh as I look out at the great expanse of water. Bubbles pirouettes in the water, leaving violet trails behind him. But I can't do anything like that. I could walk on top of it, but I really don't like the vertigo it gives me, so I'll need to find another way. I think of all the marine paintings I know: definitely none of the ones involving storms (Aivazovsky, van de Velde the Younger), nor The Raft of the Medusa or Impression, Sunrise, neither of which will help me too much… Maybe Van Gogh's Seascape near Les Saintes-Maries-de-la-Mer… Suddenly, it all becomes clear. I summon a Nereid to help me paint what I want.

She emerges from the water like a coral reef coming to life. Around her, the waves seem to solidify and appear like an optical illusion. I remember Japanese woodblocks, and the waves in flat, two-dimensional splashes of color. Then the lake transforms into a theater set, with removable panels that slide from right to left as if pulled by invisible ropes. Hokusai and Hiroshige, waves crested with white foam… Delighted with the result, I start to walk across the sandy ground, between the static rollers. Behind the scenes, the panel backs are made from wood and joinery, like I was actually on stage. The nymph smiles at me and caresses my cheek as I walk past her…"
407d0941-5687-4e9b-a750-58215f0bc087,ALT_CYCLONE_B_LY_69_C,Character,"Lyra Mapmaker",,"When the map covers the whole landscape, which one is more real?",,NADIR,"393 AC - I work hard because I don't want Zahira to tell me to start over. Out of the corner of my eye, I watch what she's doing, looking over my sketches before turning her attention back to the large vellum unrolled in front of her. She'd been asked to draw a map of the Thessalian Quadrant, with its colorful rice fields, terraced slopes and humid climate. Zahira is more comfortable in her workshop, so the only exploration she does is through her maps. And that suits me just fine, because I much prefer exploring outdoors over being stuck inside. So I'm the one who takes all my surveying gear — tripod, poles, sighting station and reflector prisms — and joins the explorers to take readings and add to my travel journal while I'm at it.

She smiles as she grips her quill with her ink-stained hands. She's probably just read one of my annotations. They often make her laugh, because I put everything I see into my notes at the bottom of the page: strange birds, weird sightings, suspicious phenomena, and any jokes Alisca tells me that are worth remembering. In a caravan, it's usually the Little Shepherd who gets the Inkwell duties, but not on the Wayfarer. Zahira is in charge of those tasks here, probably because Sadeli isn't very good with her hands. Then again, I'm not exactly one to talk – I still have a ways to go before I can paint like Zaza. And I don't even know if that day will ever come, considering how much I like skipping school. Especially when it means I can watch the Exalts in action!"
abe1721a-9970-4cc1-a637-4f524b4fe888,ALT_CYCLONE_B_LY_70_C,Character,"Mountain Nymph",,"From a mere pebble, she creates a sparkling jewel.","The Oreads are mountain and cave nymphs. The most famous are Echo, who fell in love with Narcissus; Sinoe, a wet nurse of Pan; Oenone, the first wife of Paris; and Chelone, who was transformed into a tortoise by Hermes. They are sisters of the Curetes and the Satyrs, and are part of Artemis' entourage. As such, they are huntresses in addition to their role as the guardian divinities of mountains.",NADIR,"393 AC - I'm late, and I'm going to catch a scolding if I don't hurry. Not only from Zaza, but from Mom and Dad as well. I know it was hard to accept the Matriarch's decision and to let me go off alone onto dry land. But Bubbles and I are an Exalt now. I still can't believe it, actually. From afar, we had all watched the exploration forces depart. We'd watched the Solstice Gate open, Kojo and the Kraken, the liberation of Kuraokami… So when the Clan had received the call, it had come as a complete shock. And when the Matriarch summoned me to her office when we arrived, it had been even more of a shock.

But thinking about that now won't get me where I'm going any quicker. If I'm not at the meeting point soon, there'll be hell to pay. I need to charge down the mountain at full throttle, as Kojo puts it, and the best way to get to the bottom is obviously a landslide. I call on an Oread, because those nymphs are the perfect choice in this situation. Besides, the rule was clear: As long as I didn't have complete control over my Alteration, I needed to at least be supervised by an Eidolon. With my paintbrush, I paint rocks in a style inspired by August Macke. With help from the nymph, I can control the landslip and surf the rocks. But maybe I should also paint myself a helmet, because you never know what might happen…"
5d109043-c033-4c3c-b5ea-2bbbcee488e4,ALT_CYCLONE_B_LY_71_C,Character,"Forest Nymph",,"From an innocent seed, she creates wild forests.","There are two types of tree and forest nymphs: the dryads and the hamadryads. Dryads are connected to forested areas as a whole, whereas hamadryads are bonded to a single tree and share the same fate: They die if the tree dies or is cut down. Karya for the walnut tree, Sykea for the fig, Morea for the mulberry, Balanos for the oak… There are eight hamadryads in all, and each looks after a specific type of tree.",NADIR,"393 AC - Zaza always says that Art never imitates reality, but instead gives it meaning. Because when it comes down to it, there is no meaning in reality. What exists exists, and that's all there is to it. But an Alterer's job is to do the complete opposite. It's to create meaning and to manifest it in the world. For the Lyra, the Tumult has always been a sort of breeding ground, with all sorts of ideas floating around. Literally. We harvest them like fruit, and we create with them, like a painter with their pigments. They must first be combined, and then you daub them over reality, using Mana as a fixative. Dad often says that times have changed – that reality no longer precedes Art, and that it's almost the opposite now.

Zaza really stumped me last time. She asked me what we were. Humans, Eidolons, Chimaeras… Which came first? Like the chicken and the egg. But she gave me a clue. If a Chimaera could keep its form based on how others perceived it, and if Eidolons could change based on each person's imagination, was it not also the same for beings in the real world? I look over at the dryad, which had sat down in the hollow of a tree while I collected dead wood for a fire. I manifest some leaves of gouache to flutter around her, to thank her for guiding me through the forest. At the end of the day, am I more real than her?"
58295a74-6eb0-421e-b0a6-fc4235510315,ALT_CYCLONE_B_LY_72_C,Character,"Lyra Aerialist",,"The Cloth Dancers' great talent is to use every rough spot to adapt to their environment.",,NADIR,"393 AC - I watch them descend from the heights as I collect a little water from the waterfall, and while Bubbles takes a dip between the rocks. They unfurl their colorful ribbons and fall, perfectly at ease in the air. I had seen Clan Kasirga aerialists before at a previous Kalann Mae, in the Makonis Heights after the circus big top had been put up. Their acrobats and trapeze artists had put on their show to the sound of dramatic drum rolls before our clowns took over with their silly antics. It was one of the rare moments when the Lyra Clans came together, and those special times never lasted more than a few days. And each time it was a celebration.

That's why it still felt a bit strange to be able to spend so much time with them. The Ouroboros and Wayfarer traveled side by side, and there were frequent shuttles between the two Sahankas. Well, I still wasn't allowed to visit the Kasirga casinos, but Mom had already taken me to the circus twice. But the best thing was the pajama parties and sleepovers with the other kids. We told each other stories, even if it meant getting to sleep late, and we also taught each other different skills. ""I'll show you how to walk on a slackline if you teach me how to juggle…"" That kind of thing. But the real novelty was being with kids from other Factions, and even some who weren't part of any Faction…"
03f22dc0-958c-44d3-9186-1f1c45f5b3ad,ALT_CYCLONE_B_LY_73_C,Character,Nuit,,"Gone is the sun, and again comes the night.","Nuit is a goddess from Egyptian mythology. She is the personification of the sky and heavens, as well as all celestial phenomena. Mother of the stars and protector of the earth, she also gave birth to Osiris, Seth, Isis and Nephthys by mating with her twin brother Geb, who represents the earth. Every evening, it's said that Nuit makes the sun disappear within her, then makes it reappear in the morning, thus illustrating her nocturnal journey across the sky.",NADIR,"393 AC - With the tips of my fingers, I flick the hairs of my brush to splatter white dots on my canvas, making stars. Then I wipe my hand on my apron and take a few steps back to admire my work. Dad always says you need to stand back to properly look at what you've done. When you're too close, you focus too much on the details. You notice all the faults, all the inaccuracies… But what's important is the overall view. It's Nuit, hugging the sun. She cradles it, and will soon cover it with her cloak of stars and darkness to bring on the night. I love to paint. I've known that since I was very little. It's probably why I have such a visual imagination.

I look at the painting from every angle. If I want to summon Nuit and make night fall, I need to remember every detail of the scene: the constellations, the starlight, the moons… was I right to paint three of them? I shrug. If I want to make her more real, it's easier if all viewers can clearly understand who she is. OK, note for later: Add golden patterns that recall Egyptian gods… And why not show an eclipse happening? Rather pleased with myself, I go to the sink to clean my brushes with thinner. And on the way, I tell Bubbles not to swim too close to my daubing."
b8aada2e-7d4c-43ad-9849-44f029cb2ac5,ALT_CYCLONE_B_LY_74_C,Character,"Koi, Playful Leviathan",,"Its gracious leap parted the clouds, revealing our path forward.",,NADIR,"393 AC - Its multicolored silhouette is reflected in the stagnant water of the rice fields, which are full to brimming after the recent rains. I watch intently to ensure I don't miss a single moment of the show. And what a show it is! Its pastel-colored fins push the clouds away each time they flap, like the rippling, lacy fins of a betta fighting fish. As it twists in the sky, like the fish-shaped streamers often flown during Ryukkōsai, its whiskers stir the air around it like those of a catfish. But there's really no mistaking it: This mischievous Leviathan specifically chose to be a carp as big as a mountain to announce its existence in the world. Its iridescent scales reflect the sunlight and start to shimmer.

It looks like it's dancing, or engaging in a courtship ritual. But I know it's actually playing with my alter ego. I can also see the sparkling droplets that Bubbles forms as he swims around the Leviathan, and the giant Koi happily follows him, curious and playful. After all, Chimaeras and Leviathans aren't that different, really. I don't know yet if other humans realize how closely related they were. They surely knew that both were connected to Mana and the Tumult, and could freely wade around in it as though it were an ordinary ocean. But did they understand their true nature and what their role was? I take out my notebook and charcoal and prepare to sketch the aerial ballet. I simply must show this to Zaza."
f5a3d90b-9005-4165-8d1a-fb0aa10f7270,ALT_CYCLONE_B_LY_75_C,Character,Eris,,"You win some, you lose some.","Eris is the goddess of discord in Greek mythology. She is the daughter of Nyx and the sister of Ares, the god of war. She is also the mother of many nasty children: Ponos (Toil), Lethe (Oblivion), Limos (Hunger), Phonoi and Machai (Murders and Battles), Dysnomia and Ate (Anarchy and Ruin), Algea (Pains), Hysminai (Fights), Androktasiai (Slayings), Neikea (Quarrels), Amphillogiai (Disputes), Pseudea (Lies) and Horkos (Oath).",NEVENKA,"393 AC - Total respect. The look. The attitude. The power. I love it. Goddesses – they totally rock! When you're deep in a… sorry… at the top of a flying island where there's nothing but a constant stream of falling water (which ruins all my spray paints… great!), let's just say a goddess showing up can really save the day. I tried to repaint everything and make it nicer, but it doesn't work too well with all the rain. We were SOOOOO bored. So I thought it was a good time for a bit of gambling, just to get everyone to relax a little. At first, the others laughed when I suggested a game of dice. But when I pulled out the money, suddenly they were all interested. I laid down my terms: Bring a partner. They said OK. Pfff, what idiots.

Eris appeared, her wings beating in the wind, and landed on our rock with her charming smile. And without further ado, the betting started. The dice rolled, money changed hands. The pot grew. Those cheeky devils were hiding notes in their socks. Ha! And they talk about the smell of money! It certainly does smell when it's hidden next to your feet. A little wink between friends. And that, ladies and gentlemen, is when all hell broke loose. She won it all in just a few throws. She left them with nothing but their socks (well, not literally). And then they starting yelling at each other. There was almost a big brawl. I was laughing so much my sides ached. It'd been a long time since I'd laughed so much on an expedition. Not only that, we shared the winnings… 50% for me and 50% for… the genius who came up with the idea."
3ed7f163-efa2-47d7-8a63-a0d8a567fa9a,ALT_CYCLONE_B_LY_76_C,Character,Daikokuten,,"If you never take a risk, you'll never be rewarded.","Daikokuten is the Japanese deity of commerce, trade and wealth. He is depicted as a smiling man with a rotund belly, surrounded by sacks of rice (symbol of happiness). Over his shoulder is a large sack containing wisdom and patience. In his right hand he carries a wooden mallet (uchide no kozuchi), a symbol of the virtue of work.",NEVENKA,"393 AC - It's nice to have earned a load of cash from the sweat of your brow. What's that? Dishonestly? First of all, how dare you! And secondly, deception requires a great deal of effort and creativity. But seriously, you think I just sit there twiddling my thumbs? Yes, I'm talking to you. And tell the rest of the peanut gallery to keep their comments to themselves, OK? Now that I have your attention, it's important to know that theft on its own is never good enough. You need to know how to capitalize on it. You need to know how to double down. And that's why… I take an Effigy of Daikokuten out of my bag, and place it on the little island. And you know what? Stealing it out from under the nose – and very long beard – of that damned Afanas was no mean feat.

The divinity materializes when I smash the statuette, and he's brought all his gear with him: sack, mallet and bales of rice. If there's one god that can congratulate me on my ingenuity, it's him. In a corridor once, I overheard some Ordis scholars talking about him and certain traditions involving him, which I found particularly interesting. It's called fukunusubi, or ""theft of fortune"", where you steal an idol from a temple without getting caught, then sell it to the highest bidder. Obviously that's the kind of guy I like, because he gets how these things work: nothing ventured, nothing gained. So cough it up, because I followed the instructions to the letter!"
69b95fe8-0f6f-4289-9b9b-3bbda58ed524,ALT_CYCLONE_B_LY_77_C,Spell,"Lost in the Riptide",,"This is why you're supposed to read the map...",,NADIR,"393 AC - I grab Bubbles' fin to let him pull me along, because there's not a single second to waste. On the ledge, the three Eidolons already need to hold on tight to avoid being swept away by the surge. Zaza and I had warned everyone that this place was dangerous! At regular intervals, gravity currents would grab hold of the water that had accumulated on the archipelagos to form the huge water spheres of the Thermaic Quadrant. But it seemed like not everyone had listened, or even read the map! Even way up here, I can see the Three Little Pigs fighting as hard as they can to avoid getting sucked in. They've discarded their bags, packs and cumbersome gear, but it doesn't seem to be enough…

Deep down, I know they're just Eidolons and don't really fear anything – except remembering a really bad experience and having it become a habit for them. But we're an Exalt now, and that changes everything. We need to act like heroes! What would Sigismar and Wingspan do? Or Kojo and Booda? They were my favorite duos. That's the question I asked myself before jumping in, and the answer was obvious: They would have jumped in without hesitation. That's why I needed to do the same, even if it meant I'd get a proper scolding later. After all, with great power comes great responsibility!"
b50b96c2-aacb-4eb5-bdb1-b5ab5ea280fd,ALT_CYCLONE_B_LY_78_C,Spell,"Lyra Signet",,"Creation and transformation.",,UNKNOWN,"""He departs into the void and the chaos within;
Entering the Tumult, he embraces its essence;
He delights in it, trusting it with every sense;
He absorbs the energy, into soul and onto skin;

In that instant, that moment, the transformation takes place;
The eager initiate now understands that his nature;
Far from being fixed and unique, is just a signature;
Many-faced and ever-changing, it constantly regenerates;

He accepts the burden of his intense transformation;
The sign of his Faction and the source of its might;
For all, he wants only to bring joy and to excite;
From the magic he creates, art is its expression;

Returning from this journey and into a new dimension;
He celebrates Ignescence, and the change it brings;
And inspired by the power of all these feelings;
From the Tumult reshaped, he becomes its champion."""
692403be-e180-4d4b-aae3-d20c1c66a66f,ALT_CYCLONE_B_LY_79_C,Spell,"The Western Wind",,"It's no use going against the Wind.","In Greek mythology, Zephyr is the god of the west wind. He represents a warm, light and favorable wind that can delay or increase harvests. Son of the Titans Astreaus and Eos, he is one of the eight directional winds, the Anemoi, which also includes Eurus, Kaikias, Notus, Apeliotes, Lips, Boreas and Skiron.",CROWBAR,"393 AC - I grumble as I watch the blue swan disappear over the horizon, clearly ahead of schedule, and I wonder if it really is the bearer of Zephyr – the wind, of course, just to be clear. Judging by its name, it must be. But whether that's enough proof… Ha! Speaking of weather, I'm going to need a whole bag of it. The one Aeolus gave to Odysseus, to be precise. Hey, Fen, a little help here, please! If anyone can whisper a few sweet words to the Wind, it's you, sweetheart! I yell to the merry band of laggards to hold on tight to their umbrellas as the wind begins to turn, gently at first, to a light, warm breeze. Then the gusts blow stronger, and in a clear direction. Watch out, folks, this might be a bumpy ride… so hold on tight!

The startled faces of my companions switch from puzzlement to worry when I make a colorful umbrella appear in everyone's hand. The sudden gust of wind propels us forward like a pile of dead leaves in autumn, while my other half scrambles for cover. I discard my outfit to unfurl my wings, which are obviously better suited to the situation than a heavy leather jacket. Go on, blow stronger! Even stronger! We've got a bird to catch, dammit! We just have to ride the breeze, at least until the wind turns, like a nanny floating down between cherry trees. Especially since, for a fraction of a second there, I felt something staring at me from beneath the clouds…"
44ac79e0-9338-437a-b07f-18e28111f4ac,ALT_CYCLONE_B_LY_80_C,Spell,"Mapmaker's Boon",,"Each of us paints their own reality.",,NADIR,"393 AC - I remember the first time I stepped into Zaza's workshop. It was completely different from the Painthouse with its big bay windows. Hers was dark, and a complete mess as well. Painting had always been my escape, especially when the other children teased me. They gave me a hard time because I didn't talk much. But what they didn't understand was that my language was pictures, not words. And when I started to paint the world, the Matriarch put me in Zahira's care, because she was a mapmaker and she painted the world in her own way. At first, I didn't think it was the same at all. For me, drawing a map wasn't the same thing as drawing from real life. But over time, I began to see that it wasn't all that different after all.

At first, I just made whatever I felt like. I painted using my instincts and picked whatever subject grabbed me. But Zahira would always tell me that I needed to start with the basics. Reproduce, imitate, copy. She told me that was the best way to improve my technique, and that style would come later. It was good advice, sure, but it was boring! I had to be more accurate, always more accurate. But after a while, I noticed that when I painted the outside world, I was better at identifying what I wanted to do and expressing what was in my head. When I told her about it, Zaza called it ""mastering your imagination"". And even Bubbles' traits had become more refined as a result. I think it was all designed to prepare us for becoming an Exalt ourselves."
af1da051-e740-44c0-bbb9-cd6443540bea,ALT_CYCLONE_B_LY_81_C,LANDMARK_PERMANENT,"The Painthouse",,"The paints of the Tisdhera still perfume the heights of the Wayfarer.",,NADIR,"393 AC - Bubbles floats under the glass roof, and it looks like his fins are caressing the sky. It's like we're in an aquarium. Everyone says he's my Chimaera, but Bubbles is much more than that. He's my confidant, my friend, my reflection. He's the one I talk to about getting bullied at school. He's the one I hold in my arms when I have something on my mind. And that'll never change. I look at the statue that my father recently sculpted. And I know he'll frown when he sees that my fishy-fish has been rubbing up against it. But I also know that he's used to the mess we make. He'll sigh, maybe scold Bubbles a bit, and then that will be that. All right, just a few more brush strokes. I need to finish my painting.

The sky. The clouds. The flying islands. I add movement to my painting to make it look more alive. I went through my ukiyo-e phase, and then my impressionist phase. Fauvism is what interests me now, although Art Nouveau and Klimt are increasingly catching my eye. It would be cool to paint portraits of Exalts now that we're going to be part of the group. That's what the Matriarch told us when we arrived at the City of Scholars. I suddenly notice that the sky has gone dark above us, and I make some garlands bloom over our heads. I wonder where Dad and Mom are, then remember that they've gone off to help the circus by putting makeup on the clowns, pierrots and harlequins. Cool, that means Bubbles and I will get some alone time."
c0578a2b-09e5-4c8c-b6fd-7e97c09bff7e,ALT_CYCLONE_B_LY_82_C,LANDMARK_PERMANENT,"The Opera House",,"The Arkaster Opera House is known as the Spark, for that's where stars are born.",,AURAQ,"393 AC - Nostalgia is a double-edged sword. It brings both comfort and torture. I was still young when I first performed at The Spark. I could have become a diva. The one and only. I could have captivated the crowds, enchanted entire audiences. But fate had other ideas for me, and took me under – or should I say ""over"" – foreign skies. As I see it open out before, I think of a jewelry box. One with a diamond in the middle, either rough and uncut or at the peak of its art and brilliance. The Spark can look like whatever you want it to look like, and this evening it will be all gold and silk. There will be ribbons for the aisles, and French-style platforms for the balconies. And the stage…

The stage will be a rocky precipice, with a ""Wanderer Above the Sea of Fog"" vibe. Dramatic and epic. Rrrr. Everything I love. On top will be a glorious frame, poetic even, wrapped in violet ribbons, like a gift box waiting to be opened… And the gift? Me, of course, in one of my most beautiful costumes. I'll appear in a shower of fireworks, and everyone will chant my name. I open my eyes and slip out of my daydream. I'll always be a diva. But now my other duties prevent me from being the celebrity I could have been. Should I regret it? With a smile, I let my fantasies dissolve like snow melting in the sun. There's no comfort for me behind the mask of nostalgia. Just the torture of what will never be.
"
5a154697-7db1-432e-8e30-9057c80568f5,ALT_CYCLONE_B_MU_65_C,Hero,"Kauri & Puff",,"The language of nature has no use for words",,,
32321a25-7983-495f-b762-2d9082db8854,ALT_CYCLONE_B_MU_66_C,Character,"Resentful Robin",,"Despite their small size, Rhodopean robins will defend their territory with beak and claw.",,KAURI,"393 AC - I sneak a peek at the sky from my shelter, looking for any trace of dark clouds. I poke my head between the branches and pull myself up out of the bush. But the sky is clear. There's no sign of the wyvern on the horizon. I go back down to Puff, who is tending to his wounds. His downy wool is stained with red, and I clench my teeth. Maybe with my help… I focus and feel the Mana around me. I know I shouldn't take too much, but if I could just use a tiny little bit, maybe it will help Puff to heal… The leaves of the shrub shrivel as I breathe in the energy that keeps them alive, then blow it towards the Chimaera.

Just then, I hear a shrill twittering coming out of the bare branches. A robin with green, yellow and white wings flits towards the ram to give him an earful, then tries to peck at him while beating its wings furiously. I step in and try to chase it away by waving my arms around. Puff needs rest after his fight, and deserves to be left alone. That's when I notice the nest of twigs, which was previously hidden but is now uncovered. The bird beats its wings and gives me a couple of pecks between shrieks. And you know what? I deserve it. Its clutch of eggs is now in danger from predators, and it's all my fault."
da9f7a8f-66dc-48fb-bb47-5331a5a9babe,ALT_CYCLONE_B_MU_67_C,Character,"Helpful Pelican",,"It's not unusual to see these pelicans ferrying small local creatures from one island to the next.",,RIN,"393 AC - The constantly shifting nature of the flying islands means that these ecosystems are in a perpetual state of transition. When a suspended fragment drifts, its exposure to the sun changes, which causes increased evaporation of its bodies of water, sometimes resulting in drought… And I'm currently in one of those dried-up rivers. The stones in the riverbed are even starting to show, and the few puddles that remain here and there will be nothing but memories soon. For the fish that have managed to find refuge, it's only a matter of time before they perish. I hear the beating of wings. I turn to see an enormous pelican land near a pond. For a brief moment, I wonder if it's one of the ones that accompanies Nanshe when she visits the orphans… But no, it's only interested in the pool and what's floundering within it.

Fry are certainly easy prey in these conditions. But instead of pecking at them and gobbling them up, the bird opens its beak and slowly immerses it, just enough so that its pouch fills with water. Then the fish and fry dart into it, as though it were a swimming pool. Ah, of course! If the fish disappeared from the islands, it would be bad news for the birds that live here and depend on them for their survival. When nature is cruel, cooperation is essential. It's only in a world of plenty that competition can thrive. It's a fundamental law of nature. The pelican suddenly flies off, transporting its little passengers. It will probably release them in another pond, lake or stream. So that life can continue."
6a863fbf-97be-4e79-9a7e-2d4f9c1ff6b8,ALT_CYCLONE_B_MU_68_C,Character,"Eru, Emissary of the Wild",,"""Surrounded by all of his animal friends, my teacher never felt alone, even living as a hermit."" - Kauri",,KAURI,"393 AC - Papa is on one side of the fire, and Mama is on the other, with the light of the flames dancing on their faces. They are wearing their ceremonial clothes and ritual face paint. As for Eru, he's standing next to me with a reassuring hand on my shoulder. He squeezes it one last time, then lets go so I can move forward to the young Ollam and the dark figure of Puff, who are both waiting for me on the other side of the flames. We're not alone, of course. Many animals answered my mentor's call to be witnesses to our union. Raccoons, anteaters, common cranes, turtles and tarantulas… A wolf watches from the edge of the clearing, its eyes glinting in the half-light.

""Are you sure about this?"" my father asked me. I'd replied yes, but to be honest, I didn't really know what I was getting myself into. I just felt like it was the right path to follow. The Musubi came from the Skein. From what I understood, it was like stitching two people together with threads of Mana. Described like that, I admit it didn't sound like much fun. I'd heard two grown-ups at the Mess talking about the difference between the Skein and the Ordis Gestalt. From what they were saying, it was a bit like the difference between the soul and the spirit, although I don't really know what that means… Ow! Eru taps me on the head to bring me back from my daydreaming. He knows I often drift off, like when I'm sprawled in the grass, supposedly guarding the Woollybacks…"
0e3c2c1c-255b-4579-8d17-a481ca573391,ALT_CYCLONE_B_MU_69_C,Character,"Armored Bird",,"He raised a shield of feathers. Lances and harpoons shattered against his steely wings.",,KAURI,"393 AC - At first, I thought of Alteration like a necklace with pearls threaded onto it one by one – amber, jade, and so on. Each of them is an idea. And when the necklace is finished, all the pearls form a whole. But Eru told me that was just one of a thousand ways of thinking about it, and so there were many more. The way I was taught, in the traditional Muna fashion, was more like a tapestry, in which the threads create shapes, and those shapes represent things. We weave and we unravel. It's like a patchwork. But that's not totally accurate, because the Skein is a mesh. When I embroider, the Skein brings me ideas from everything around me.

That's why the ""jade"" comes from a hunter, who used to watch his grandfather make jewelry in the back room of his shop; and the stylized bird comes from the logo of an Axiom airship, which a young pilot took the time to paint with love and care just under the cockpit, as a lucky charm… All of that filters through the Skein to the tapestry I'm stitching, the entity I'm in the middle of manifesting. Something strong enough to withstand the hunters' explosive spears – gulp! – but quick enough to catch up to Soledad and avoid Halua's fins. One last cross stitch and… there, just in time. I turn towards the hunters, who swoop down from the sky like birds of prey."
d10ce512-26e5-4557-bfc8-c4c054fdd531,ALT_CYCLONE_B_MU_70_C,Character,"Colorful Cuckoo",,"Even the shyest become a bit less reserved when they hear its song.",,RIN,"393 AC - As I watch the cuckoo's egg crack and hatch, I think to myself how it's a bit like what happened to Papa. I was dumped on his doorstep one day, totally out of the blue. If he'd had other children, I would have monopolized his attention to the detriment of my hypothetical brothers and sisters. Although I don't think I would have gone as far as kicking them out of the house. But who knows… Hypothetically, they could have been so unbearable to live with that I had no other choice! Anyway… That's not what I'm here for. The egg breaks, and a beak emerges uncertainly from the shell. I came here to categorize the endemic species of the various Quadrants, and I had my work cut out for me!

When you look at the archipelago's islands, you can see a similar phenomenon across all the ecosystems: a slow succession of species. One would replace another, like a giant game of musical chairs. But the process was happening much faster here than in the Katkera, probably because of the drifting atolls and the Tumult tides, which were having a major impact on the living conditions on the surface of the islands… The pieces of broken shell fall away, and a head pushes through the gap. The chick doesn't yet have the colorful plumage of the adult cuckoos, just a few grayish feathers to help it blend into its environment. Suddenly, the sky darkens. I look up, puzzled. It's as if the clouds had changed color. As if something had blocked the sun's rays…"
da2b7a35-9504-45c4-9eff-be01b11a317e,ALT_CYCLONE_B_MU_71_C,Character,"Migratory Crane",,"When the cranes start their migration, that's the signal that it's time to seek out new horizons.",,RIN,"393 AC - I watch the cranes extend their wings, while the fish that Orchid just caught sizzles on the flat stone I had placed in the fire. They rise gracefully, and I hear the splashing of water followed by the beating of feathers. Nature always sends signals. They're barely noticeable to many of us: a slight change in temperature, a wind picking up from a specific direction, the sky darkening in a unique way when the sun disappears at a certain point behind a certain mountain… It's the signal to leave, to move to another place. All too often, we forget that we are ""programmed"" by nature, as Treyst likes to put it. But our senses and subconscious never forget. Our unbreakable link with nature is encoded in our instincts.

And so I wonder… I wonder to what extent the Expeditionary Corps, and the entire Rediscovery Endeavor for that matter, are really the result of a choice, rather than a necessity we feel deep within us. Maybe there are actually thousands of signals all around us, telling us that the time has come, that it's time to leave… I watch the cranes soaring in the sky. Their silhouettes stand out against the brooding gray of the clouds. It's believed that they can sense magnetic waves and energy lines, and that they know where they're going when they migrate. I wish I could say the same. Orchid told me that none of the places we had been were like the place where she had found me. So we have no choice but to keep moving…"
4cb89c28-42e4-4559-9b07-ec5008e784e0,ALT_CYCLONE_B_MU_72_C,Character,"Drowsy Dodo",,"After all that work, it's time for the dodo to go night-night.","The dodo from Alice's Adventures in Wonderland is, according to Lewis Carroll himself, a caricature of the author, whose real name was Charles Lutwidge Dodgson. Suffering from a stutter in his childhood, when creating the dodo character, the writer remembered the many times he tried to pronounce his name but only managed ""Do-do-dodgson"" instead. In the book, the dodo organizes a race with strange and useless rules, which the author undoubtedly intended as a satire of the Victorian society he was living in.",ARJUN,"393 AC - I haul myself onto the secluded islet, then stretch my back, which is all sore after climbing this series of islands. Each time I try to contact Spike, all I get back in return are some fleeting and sometimes incoherent feelings. He's just over there on the next rock, probably in the middle of… I raise an eyebrow. A large ball of colorful feathers is nodding its head, while a large bubble of sleep emerges from the hole in its beak. It's almost comical, really. He's barely staying upright, leaning on his cane as if it's the twisted mast of a rudderless ship. O…kay… And, of course, I see Spike wrapped up in the bird's plumage as if it were a quilted blanket.

It seems both of them are having a siesta. In his half-sleep, the Eidolon recites a string of cryptic words in a croaky voice… ""If both player’s markers meet at the same time, first check if any player moved forward further than necessary to win the game. If one player did and the other did not, the player who did wins the game. Otherwise, players play a tiebreaker Day in the Arena. The Arena is on the back of the Companion region card. Place it in the center of the table and put both players' Expedition markers on it."" I place a hand on Spike's head. I don't know what arena you're talking about, but you won't win the race if you're asleep…"
7c4bb61e-f803-4b2e-8ad8-a6807148bd6e,ALT_CYCLONE_B_MU_73_C,Character,Wyvern,,"With their fluffy texture and cotton-candy flavor, woollybacks are wyverns' favorite prey.","A wyvern, also known as a guivre in heraldry, is a magical mythical creature from European folklore. It is depicted as a bipedal dragon, or sometimes as a winged serpent. Wyverns often guard treasure or block the way for knights errant.",KAURI,"393 AC - An ominous crackling, then a deafening boom… The sound of the lightning is even more terrifying than usual. Where are my Woollybacks? I run to the ridge as the clouds rumble. There they are, soaked and trembling, huddled together at the top of a tiny hill. It's going to be tricky to get them down from there… I look up at the sky and gulp. Since the transhumance started, the weather has never gotten this bad this quickly before. I need to find shelter for them, and fast. Puff is bleating non-stop, urging the other sheep to get moving and follow him. I wipe away the rain trickling down my face and look for somewhere to shelter…

Crack. Boom. I see it appear in the bright flash of the lightning, like a bird of prey. It's huge, with enormous wings I can almost see through, and its back bristles with protruding spikes. And then it starts to swoop down towards my little woolly friends! I sprint towards them to tell them to run, but with the wind, rain and chaos, they don't hear me. Suddenly, Puff leaps in, swinging his horns from right to left. He moves as if to charge and stares at the dragon defiantly, without fear. The rain lashes down around us, and I need to squint to see what's going on. In a moment of clarity, I suddenly understand. I realize he's buying time so I can lead the flock to the sheep-pen."
0045800d-c429-4565-97c1-725ae3a7eb21,ALT_CYCLONE_B_MU_74_C,Character,"Zaratan, Social Leviathan",,"We were sailing among the islands when one of them came to meet us.",,TEIJA,"393 AC - I stand before him in my ceremonial robes. Sig insisted that I be accompanied by bodyguards from the Tagmata, but I know that a few soldiers won't make much difference if the Leviathan decides to get aggressive. No, all I can feel in the Skein is a combination of curiosity and joy. If he smashed our ship, it would be out of playfulness or clumsiness. The result would still be the same, of course. His giant head draws closer to us. Our whole ship could fit into one of his nostrils, without even touching the sides. We're nothing but ants compared to him. But the closer he comes, the more the dendrites of his Skein start groping around.

I feel his filaments tangling with mine, and he doesn't hold back, to say the least. In exchange, I ask for his hospitality. I share with him the key concepts of who we are – not through intellect, but more in relation to our underlying nature, the good and the bad… even though these concepts are essentially very human. The gargantuan turtle asks me if we come from below, from under the clouds, and I reply that no, we come from much further away. Narrowing his eye, which looks like a tiny moon, he tells me that we look like those who came to see him before the archipelago broke up and dispersed. Before the red wing made them abandon these shores…"
ce13bb18-24e7-46d8-9434-34fe090b28df,ALT_CYCLONE_B_MU_75_C,Spell,"Kauri's Intervention",,"""This senseless hunt must stop!""",,HALUA,"393 AC - Why? The little human stands on her bird-thing, making a shield to protect me. Even worse, she has her back to me. I could just open my mouth and simply swallow her up. So, why? Why defend me like this and take my side when all I want is to destroy them? Emerald-colored waves swirl around her, transforming all the projectiles that the hunters can throw into flowered branches and boxwood thickets. And I remember. I remember Bronté. Her cloudy hair, just like her sister's. They would climb on my back, desperate for me to give them a ride. But that was before the end of the Fallow Period, before the biostimulants…

The young woman she had become stepped forward. She had a gentle smile, the same as when she was young and wanted to climb on my back. My instincts told me something wasn't right. Her sister was tense. There were guards all around. Bronté placed a hand on my head, right between my eyes. ""You must stop interfering,"" she said. Stop? But that was my role… Without warning, the serrated harpoons, attached to heavy chains, had pierced my wings. I start to growl just thinking about the betrayal. The human had deceived me. She was traitorous and treacherous. She was greedy and destructive. Another ruse. Another betrayal. There's a sudden shock, and a voice echoes in my head. Wait."
bad8fd5f-44b4-44d4-bf0a-a6bb1ccbb153,ALT_CYCLONE_B_MU_76_C,Character,Pan,,"He's definitely the black sheep around here!","Pan, whose father is Hermes and whose mother is a daughter of Dryops, is a capricious nature deity in Greek mythology. The god of shepherds and flocks is often depicted as a man with a bearded face and the hindquarters and hooves of a goat, like the satyrs he is often associated with. It is said that seeing him with his true appearance in your dreams is a sign of happiness.",KAURI,"393 AC - As I stretch and rub my sleepy eyes, I realize my mouth is watering. Papa is cooking fried eggs on the cast-iron skillet – and maybe a few slices of bacon, based on that yummy smell. I yawn, blink and look around me. All the Woollybacks have wandered off onto the grassy plain. Most of them are grazing, but a few are having a nap, like us. But if Papa and I are both here, who's looking after… I see him playing around among the animals, causing more chaos than anything else. I watch him playing leapfrog, and my father bursts out laughing when Puff scratches the ground with his hooves.

The panicking Woollybacks start to run in all directions as that rascal Pan continues to get up to mischief. There's something very funny about the way he moves around and gets up to his pranks, but I also feel the Chimaera's annoyance. Eru is there, again, and I realize that I'm dreaming again, half awake and half asleep. I need to pick a side: remain a simple shepherd boy, or become more by embracing the way of the animals? After all, the Musubi is an extension of the Skein, and the Skein is a path already laid out before us. Pan smiles at me, as if his goal from the very beginning was to spark something within me. And then I finally understand which path I must follow…"
0482bce0-3e2a-4b6c-9f89-4ef6571356b7,ALT_CYCLONE_B_MU_77_C,Character,Tāne,,"Firmly rooted like a tree, yet free like the birds, he embodies nature's strength.","Tāne is a deity in Maori mythology, the god of forests and birds. He is the son of Rangi, the sky father, and Papa, the earth mother. When he separates his parents, he brings about the world of Light, which plucks their many children out from the shadows where they were living.",TEIJA,"393 AC - I grit my teeth. When will we learn? When will we learn from our mistakes? Everything was flattened, broken and shattered by the explosion. From what I heard, the Axiom and the Bravos had conducted an experiment near here. They overloaded an Aerolith fragment with vibrations to measure its explosive properties. The experiment had been successful, but as for its results… Even here, miles from ground zero, branches had been ripped off, natural shelters destroyed, nests sent crashing to the ground… I suddenly feel a wave of sadness wash over me upon seeing a pile of broken shells. Using Alteration to repair this biome would take weeks. But the good Oneiros could restore it to its original state instinctively, and much more organically… Feather and leaf. Egg and seed.

He starts to walk among the bent and bare tree trunks. His fingers caress the distressed trees. Where he brushes against them, his color seems to rub off onto the lifeless bark, then rise to the branches. It turns into leaves, a soft green at first before darkening. The grass shoots up in concentric waves around his feet, and when the ripples reach the trees, the branches flower as if experiencing a new spring. Then Tāne raises his arms in the air. I feel his call through the Skein. Flocks of birds begin to circle above our heads, then alight on the branches and among the new foliage. I bow to the Eidolon, who now has dozens of colorful birds perching on his arms."
04b5686c-379b-4f4a-bbf0-1fdd4579d795,ALT_CYCLONE_B_MU_78_C,Spell,"Puff's Challenge",,"Wearing red might have been a mistake...",,PUFF,"393 AC - Hmm. I narrow my eyes as I watch the cloud of powder dissipate. The little one seems unharmed, but that doesn't excuse what the huntress did. I hate hunters. I detest hunters. I trample them underfoot. And this one needs to be taught a lesson. I fight my initial instinct… or maybe it's the child's yells, grating annoyingly in the back of my mind, which are stopping me from going too far. One sharp prod with my horn would be enough. The battering ram sends the first huntress flying. How do they do it again? Ah yes, a kick, a few well-aimed hooves would smash their equipment and destroy their little jet boards, which look more like the plank a pirate's prisoner would be forced to walk than something you'd want to ride on.

Run, kiddo. I'll deal with them. Take your chance while I distract them. You have more important things to do, and you know it. From the corner of my mind, I feel him agree with me. With a powerful blow, I smash one of the wretched poacher's toys to pieces. With a swift kick, I get rid of another of those pests. I feel like I'm a bowling ball knocking down pins. What's their word for that again? Strike? Hang on, where's the kid now? Hmm. Up there. I see Kauri rushing towards the lead hunter's jet board, as oblivious as a lamb to the slaughter. There's no time to lose. I should get this over and done with so I can join him. Now he's part of my, er… flock."
708f0b73-cde9-4a17-8133-7343c1beabbb,ALT_CYCLONE_B_MU_79_C,Spell,"Muna Signet",,"Harmony and sharing.",,FLORE,"393 AC - There's an inherent contradiction among the Muna. We do our utmost to maintain the balance of nature, parity between the species – animals, plants, and others – so that everything can live in harmony. But isn't that just interventionism? If we were to follow the laws of nature to the letter, we should leave all species alone to live and die naturally. A few years ago, Arjun had told me to think more deeply about it. And it had been several days before I went back to find them. Proud of myself, I told them that it was all about our place in the world. Not doing anything was like not existing, but we did exist. And human beings were part of nature. It was a mistake to think that we were separate from or above nature.

In nature, there's always a sweet spot between cooperation and competition to guarantee a healthy environment. And we have the perfect tool to find that sweet spot: the Skein. Through it, we can almost hear nature, and all its desires and complaints. And we can help it thrive. In a way, it's like we've agreed to be its agents. But I've always wondered why it's only the Muna that received this gift, and not all human beings. The cicadas sing under the olive trees, and I lift my straw hat to wipe my forehead.  I pick one more juicy tomato, which Arjun would definitely have appreciated. Come to think of it, I think I dreamed about them last night…"
f44d4b54-2a19-4a52-a0bc-983e92bcc518,ALT_CYCLONE_B_MU_80_C,Spell,"Counting Sheep",,"The deepest sleep is woven from the wool of sweet dreams.",,KAURI,"393 AC - Some people say that the imaginary world and the dream world are the same thing. They say that when you sleep, all those things on the other side flow into our heads. Eru tole me that if this was true, maybe it meant that we were all basically connected to this vast ocean… and to each other as well. So would the Skein let me visit that boy I met yesterday, the one with the curly red hair? Or the one I interrupted while he was painting? Spending the day with Woollybacks is nice, but sometimes you feel a bit lonely. I just hope I don't drown them in a sea of wool, since that's all I see all day long…

I'm suddenly aware that I'm sleeping. Eru is next to me, putting a log on the fire. So this is a dream. Sparks rise up into the night sky. We're never truly alone. That's what I hear him say. I see my parents, I see a squirrel, a mole, a small monkey… and a shadow in the forest. Never alone. Puff hits the bark of a tree with his horns. Thunk. Never alone. He looks at me. I mustn't forget that what he looks like is not actually who he is. Thunk. He may look like a ram, but it's just an act. I smell fire and meat…"
0e1e81c6-85af-407a-858e-7c1ff5dd8df0,ALT_CYCLONE_B_MU_81_C,Spell,"Joining Fates",,"""Be united in the Musubi.""",,KAURI,"393 AC - I'm a bit scared. Soledad is on one side, and she seems lost in her thoughts, uncertain of what's to come. On the other side is the Leviathan, which could change its mind and eat us all up at any moment. And between those two, there's only me. A blacksmith would probably say between the hammer and anvil, but for me it's more like between the wolf and the edge of a cliff. Haha. I saw how the Ollam did it when Puff and I were being bound together. And thankfully, Puff is here to give me encouragement. ""Hurry up, stop dragging your feet,"" he says. He's right. The more I hesitate, the greater the chance that all this will turn out badly. I take a deep breath, trying to remember what the high priest did during my Musubi.

I just need to do exactly the same thing, basically. It would be better with a design pattern. But I don't really know if there is one for this. It's a bit bigger and more complicated than a scarf… With my hands, I imitate what the Ollam did. He looked a little like an orchestra conductor (which I know because I recently saw one in real life for the very first time), but with a needle and thread instead of a baton. OK, I need to get going. Stitch two beings together. I'm suddenly aware of two young women looking at me, two Yzmir wizards watching what I'm doing in a slightly scary way. No, I can't get distracted…"
eb28c209-5f61-461d-aff2-5ab4cac99db5,ALT_CYCLONE_B_MU_82_C,LANDMARK_PERMANENT,"Woolly Woolly Field",,"Talk about wild and woolly!",,KAURI,"393 AC - Yep, we'll definitely have our work cut out for us. The doors of the Ouroboros open, and the herd spills out into the pastures. When they're nose to tail like that, you can't tell where the clouds end and the field of wool begins… And then there's the near-deafening clanking of the bells. My father gestures to me, and I lift my crook to show that I've understood his instructions. I whistle to mark the start of the transhumance, and Puff grunts next to me to get the flock moving. The sea of white begins to roam the grassy slopes, chewing and bleating as they go. I look at the huge ram and scratch his neck.

We spent a lot of time together on the Lyra Sahanka. Every morning, I would fetch the hay and fill the bowls with grain. Although he was distrustful at first, the Chimaera would relax when I was around. Maybe because it was obvious to him that he didn't need to fear me. Of course, I was careful to treat the animals well, to calm them down when they felt too squeezed in or started to run amok. I was curious to know why he had taken on this form, why he had become their protector. But it's not as though we could really understand each other, except through the emotions that filter through the Skein…"
22d4bb84-f859-4f3e-a85a-060ff1cb33ce,ALT_CYCLONE_B_MU_83_C,Token,Woollyback,,"The warmth of wool and the softness of cotton candy, now together on four legs.",,KAURI,"393 AC - A few whistles and loud clacks with the tongue are enough. I hear the bells before I see them appear over the ridge and come running down the hill. I make a few more clicking sounds, then a whoop to guide the Woollybacks, which file past in front of me and flock together in front of the paddock like a blanket of wispy clouds. Papa lifts the barrier to the sheepfold and counts all the sheep as they go through to the other side of the fence one by one. I come down from my little mound and mingle with the animals. As they go by, I can't stop myself from touching their downy wool, which feels like cotton candy without the stickiness. They're so soft. You could almost mistake them for any other sheep when they're frolicking on the Screed.

But their wool is so light and airy that when you throw it, it's even slower to fall than a feather. And when there's a wind blowing, it flies away like a helium balloon. Apparently, they use it for insulation in jackets and partitions. Usually, the Woollybacks would be sheared tomorrow. But we're leaving soon on a big trip, and we need to pen them up before returning them to the menagerie. And that could be tricky, because they've never gotten used to living inside… A hoof thumps the ground next to me, and I smile. Good thing we have an ally to keep them all in check…"
0ea66e69-03cf-49f4-96ca-8981ed436a85,ALT_CYCLONE_B_NE_03_C,TOKEN_LANDMARK_PERMANENT,Aerolith,,"With Aerolith, gravity no longer constrains how we build.",,BASEM,"393 AC - My days as a lapidary are long behind me, yet there’s something soothing about the relationship a stonecutter has with a piece of rock. I study its texture, its transparency, its crevices — and all its flaws. It’s a difficult material to shape — far less so than the pebbles found near the Mirror, granted, but still. Nothing can chip those stones. Even so, focus is essential. If the Aerolith begins to resonate, it will reveal its exothermic properties, and that could prove dangerous — both for me and for the vessel I’ve made my home. To polish and facet these crystals, you need specialized equipment capable of absorbing residual energy. And even then, the process remains risky…

Be that as it may, the airships of the armada rely on these new supplies — and what better way to pass the time than by devoting myself to such work? These are welcome pauses before plunging back into the turbulence of guild assemblies. I set the mineral down on its stand, and my eyes drift to the letter lying across my workbench. I pick it up and examine it, studying the seals of the Ordis and the Tagmata. It seems to be from Zhen. I smile. Of course I remembered her — her parents’ estate, our studies, our long conversations on the patio… I was young then, with my whole life ahead of me. How old was she — ten, maybe? That was before the founding of the Axiom. Before the debates and the politics…"
62cdfd69-69dc-4a3c-9700-5e70c2533fe9,ALT_CYCLONE_B_NE_FOILER_C,Foiler,Foiler,,,,,
39292971-ac0f-4fd6-b42f-29a0490804c2,ALT_CYCLONE_B_OR_65_C,Hero,"Zhen & Zephyr",,"Those who stand without honor will fall without wings",,,
6319fec1-1bf8-4db8-b8fb-85a785a2aeb3,ALT_CYCLONE_B_OR_66_C,Character,"The Ugly Duckling",,"This young recruit swans about while proudly showing off his insignia.","Hans Christian Andersen's famous tale The Ugly Duckling tells the story of a young duckling who, rejected by his family, wanders far and wide to escape the insults and mockery thrown at him. At the end of a long journey, during which he continues to be ridiculed by everyone he meets, he realizes he has grown – and isn't a duck after all. He is in fact a magnificent swan. This rite-of-passage story highlights the idea that we must accept who we are, despite the mockery of those around us, and that a difference can ultimately be an asset, and a sign of recognition.",SIGISMAR,"393 AC - Unable to concentrate, I close the book and set it on the table. ""Nye Eventyr. Første bind."" This collection of tales has always been on my nightstand for obvious and childish reasons. Rejected by everyone. Mocked. I'd always been considered the ugly duckling of my class and neighborhood. The question was whether I'd eventually become a swan, or if I'd always be the unloved offspring. I can't stop myself from chuckling. This is no time for moping. By now, the results of the elections must be known. If the spar in the City of Scholars had been working, the Gestalt would surely already be full of delighted cheers or cries of disappointment, depending on the result.

I pick up a pen and write a few words in a notebook. The Ugly Duckling answers my call and stares at me with its big eyes. I calmly pet its head. Yes, little guy, you and I are are a lot alike. But this chapter isn't about me. If fate is on our side, this one will be about my sister and her future husband… I pace up and down my cabin with the Ugly Duckling resting in the palm of my hand. And I realize that I'm happy to suffer the consequences if it works in Anuncia's favor. I smile pathetically. Maybe I'm not so selfish after all? The door suddenly opens, and she barges in, completely out of breath. In her hand is a paper herald, and her green eyes stare at me…"
38cfb6ee-25a7-4637-a10b-7e41f6d53f2b,ALT_CYCLONE_B_OR_67_C,Character,"Ascended Trooper",,"After months of expeditions, Aedyt felt she had finally spread her wings.",,GULRANG,"393 AC - We make our way through the heart of the valley, and I'm already sweaty after several hours of walking. High in the sky, the Raptors soar above us, ensuring that we're not taken by surprise by any threat. One of them lands on a rocky peak, and I immediately recognize her by her red hair. Aedyt. Like Osoyo, she was given the chance to join Zhen's unit, an honor that suits her perfectly. She has attracted lots of birds, which fly around her with curiosity, and she's also drawn the Rear Admiral's attention. Her large paper wings expand, helping her to remain stable at the top of the rocky edifice. When they're not keeping watch, the Tagmata troops stay busy with various tasks, including information gathering and topographical surveys.

We walk underneath the tree canopy. Here amidst their thorny branches, the darkness is overwhelming. From the corner of my eye, I suddenly see Aedyt straighten. Through the Gestalt, I inhale the scent of coffee while she shares her perceptions with me. I see the steaming cup, and the thermos that she's closed back up. And I see the huge water sphere heading to a mountainous promontory. Yes, she's right – if we wait too long, the bubble will burst, and torrents of water will flood into the valley, down to where we are. I give the order to Tocsin to sound his horn. The blast rings out through the valley, and clouds of birds take off into the sky. We'll need to be quick. Aedyt leaves her perch and hovers above us before rejoining her squadron."
0bb9626b-295a-4d59-8749-acfcbe4120a6,ALT_CYCLONE_B_OR_68_C,Character,"Ordis Warden",,"You can't beat the clink for catching forty winks.",,ZHEN,"393 AC - The man wedged comfortably in his chair is snoring. I walk slowly along the rows of prison cells to the office. Most of them are empty. Only two are occupied: one by a Bravos still pickling in a heady cloud of alcohol, and the other by an irritated recruit who must have tried to stand up to him. I walk past the isolation cell. Luckily for her, the offence wasn't serious enough for her to be placed in solitary confinement. I remembered a soldier who had received such a punishment once. It wasn't just the padded cell that was torture; it was the solitude. Complete and total isolation. Being cut off from the Gestalt, even temporarily, could be the worst punishment imaginable. It was like swimming on the surface of a deep, dark sea and feeling the emptiness beneath…

I stand up straight in front of the guard and clear my throat. He opens his eyes and looks at me, without a hint of guilt at being caught napping. He clicks his tongue against the roof of his mouth. Maybe he's waiting for me to beg for the release of the young cadet? He probably doesn't suspect that it's him I've come to see. According to my information, the man in front of me – how old is he, 40? 45? – was the personal assistant of General De Graaf before becoming a prison officer on the Mandjet. Obviously he was far too young to have been in that position at the time of the incident, but as a secretary, maybe he'd got wind of something interesting before he took office…"
ce42a0d3-1605-474f-b170-6e5ce5adb770,ALT_CYCLONE_B_OR_69_C,Character,Bluecap,,"To avoid sudden jolts, invest in stone.","In English folklore, Bluecaps are mythical fairies or ghosts that inhabit mines. They usually appear as a small blue flame. They are said to help miners by guiding them to rich deposits or warning them of potential dangers – in exchange for fair payment, of course.",WARU,"393 AC - Clack. Clack clack. His fingers move nimbly over the abacus. The beads slide from one row to another, while the little fellow sitting on the desk makes emphatic sounds, sometimes of surprise, sometimes of contentment. Clack. Clack clack clack. I watch him without batting an eyelash, even as irritation is making my moustache bristle. But I stop myself from making any kind of remark. I'm well aware that he's not the cause of my irritation; rather, it's the thoughts constantly churning in my head. Staying in the background has its pros and cons. On the one hand, it allows me to keep an eye on Asgartha through the reports I receive. On the other hand, it gives me too much time to dwell on my own thoughts. Did I do the right thing? Will Kojo give the game away? When?

I look at the Aerolith stocks requested by the Bravos for their spears. And the Bluecap continues to count, calculate and annotate. I sigh because all I can do is wait for his verdict. I took this task on with a definite aim. I felt I needed some rest, and that painful sensation of having forgotten something had gradually lessened after a while. But it hadn't completely disappeared. There was also plenty of research to do on those Phoenixian Guards. Were they just the custodians of Rune's prophecy? Was that really all? There was a mystery to be solved there. Discreetly, of course, with Mack on the frontline. With a satisfied sigh, the Bluecap finally puts his abacus down. It seems the figures add up."
40a9c304-1442-46d9-af03-3b703cdb863c,ALT_CYCLONE_B_OR_70_C,Character,Melusine,,"Every broken promise demands retribution.","Melusine is a female freshwater spirit from European folklore, often found in a holy well or river. She is usually depicted as a half-woman, half-serpent (or fish in some depictions), and she is sometimes given wings, two tails, or both. Legends about her are often connected with the northern and western regions of France, Luxembourg and the Netherlands. A major theme in the tales about her involves keeping one's promises.",ZHEN,"393 AC - We pass between the liquid spheres, watching their movement closely. The gravity here is erratic, to say the least. The bubbles sometimes start to spin faster before colliding and melding together. But the Quadrant seems stable, for now. I signal to my Raptors to take the starboard current, while Zephyr and I go around the other side. It would be costly to be taken by surprise by a Leviathan hiding behind one of these bubbles. Zeph, are you rea… Something hits my wings with full force, and I spin around before tumbling like a stone. My blood runs cold when I see my paper wing stump steaming and drenched as though it had been out in the pouring rain.

It's been cut by a hot liquid, which continues to evaporate before my eyes. But there's no time to dwell on my shock. I conjure new sheets to make more origami feathers, and I finally manage to stabilize myself before touching the cloud surface. After dodging another lance of hissing, boiling water, I look up to see who attacked me, while my swan honks in outrage. The Eidolon of Melusine dances on the surface of a sphere. I guess I must have stirred up a hornet's nest by going to see De Graaf's assistant. Melusine has a habit of punishing those who get a little too nosy. And I can't deny the accusation…"
66b332d2-89ae-41e5-9c85-d1ac355fb252,ALT_CYCLONE_B_OR_71_C,Character,Gargoyle,,"At the slightest sign of intrusion, these stone lookouts come to life and sound the alarm.","Gargoyles are grotesque and monstrous statues that look out from the roofs of European churches like sentinels. They also drain water running off the roofs of these religious buildings, spitting it out of their half-open mouths. They were considered by many to be guardians, and their role was to protect these sacred places and drive away evil, both demons and sinners.",ZHEN,"393 AC - The lookouts placed by the Chimaera are blue marble with white veins: gargoyles, sculpted all along the deck, constantly scanning the sky, just like she does. Like the Alter Ego of the Aegis captain, their movement is restricted to a bare minimum – just a head that sometimes turns to look out into the distance. Since the first attacks, security measures have been reinforced, as has the general state of alert. And I'm more vigilant too, maybe more so than necessary… Like these silent and virtually motionless sentinels, I'm on my guard. Over the last few days, I've rarely left the interior of the flagship, and when I do go out, I'm always escorted by my Raptors. There haven't been any more attempts on my life.

All I know is that Gulrang and Tocsin are unlikely to be the ones behind the attacks on me. They would have the ability to do it in terms of Alteration, but I can't imagine them betraying me. So who could it be? When I probed the subconscious of the prison guard, I must have set off an alarm. The strongbox had been emptied of all compromising memories, of course, but the architect of this mechanism had installed a discreet warning system. Had De Graaf been informed? Suddenly, one of the gargoyles raises its head and looks to the west. Zephyr takes flight. It's coming from the Pelagonian Quadrant. The Mandjet's sirens start to sound almost immediately, and I open myself to the Gestalt again. The call for help cries out across all channels. It's coming from a mining station. The AES Sune is the first to respond to the distress signal."
7787088b-7245-4da5-afff-af58e56864be,ALT_CYCLONE_B_OR_72_C,Character,"Ordis Messenger",,"To maintain their cohesion, the Ordis must call on the most reliable of couriers.",,GULRANG,"393 AC - The recruits hurry to collect their rations. I walk past them. Many of them think the odyssey is a time for rest, but it's not a peaceful rest. The Leviathans prowling overhead and under the clouds are to blame for that. But what can you really do against such monsters? We're like ants trying to stand up to the shadow of a boot. Nina fills her bowl with great care, and Helder takes a big helping of stew. I scan the crowd, looking for Kojo, who must be in the line somewhere. I don't know what's bothering him, but he's been lost in his thoughts recently. He seems worried. He's not speaking much. And that's not like him. He's distracted as well… But that is like him.

As I look around the sea of faces, I notice Osoyo. He smiles at me and nods, and I do the same. Maybe that's his way of thanking me for coming to his rescue during his last descent into the Crow's Eye. Or maybe it's because I supported his candidacy for joining the Tagmata. The last I heard, he'd joined Zhen's Raptors. Yes, he'd had experience in working alongside an Exalt. But he was also just a good recruit, as I'd suspected from the start. He deserved all the credit, and the promotion was definitely justified. I leave him chatting with the rest of his squad, and I turn away. And I'm well aware that I'm smiling at the same time."
b44b1e95-a663-4ba9-a29e-7e6cebf7743c,ALT_CYCLONE_B_OR_73_C,Character,Doppelgänger,,"Such fluidity reflects countless possibilities.","In Germanic folklore, a Doppelgänger is a ghostly being, an evil double who whispers bad thoughts to its twin. It is often a bad omen that predicts misfortune or the death of the original person.",ZHEN,"393 AC - The spheres burst one after another, and some of them transform into dragons at Melusine's bidding. Zeph. I don't need to explain myself. My Chimaera detaches and dives to port, taking a few draconic creatures with him. But I still have a few on my back, along with the fairy's Eidolon… I need to shake them off. Who had summoned her? I'd learned something interesting by delving into the prison guard's mind. More than a mere assistant, the man had actually been a strongbox, trained to filter, encrypt and protect crucial, secret or even illegal information from any curious person within the Gestalt. Given the ambush targeting me, I had obviously got too close for someone's comfort.

I look back at the fairy chasing me. I fly really close to a water bubble, using its roundness to hide me a tiny bit. It's just enough for me to use Heka without her noticing. Under the water, I summon a Doppelgänger and tell it to follow me. Little by little, its abstract features become more defined and begin to resemble my own. It's a watery copy, which I then modify using Alteration to give it color and body… When I'm ready, I accelerate for two or three seconds, then order my lookalike to shoot out of the water while I dive. I hold my breath as I watch Melusine pursue my twin. I've shaken her off for now, but I need to know who summoned her."
705681c3-0425-45b9-bd54-48c8cd344349,ALT_CYCLONE_B_OR_74_C,Character,"Sagitta, Soaring Leviathan",,"We flew higher to escape the turbulence of its wings.",,ZHEN,"393 AC - I step out on deck as the sirens blare all around us. Soldiers and recruits rush to their stations, but many of them pause, open-mouthed, when they see the size of the Leviathan in front of us. And I can understand why… It's obviously a bird, a bird of prey, but its size… It could easily grab one of our transporters in its talons. I receive a string of information through the Gestalt: ""Sagittarius serpentarius"", ""Secretarybird"", ""Sagittariidae family""… I contact my own Raptors, and all of them reply with their ""Supero!"" to indicate they are ready. All of them are converging on the drop zone. I feel a gust of wind on my face as Zephyr lands near me.

For now, the Leviathan seems content to watch the transporters as they fight against the turbulence of its gigantic wings. Its instinctual curiosity is strong. But that curiosity could quickly become more tactile, especially if it becomes angry or playful. We may have reacted promptly, but we can't handle an adversary like this. All we can do is keep its attention and distract it from the other ships. I think of the various possible tactics and the different approach vectors. For now, senior command is adamant that we hold off on launching a barrage, but if that does become necessary, our operation will become even more difficult… I turn to my squad, which is now fully assembled. I don't need to give a speech. The task speaks for itself, and the stakes are obvious and clear. We don't have any other choice. Supero."
37e62863-5227-4198-9f88-9ae5ad71d2cc,ALT_CYCLONE_B_OR_75_C,Character,"Yanna, Qorgan Agent",,"Spies from the Qorgan infiltrate the Factions and steal their secrets.",,YANNA,"393 AC - It's an instinct you develop when you learn to read body language and all those non-verbal signals that people send out, sometimes against their will… Fear, aversion, interest and many other clues that reveal our thoughts, even if we try to hide them. The Rear Admiral is successfully hiding many of these concealed messages under her stoicism and the reserve that goes with her rank. But it's not enough to fool a trained eye. She's sniffing around. She's looking for something, and trying to hide it from her peers and superiors. It's a jarring combination. She knows her actions are illicit. Her tense muscles give it away. But at the same time, her determination indicates that she's doing it with a sense of justice. She wants to dig something up, but bury it at the same time.

I don't think she's a threat. As a matter of fact, I think I could use her. Ever since she visited the prison, she's been targeted. Twice, even. She survived the first attempt on her own. The second time, I had to use a mind impulse to make the butler trip, ensuring that the poisoned drink fell to the ground before he could serve it to her. What hornet's nest has she disturbed? Now I need to choose my strategy. Should I keep my distance and simply watch? Should I take a look into her mind, at the risk of leaving evidence of my foray? I could also try to make her an ally. I close my eyes and reach out to Suha. What would you do, my love?"
3e8e8f06-fdb0-49d0-89e2-18df5c4950ac,ALT_CYCLONE_B_OR_76_C,Character,Nike,,"When she spreads her wings, her victory shall resonate for all eternity.","In Greek mythology, Nike is the goddess of victory and triumph. She is the daughter of the Titan Pallas and the Oceanid Styx. Her brothers are Zelus, Bia and Kratos, who represent zeal, force and power respectively.",ZHEN,"393 AC - We approach in close formation, making good use of the updrafts. I keep an eye on my squad, especially the new recruits who only joined the Tagmata recently. They're in position, despite the youngest one's somewhat shaky command of her wings. But she'll arrive safely. We use the thick cloud cover as much as we can to avoid attracting the Leviathan's attention. And the closer we are, the more the monster's massive size becomes apparent. Its dark eye is fixed on the transport barge, and its beak pecks at the liquid sphere the ship is dragging behind it. I clench my teeth. We'll need to act quickly. Zephyr and half of my marines fly off towards the other ships so they can steer them away from the monster. And as for us…

I swoop towards the Leviathan's head, followed by the rest of my intervention squad. I retract my wings to go into freefall… Desperate times call for desperate measures. I trace the Heka signs, and she leaps out of the verses I write for her – Nike and her wings of victory. Like a comet, she rips through the clouds, and we follow as she enters the Serpent-Eagle-Leviathan's field of vision. The monster is suddenly much more interested in our procession rather than the ship, especially now that the goddess has lit her flame and is shining brilliantly, like the tip of an arrow sparkling in the sun. The Leviathan beats its wings to chase after us. We've done it – we've grabbed its attention."
a6be976c-2abb-4b84-951d-0eae2954130a,ALT_CYCLONE_B_OR_77_C,Spell,"Out of a Clear Sky",,"A swarm of messages bursts forth in a rustling of paper.",,WARU,"393 AC - ""Paper heralds incoming."" The Gestalt had suddenly lit up as reports started to spread through all the communication channels. Zhen's Raptors have spotted a murmuration of messages coming from Asgartha. According to their estimates, there are hundreds. It seems I'm not the only one who asked for news. No real surprise there. I clench my fist, both nervous and impatient to find out the results of the votes. Some of these messages will reach the admiralty, and Singh will soon be opening her missive and discovering her fate. And the fate awaiting all of us. Will the Expeditionary Corps be ordered to turn back? Or will reinforcements be sent, including more Exalts?

I start to think about those who stayed in Asgartha, either because they weren't ready or because they were given other missions… I also start to think of Shan-shu, whose exploits were a part of my childhood. Seeing his swan had been a shock. I was aware he'd survived, of course, despite splitting from his Alterer. But seeing him fly again with Zhen had revived memories from long ago. What had become of those first Exalts, of those who came before us, even before that name had been officially announced? Something taps at the window, and I stand up. I see an origami chicken on the window ledge… It's time to read the verdict."
06c96a14-803c-4c5c-b8fe-521a0077b963,ALT_CYCLONE_B_OR_78_C,Spell,"Ordis Signet",,"Cohesion and justice.",,UNKNOWN,"393 AC - ""United in the throng. This is the ultimate meaning of the Gestalt. It is the fruit of a harmonious, shared, immediate and permanent collaboration. Coalescence is the surrendering of individuality in favor of a coming together of multiple spirits. United, bare in thought. United, bare in emotion. United, staunch in fellowship. United, staunch in our virtues. The Gestalt breaks down distance, borders, physical obstacles and the limitations of the self. The Rhombus that marks our flesh is proof of our commitment, proof that we offer up our individuality to the greater good of the community. There is no stronger vow. Our affiliation is one of total devotion and self-sacrifice. When others become part of yourself, the idea of justice is obvious. When others become part of yourself, we can move mountains.""

I listen to the officiant as he faces the… congregation. I feel their communion in the melting pot of their shared mind, as their thoughts begin to resonate. There are a few soldiers, clerics, politicians, scribes, scholars and many other identities among them. I move through them like an undetectable wave. I can't help thinking of the entity of the City of Scholars, the one that ultimately strived for a union similar to the Gestalt. It was the city, and it wanted everyone to live in harmony. In it. Within it. I don't think anyone perceived that side of it. Its appetite wasn't driven by an instinct for destruction – quite the opposite, in fact. It was driven by a desire for unity, however flawed that desire was."
41a0d27a-ec13-4506-b5b7-e2bba9e9f1db,ALT_CYCLONE_B_OR_79_C,Spell,Soar,,"A Zephyr feather gives the Ordis the ability to fly.",,AEDYT,"393 AC - The chimeric swan slowly unfolds its azure wing, and the Rear Admiral plucks a few feathers to give to us. I take one, glancing at the Leviathan, which almost fills the whole sky. Its shrieks rend the air, and I have to stop myself from covering my ears with trembling hands. A reassuring hum breaks the surface of my consciousness. It's Osoyo, urging me to stay calm with a caress of his mind. I glance at him before attaching the feather to the strap of my breastplate. I try to clear my mind, to pull out the ideas contained within the feather and translate them into signs, letters and words. I conjure sheets of paper on which the Glyphs are then progressively inscribed.

The letters become words, the words become sentences, then lines, then paragraphs, spreading from sheet to sheet. I know I need to focus more than the others, but the process is taking less and less effort. Little by little, the paper wings that unfold on my back are becoming more natural, like extensions of my own body. I flap them to test their weight and lift. It hadn't been easy at first, but with practice, I had gotten the hang of it. I approach the edge and see the clouds floating beneath us. Falling down there would be certain death… I take a deep breath. It's not always a good idea to think too much about these things. It's my turn, so I let myself fall. And then I unfurl my wings."
a17f6f8e-3680-4bdf-96fc-2b58899d3e2f,ALT_CYCLONE_B_OR_80_C,Spell,"Skybound Odyssey",,"Like a beacon, the horizon calls us onward!",,ZHEN,"393 AC - The pillar of light. Over there, pinned to the horizon like a tower that goes up forever, beyond this new atoll and much bigger than the others we've encountered. It's lit up like a beacon, visible in almost every situation. Thankfully, even though there have been a few hazards, the journey has been easier than expected. The water spheres provide us with drinking water, and the archipelagos have all the nourishment we need so we don't have to dip into our food stocks… And as for morale, the floating islands break up the monotony of the sea of clouds and allow us to take some beneficial breaks on their surfaces. Even so, this blazing column is a haunting presence. It's always there in our peripheral vision, except when the high clouds occasionally hide it. And at night, it almost conceals the light of certain stars…

Who turned on this signal? Why? What will we find when we get there? There are so many questions, and I imagine every member of the Expeditionary Corps is eager for answers, not just me. But our odyssey keeps moving forward at a steady pace. Zephyr trumpets, and I start to slalom between the watery bubbles. Yes, we have a mission. Danger is constantly lurking. I signal to my Raptors, and we change formation to cover more ground. The Mandjet, which is following behind us, needs its scouts. It needs our full concentration. I'll have plenty of time to continue my investigations once we get back home."
130a3fb1-5b99-444c-b8bc-a82220d7e74b,ALT_CYCLONE_B_OR_81_C,LANDMARK_PERMANENT,Mandjet,,"Mandjet and Mesektet, the Ordis flagships, reunited at last.",,ZHEN,"393 AC - Thirty-five years. They had waited all this time before starting repairs on the Day Barque. Although the Mesektet had been lost for good, the same couldn't be said about the Mandjet. Yes, the flagship had suffered severe damage, but it was far from being a complete wreck. It was the pride of the Aegis, having reigned supreme over the sky of Asgartha. It was a symbol of protection for its citizens. So why leave it to gather dust for multiple decades in a shipyard warehouse in Sadracca? Repairs hadn't officially started until 375 AC. When you really thought about it, there was something suspicious about that. Of course, you could argue that a lack of materials had prevented the work from being started… but at the expense of risking the sky and the security of the Protectorate?

No, something wasn't right. Gaj was now in charge of the Mandjet. I had an equivalent rank, but it was mainly given to me as an honorary title because I was part of an Exalt. Unlike other ships in the Asgarthan fleet, there were many areas on the Mandjet that my authorization level didn't allow me to access. Even though I was a Rear Admiral. I've heard that some spies can use the Gestalt to implant their consciousness within another's while remaining undetectable. I don't know if it's true or just an urban legend, but I could certainly do with having such an ability in my current situation…"
612570c0-107f-4ce8-a56f-7eed458d7a32,ALT_CYCLONE_B_OR_82_C,LANDMARK_PERMANENT,"The Origamium",,"Where paper heralds take flight.",,WARU,"393 AC - I wait impatiently for the election results. The paper heralds must be flitting around the Origamium by now. Dragonflies, grasshoppers, doves and crows… The origamophiles must be sorting them and releasing them towards their final destination. And one of those folded pieces of paper is on its way to me, bearing the name of the person who will succeed Avkan. There must be hundreds or even thousands of them, swirling around in a rustling of crumpled paper. I look out the window, fully aware that I won't receive a missive today… In the meantime, I decide to do my mental exercises. It's become a routine recently. I can't afford to let my mind fail again…

Thinking is all I know how to do. The Rati doctors believe I suffered the same illness as the other labyrinth explorers. But why did the symptoms start well before we arrived at the City of Scholars? I can almost hear the rustling of paper wings… Unless that's just the whir of my thoughts constantly turning over in my head. But I haven't suffered any other symptoms, and I haven't had any irrefutable proof of actual degeneration. ""You're worrying about nothing, old man."" Mack is snooping around the ventilation ducts in the Ouroboros, looking for information. He's probably right. Fear is the enemy of the mind, and I need to banish it…"
e829b42f-8883-48c0-95df-21d6dc1a8dc5,ALT_CYCLONE_B_YZ_47_C,Token,"Mana Moth",,"A rain of Mana, a source of magic.",,TAIMA,"393 AC - I have to act fast. I thread the chimeran silk into the automated spool and engage the rewinding mechanism. Better to use the Alter Ego’s threads than my own. Silk’s filament wraps around my needle, which I hold like a rapier. Before me, above the rippling waters, a monstrous moth has taken form, its mandibles snapping shut. It has never known hunger before, and thus cannot understand what it feels now. I glance at the Exalt—they have already begun to act. I need to synchronize with them to banish this abomination. I lunge, piercing one of its wings, then anchor a thread into the ground to prevent it from taking flight.

The Alterer plunges his hand into the Empyrean, seeking to grasp the very concept of evaporation. He intends to dissipate the water, purify the idea, and return it to its original state. No—there’s no time for that. I draw my pins from their sheath and fling them at the mutated insect. Not that I want to start an entomological collection, but better to ensure the Muna, frozen a few steps away, doesn’t become an impromptu snack. My needles pin it to the rocky wall. Silk swivels toward me, exuding reproach. Nearby, I feel Sam’s presence, ready to intervene. Her eyes glint in the night, but I signal that I’ve got the situation under control."
0423e170-b95a-4d48-9bac-27bd97bf06b5,ALT_CYCLONE_B_YZ_65_C,Hero,"Moyo & Silk",,"The idea of the butterfly resides within the caterpillar",,,
c2811e6e-5923-4aab-ae81-045f343e3a66,ALT_CYCLONE_B_YZ_66_C,Character,Undine,,"When Yzmir alchemists call on the water spirit, the mischievous undine responds.","Undines are creatures from Germanic folklore, depicted as water spirits much like nymphs and naiads. They are found in running water, rivers and fountains. Some of them guard treasure in underwater areas. It's said that they supply water to fountains, and dry them up if they feel offended. To avoid this, they should be given offerings, ranging from simple flower garlands to small shiny or sparkling objects.",MOYO,"393 AC - I stare at the foam. The waterfalls gush and bubble above the pool. The Muna zoologist is collecting samples, and my assistant and I just have to wait until she's finished. If she needs us, she'll let us know. I signal to the Kinemancer, whose name I've forgotten. Ta-something. I don't really care, actually. All I care about is that she follows my instructions to the letter. I'd heard that Takao was dead. The inquest concluded that it was a handling error. But I had my doubts. He had taught me the basics of alchemy, and he'd always been incredibly meticulous. It was hard to believe that he could be so careless. But despite my suspicions, it's not like I could do anything about it.

With those thoughts turning in my mind, I summon the substance I've chosen. It's something malleable, but with enough structure that it can be observed. In alchemy, the traditional elements – earth, water, fire and air – are inhabited by elemental spirits: gnomes, undines, sylphs and salamanders. I break the Effigy, then use Silk's threads to tie down the idea I'm looking for, and pull when it becomes taut. A lapping sound answers. A watery figure, round and supple, emerges timidly from the pool, as if it had always lived there. I stretch out my hand as an invitation, and she rushes over, her feet making ripples on the water's surface. I'll need to essencify her and infuse the idea of her into a newly-hatched Moth. The Kinemancer begins her kata."
92f613e9-c695-40f9-ae19-137bc5663326,ALT_CYCLONE_B_YZ_67_C,Character,"Winged Monkey",,"Flight should always mean freedom.","The winged monkeys are characters in L. Frank Baum's novel ""The Wizard of Oz"". In this children's book, these creatures are initially slaves of the Wicked Witch of the West before being freed by the hero, Dorothy Gale. They help Dorothy fly across the sky by carrying her with them.",MOYO,"393 AC - The yellow bricks break apart, and Dorothy grits her teeth, then signals to her troops. Hordes of winged monkeys descend upon the enemy, their wings flapping furiously, their tails whipping the air. Ozma is there as well, dressed in her royal attire. Or is she wearing armor? There's a foul smell in the air, as if something were rotting nearby. The sky grows ever darker, and bruised clouds gather on the horizon as the storm brews. Black, pink and violet tongues like brambles, and eyes that never blink. The army of flying monkeys sweeps in like a flood. They come to bolster the ranks of the defenders…

I wake up with a start. It was a bad dream. Just a bad dream. For a moment, I'd felt an evil presence, very similar to the Hunger when I was wandering through the bowels of the City of Scholars. Did we really defeat the abomination? Had it found a way to survive? I try to remember the details of the encounter and analyze how the battle unfolded to try and find something I might have missed. No, there's no other explanation. Unless… From what Waru told me, he had placed a Rhombus on the black stone to access the City's memories – a Glyph that could act as a door to the Gestalt. Had the entity found a way out? Or was it really just a nightmare?
"
a1508c06-7cd3-4cd1-8fc9-841c04e61c06,ALT_CYCLONE_B_YZ_68_C,Character,"Studious Acolyte",,"Afanas' backing is beginning to bear fruit.",,AFANAS,"393 AC - Fasano is at an age where I can see him changing with every month. Training is making him slimmer, but he's also visibly growing. And so is his self-confidence. I don't know if he holds me responsible for the death of his sister, but if so, he's only showing it through his dedication. Whatever punishment I hand out to him, he accepts it without complaint. Just like me at his age, first under the guidance of my father and then under Qaasin. I had hated both of them on occasion, but I can acknowledge now that they managed to instill a stubborn determination in me. Let's hope he keeps this attitude in the months to come. He's just starting adolescence, and that transition is never easy for anyone.

I smile as I watch him flip through his spell books, remembering how he could barely carry them between Lodges just a year ago. But a year can make all the difference when you're experiencing these kinds of growth spurts. I caught him with tears in his eyes a few days ago as he placed flowers on an improvised altar. I'd decided not to disturb him. Bereavement is something that takes time, and it's a very personal matter. That's something I'm all too familiar with. Ultimately, all I could do was give him some space to come to terms with it, and give him opportunities to release his anger."
0079d20d-c88f-45b1-8092-90088878ba35,ALT_CYCLONE_B_YZ_69_C,Character,"The Tortoise",,"""I'll gladly give you the spot, there's no use getting in a stew.""","The Tortoise is one of the two protagonists of the tale ""The Hare and the Tortoise"" by Jean de la Fontaine, a French writer of fables in the 17th century. This fable centers on a race between a hare and a tortoise. The tortoise represents slowness, while the hare represents speed. Yet against all odds, the tortoise wins. It is aware of its weakness, whereas the hare has too much confidence in its own strength. And that's what leads to his loss. The moral of the story is the famous saying ""Slow and steady wins the race"". In other words, patience, preparation and perseverance are better than haste and distraction.",MOYO,"393 AC - What's the moral of that story again? Slow and steady wins the race? The Bravos answered the call for help without a second thought. And if we let them, they'll happily walk into the lion's den. In a way, I almost envied them. Rushing in headfirst was easy. They didn't need to think too much. They could just run around like headless chickens and let fate handle the rest. No, I didn't envy them. Their so-called courage sometimes bordered on stupidity. I needed to keep calm, analyze, and be prepared for everything. My strength was in meticulously assessing the situation, all the stakes and possibilities. Slow and steady. The Bravos rush in with sharpened spears, eager to attack, poised to chase the Leviathan.

Are they aware of Alelo's special character? Probably not, and I must not make the same error. I summon the Tortoise. He will let me know when I should set off. He appears next to me immediately and puts his clawed feet on the pommel of his cane. His expression appears as a friendly smile, and he moves slowly. I force myself to imitate him, focusing my mind. I've learned enough by studying how porous Moths are to the substance of reality. What I need to do right now is organize my thoughts to come up with a plan of action. I sort, I arrange. And when I see the Tortoise give me a signal, I know it's time to act."
befa9273-ea46-44ee-a714-1976ce5c569c,ALT_CYCLONE_B_YZ_70_C,Character,"Suka, Qorgan Operative",,"By accepting the Qorgan's offer, Suha got to see what was down the rabbit hole.",,SUHA,"393 AC - I remove the face of the Legate now that I'm alone in the back room. It's highly unlikely that anyone would remember that face, which was stolen over 30 years ago. But there's still a risk of running into someone who once knew it. I'll need to be quick. I go through the parchments and letters piled up on the desk, remembering what Yanna told me. Some have been opened, and I glance over them rapidly. Other parchments are stacked in piles, obviously just dumped on the desk by a clerk from the archives. I find one that bears Avkan's personal seal, and I immediately open it. It's a letter, presumably to the attention of Bai Shan-shu. Actually, it's a summons. I take a closer look.

I grab a candle and light its wick. It would be unfortunate if the Rear Admiral were to lay eyes on this information. If she did, her life would be in even more danger than it already is. The flame starts to devour the old piece of paper, and I make sure the contents can no longer be read before brushing away the ashes. Working for the Qorgan had its advantages, but I could now feel the weight of all the lies weighing on my shoulders. Secrets were too often used as the basis for the official story, and it was sometimes hard to live with such chilling clarity. Deep down, I tell myself that Zhen should forget about the past, but at the same time, I understand all too well what motivates her…"
2af5f437-52ac-4101-9015-cbf1d1d5e7f4,ALT_CYCLONE_B_YZ_71_C,Character,Kali,,"Each action requires a sacrifice.","In the Hindu religion, Kali is the goddess of preservation, transformation and destruction. Her name comes from the word ""kālá"" (time), and she represents the destructive power of time. She is the dark counterpart of Shiva. But Kali also has a benevolent role: She destroys evil spirits and provides protection for devout believers.",MAW,"393 AC - The Muna often call on Parvati, but few dare summon her more terrifying other half. Like me, Kali devours. Each of her movements is both gracious and threatening, an ode to inevitability. Her krises perform a languid dance, which is really a ritual. A macabre choreography, but a necessary one. But does she herself know that she must be destroyed in order to be recreated? This is the cycle of the world, and this one seems to be in a deformed and denatured in-between. With each dance step, her chains jingle like bells, while the mage who summoned her watches us from behind his mask. Did he summon her to protect himself from me? I curl up in the dark recesses of Lindiwe's mind. She feels me moving and suppresses a shiver.

For some time now, she's stopped openly fighting against my influence. Since our confrontation with the Hunger, she seems to have worked out what my mission is. I sometimes sense her trying to keep control, but she's increasingly just giving in. Right now, I don't feel any defiance from her. Because she's noticed it too. This mage is dangerous and isn't what he appears to be. Even so, I don't have any reason to attack him. He's not one of the ones I'm hunting. The man with the alabaster mask steps forward as Kali provides cover for him. He is a deadly opponent. I rear up like a cobra and open my mouth to reveal my rows of teeth."
f92bbca6-af2c-483e-ad5a-f0dec25580aa,ALT_CYCLONE_B_YZ_72_C,Character,Caladrius,,"With a simple glance, it reveals your destination.","The Caladrius is a bird with snow-white feathers from medieval European mythology. With a single look, it was said to be able to cure a sickness or confirm the sick person's demise. If it looks into your face for a while, you will live; if it looks away, you will die.",AKESHA,"393 AC - I try to keep my composure as the carrier's door opens. Paramedics lift stretchers and carry them to the crowded deck, while the Ouroboros medics rush over to meet them. There are many wounded patients after the accident. I watch them perform their triage, sorting the patients according to the severity of their injuries. Those with just a few bruises go over here; those in a state of shock go over there. And then… then there are those who need urgent treatment, and those with a very slim chance of pulling through. Those patients are taken to a separate area and placed under the watchful eye of the Caladrius, which flies from one bed to the next. One look is all it needs. If it looks away, there's nothing more that can be done.

But if it continues to stare at the patient, doctors will treat the victim. It sickens me to think we've come to this, but even so… even so, I know this is what needs to be done. I lean over a miner whose breathing is growing increasingly raspy. The bird had come to his bed, but didn't stay. It had given its verdict, its sentence. I don't know his name. I don't know if he has family on board. All I know is that I wouldn't want to be alone if I were in his shoes. So I take his hand, and I stay by his side, while Taru comforts him by sending him kind thoughts. A tear runs down my cheek as the miner breathes his last breath."
8ff04e74-af86-4f12-be3c-b891326bf1c6,ALT_CYCLONE_B_YZ_73_C,Character,"Alelo, Eerie Leviathan",,"We followed in its wake, believing it was a magical current.",,MOYO,"393 AC - The Bravos skiffs slalom between the islands as the Leviathan follows in pursuit. It twists and turns with ease, and its movements are abrupt but calculated. The creature looks like some kind of eel, but that's not the most interesting thing about it. Just like the Moths, Alelo seems to exist somewhere on the threshold between reality and the imaginary. It regularly needs to dive into the cloud cover to fill up on Mana. But even more fascinating is that it can switch between one state and the other at will, transforming from the tangible to the illusory. And that's why the Bravos are on the wrong track. They can't repeat what Nuur Tamrat achieved with Annoba.

I need to find a way to help Afanas reach Alelo, while ensuring the hunters don't get too battered and bruised… I could have done without this distraction. I prepared for this very moment by experimenting with the Moths and their varying levels of reality. With a bit of luck, I could prevent Alelo from diluting itself in the intangible, force it to retain its physical form, and therefore make it vulnerable. Luckily, the biome it's chosen for its home has plenty of water, and that's precisely the element I have in mind to give it substance. But before that, I need to carefully position myself so that those pests from the Ascalon don't get in my way… It would be a shame if they wandered into my crosshairs."
e7217e7e-80f5-4399-9a43-c36a5b460d7f,ALT_CYCLONE_B_YZ_74_C,Character,Shiva,,"Any creation begins with an act of destruction.","The Hindu deity Shiva is the god of destruction, ignorance and illusion. He is also the preserver, concealer and revealer. Alongside Vishnu and Brahma, he is one of the three primordial deities. Though he represents destruction, the aim of that destruction is ultimately renewal. He is often depicted with half-closed eyes because he opens them to create the world, then closes them to return it to nothingness.",LINDIWE,"393 AC - Maw returns to its shell and shakes its rings defiantly. Freed from its clutches, I summon Shiva to protect myself from Kali. Only certain Initiates are allowed to summon her. But that doesn't stop the Initiate from walking towards us. I glance at Maw. I've never felt him so defensive. And for good reason. The man in front of us doesn't seem to fear the power of my Eidolon in the slightest. With a blink, he could destroy the vessel we're on. With a blink, he could conjure oblivion. When he's only a few steps away, the mage stops and raises his hands to show no aggression.

I look at the chains linking him to his Eidolon and clench my teeth as I realize how he summoned the goddess. He didn't gain permission; he used enslavement. The realization fills me with disgust, not only at what he did but also at my own situation. Who is he? How can this simple mage stand toe-to-toe with an Exalt? Has he worked out what Maw is? The Chimaera is indeed hesitant. It's poised to pounce on the mage, but something is holding it back. Is it fear? My stomach churns as my mind turns over a strange dilemma. Which side should I take? Should I stick with my jailer, or side with this masked individual? Is this my chance to be free?"
bce8a52c-e114-4907-9dcd-a4083e73fca0,ALT_CYCLONE_B_YZ_75_C,Spell,"Moth Collision",,"When two moths meet, there's always a spark.",,MOYO,"393 AC - I'm about to look away when I suddenly hear the water boil. The water surface bubbles and splashes, while the idea of the insect spreads. I take a step back, on the defensive, as I try to work out what's happening. I then realize the extent of my error. The idea of the Moth didn't dissipate; it combined with the water and spread. It's now eating away at reality. Feeding on it. Taking control of it. The Muna biologist doesn't seem to be aware of the danger, and I don't have time to warn her. Or at least, it would require more effort from me. I intentionally accelerate the metamorphosis of a few nymphs and cause adults to emerge prematurely.

A whirlpool is forming, and starts to swallow the edges of the pool. I throw my Moths in the Muna's direction and make them collide with each other in purple explosions. Like smoke bombs, they blow the zoologist backwards, out of reach of the chaos and whatever it is creating. The young woman falls back softly, more surprised than hurt. She coughs as the cloud of spores settles, then looks at me, her expression changing from surprised to annoyed. Then suddenly, her eyes grow wider. With a boom, an unnatural and monstrous form emerges from the churning waves. Behind me, alerted by the commotion, the weaver can't help gasping in surprise when she sees the Chimaera slowly emerging from the frothing water."
9e4247ee-e3f2-407f-9a13-6d7abac1ffbe,ALT_CYCLONE_B_YZ_76_C,Spell,"Yzmir Signet",,"Secrecy and sacrifice.",,UNKNOWN,"393 AC - Truth. It's what every Yzmir is duty-bound to seek. The truth behind the thick veils of lies and false pretenses. Power. It's through power that truth must be harnessed, because only power allows us to confront it. Finally, selflessness. Because not everyone has the strength to confront the world's true face. Through selflessness, the Yzmir expose themselves to the chaos so that others may live in the bliss of ignorance. Knowledge is a double-edged sword, for the power that flows from it demands sacrifice. Few can continue to keep hope alive while staring the world's truth right in the eye. Few can make their mind a fortress, capable of standing firm against the flood of revelations.

But that's what it means to be Yzmir. We are anonymous sentries who brave the storm. And among the Yzmir, the Qorgan will always be at the forefront, always looking into the abyss. We will never take credit. We will always operate in the shadows. The enemy is on every front, and sometimes even within ourselves. That's why we must keep a clear mind and observe with concentration and clarity. Do you understand what is expected of us? Zeal, steadfastness, impartiality, renunciation. Such is our lot, now and forever. There will be no praise, no reward and no distinction. Our only gratification will come from the knowledge that we fight for a cause that is more important than all of us, and that deserves our total devotion."
e6b0ca6d-3806-47f0-8828-47e5401331a0,ALT_CYCLONE_B_YZ_77_C,Spell,Defect,,"Changing sides isn't always a matter of choice.",,MOYO,"393 AC - It sometimes takes only the slightest thing, a simple idea, to change the course of events. It's never easy to implant it, especially when the mind is fully conscious. But when it's preoccupied, it's easier to slip through the net. The distracted mind may then confuse the implant with inspiration, intuition or any other reasoned thought. And that's exactly what I want to take advantage of. Naturally, it's a forbidden art, written in black and white in my Faction's Prohibitions. But I'm working here in their interests, for their own good. And anyway, the important thing is to avoid being caught. That's why I need finesse and to proceed stealthily, without leaving any tracks.

Their plan is solid and their actions are well coordinated. In other circumstances, they would have got top marks for planning and execution. But starting from a flawed premise will obviously result in failure, regardless of the skill on display. That makes my task harder. They're not in the habit of questioning orders or deviating from an established strategy. Thankfully, every mission has its obstacles and unforeseen circumstances. The stakes change, the situation evolves – and those changes require flexibility. And I'm now focusing on that flexibility. Preventing a deployment here, spontaneously changing a position there… Like pawns that you move around on a chessboard to free up space to take action. With a series of little adjustments, I try to create a window of opportunity, hoping it will be enough…"
9019cd23-0ba8-4852-a1f0-2c298ff80701,ALT_CYCLONE_B_YZ_78_C,Spell,"Moth to a Spring",,"A spring that will quench any thirst for magic.",,MOYO,"393 AC - Silk unravels his silk like a spool, and the Kinemancer handles it like a dressmaker manipulates spun wool. She sews and stitches the ideas with the threads charged with Mana from my Chimaera. Moth and water. Fluid and ephemeral. She blends in some Gephyromancy, of course. As for me, I watch intently. I dissect. I study. The hybridization is in progress. It's far from perfect, obviously. It's not easy to find the right dosage. I think about summoning the Eidolon of Issur to help me. Studying Mana Moths could have helped him to refine his theory on the concept of hyper-reality, where reality and illusion combine. No. Summoning him wouldn't help me, and might even impair my approach. I need to stay objective.

The Moth suddenly bursts like a popped balloon, and the water falls into the pool with a loud splash. Through my Irises, I see the idea of the Moth diffusing in the water like paint being diluted in a stream. In the end, the hybridization only lasted 43 seconds, even less than when the idea remained without any actual support. I guess I'm feeling disappointed. But I decide not to dwell on it, especially as the Muna researcher seems to have finished collecting samples. I watch her approach the edge of the bank, frowning yet obviously intrigued. Maybe she just heard the splash of my failed experiment? Or has she spotted a new species of fish? I'd also had that curiosity once, but that was no longer my role."
32ba89d2-cb02-4b17-b23f-838ec0870e20,ALT_CYCLONE_B_YZ_79_C,Spell,Brainwash,,"Like a worm in an apple, Silk squirmed into the Eidolon's mind to convert him to its Faction's interests.",,MOYO,"393 AC - His eyes are a strange color, as if gold had been spattered into his irises. I take a look at his medical record: Baptiste Sanschagrin, 68 years old, farm worker stationed at the Farm, tasks include watering crops and handling Sap… He was complaining of increasingly invasive dreams and parasitic memories which, according to him, ""weren't his own"". I examine him through my Irises, and I see that the phenomenon could indeed be consistent with Remanence. But this Baptiste hadn't gone through the Yzmir initiation. He had no affinity with magic whatsoever. Drawing from the Empyrean was not something he was capable of. Furthermore, the symptoms were not strictly identical. There was no erratic character to the Aether that was spreading through him.

It was as if the doors of inspiration had opened wide in his mind, creating a natural but enhanced pathway. But the assimilation hadn't been completed. I call Silk, who climbs up the patient's back and then places his thoracic legs on either side of his head. The old man seems ill at ease, but just swallows. It's strange. It's the exact opposite of what happened to the victims of the Hungry One. Luckily, the memories weren't yet completely grafted onto his mind. With a few cuts here and there, it should be possible to remove these intrusive memories, like using a scalpel. I drain them off as Saskia secures them in a container. It turns out she was right: Exposure to Sap did have undesirable effects in a few individuals."
1e0d301e-b3e4-454a-bdd3-e4453bc7ccb6,ALT_CYCLONE_B_YZ_80_C,Spell,"Sakarabru's Fury",,"With a single gesture, Sakarabru swept away days of progress.",,AFANAS,"393 AC - What is he doing exactly? He must know that I need a window of opportunity. That's the big difference between a Combat Mage and a Scholar Mage. Even in combat situations, the latter tries to be subtle, even when it's really not needed. I focus and see the exobiologist give me a surprised look when he feels the influx of Mana I draw from Senka. Let him save his strength to incarnate Alelo when the time comes; I'll take care of getting rid of those useless Bravos and anyone else that gets in my way. In combat, there can be no half-measures. In combat, there can only be victory or failure. There is no middle ground. I watch Moyo clench his teeth and move out of the way while I cast.

Come to me, one of the three. Come to me, guardian of the Well of Tears. Come to me, watcher of the night. Answer my call. Show your dark face to all those who wander where they shouldn't. I shatter his Effigy. He appears at my side, and his roar sweeps across the islets, sending them flying like bits of straw. I see a Bravos skiff turn around after the helmsman shoots me a dirty look. Go ahead and be mad at me. I don't care. I turn towards the lab assistant, who is clinging to his hat as tightly as possible to prevent his cocoons from hatching. But I don't see any animosity in his eyes, just intense concentration. He starts to trace his Signs…"
4a44b43e-8ff0-4c90-9e0d-edf849aeaba3,ALT_CYCLONE_B_YZ_81_C,Spell,Bait,,"They always say the grass is greener on the other side...",,MOYO,"393 AC - There's a presence lurking here. I can smell it, like a faint scent. Something has taken up residence in this archipelago, a predator that has managed to hide from me, despite my Irises. But it's here, all right; I can tell from the way the wind blows through the branches. There's a scent of musk, eyes hidden behind the shrubs, a presence in the absence, drawn in relief. As for the Woollybacks, they seem completely oblivious to the danger, just like their shepherd. No, they can't stay here. And even if I'm imagining things, it's better to act than do nothing. But I'm no shepherd. I haven't the faintest idea of how to call them or how to make them follow me.

But maybe I can use their natural ability to be easily distracted. I hatch a Moth, then send it flying over the head of their supposed leader. The moth starts its nuptial dance, while the cloud-sheep watches it. I summon another insect so that the first one will head in the new one's direction. I smile as I see the Woollyback give in to its intrinsic carefree attitude and follow the colorful fluttering of the Moth. With a bit of luck… As it starts to trot behind the moth, the rest of the flock begin to follow, much to Kauri's surprise. He glances at me, then suddenly looks away in alarm. So now he feels it too, it seems."
a1831ec6-b64f-4f1a-9dc7-8ba34b95e5fd,ALT_CYCLONE_B_YZ_82_C,LANDMARK_PERMANENT,"The Well of Tears",,"A crack in the heart of the Kadigir...",,MOYO,"393 AC - Forever teetering on the edge, on the threshold between the imaginary and reality. Such was the very nature of the Megalith. Supposedly, this Singularity dated back to the Confluence, and the breach had closed around it. It was said to be inert most of the time. But like all things in balance, it could shift from one side to another, like an iceberg that suddenly turns over in the dark waters of the Undersea. Like all Initiates, I had followed the instructions. I myself had used a chisel and hammer to collect a Fragment. I had found the ceremony underwhelming, and the inauguration pompous and pointless. There were so many rules: eat at precise times, greet someone when you see them for the first time on that day…

Do what everyone else does, I'd been told. But why? Follow the rules. But what good did that do? I'd kept those questions to myself because there didn't seem to be any real point to it, other than following traditions passed down from previous generations. Follow like sheep. Imitate. A Moth hatches from under my hat, and I watch it come out of its opaline casing. It too was suspended between the imaginary and reality. But with the right momentum, maybe it too could pass from one side of the Aether or the tangible to the other side. And that was exactly what I was going to find out with my next experiment. What would happen if I made the illusion real? I ponder the waterfalls that roar nearby, just like in the Well of Tears."
5ca8d492-84cf-4717-b608-e429e568d4a3,ALT_CYCLONE_P_LY_84_C,Character,"Leviathan Whisperer",,"Like the Pied Piper, he lures the Leviathans.",,TEMERA,"393 AC - His father watches him with pride as the adolescent raises the flute to his lips. I catch a look of encouragement from the father, and a brief nod from the son. Then the boy begins to blow. Breath turns into musical notes. The notes become the faint outline of a melody. The tune is not harmonious—far from it; it is even slightly painful to the ears. But musicality is not what matters here. The young flutist explained to me that most of the notes in his score, composed of infrasonic and ultrasonic frequencies, are imperceptible to the human ear. What can be heard is anything but pleasant. The musician does not care. He is not playing for us. We are not his audience.

It is only after a few minutes that they finally deign to appear. The first to emerge from the clouds is Zaratan, ever eager to satisfy his curiosity. Sagitta follows not far behind, though he keeps a respectful distance from Halua. Then they all arrive: Koi, Lucan, Alelo. All the Leviathans answer the melody, which resounds like a call—or perhaps a summons. Like the legendary Pied Piper, the adolescent hypnotizes and fascinates, drawing them in and enchanting them. The father watches his son; though he too holds a transverse flute in his hand, he will not need to use it. I smile at the sight of these colossal monsters dancing through the sky to the rhythm of the cascading notes. They will provide the fleet with the cover it needs to shield our ships from the winds of the Whiplash. They will be our shield during the crossing."
