ID,REFERENCE,TYPE,NAME,DATE,FLAVOR_TEXT,INSPIRATION,NARRATOR,STORY
a20e6bc6-ea4f-470d-a0cf-cfd3cfa7beb6,ALT_CYCLONE_A_AX_74_C,Character,"Lucan, Hungry Leviathan",,"Il jaillit d'entre les rochers pour grignoter nos bijoux.",,SIERRA,"393 AC - Les bâtiments se sont mis en ordre de bataille pour procéder à l'évacuation de l'îlot. Les alarmes tonnent, assourdissantes. Halua causait déjà suffisamment de dommages, et maintenant, un autre Léviathan ? Mais petit à petit, une autre vibration se met à couvrir les sirènes. Ça ne me dit rien qui vaille. Les nuages explosent soudain, et le coléoptère jaillit dans notre direction. Son bourdonnement est digne d'une turbine lancée à plein régime. Il nous a pris par surprise, alors qu'on était en train de mettre à jour un important gisement d'aérolithe — le plus gros à ce jour. Il s'est précipité, ses appendices et ses mandibules tailladant dans la roche, sans prêter attention aux explosions. Sa chitine est trop résistante, même face à des chapelets de déflagrations...

Les élytres du monstre se mettent à vrombir de plus belle, chargeant l'air de stridulations grinçantes et glaçantes. Le Léviathan-Scarabée fonce vers le bloc que nous avons arrimé au zeppelin. Sa carapace striée renvoie la lumière du soleil, tandis que ses ailes irisées fouettent l'air en scintillant. Je le vois, impuissante, éventrer de sa corne le ballon d'un dirigeable. Je le vois se dégonfler, comme éperonné par la lance d'un chevalier. Mais... contrairement à Halua, ce n'est pas nous qu'il vise. C'est la veine d'Aérolithe, que l'on promène avec nous comme un morceau de viande au bout d'un hameçon. Sauf que le poisson qu'on a ferré est bien trop gros. Oddball bipe à côté de moi, et j'acquiesce. Je file vers la timonerie. Il faut absolument convaincre le capitaine de larguer la cargaison."
fe4fd93f-8333-4db5-bf51-6991837510c9,ALT_CYCLONE_A_AX_76_C,Spell,"Axiom Signet",,"L'innovation, gravée sur chrome.",,INCONNU,"393 AC - Rien ne se crée, tout se transforme. Ainsi va l'adage. Rien ne se perd, tout se recycle. Telle est la loi universelle. Sous les poinçons successifs des différents ingénieurs, artisans et ouvriers de l'Axiom se cache la vie en perpétuel changement d'un bout de métal, d'une pièce d'engrenage, d'un levier... Rien ne doit se perdre, tout élément doit être utilisé, et réutilisé jusqu'à ce que l'usure ne le rende inexploitable. Alors, il sera fondu, forgé de nouveau, pour amorcer un autre cycle d'existence, sous une même forme, ou bien une forme différente. Mais avant cela, il n'est pas rare qu'une pièce comporte tellement de poinçons différents — certains se superposant les uns sur les autres — qu'ils donnent ensemble un aspect ésotérique à une plaque, un cerclage ou une manette.

Le recyclage est une philosophie qui fait perdurer l'équilibre entre le changeant et l'inerte. Elle code une création dans l'existant, la nouveauté dans l'ancien, le vivant dans la destruction. Ce cycle est une vie éternelle où chaque once de matière aboutit à une nouvelle transformation. Ce cycle est un rythme, une cadence, dont la finalité se trouve dans la métamorphose et dans le renouveau. Chaque poinçon est la marque d'une vie, et le témoin de l'étape du voyage dans lequel il est ancré. Plus la pièce est usée, patinée, gravée, plus elle est avancée au sein de son odyssée. Elle mérite alors le respect, par toutes les interactions qu'elle a connues. Les anciens parlaient du cycle des réincarnations. Il en va de même pour les objets..."
10477249-2daa-4321-bcce-5457faf5e0bf,ALT_CYCLONE_A_BR_77_C,Character,"Halua, Raging Leviathan",,"Sa gaieté nous fit faire escale.",,HALUA,"393 AC - Même à des kilomètres, je peux la sentir imprégner leur chair. Des effluves capiteux et sucrés qui dérivent dans le sillage de leurs navires chétifs, de leurs embarcations de fortune. Ils sont comme les autres. Des sangsues, des parasites, tout juste bons à ponctionner le suc jusqu'à ce que la pousse flétrisse. Je les vois qui grignotent, comme une nuée de sauterelles. Ils se posent sur une île et creusent, rongent, dévorent la pierre veinée de rouge jusqu'à ce que l'atoll cesse de voler. Il s'abîme alors sous les nuages, faisant disparaître le biome tout entier, privant les oiseaux de leur terrain de nidification, d'une étape de leur migration. Ces humains… Ils volent sans rendre, ignorant la dévastation qu'ils causent. Des nuisibles. 

Comment ai-je pu leur faire confiance ? Ils m'ont vu naître. Ils m'ont témoigné de l'affection. Mais c'était pour mieux me berner. C'était pour mieux m'évincer. Et cette tribu humaine ne vaut pas mieux que la précédente. Non, ils ne doivent pas arriver à bon port. Je ne dois pas le permettre. Alors je les suis, caché au sein des nuages. Et j'attends patiemment. J'attends qu'un vaisseau s'écarte des autres, pour l'isoler du reste du troupeau. Pour le briser, le réduire en miettes, pour l'attirer de par le fond. Pour le faire disparaître corps et âme, d'une simple pichenette. C'est tout ce qu'ils méritent. Que disaient-ils, déjà ? ""Qui sème le vent..."" Oui, je m'assurerai qu'ils récoltent leur dû, en me faisant tempête, en faisant rugir ma juste colère."
4203479f-8c90-43bf-9948-78eb77b181d3,ALT_CYCLONE_A_BR_79_C,Spell,"Bravos Signet",,"L'audace, inscrite dans la chair.",,INCONNU,"384 AC - Nous sommes Bravos. Le courage, l'exploit, la camaraderie... on les a dans la peau ! On les arbore fièrement, comme un défi, un emblème, un avertissement. Par l'encre, par la braise, dans chacune de nos cicatrices, il y a une histoire. Indélébile. Nous sommes Bravos. C'est une revendication, un engagement entier qui ne peut être renié. Pas de marche arrière, toujours vers l'avant, vers la nouvelle épreuve, le nouvel obstacle. Nous sommes Bravos, et nos tatouages racontent qui on est. Le passage de l'aiguille n'est que le rappel de ce à quoi on a dû faire face, ce qui nous a marqués, ce qui nous a définis. La douleur n'est qu'un écho, une réminiscence, et aussi un moyen de revivre l'adversité dans le creuset de son âme.

Quand je tatoue un athlète sur la cuisse, il a vécu bien pire à l'entraînement. Quand je tatoue le nom d'un défunt au-dessus du cœur, c'est la promesse que les survivants se souviendront. Quand on est Bravos, on clame sa vie haut et fort, à qui veut l'entendre, et parfois, dès le premier coup d'œil. Sous l'aiguille se dessine la rage, la résilience, le triomphe, les revers. Car les haut faits sont toujours des brûlures éternelles, rougeoyantes, vivantes, aussi vives que les déconvenues. Sol prend place en face de moi. Elle a grandi, la petiote. On m'a raconté que lors de son Imhallat, c'est le Chaperon Rouge qui lui avait témoigné son soutien. Elle aussi est Bravos, désormais. Et cette vérité, je vais la lui graver dans la chair."
0df4477a-fab0-4cef-a600-d5df45cfeecb,ALT_CYCLONE_A_LY_74_C,Character,"Koi, Playful Leviathan",,"Sa pirouette enjouée éclaboussa notre route.",,NADIR,"393 AC - Sa silhouette chamarrée se reflète dans l'eau stagnante des rizières, gorgées d'eau après la récente pluie. J'ouvre grand les yeux pour pas perdre une seule miette du spectacle. Et quel spectacle ! Ses nageoires bariolées de couleurs pastel chassent les nuages à chacune de leurs ondulations, comme la dentelle ondoyante de celles d'un poisson combattant. Alors qu'il pirouette dans le ciel, comme les banderoles en forme de poisson qu'on déploie souvent au moment du Ryukkōsai, ses moustaches fouettent l'air autour de lui, comme celles d'un poisson chat. Mais on peut vraiment pas se tromper, le facétieux Léviathan a choisi avant tout l'apparence d'une carpe aussi grande qu'une montagne pour exprimer son existence dans le monde. Ses écailles irisées reflètent les rayons du soleil, et se mettent à chatoyer.

On dirait qu'il danse, ou qu'il fait sa parade nuptiale. Mais je sais qu'il est en train de jouer avec mon alter ego. Je peux d'ailleurs voir les points scintillants que forme Bubbles en tournant autour de lui, et le Koï gigantesque le suit allègrement, aussi curieux qu'espiègle. Chimères et Léviathans n'étaient pas si différents que ça, en fin de compte. Je savais pas encore si les autres humains suspectaient leur affiliation. Ils savaient sûrement que les deux étaient proches du Mana et du Tumulte, et pouvaient y patauger à loisir, comme si c'était un simple océan. Mais est-ce qu'ils savaient quelle était leur véritable nature, et quel était leur rôle ? Je sors mon calepin et mon fusain, prêt à croquer son ballet aérien. Il fallait que je le montre à Zaza."
53deeac8-40a7-44b1-80f0-41e71c6569bb,ALT_CYCLONE_A_LY_78_C,Spell,"Lyra Signet",,"L'imagination, puisée des rêves.",,INCONNU,"""Il part dans le néant, où tout n'est que chaos ;
Entrant dans le Tumulte, il en accepte l'essence ;
Mieux, il s'en réjouit, lui confiant tous ses sens ;
Il laisse pénétrer l'énergie, dans son âme, sur sa peau ;

À l'instant, sur le vif, la mutation s'opère ;
L'initié enthousiaste, comprend que sa nature ;
Loin d'être figée, unique, n'en est qu'une signature ;
Multiple et changeante, sans cesse se régénère ;

Il accepte le fardeau de sa vive mutation ;
Signe de sa Faction, source de son pouvoir ;
De tous il souhaite la joie, ainsi que les émouvoir ;
De la magie qu'il crée, l'art est son expression ;

Revenu de ce voyage, dans une dimension autre ;
Il veut louer l'Ignescence, la force du changement ;
Au regard de la puissance de ses sentiments ;
Du Tumulte sculpté, il en devient l'apôtre."""
9353af8b-f86a-4373-82ab-5c4303ebc6a4,ALT_CYCLONE_A_MU_74_C,Character,"Zaratan, Social Leviathan",,"Nous zigzaguions entre les buissons quand l'un d'eux vint à notre rencontre.",,TEIJA,"393 AC - Je me tiens devant lui, parée de mes tenues cérémonielles. Sig a insisté pour que je sois entourée d'une garde rapprochée du Tagmata, mais je sais que ce ne sont pas quelques soldats qui feront la différence, si le Léviathan venait à se montrer agressif. Non, tout ce que je ressens dans le Skein est un mélange de curiosité et d'allégresse. S'il venait à fracasser notre esquif, ce serait par jeu ou maladresse. Mais le résultat serait le même, en fin de compte... Sa tête approche de nous, gigantesque. Notre embarcation toute entière pourrait entrer dans un de ses naseaux, et sans même toucher les parois. Nous sommes de simples fourmis face à lui. Mais plus il s'avance, plus les dendrites de son Skein tâtonnent.

Je sens ses filaments se nouer aux miens, et le moins qu'on puisse dire, c'est qu'il ne me ménage pas. En échange, je demande son hospitalité. Je lui partage les notions clés de qui nous sommes —pas à travers l'intellect, mais plus vis-à-vis de notre nature profonde, dans tout ce qu'elle a de bon ou de mauvais —, même si ces notions sont au final très humaines. La pantagruélique tortue me demande si nous venons d'en dessous, de sous les nuages, et je lui réponds que non, nous venons de plus loin encore. Elle me dit, en étrécissant son œil qui ressemble à une lune miniature, que nous ressemblons à ceux qui venaient la voir, avant que l'archipel ne se disloque et s'éparpille. Avant que l'aile rouge ne les fasse abandonner ces rivages..."
ed88a308-98d0-4d28-a31f-d62e68d9b69f,ALT_CYCLONE_A_MU_79_C,Spell,"Muna Signet",,"L'empathie, nouée dans les cœurs.",,FLORE,"393 AC - Il y a une contradiction inhérente chez les Muna. Nous faisons tout pour maintenir l'équilibre de la nature, l'équité entre les espèces — animales, végétales, ou autres — pour que tous vivent en harmonie. Mais œuvrer de la sorte n'est-il pas déjà de l'interventionnisme ? Si nous suivions à la lettre les lois de la nature, nous devrions laisser les espèces croître et mourir. Il y a quelques années, Arjun m'avait dit de pousser davantage ma réflexion. Et ça m'avait pris des jours avant que je ne revienne lae trouver. Toute fière, je lui avais annoncé que ça avait à voir avec notre place dans le monde. Ne rien faire, c'était comme ne pas exister, or, on existait. Et l'être humain faisait partie de la nature. L'erreur était de penser que nous étions à part, ou au-dessus.

Au sein de la nature, il y a toujours un point d'équilibre entre coopération et compétition pour garantir la robustesse d'un milieu. Nous avons l'outil parfait pour le percevoir : le Skein. À travers ce sens, c'est comme si on entendait la nature, ses souhaits, ses complaintes. Et on l'aide à faire son œuvre. Au final, c'est comme si acceptait d'être ses instruments. Je me suis toujours demandé, en revanche, pourquoi tous les êtres humains ne recevaient pas ce don, et pourquoi seuls les Muna bénéficiaient de cette étincelle. Les cigales chantent sous les oliviers, et je m'essuie le front en soulevant mon chapeau de paille.  Je cueille une dernière tomate juteuse, qu'Arjun aurait sûrement appréciée. D'ailleurs, je crois que j'ai rêvé d'ellui hier soir..."
e971c31c-3092-4202-8bfc-2ed5c454be2a,ALT_CYCLONE_A_OR_74_C,Character,"Sagitta, Soaring Leviathan",,"Nous nous écartâmes pour éviter ses coups de bec grincheux.",,ZHEN,"393 AC - J'émerge sur le pont, tandis que les sirènes beuglent tout autour de nous. Troupiers et recrues courent vers leur poste, mais beaucoup d'entre eux ralentissent, le souffle coupé, en voyant la taille du Léviathan qui nous fait face. Et je ne les comprends que trop bien... C'est de toute évidence un oiseau, un rapace, mais sa taille... Sa serre pourrait aisément attraper l'un de nos transporteurs. À travers le Gestalt, de nombreuses informations me parviennent : ""messager sagittaire"", ""oiseau secrétaire"", ""sagittarius serpentarius""... Je contacte mes propres Rapaces, et tous me répondent avec leur ""Supero !"" pour me signifier qu'ils sont prêts. Tous sont en train de converger vers l'aire de saut. Un vent vient me fouetter le visage, tandis que Zéphyr se pose non loin de moi.

Le Léviathan se contente pour l'instant d'observer les transporteurs, qui luttent contre les turbulences de ses ailes gigantesques. Une curiosité viscéralement animale. Mais cette curiosité peut vite devenir tactile, ou pire encore, colère ou jeu. Même si nous arrivons à temps, nous ne pourrons pas tenir tête à un tel adversaire. Tout ce que nous pouvons espérer, c'est d'attirer son attention, la distraire des autres vaisseaux. Je réfléchis aux différentes tactiques possibles, aux vecteurs d'approche. Pour l'instant, l'état-major insiste pour ne pas lancer de tir de barrage, mais si cela devient nécessaire, notre action deviendra encore plus difficile... Je me retourne vers mon escouade, maintenant assemblée. Je n'ai pas besoin de discours. La tâche est suffisamment éloquente, les enjeux posés et clairs. Nous n'avons pas le choix. Supero."
37108a09-0a97-4f51-ae46-e4edc02bbc44,ALT_CYCLONE_A_OR_78_C,Spell,"Ordis Signet",,"L'union, fusionnée dans l'esprit.",,INCONNU,"393 AC - ""Unis dans la multitude. C'est là le sens ultime du Gestalt. Il est le fruit d'une harmonie consentie, partagée, immédiate, permanente. La Coalescence est l'abandon de l'individualité, au profit de la pluralité des esprits. Unis, nus dans la pensée. Unis, nus dans l'émotion. Unis, droits dans la concorde. Unis, droits dans nos vertus. Le Gestalt abolit les distances, les frontières, les obstacles physiques, et aussi les limites du soi. Le Losange qui marque notre chair est la preuve de notre engagement, du fait que nous mettons notre individualité au service de la communauté. Il n'y a pas de vœu plus fort. Notre appartenance est dévouement total et abnégation. Quand l'autre devient soi, alors l'idée de justice est évidente. Quand l'autre devient soi, nous sommes capables de déplacer des montagnes.""

J'écoute l'officiant tandis qu'il fait face à sa... congrégation. Je ressens leur communion, dans le creuset de leur esprit partagé, tandis qu'ils entrent en résonance. Il y a là quelques gens d'armes, des clercs, des politiciens, des scribes, des érudits, et bien d'autres identités qui se mêlent. Je me meus à travers elles comme une vague, indécelable. Je ne peux m'empêcher de penser à l'entité de la Cité des Sages ; elle qui en fin de compte visait une union en tout point similaire au Gestalt. Elle était la ville, et elle souhaitait que tous vivent en harmonie. En elle. En son sein. Je ne pense pas que quiconque ait perçu cette facette d'elle. Son appétit n'était pas motivé par un instinct de destruction, bien au contraire. Elle était motivée par une envie d'unité, aussi viciée fût-elle."
cc223666-2975-428d-a428-7bca0758fe8b,ALT_CYCLONE_A_YZ_73_C,Character,"Alelo, Eerie Leviathan",,"Nous suivîmes son onde, pensant qu'il s'agissait d'un têtard.",,MOYO,"393 AC - Les esquifs Bravos slaloment entre les îlots, tandis que le Léviathan file à leur suite. Il serpente aisément, par des mouvements brusques mais calculés. L'apparence de la créature est à la lisière entre celle d'une anguille et d'une murène, mais ce n'est pas là le plus intéressant. Tout comme les Phalènes, Alelo semble exister quelque part à la frontière entre le réel et l'imaginaire. Il a régulièrement besoin de plonger sous la couverture nuageuse, afin de s'alimenter en Mana. Mais le plus intéressant, c'est qu'il peut à sa guise basculer d'un état à un autre, et ainsi passer du tangible à l'illusion. Et c'est bien pour cela que les Bravos font fausse route. Ils ne pourront pas reproduire ce que Nuur Tamrat a accompli avec Annoba.

Il va me falloir trouver un moyen pour permettre à Afanas de toucher Alelo, tout en empêchant les chasseurs d'y laisser des plumes... J'aurais pu me passer de cette distraction. Je me suis préparé en jouant avec le degré de réalité des Phalènes, précisément pour ce moment. Avec un peu de chance, je pourrais empêcher Alelo de se diluer dans l'immatériel, le forcer à garder de la substance, et ainsi être vulnérable. Heureusement, le biome dans lequel il a élu domicile ne manque pas d'eau, et c'est précisément cet élément que j'ai choisi pour lui donner corps. Mais avant cela, je vais devoir manœuvrer avec soin pour que ces importuns de l'Ascalon évitent de me gêner... Il serait dommageable qu'ils entrent dans ma ligne de mire."
0b4b5720-cd13-43c0-bc41-e3491d51c0fd,ALT_CYCLONE_A_YZ_76_C,Spell,"Yzmir Signet",,"Le mystère, enfoui dans l'âme.",,INCONNU,"393 AC - La vérité. C'est elle que tout Yzmir se doit de rechercher. La vérité derrière les voiles épais des mensonges et des faux-semblants. La puissance. C'est par elle que cette vérité se doit d'être domptée. Car seule la puissance permet d'y faire face. L'abnégation, enfin. Car tous n'ont pas la force de se confronter au vrai visage du monde. Par l'abnégation, les Yzmir s'exposent à la folie, pour que les autres puissent vivre dans la béatitude de l'ignorance. Le savoir est une épée à double tranchant : le pouvoir qui en résulte exige des sacrifices. Peu sont ceux qui continuent de garder espoir tout en regardant la vérité du monde droit dans les yeux. Peu parviennent à faire de leur esprit une forteresse capable de tenir face à la houle des révélations.

C'est cela, être Yzmir. Nous sommes des vigies anonymes qui bravons la tempête. Et parmi les Yzmir, le Qorgan sera toujours au premier rang, l'œil toujours tourné vers le précipice. Jamais nous ne récolterons les honneurs. Toujours, nous agirons dans l'ombre. L'ennemi est sur tous les fronts, et parfois même, il est à l'intérieur de nous. C'est pourquoi nous devons garder l'esprit clair, et regarder avec attention et lucidité. Comprends-tu ce qui est attendu de nous ? Le zèle, l'inflexibilité, l'impartialité, le renoncement. C'est là notre lot, maintenant et à jamais. Il n'y aura nul éloge, nulle récompense, nulle distinction. Notre seule gratification viendra de la certitude de nous battre pour une cause qui nous dépasse tous, et qui mérite notre dévouement total."
2c770911-142e-41bb-8f79-989b91ce3434,ALT_CYCLONE_B_AX_31_C,Token,Brassbug,,"3000 mètres... 2900 mètres ... 2800 mètres...",,,
e620c3be-a213-43ad-8052-6a0a7c8fdc42,ALT_CYCLONE_B_AX_65_C,Hero,"Isaree & Pebble",,"C'est à la science d'être au service du peuple, pas l'inverse.",,,
7f227ff5-e384-402f-86dd-e593797f7780,ALT_CYCLONE_B_AX_66_C,Character,Gavroche,,"Il remplit son panier, et riposte avec des pieds de nez.","Personnage iconique des Misérables de Victor Hugo, Gavroche est un gamin des rues, espiègle et débrouillard. Lors de l'insurrection républicaine de juin 1832, il détrousse les morts pour récupérer les cartouches non utilisées afin de les rapporter à ses camarades insurgés. Tout du long, il se fait tirer dessus, mais aucune des balles des gardes nationaux ne semble vouloir l'atteindre. Jusqu'à celle, fatidique, qui le fait tomber par terre, le nez dans le ruisseau.",ISAREE,"393 AC - La plupart du temps, il m'apparaît quand je repense aux grèves, là-bas, en Hadera, aux barricades, aux rassemblements d'ouvriers... L'Eidolon se manifestait alors, se faufilant entre les travailleurs. Certains s'amusaient à le voir déambuler dans la foule, d'autres étaient irrités par sa présence. Le gamin était quelque part le symbole de notre résistance : nos manifestations étaient enjouées, tournées vers l'espoir de lendemains meilleurs. Et quand les violences commencèrent, l'Eidolon devint celui de notre défiance. Je le regarde déambuler dans les ruines, et fourrer des pépites d'Aérolithe dans ses cabas, comme le lui ont demandé les énergéticiens. Tout autour, l'entrepôt abandonné est un écrin pour l'air qu'il chantonne : ""Je ne suis pas notaire, c'est la faute à Voltaire. Je suis petit oiseau, c'est la faute à Rousseau.""

Petit oiseau. Oui, c'est de bon aloi. Grâce à tout cet Aérolithe, rouge comme le cœur d'un pigeon, d'autres airships prendront leur envol... De toute évidence, la civilisation qui a vécu ici a elle aussi domestiqué la pierre de lévitation. Elle devait d'ailleurs être centrale à leur mode de vie, nichée ici, haut dans les nuages. Gavroche tire des décombres un nouveau joyau, de la taille d'un poing. Il resplendit dans la lueur de l'après-midi, avant de se mettre à flotter dans les airs. Si nous avions voulu, nous aurions pu l'utiliser pour fabriquer des bombes afin de lutter contre la répression. Mais lorsque nous avions planté le piquet de grève, nous nous étions juré de faire de notre mouvement de contestation une révolte pacifique. Nous avions été bien naïfs."
8e2d53c6-cc13-40d4-bd60-c22fd6b5726d,ALT_CYCLONE_B_AX_67_C,Character,"Demolition Expert",,"Miner l'Aérolithe est dangereux, mais le jeu en vaut la chandelle.",,ISAREE,"393 AC - Il positionne les charges une à une le long de l'anfractuosité. Son geste est précis et assuré, mais ça m'empêche pas de suer à gros bouillons à côté de lui. Son bras manquant est une marque indélébile que toute erreur de jugement, même minime, peut mener à la catastrophe. Je sais qu'Angus sait ce qu'il fait. Il a analysé le gisement extensivement pour savoir où placer les explosifs, dans le but de mettre à jour le filon sans causer de réaction en chaîne. Quand bien même, ça veut pas dire que je suis totalement à l'aise. Je me mordille la lèvre, et mes mains sont moites. Mieux vaut penser au bain que je me ferai couler à bord du Pantagruel, quand le supertanker aura été chargé en minerai.

Mais même ici, loin d'Asgartha, je sens que la politique se mêle de nos affaires. On fait pression sur les énergéticiens de la Guilde pour collecter autant d'Aérolithe que possible. Quelque chose à montrer au pays, pour tenter de convaincre les huiles et l'opinion publique que l'Effort est pas qu'un gouffre à fric. Et ça me débecte qu'on en arrive là. Faut que ce soit rentable. Faut que ça rapporte. Pebble pose une main sur mon épaule, étrangement aussi légère qu'une plume. Au final, il était comme l'Aérolithe : une gangue de pierre sans pesanteur aucune. Angus me fait enfin signe, et j'expire longuement. Je connecte délicatement le détonateur aux charges et me met à dérouler le fil..."
d229abe3-b836-405f-a7b2-7219d7b99883,ALT_CYCLONE_B_AX_68_C,Character,"Bessie Coleman",,"« J'étais destinée à voler. Je suis née pour voler. » - Bessie","Née le 26 janvier 1892 à Atlanta, dans le Texas, Bessie Coleman est la première femme noire au monde à piloter un avion. Elle est également la première afro-américaine et amérindienne à obtenir une licence de pilote en 1921. Phénomène médiatique de l'époque, elle participe à de nombreux spectacles de voltiges aériennes.",TREYST,"393 AC - Looping, tonneau, rétablissement à droite, renversement, chandelle, immelmann... La pilote enchaîne les figures de voltige devant les cadets amassés sur le pont. Dans d'autres circonstances, ç'aurait été un spectacle plaisant, mais les manœuvres de Bessie ne sont pas là pour le show. Elles sont là pour leur apprendre quoi faire en cas d'attaque de Léviathan — Lucan, et surtout Halua. Leur ombre plane sur chacune des acrobaties, car ils le savent, elles feront parfois la différence entre la vie et la mort. Alors ils observent, et certains répètent les gestes en suivant l'appareil du regard. Quand larguer les contre-mesures, quand effectuer un piqué… Bessie effectue un grand lacet entre les îlots suspendus, se protégeant d'un éventuel poursuivant, avant de plonger tel un rapace.

Le missile file depuis l'airship, et percute un fragment volant. Le bloc de pierre explose à l'impact, projetant une palanquée de scories tout autour. Certains cadets sifflent, impressionnés. D'autres sont plein d'espoir, après cette talentueuse démonstration. Je les entends s'exclamer, dire qu'avec ce genre de projectile, les Léviathans n'ont qu'à bien se tenir. Qu'en escadrille, rien ne saura les arrêter. Mon cœur se serre. Car je sais pertinemment que malgré la puissance de feu de nos airships, tenir tête à un Léviathan aussi sournois qu'Halua ne sera pas une promenade de santé. Bessie, quant à elle, met les pleins gaz pour regagner la piste d'atterrissage. Je regarde le visage des cadets, et serre les poings. Ils pourraient tous être Paju."
92a1c9f7-7e4e-4c0a-acc4-a7c4348124e4,ALT_CYCLONE_B_AX_69_C,Character,"FarFetch 2.0",,"« J'suis content d'avoir mis le grappin sur cette nouvelle version ! » - Paju",,TREYST,"393 AC - J'ai mis le temps mais je crois que j'y suis. Je pose la clé de 12 dans la boîte à outils et jette un regard interrogateur à Rossum. Lui aussi aurait bien besoin d'une mise à niveau... Il retire ses binocles et éteint son chalumeau. On recule ensemble pour contempler notre œuvre. Enfin, façon de parler. Ce devait être un engin de maintenance, à la base. Son design n'était clairement pas Asgarthi, et possiblement créé pour manipuler l'Aérolithe : pinces préhensiles pour attraper les cristaux tout en les maintenant à distance, verre blindé en cas d'explosion... La nacelle, au siège matelassé, était faite pour accueillir un pilote, et c'est précisément ce qui faisait de ce robot un bon candidat pour mes expériences, pour un dernier cadeau...

J'avais un rêve à accomplir, et un souhait à exaucer. Je vérifie les convecteurs kéloniques, qui irradient à l'intérieur du cockpit. Ils diffuseront suffisamment d'énergie pour le maintenir incarné pendant des heures. Avec ce procédé, il pourra explorer à loisir, sans même que je ne sois là pour le maintenir manifesté. Il pourra voler à loisir, et être libre. Je souffle longuement, avant de faire coulisser les symboles de mon Construct. J'assemble toutes les idées qui me rappellent Paju, toutes les petites choses qui me font penser à lui, et me permettent d'affiner son identité : son rire goguenard, ses mèches rousses et rebelles, son enthousiasme contagieux et naïf. Je le vois enfant, et sens une larme couler en voyant mon reflet, bien plus âgé, sur la vitre de l'habitacle."
4bda645f-509e-45a0-b9c5-62ae94b1b4b4,ALT_CYCLONE_B_AX_70_C,Character,"Paju, Axiom Pilot",,"« Regarde, Paju. Arpenter ensemble des ciels inconnus était notre rêve. Et c'est désormais chose faite. » - Treyst",,TREYST,"393 AC - Rossum nous sert un thé bien chaud, forçant Paju à interrompre son récit. Dans un coin de l'atelier, son robot est en train de charger. Le réacteur refroidit, tandis que les cylindres de Kélon se remplissent après son excursion. Il fourre dans sa bouche un nouveau biscuit, avant de reprendre, narrant dans le détail chacune de ses manœuvres dans son nouvel engin. Il parle vite, pressé de tout raconter, de livrer dans l'urgence ses sensations, ses joies, ses surprises. Ses mains partent dans toutes les directions, mimant un mouvement de l'appareil ou appuyant une description de l'environnement traversé. Il raconte en détail sa rencontre avec un groupe d'oiseaux qu'il a suivi dans le dédale des rochers d'Aérolithe.

Je le regarde, sourire aux lèvres. Mais tout du long, je sais que ce n'est là qu'un simulacre. De lui, de sa présence. Je laisse néanmoins le jeu se poursuivre, car j'ai le sentiment d'avoir une dette à payer. Celle d'avoir survécu, alors que lui, non. Il se tourne vers moi, me faisant part de son programme de demain. Il éclate de rire, et s'émerveille qu'on soit enfin là, tous les deux, à explorer des cieux inconnus. Tout d'un coup, il n'est plus là. La chaise est vide, tandis que le thé fume encore. Il y a des miettes sur le siège, mais malgré ces traces évidentes, c'est comme s'il n'avait jamais été là. Et en vérité, il ne l'avait jamais été. C'était mon souvenir de lui, auquel j'avais donné corps. Rossum pose une main sur mon épaule."
28fe50c2-5372-46c3-96b6-635b403e53e3,ALT_CYCLONE_B_AX_71_C,Character,Medusa,,"Ils ont fait d'elle un monstre pour s'être défendue.","Dans la mythologie grecque, Méduse, avec ses sœurs Euryale et Sthéno, est l'une des trois Gorgones. Au départ belle jeune femme, elle est convoitée par Poséidon, qui l'agresse et la viole dans un temple dédié à Athéna. La déesse condamne la victime au lieu de la soutenir, l'affublant d'une apparence monstrueuse : chevelure de serpents et regard pétrifiant...",ISAREE,"393 AC - Je grommelle en voyant les Eidolons Bravos apparaître çà et là autour du Léviathan. Ils sortent les armes, prêts à s'élancer dans la mêlée, tandis que les mandibules du monstre lacèrent la pierre en contrebas. Qu'est-ce qu'ils veulent, au juste ? Bon sang, ils ont quoi dans la tête, ces Altérateurs ? Ils sont pas censés nous protéger ? Là, ils nous mettent plus en danger qu'autre chose ! Les veines d'Aérolithe luisent dans les parois de pierre. Si combat il y a, ça va faire sauter tout l'îlot, et nous avec. Ils s'en rendent pas compte ? Je sors en toute hâte mon Construct, et assemble les symboles khyalo aussi vite que je peux. La pile de Kélon que je porte se vide d'un bloc, alors que Méduse répond à mon appel, et s'interpose in extremis.

La Gorgone leur barre le chemin, les serpents sur sa tête sifflant avec furie, exsudant du venin. Les Eidolons se tournent vers elle, courroucés. Mais j'ai pas de temps à perdre, et encore moi pour parlementer. Il faut se barrer fissa, même si on perd du matos, même si Lucan met le site sens dessus dessous. Ça vaut pas le coup de risquer sa vie pour quelques tonnes de minerai, ni pour l'égo de quelques zélotes qui veulent trop bien faire... Méduse ouvre les yeux, et balaie la scène du regard. Autour d'elle, les Eidolons se figent soudain dans le sillage de ses œillades, transformés en statues d'amphibolite. Pas de temps à perdre, faut dégager de là."
94147fda-97a4-49f7-9771-05650c01bfd6,ALT_CYCLONE_B_AX_72_C,Character,"Axiom Puppeteer",,"« À pierre-papier-ciseaux, je gagne toujours par KO. »",,ISAREE,"393 AC - Vassili enfile son gantelet de guidage, et fixe malhabilement les attaches autour de ses avant-bras. Il avait pas connu les Grandes Grèves ; il était bien trop jeune pour s'en souvenir. On en avait discuté ensemble, il y a quelques jours de ça, et pour lui, c'était qu'un mélange d'impressions fugaces liées à l'enfance et d'encadrés impersonnels dans ses manuels scolaires. Il était gringalet, maladroit, avec un physique qu'on s'attendait pas à trouver dans une mine. Mais il avait pas son pareil quand il manipulait des Titans ou des engins lourds. Quelque chose à voir avec la proprioception, et le fait de se sentir toujours à côté de ses pénates. Comme quoi, les handicaps sont parfois des avantages, quand on sait comment les mettre à profit.

De l'autre côté de la carrière, l'alarme du Titan rugit pour avertir tous les Axiom qu'il est sur le point de s'activer. Vass me regarde en souriant, et la tête du robot se tourne aussi dans ma direction. Désormais, chacun de ses mouvements sera reproduit à l'identique par la machine gigantesque. Hormis le sourire, ça va de soi. Alors il se garde bien de toute de gesticulation intempestive. Et heureusement. Même un simple éternuement, ou le fait de vouloir se gratter, pourrait avoir des conséquences fâcheuses. Vassili fait un pas en avant, et il s'applique pour se mettre en position. Il calcule de visu la distance avec la paroi, s'assure de l'équilibre général du Titan... et il arme le poing."
602b218f-53fb-406d-8bc2-fef21dfa6462,ALT_CYCLONE_B_AX_73_C,Character,"Marie Curie",,"« Il faut faire de la vie un rêve, et d'un rêve une réalité. »","Née à Varsovie en 1867, Marie Skłodowska-Curie est une chimiste et physicienne polonaise naturalisée française. Récompensée de deux Prix Nobel, elle est connue, avec Henri Becquerel et son mari Pierre, pour ses recherches sur les matériaux radioactifs comme le polonium ou le radium. Malgré une immense contribution à la science, elle meurt en 1934, atteinte de leucémie, après une trop grande exposition au radium et aux rayons X.",ISAREE,"393 AC - C'est étrange, comme parfois, l'évidence freine la curiosité. L'Aérolithe, ouais, bien sûr, c'est le minerai qui permet de défier la gravité. C'est connu depuis des siècles, et ça a jamais été remis en question. Pas besoin, on sait ce que ça fait. C'est étonnant quand on constate que c'est uniquement quand les Guildes se sont structurées en Faction que les recherches ont repris à son sujet. Oui, ça fait léviter, mais comment, pourquoi, par quel procédé ? Depuis des lustres, on sait que le matériau est ouvertement exothermique, mais lier cette explosivité naturelle avec des propriétés électromagnétiques éventuelles... Marie termine ses annotations. Les annales disent que durant sa vie, elle avait mis en exergue les qualités radioactives de certaines substances. Qu'elle avait rendu l'invisible visible, en somme.

J'aurais pu travailler seule sur le sujet, à mes heures perdues, mais mes recherches auraient mis des plombes. Alors que graisser quelques pattes, faire en sorte que certains détournent le regard pour que je me serve dans les stocks de Kélon... Grâce à lui, je pouvais faire en sorte que Marie prenne mon relais durant la journée, quand j'étais sur site ou bien en suivant les autres Exalts... en mode formation accélérée. Elle me tend le calepin, et je consulte les données qu'elle y a religieusement épinglées. Il y est question de résonance, de vibration, de friction... Autrefois, l'Aérolithe avait été considéré comme source énergétique, mais la substance avait été jugée trop instable. Mais l'était-elle encore avec la technologie de maintenant ?"
ad0a0c60-54dd-4d73-ada6-790ca2989437,ALT_CYCLONE_B_AX_74_C,Character,"Lucan, Hungry Leviathan",,"Il jaillit d'entre les nuages pour dévorer nos nacelles de métal.",,SIERRA,"393 AC - Les bâtiments se sont mis en ordre de bataille pour procéder à l'évacuation de l'îlot. Les alarmes tonnent, assourdissantes. Halua causait déjà suffisamment de dommages, et maintenant, un autre Léviathan ? Mais petit à petit, une autre vibration se met à couvrir les sirènes. Ça ne me dit rien qui vaille. Les nuages explosent soudain, et le coléoptère jaillit dans notre direction. Son bourdonnement est digne d'une turbine lancée à plein régime. Il nous a pris par surprise, alors qu'on était en train de mettre à jour un important gisement d'aérolithe — le plus gros à ce jour. Il s'est précipité, ses appendices et ses mandibules tailladant dans la roche, sans prêter attention aux explosions. Sa chitine est trop résistante, même face à des chapelets de déflagrations...

Les élytres du monstre se mettent à vrombir de plus belle, chargeant l'air de stridulations grinçantes et glaçantes. Le Léviathan-Scarabée fonce vers le bloc que nous avons arrimé au zeppelin. Sa carapace striée renvoie la lumière du soleil, tandis que ses ailes irisées fouettent l'air en scintillant. Je le vois, impuissante, éventrer de sa corne le ballon d'un dirigeable. Je le vois se dégonfler, comme éperonné par la lance d'un chevalier. Mais... contrairement à Halua, ce n'est pas nous qu'il vise. C'est la veine d'Aérolithe, que l'on promène avec nous comme un morceau de viande au bout d'un hameçon. Sauf que le poisson qu'on a ferré est bien trop gros. Oddball bipe à côté de moi, et j'acquiesce. Je file vers la timonerie. Il faut absolument convaincre le capitaine de larguer la cargaison."
8a50603d-aadb-4dc2-af5e-51964acf9fc5,ALT_CYCLONE_B_AX_75_C,Spell,Detonation,,"L'instabilité de l'Aérolithe fait de tout choc une réaction explosive.",,ISAREE,"393 AC - Même de là où on se trouve, la déflagration est terrible. Elle a débuté comme une simple étincelle, rouge, à l'horizon, avant que la lueur n'enfle, ne cascade entre les îlots. J'ai dû détourner les yeux un bref instant pour pas finir aveuglée. Puis l'explosion a roulé tout autour, comme une houle. A suivi l'onde de choc, qui a repoussé les fragments dérivant dans le ciel, les a fait se percuter, et péter à leur tour. A suivi la détonation, comme le bang supersonique d'un airship brisant le mur du son... Je lève une main devant moi, plus par réflexe, alors que le souffle manque de me soulever du sol. Je sais qu'Angus a choisi un lieu sûr, assez loin pour que la flambée nous atteigne pas...

Mais même... Même avec la distance, je sais que le danger zéro existe pas dans les parages. Il suffit d'une mauvaise estimation pour qu'une réaction en chaîne devienne incontrôlable. Mais presque malgré moi, je me mets à réfléchir à ce potentiel inexploité. Dans un environnement et un âge où le Kélon était suffisant, on avait pas à considérer d'autres sources énergétiques. La Sève, elle, était présente qu'en stocks finis, et basculer sur son usage était vain... L'Aérolithe en revanche… Oui, il y avait un monde dans lequel soumettre ce minerai pourrait nous sortir de la panade. Était-ce une pensée folle ? Était-ce même réaliste ? Malgré les doutes, mon cerveau carbure à pleine balle. J'ai un atelier à disposition. Autant l'utiliser."
cf04385a-7b3c-4901-930d-5b0255f1e7d8,ALT_CYCLONE_B_AX_76_C,Spell,"Axiom Signet",,"Humanisme et progrès.",,INCONNU,"393 AC - Rien ne se crée, tout se transforme. Ainsi va l'adage. Rien ne se perd, tout se recycle. Telle est la loi universelle. Sous les poinçons successifs des différents ingénieurs, artisans et ouvriers de l'Axiom se cache la vie en perpétuel changement d'un bout de métal, d'une pièce d'engrenage, d'un levier... Rien ne doit se perdre, tout élément doit être utilisé, et réutilisé jusqu'à ce que l'usure ne le rende inexploitable. Alors, il sera fondu, forgé de nouveau, pour amorcer un autre cycle d'existence, sous une même forme, ou bien une forme différente. Mais avant cela, il n'est pas rare qu'une pièce comporte tellement de poinçons différents — certains se superposant les uns sur les autres — qu'ils donnent ensemble un aspect ésotérique à une plaque, un cerclage ou une manette.

Le recyclage est une philosophie qui fait perdurer l'équilibre entre le changeant et l'inerte. Elle code une création dans l'existant, la nouveauté dans l'ancien, le vivant dans la destruction. Ce cycle est une vie éternelle où chaque once de matière aboutit à une nouvelle transformation. Ce cycle est un rythme, une cadence, dont la finalité se trouve dans la métamorphose et dans le renouveau. Chaque poinçon est la marque d'une vie, et le témoin de l'étape du voyage dans lequel il est ancré. Plus la pièce est usée, patinée, gravée, plus elle est avancée au sein de son odyssée. Elle mérite alors le respect, par toutes les interactions qu'elle a connues. Les anciens parlaient du cycle des réincarnations. Il en va de même pour les objets..."
931b8fd7-55d4-4b0c-be90-7fbaef8c2042,ALT_CYCLONE_B_AX_77_C,LANDMARK_PERMANENT,"Aerolith Reef",,"Atteindre le pilier n'est pas un voyage de tout repos : les nuages cachent de nombreux récifs et écueils.",,ISAREE,"393 AC - J’observe Pebble se frayer un chemin à travers la ceinture de roches suspendues. Il se déplace avec une grâce surprenante pour un gros balourd — mais bon, quand on est en partie constitué d’aérolithe, ce n’est pas si étonnant. Je ne sais toujours pas si ces îlots flottants sont son habitat naturel, ou s’il a été transformé par le Tumulte et la proximité du minerai. Probablement. C’est une Chimère, à ce que j’en sais. Ce qui, honnêtement, n’est pas grand-chose. Je n’arrive pas à croire que ce grand homoncule — ou devrais-je dire golem ? — continue de me suivre. Une fois, un chien m’avait suivi de la place centrale jusqu’à chez moi. J’avais hésité à l’adopter, il me faisait trop de peine. Mais ma mère aurait dit non, de toute façon.

Pfff… rien que d’y penser, j’ai les mains moites. Je ricane. Même à des centaines de kilomètres, elle parvient encore à m’atteindre. Devant moi, la Chimère flotte comme une bulle de savon — sauf que son poids doit bien dépasser les trois tonnes. Sur son passage, les roches volantes, veinées d’aérolithe, s’écartent doucement, comme si… Je fronce les sourcils. Comme s’il émettait un champ magnétique. Ou antigravitationnel. Pebble — j’ai trouvé ça drôle de l’appeler “galet”, vu sa taille — aurait donc un moyen d’altérer la direction du champ de lévitation ? J’active mes propulseurs et pars à sa suite. Il va falloir que j’en parle à un énergéticien, pour en avoir le cœur net…"
19db69b8-6b08-46ff-a416-dfe229fd8b3d,ALT_CYCLONE_B_AX_78_C,LANDMARK_PERMANENT,"Brassbug Nursery",,"Même loin de leur Ruche, les Scarabots ont développé le moyen de continuer de se répliquer.",,SUBHASH,"393 AC - Allons bon, ils m'étonneront toujours. Leur reine est à des centaines de kilomètres, et ils ont trouvé un moyen de s'auto-répliquer sans son entremise. Une couveuse. On a toujours laissé ces bestioles se gérer eux-mêmes. On a même profité de leurs services, mais là, j'avoue, ça me fout un peu les chocottes. Voir ce qu'ils sont capables de faire pour s'adapter, pour bousculer leurs propres limites... mais est-ce qu'ils ont vraiment une limite ? Changer leur mode de reproduction, d'un claquement de doigts ? Bordel, heureusement que ce sont nos alliés, parce que dans le cas contraire, je sais même pas si on pourrait lutter. Ils se sont posés dans le cratère il y a une semaine de ça, aux dernières nouvelles, et se sont mis à construire sans s'arrêter.

Et maintenant, le résultat est là, planqué au centre d'une couronne rocheuse. On pourrait penser que c'est un insecte de métal, posé sur d'énormes pieds enchâssés dans le sol. Ce qui semble être une sorte de générateur kélonique tient lieu de source d'énergie à la structure. Le long de deux rangées métalliques, des couveuses transparentes laissent voir des embryons de Scarabots en développement. Soudain, l'un des hublots s'entrouvre, et éjecte un nouveau-né nouvellement formé. Presque immédiatement, le bambin se met à voleter pleins gaz. Ha, les salopiauds ont pris appui sur nos drones pour se parer d'un système de propulsion, on dirait. Le hublot se referme, probablement pour se préparer à couver un autre spécimen tout de go. Ouais, heureusement que ce sont nos alliés..."
c73e98b7-3535-4822-80d2-2be902c29cf5,ALT_CYCLONE_B_AX_79_C,LANDMARK_PERMANENT,"Abandoned Depot",,"« Il n'y a pas de doute possible, ces ruines sont l'œuvre du peuple de la Cité des Sages. » - Abiram",,ISAREE,"393 AC - Des liserés d'or, où luit de la Sève cristallisée par le temps ; une architecture moderne, mais paradoxalement antique... Même si je suis pas une spécialiste, je peux quand même voir les similitudes avec celle de la Cité des Sages. De Sofia. Ses habitants avaient quitté leur ville souterraine pour se réfugier dans le ciel, en usant de l'Aérolithe présent dans les profondeurs. Pour fuir l'Affamé, probablement, même si au final, c'était que spéculation. À l'horizon, le pilier de lumière illumine le ciel. Peut-être est-ce eux qui nous appellent ? Je passe la porte du silo. Sa surface est constituée d'un alliage inconnu, très résistant, même s'il a pas empêché la nature de reprendre un peu ses droits... Probablement un entrepôt ou un relais.

J'écarte la cascade de plantes grimpantes qui a élu domicile à l'intérieur, profitant de l'obscurité et de l'humidité pour croître. Ça devait faire des années, voire des décennies que le lieu avait été laissé vacant. Un de mes collègues a avancé l'hypothèse que tous ces bâtiments étaient censés être temporaires, construits durant une étape de la migration de cette civilisation. Mais à y voir de plus près, le dépôt avait été construit pour durer. J'ouvre l'un des nombreux casiers, et m'aperçois qu'il est vide. Pourquoi prendre la peine de construire un hangar en dur si c'était pour une durée limitée ? Non, il y avait quelque chose qui clochait vis-à-vis de cette supposition. J'ouvre un large tiroir, avec l'impression que c'est une cellule mortuaire. À nouveau, vide."
cc898b0c-f505-4341-be85-17c1abddd545,ALT_CYCLONE_B_AX_80_C,LANDMARK_PERMANENT,"Brassbug Dropship",,"« Tenaces, les bestioles. Même à 4 km d'altitude, elles trouvent encore le moyen de nous suivre. » - Subhash",,SUBHASH,"393 AC - Assis sur mon caillou volant, j'attends la maintenance en lançant son nonos à Marmo, histoire de passer le temps. Tout est toujours affaire de logistique et d'attente quand il s'agit de SAV. Mais là, perdu sur mon rocher noir veiné d'Aérolithe, je peste devant cette foreuse en panne, et c'est pas comme si je pouvais faire plus. Pourquoi c'est toujours à moi qu'on refile le matos le plus pourri, hein ? Mon cabot pose le jouet sur ma cuisse et se contente de japper. Je le relance, et jette un œil alentour. C'est vrai qu'on est sur un gros filon. Ce serait dommage de louper une telle manne. Nonos à nouveau, cette fois accompagné d'un filet de bave sur mon pantalon. Merci, sac à puces. Et alors que je me dis que je vais examiner de plus près le matos en panne, j'entends le bruit d'un petit réacteur...

La capsule tombe depuis le ciel, avant d'activer ses propulseurs pour venir dans ma direction. Ah, enfin les renforts. Je me lève, prêt à accueillir les mécanos. Mais quand la passerelle de la navette se déploie, je vois émerger du ventre de l'engin non pas des camarades, mais une pelletée de petits Scarabots. Ha, je sais pas si je dois me sentir outré ou non. Ils sortent à la queue leu leu, comme pour une parade. Pendant une fraction de seconde, je me demande si ce serait un mal de prendre place dans la capsule et de les laisser se débrouiller ici. Mais non, autant rester et préparer le terrain pour les équipes de minage. OK, les petites bestioles, en piste. On a la maintenance d'une vieille foreuse à terminer avant l'arrivée des mineurs."
6c673b24-354e-42eb-a188-c98035ba55aa,ALT_CYCLONE_B_AX_81_C,LANDMARK_PERMANENT,"Restocking Station",,"« Le Kélon alimente les moteurs, l'Aérolithe donne accès au ciel. Quels sommets atteindrons-nous avec les deux autres Primordiae ? » - Basem",,ISAREE,"393 AC - Le VEA Kurush amorce son vecteur d'approche. Au-delà du bastingage, je vois la station de réapprovisionnement flotter en position stationnaire, attendant patiemment qu'on l'aborde. La Faction en avait disposé à intervalles réguliers, afin que tous les navires de la flotte puissent faire le plein de Kélon. Et nos réserves étaient bien basses, après plusieurs jours à accompagner le Pantagruel. J'étrécis les yeux et compte les citernes énergétiques, tandis que Pebble se gratte le sommet de son crâne poli. Quinze minimum, peut-être vingt. Largement de quoi faire. Trois nous suffiront pour rallier le reste de la flottille, cinq, si le capitaine décide de faire un crochet par l'usine que les éclaireurs Bravos ont identifiée dans le Secteur 7. Je me tourne vers la Chimère. Ma Chimère. 

C'est bizarre de se dire qu'il m'appartient comme je lui appartiens, désormais. Les autres Exalts m'avaient dit que ça prendrait du temps de s'habituer à sa présence, mais j'ai pas vraiment l'impression qu'on est connectés plus que ça. Est-ce qu'il se retient ? Est-ce moi qui le maintient en dehors inconsciemment ? Il se tourne penaudement dans ma direction, ses grands yeux sans pupille me fixant avec un air éberlué. ""Il va falloir qu'on apprenne à se connaître"", me dis-je dans ma tête, sans savoir s'il entend ou comprend quoi que ce soit. Aucune réaction, et une nouvelle désillusion. Je repense à notre rencontre, à la manière candide dont il m'avait suivie hors de la cavité. Même entouré de pistoliers, il avait pas moufté..."
9eb6565b-5b54-4fe0-a229-c309044c0f38,ALT_CYCLONE_B_AX_82_C,LANDMARK_PERMANENT,"Aerolith Quarry",,"« Il a fallu déployer des trésors d'ingéniosité pour miner même à des kilomètres d'altitude. » - Isaree",,ISAREE,"393 AC - Je bois à ma gourde, et lape les dernières gouttes tandis que la barge me ramène vers la carrière à ciel ouvert. Les nuages s'écartent, et je siffle à la vue du spectacle. Il aura suffi d'une semaine pour que le site devienne une mine volante en pleine ébullition. Depuis qu'Angus a décroché le bloc de l'îlot principal et fait sauter les fragments parasites, la flottille Axiom a pu y déployer ses installations. Et elle y est pas allée de main morte. Grues, excavateurs, usine de drones, zones de raffinage, de stockage et de traitement, même un dock d'amarrage... Mince. Seulement quelques jours d'absence et voilà où ils en sont. Que disait l'adage, déjà ? Le progrès n'attend pas. ""Je devrais peut-être être avec eux"", me dis-je avec un brin de culpabilité.

Les mineurs, suant sang et eau, s'activent comme des charognards autour d'une carcasse que l'on désosse. Et déjà, les drones prospectent vers d'autres localisations à évider de la sorte. J'aurais cru que ce qu'on avait appris dans la Cité des Sages, au contact de l'Affamé, nous servirait de leçon, ou au moins d'avertissement, mais ça semble pas avoir bousculé les habitudes. C'est que l'appétit de la science pouvait être tenace, parfois... Comme ces drones, nous aussi, on sera déployés avec Pebble. Vu qu'il est lui aussi constitué d'Aérolithe, il sait où se trouvent les filons les plus rentables. Il les sent, même lorsqu'ils sont profondément enfouis dans la roche. Nous aussi, on fait partie de la machine, une simple papille perdue dans un engrenage glouton."
3176444e-17cb-4c78-b580-6ceaf66ec67c,ALT_CYCLONE_B_BR_65_C,Hero,"Sol & Halua",,"La haine est une lance tournée vers son propre cœur.",,,
70a709aa-111f-4a9f-8f0f-84725e595d4a,ALT_CYCLONE_B_BR_66_C,Character,"Jumping Frog",,"Et que ça saute !",,KOJO,"393 AC - Kāw éclate de rire, après m'avoir fauché la victoire dans les dernières millisecondes. Avec son équipe, elle a été la championne d'Altrun de l'an 376 AC, quand j'étais encore petiot et que je m'intéressais pas encore vraiment à la discipline. Au fond, mieux vaut tard que jamais pour analyser son style, qui d'après les dires capitalisait beaucoup sur l'Avgrunn pour se renforcer. J'ai beaucoup à apprendre des anciens, même si je suis sûr qu'elle me mettrait une rouste si elle me prenait à la catégoriser comme ça. Au moins, Waru, lui, se contentait de lever les yeux au ciel, parce que les cheveux blancs, ça trompait rarement. Je pose mon derche et bois à ma gourde, suant à grosses gouttes, tandis que Kāw approche.

Elle me lance quelque chose au visage, qui se colle sur mon nez, et je le chasse d'un geste de la main. Le batracien rebondit devant moi, avant de me toiser de ses grands yeux réprobateurs. La championne s'accroupit, et me demande de bien observer la grenouille, d'étudier ses bonds à première vue un peu chaotiques. Hop, elle s'élance à nouveau ! Ses trajectoires soudaines, sa détente de malade, sa façon d'utiliser ses pattes pour coller aux parois... En me concentrant, je me mets des mémos internes pour lister les idées et concepts que je pourrais utiliser pour m'améliorer. À y réfléchir, il y a pas mal de choses sur lesquelles je pourrais prendre exemple, genre ses réflexes... Mais qu'elle me dise pas de coasser, c'est tout ce que je lui demande."
e5b01ddf-3778-467b-b77f-9539ae7fe688,ALT_CYCLONE_B_BR_67_C,Character,"Altrun Teammate",,"L'Altrun est une discipline de course et de franchissement d'obstacles, très utile sur ces archipels.",,KOJO,"393 AC - ""Agir en sage""... Alors c'est ça, être sage ? Avoir un nœud aux tripes et tenir sa langue ? Je me remets à penser à tous les autres, restés en Arkaster. Est-ce qu'ils sont en train de s'entraîner pour garder leur titre une année de plus ? Est-ce qu'ils sont en train de se préparer pour venir me rejoindre, comme ils me l'ont promis ? Quand on était ensemble, on se disait tout, même si ça faisait mal. C'était pas des critiques, juste la crue vérité, ou sinon, elles étaient constructives. ""Là, t'as merdé ton départ"" ; ""t'aurais dû revoir ta stratégie à ce moment-là""... Booda miaule, en sentant mon trouble, et j'écarquille les yeux quand je me tourne dans sa direction. À côté de lui, la silhouette de Gault est en train de se matérialiser. Il sautille, fait des moulinets avec ses bras, et je me mets à sourire.

T'as raison, Boo. C'est cool de se plonger dans les bouquins de Waru, mais j'ai besoin de me dégourdir les jambes. L'Eidolon mime de se placer dans les starting-blocks, et je l'imite. Feulement. Top départ, et on s'élance. Les îles du Quadrant Illyrien ont rien à voir avec les toits de la capitale, mais ça fait rien. On retrouve nos automatismes, nos petites provocations, notre complicité de toujours. Il bondit entre les pierres suspendues, court sur les parois, se laisse glisser sur des pentes herbeuses... Et je le suis. Je pourrais peut-être le dépasser, mais je préfère le regarder. Soudain, dans un élan d'émotions, je m'enflamme et le tacle de plein fouet. On roule au milieu d'un champ duveteux, riant tous les deux. Je presse mon front contre le sien, tandis que quelques larmes coulent sur mes joues."
b5a2d5a8-3389-4859-8f53-4be34017664c,ALT_CYCLONE_B_BR_68_C,Character,"Smoldering Jinn",,"Le feu couve toujours dans l'idée de la braise.",,ATSADI,"393 AC - Le Djinn crépite. Son épiderme fume et craque, sombre comme le charbon, tandis que, sous la surface, les braises restent rougeoyantes. Comme le feu qui couve dans l’âtre. Je me force à détendre mes épaules, ou du moins j’essaie. Sous sa surveillance, je suis en sécurité… et sa chaleur saura sécher mes vêtements détrempés par les intempéries, comme elle saura cuire les poissons que j’ai pêchés, évidés et embrochés sur des tiges de bois avant de les planter dans le sol. Sur mon épaule, Surge cymbalise sous sa forme de cigale, tandis que je fixe le feu et cherche à y voir le visage de ma bien-aimée. Braise. Je fronce les sourcils. Braise de braise, pourquoi est-ce le visage de Kojo qui me vient ? Je serre les dents et soupire.

Ce n’est plus un garnement, même s’il se comporte encore parfois comme tel. Il est immature et, en même temps, trop âgé pour devenir mon élève. Pourtant, il a une explosivité incroyable, capable de rivaliser avec la mienne, et peut-être même de la dépasser… Une qualité fondamentale pour devenir épéiste. Il n’est pas discipliné, mais quand il s’est mis quelque chose en tête, sa détermination ne fléchit pas. Je le revois s’élancer en direction de l’Affamé, avec une témérité proche de la stupidité. Est-ce juste de le voir courir à sa perte sans intervenir ? Soudain, des flammes bleues et intenses jaillissent des braises du Djinn. Dans quoi te fourres-tu, Atsadi ? Tu penses vraiment qu’il y a un diamant brut sous le charbon ?"
062d2658-972a-47d5-b7d6-41fa923364c5,ALT_CYCLONE_B_BR_69_C,Character,"Leviathan Spotter",,"Lorsque le cor sonne, les chasseurs se rassemblent pour traquer le Léviathan.",,SOLEDAD,"393 AC - Il restait souvent à l'écart, astiquant sa conque en silence tandis que les autres préféraient saisir leur godet au bar. C'était un peu une extension de lui-même : il s'en servait comme d'un cor, pour faire sonner l'alerte en cas d'attaque, ou comme d'une trompette, lorsque l'aube pointait le bout de son nez. Avec le temps, on s'était habitués à l'entendre résonner, au matin : une mélodie, souvent joyeuse, pour réveiller les troupes en douceur, tandis que les premiers rayons du soleil illuminaient le pont. Les années passant, regarder par la fenêtre en écoutant ces quelques notes était devenu une sorte de routine. C'était le signe annonciateur d'une nouvelle journée qui commençait ; une brève parenthèse, avant la traque ou l'entraînement.

Quand Maanus nous avait rejoints, j'avais d'abord été dubitative. Il avait une allure de lutteur là où notre profession impliquait de la vivacité. Il était aussi taciturne, là où les autres étaient tout feu tout flamme. Mais il compensait sa lourdeur apparente par une vue perçante et une ténacité sans faille. On n'avait pas l'habitude de trop s'attarder sur nos vies d'avant, et sur ce qui nous avait poussés à faire la guerre aux Léviathans, histoire de ne pas trop remuer le couteau dans la plaie. Mais un jour, il s'était posé en face de moi et il m'avait raconté son itinéraire de vie. Il m'avait tout balancé, d'une voix monocorde : d'où il venait, son quotidien de bûcheron, et puis comment tout lui avait été ravi... Et là, tapie sous son calme apparent, j'avais senti la violence de son fiel, comme une lame de fond."
9094fa6a-bc78-4fc8-878e-be71139b8a92,ALT_CYCLONE_B_BR_70_C,Character,Tengu,,"« Appeler le Tengu ne veut-il pas dire céder à la colère et à la vanité ? » - Basira","Créatures légendaires du folklore japonais, les tengu sont des êtres aux nombreux visages. Tout d'abord persécuteurs et malveillants, leur image a évolué à travers les âges, jusqu'à devenir des entités pieuses et protectrices. Pour autant, devenir tengu résulte toujours d'un égarement qui se doit d'être expié : celui d'avoir choisi la voie de la colère et de l'ambition, de l'orgueil et de la vanité.",SOLEDAD,"393 AC - Halua disparaît sous les nuages, et je frappe la paroi rocheuse du poing. Je sens la colère m'envahir, irrépressible. Celle d'avoir subi une nouvelle débandade. Celle de l'avoir laissé filer une nouvelle fois. Immédiatement, je me mets à repenser à mon altercation avec Basira, celle où elle m'avait questionné sur mes intentions. Qu'est-ce qu'on en avait à foutre de mes intentions, bon sang ? ""Tu prétends vouloir protéger, mais comment comptes-tu le faire quand c'est la haine qui guide tes pas ?"" Je défais mon masque et le jette à terre. Je sens la rancœur, la bile et le venin. Ils tournent en boucle dans ma tête, cherchant un exutoire. Comment osait-elle ? Mais tandis que mon courroux la prend pour cible, une pensée parasite se fraie un chemin dans mon esprit. Et si elle avait raison ?

Je crie et tombe à genoux. Non, Sol, ne laisse pas le doute te ronger de l'intérieur. Il faut que je sorte ça de moi avant que ça ne m'atteigne. Je hurle à nouveau, laissant mon Avgrunn s'exprimer. Toute ma rage, mon exaspération et mon ire jaillissent hors de moi, alors que se façonne devant moi la silhouette du Tengu. ""Ta mission a deux visages. Elle singe la noblesse, alors qu'au fond, elle n'est que vengeance."" Mais comment peut-elle lui donner des leçons ? Comment peut-elle se montrer si hypocrite, alors que c'est exactement ce qu'elle recherche, elle aussi ? Le démon ailé se pose sur un rocher en lévitation, le visage rouge comme la fureur, le nez aussi long que celui de Pinocchio. Sommes-nous toutes deux en train de nous mentir à nous-mêmes ?"
f387f761-be4d-45b8-a418-5182d88f39a4,ALT_CYCLONE_B_BR_71_C,Character,"Phileas Fogg",,"« La chance qui semble maintenant perdue peut se présenter au dernier moment. » - Jules Verne","Héros du roman de Jules Verne ""Le tour du monde en quatre-vingts jours"", Phileas Fogg est l'archétype du gentleman anglais du XIXe siècle. Accompagné de son domestique Jean Passepartout et de la jeune veuve indienne Aouda, il va tenter de faire le tour du monde en 80 jours pour remporter son pari, dans lequel il a mis toute sa fortune. L'ensemble de cette aventure mêle récit de voyage et données scientifiques, grâce aux nouveaux moyens de transports issus de la révolution industrielle.",BASIRA,"393 AC - On le dit réglé comme une horloge, mais son embarcation n'inspire pas vraiment la régularité. Un panier en osier, ballotté par les vents, avec un vulgaire bout de toile pour le maintenir suspendu dans le ciel ? Quand les Axiom l'invoquent, c'est sous sa version méthodique, presque mécanique. Mais nous autres... Quand c'est nous qui l'appelons, c'est l'aventurier qui nous répond. Celui qui n'a cure des frontières, qui fait éclater les limites établies. Il me sourit avec un air de défi, tout en consultant sa montre à gousset avec l'impatience du Lapin Blanc. Soit, ne les faisons pas attendre, ces Léviathans. La ponctualité a aussi ses vertus, surtout quand il s'agit de rejoindre le champ de bataille. Je le toise en retour, répondant à son défi tacite.

Je me hisse dans l'habitacle sans un mot, tandis que le gentilhomme me gratifie, en guise de bienvenue, d'une courbette appuyée. Kaizaimon, quant à lui, rejoint ma peau pour s'y fixer. En effet, pas besoin de se retrouver collés-serrés tous les trois. Le brûleur chuinte soudain tandis que Fogg chauffe l'air au-dessus de nous et que le ballon quitte la terre ferme. Une traversée de six minutes et vingt-quatre secondes, m'indique-t-il, comme si j'en avais quelque chose à faire de la durée du trajet. Depuis les hauteurs, je vois le reste des fyrds s'assembler. On va sûrement être les premiers à atteindre notre destination. À moins que les aléas ne viennent à bout du tic-tac de ce métronome sur pattes. Je lève les yeux vers Mandjet, épinglé haut dans l'immensité."
8f19c15f-1253-4a31-9069-d60dbc5b1bf6,ALT_CYCLONE_B_BR_72_C,Character,"Wingsuit Jumper",,"L'important n'est pas l'atterrissage, c'est la chute.",,SOLEDAD,"393 AC - Quand on lui demande pourquoi elle a une dent contre les Léviathans, elle répond souvent qu'elle ne leur en veut pas, au fond. Que tout ce qui l'intéresse, c'est le frisson du grand saut, l'ivresse du plongeon. Je sais que c'est la cuirasse qu'elle revêt pour ne pas avoir à ressasser les souvenirs, l'armure dont elle se pare pour avoir l'air forte. Peut-être plus qu'elle ne l'est vraiment. Mais tout comme Zeke et Chalbo, Magdalena n'hésite pas une seconde quand il s'agit de se jeter dans le vide. Elle m'a dit que dans ces moments-là, il n'y avait plus à réfléchir, plus à penser hormis à la chute libre. Et c'était peut-être ça qui lui plaisait, au fond : mettre au placard la douleur, les doutes, et les mauvais souvenirs qui la hantaient.

Comme les deux autres bougres, Magda était un élément clé de notre formation. Avec leur ceinture d'Aérolithe, leur réacteur dorsal et leur parachute, ils pouvaient autant servir d'appâts que de rabatteurs. Il fallait les voir ouvrir leur voile pour ralentir tout d'un coup, avant de s'en défaire pour se positionner en poursuiveurs là où quelques secondes auparavant, ils occupaient la place de proies... Et en toute franchise, il fallait être un peu timbré pour faire ce qu'ils faisaient, parce que toute personne avec un brin de jugeote raccrocherait sa combi fissa après sa première valse face à un Léviathan. Je ricane soudain. En vrai, on avait tous un pète au casque pour se mesurer à des monstres pareils."
89deaad3-bd6d-4270-843c-ff025a83bcf9,ALT_CYCLONE_B_BR_73_C,Character,"Bravos Harpooner",,"Sans charge explosive, ces harpons n'entameront même pas le cuir d'Halua.",,SOLEDAD,"393 AC - Il y a deux types de harponneurs chez les chasseurs de Léviathans. Ceux qui restent sur les navires, et arment leur tourelle, et puis ceux qui maîtrisent l'Altération, et convoquent à eux leurs munitions. Il y avait un vague sentiment de sécurité à se trouver sur un navire, entouré d'une coque blindée. Mais d'expérience, plus grosse était la cible, plus vulnérable elle était. Se trouver sur un esquif, c'était se peindre une cible en plein milieu du front, et ce n'était pas un châssis de métal qui allait changer la donne quand en face, c'était un Léviathan qui fonçait droit sur vous. A contrario, les voltigeurs comme Veora et moi n'apparaissions même pas sur le radar de ces mastodontes. On n'était pas plus gros qu'un moustique pour un humain. Ou même un puceron.

Alors oui, on ne pouvait pas être plus exposé que ça. Tout ce qu'on avait, c'était au mieux une veste rembourrée. Et en vérité, beaucoup d'entre nous ne prenaient même pas la peine de l'enfiler, parce qu'en plus de gêner nos mouvements, ça ne servait à rien, ou autant que la carapace d'une fourmi, lorsqu'elle se fait écraser par une botte. La seule véritable défense qu'on avait, c'était la confiance qu'on avait les uns en les autres. Dans n'importe quelle situation, je savais que je pouvais compter sur elle, comme elle savait qu'elle pouvait s'appuyer sur moi les yeux fermés. Mais contrairement aux fourmis, on avait des charges explosives de tout calibre ou toute utilité : têtes incendiaires ou à pénétration, projectiles à ondes magnétiques ou têtes chercheuses..."
a04b6fb1-cbd7-43a7-a1b6-fedae15d5f27,ALT_CYCLONE_B_BR_74_C,Character,"Priya, Bravos Signaler",,"« L'objectif est simple : attirer Halua ! » - Sol",,SOLEDAD,"393 AC - Les fragments d'Aérolithe flottent au-dessus des îles suspendues alors que le jour se termine. Magda a retiré son casque, et est en train de ranger son parachute, les cheveux pleins de sueur collés sur son front. Veora baille à côté de moi tout en sortant une barre énergétique de la poche de son veston, l'oreille vissée au combiné radio. Priya me lance un regard, et j'acquiesce. Elle se lève alors, et s'étire, avant de dégoupiller son fumigène. Le flambeau embrase la pénombre d'une lueur orangée qui vire au rose, tandis que les fumées colorées dérivent à travers les petits îlots morcelés. Elle lève le poing, et l'agite en direction du remorqueur Axiom qui est en train d'amorcer sa descente. Avec ces nouveaux stocks, on allait pouvoir lancer la prochaine phase du plan...

Cela faisait plusieurs jours que la lancière était mobilisée pour indiquer aux Axiom les gisements de pierre de vol. D'ordinaire, elle utilisait ses talents pour marquer les Léviathans, pour qu'on puisse en tout temps savoir où ils étaient, qu'importe la densité des nuages. Dans quelques jours, elle serait sur le front, afin de guider le VAE Tempest vers le lieu de l'embuscade... Et elle y était préparée, comme nous tous. À chaque fois qu'on était déployés, elle embrassait un bijou suspendu à son cou, soigneusement caché sous ses amples écharpes. C'était un pendentif à clapet, qu'elle ouvrait parfois religieusement quand nous étions en partance ou bien dans nos chambrées, mais je ne savais pas ce qu'il contenait. Probablement la photo d'un proche, et la raison de sa présence parmi nous."
871b70d4-19e2-4231-8717-2bf054b9dbfb,ALT_CYCLONE_B_BR_75_C,Character,"The Hare",,"« Qui va à la chasse perd sa place ! »","Le Lièvre est l'un des deux protagonistes du conte ""Le Lièvre et la Tortue"", de Jean de la Fontaine, fabuliste français du XVIIe siècle. Cette fable prend corps autour d'une course entre un lièvre et une tortue. Cette dernière est le symbole de la lenteur tandis que le lièvre est celui de la vitesse. Or, contre toute attente, la tortue l'emporte. Elle a la conviction de sa faiblesse, et son adversaire à l'illusion de sa force. La moralité de cette fable — ""rien ne sert de courir, il faut partir à point"" — signifie que si l'on est déterminé, on peut atteindre son but en persévérant.",KOJO,"393 AC - Il disait quoi déjà, Waru ? ""Pas s'appesantir sur les faiblesses mais capitaliser sur ses forces"" ? Il m'a dit que j'en avais quatre. La plus évidente, c'était Boo. Je savais que je pouvais compter sur lui comme personne, et ça, c'était mon atout majeur. La deuxième et la troisième, probablement mon agilité et ma vitesse, même si je sais pas laquelle passe avant l'autre. Quant à la quatrième... aucune idée. Mais en attendant de le découvrir, il fallait pas que je laisse de côté ce pour quoi j'étais bon. Fallait pas que je m'empâte. Atsadi, lui, il avait ses bretteurs et ses spadassins pour lui servir de sparring-partners. Et moi, j'avais aussi l'embarras du choix, au final : Phidippidès, le Lapin Blanc, et maintenant le Lièvre... Bref, toute une ménagerie. Je ricane, pourquoi pas un hérisson ou un géocoucou tant que j'y suis ?

Quand j'ai lancé les paris contre l'Eidolon, avec un Fleuron kélonique pour mise, ça me semblait une bonne idée pour décompresser tout en ajoutant un peu de piment. Mais là, sept minutes dans la course et toujours derrière, je commence à m'en mordre les doigts, parce que je sais vraiment pas comment réduire la distance. Et le pire dans tout ça, c'est qu'il se paie ma tête, le bougre, faisant des saltos, des détours, des pauses pour me narguer... ""Si tu dois te focaliser sur des faiblesses, préfère celle des autres."" Les mots de Waru me reviennent en tête, et tout devient clair. Les Eidolons étaient toujours prévisibles, quelque part, reproduisant parfois le même schéma, tel que les histoires le leur dictaient. Et le Lièvre était connu pour une chose avant tout, hormis sa vitesse..."
f6158ecf-d1ab-42bb-8978-06a6ed4a48a4,ALT_CYCLONE_B_BR_76_C,Character,Beowulf,,"« Chacun de nous doit subir la mort ; que celui qui le peut se couvre de gloire (avant la fin) ! » - Beowulf","Héros d'un poème épique de la littérature anglo-saxonne, Beowulf est un guerrier geat qui se présente à la cour du roi danois Hrothgar pour l'aider à occire le monstre Grendel, qui terrorise la région. Après s'être ainsi illustré, il regagne son pays, pour se mettre au service du roi Hygelac, à qui il succédera sur le trône. Au terme de sa vie, il mène un dernier combat contre un terrible dragon, qu'il parvient à tuer, avant de lui-même mourir de ses blessures.",SOLEDAD,"393 AC - Je me laisse tomber en arrière, esquivant in extremis la ruade. Une fraction de seconde, je me vois me refléter dans les pupilles de l'abomination, puis je plante ma lance dans le côteau herbeux afin de me soustraire à son attaque. Je souris tandis que le Léviathan éventre l'atoll. Car en contrebas de la colline, l'Eidolon que j'ai manifesté est prêt. Il est le pourfendeur de Grendel, le tueur de sorcière, le matamore de dragon... En rugissant, Beowulf frappe son bouclier du plat de sa hache, avant que cette dernière ne s'embrase. C'est lui qui va réceptionner la charge. D'un revers de sa targe, il envoie valdinguer un roc aussi gros qu'un auroch. Puis sans crier gare, il bondit face à la raie Manta, abattant le tranchant de son arme comme une guillotine.

Le coup taillade l'épiderme d'Halua, laissant une traînée sanglante dans son sillage. Le guerrier geat glisse sur la surface lisse et huileuse du monstre, avant de s'élancer à nouveau pour asséner le coup de grâce. Je serre le poing, alors que semble enfin sonner l'hallali. Tout à coup, ce qui ressemble à un nuage percute de plein fouet le héros. J'écarquille les yeux, en voyant l'expression paniquée du dotouffu. Le mouton nébuleux bêle à tue-tête, comme s'il se demandait, comme moi, ce qu'il faisait là, au milieu du champ de bataille. Je serre les dents en voyant la fenêtre se refermer, et l'aiguillon caudal du Léviathan fondre sur mon Eidolon comme un fouet. Beowulf pare le dard au dernier moment, mais le mal est déjà fait..."
9962bbe7-d937-4b31-ae82-604ecd21a558,ALT_CYCLONE_B_BR_77_C,Character,"Halua, Raging Leviathan",,"Sa furie nous barra la route.",,HALUA,"393 AC - Même à des kilomètres, je peux la sentir imprégner leur chair. Des effluves capiteux et sucrés qui dérivent dans le sillage de leurs navires chétifs, de leurs embarcations de fortune. Ils sont comme les autres. Des sangsues, des parasites, tout juste bons à ponctionner le suc jusqu'à ce que la pousse flétrisse. Je les vois qui grignotent, comme une nuée de sauterelles. Ils se posent sur une île et creusent, rongent, dévorent la pierre veinée de rouge jusqu'à ce que l'atoll cesse de voler. Il s'abîme alors sous les nuages, faisant disparaître le biome tout entier, privant les oiseaux de leur terrain de nidification, d'une étape de leur migration. Ces humains… Ils volent sans rendre, ignorant la dévastation qu'ils causent. Des nuisibles. 

Comment ai-je pu leur faire confiance ? Ils m'ont vu naître. Ils m'ont témoigné de l'affection. Mais c'était pour mieux me berner. C'était pour mieux m'évincer. Et cette tribu humaine ne vaut pas mieux que la précédente. Non, ils ne doivent pas arriver à bon port. Je ne dois pas le permettre. Alors je les suis, caché au sein des nuages. Et j'attends patiemment. J'attends qu'un vaisseau s'écarte des autres, pour l'isoler du reste du troupeau. Pour le briser, le réduire en miettes, pour l'attirer de par le fond. Pour le faire disparaître corps et âme, d'une simple pichenette. C'est tout ce qu'ils méritent. Que disaient-ils, déjà ? ""Qui sème le vent..."" Oui, je m'assurerai qu'ils récoltent leur dû, en me faisant tempête, en faisant rugir ma juste colère."
9ed85447-9900-4035-9e88-427d2200a9b4,ALT_CYCLONE_B_BR_78_C,Spell,"Sol's Hunt",,"« Je l'arrêterai avant qu'il sème la mort ! » - Sol",,SOLEDAD,"393 AC - Combien de temps a-t-on joué au chat et à la souris ? À tour de rôle, on a fait office de proies ou bien de prédateurs... Ici, une embuscade, là, une traque. Je sais que certains trouvent dans ce genre de face-à-face un respect mutuel. Celui qui lie le chasseur et le chassé. Mais je ne suis pas de celles qui se laissent aller à ce genre de divagation romantique. Quoi qu'en disent les Hellequins Muna ou les veneurs de pacotille, quand on affronte la bête, il n'y a pas de respect à avoir. Il n'y a qu'une issue possible : tuer ou être tué. Pas de sentimentalisme, juste une froide évidence, une vérité crue et pragmatique : le seul langage des Léviathans, c'est la loi du plus fort.

Alors je resserre mes doigts autour du manche de mon harpon. Ma main ne doit pas trembler. En contrebas, les explorateurs des Corps expéditionnaires ont été déployés dans les ruines, et ils sont à la merci du monstre. Déjà, les appendices d'Halua émergent de ses nageoires, crépitant d'énergie bleutée. C'est le signe qu'il va cracher son plasma, et tout ravager sur son passage. Lui ne craint pas de plonger dans la Mer de Nuages et le Tumulte qu'elle recouvre. Il s'est gorgé jusqu'à la lie. Dérivant sur ma planche à réaction, je conjure autant de Mana que je le peux. Je dois l'atteindre avant qu'il ne finisse de concentrer le sien. J'en appelle au feu. J'en appelle à la fureur. J'en appelle à Rouge. Et je bondis."
cfa77fe5-9a5e-4bb1-90b7-4f27c94e1897,ALT_CYCLONE_B_BR_79_C,Spell,"Bravos Signet",,"Courage et surpassement.",,INCONNU,"384 AC - Nous sommes Bravos. Le courage, l'exploit, la camaraderie... on les a dans la peau ! On les arbore fièrement, comme un défi, un emblème, un avertissement. Par l'encre, par la braise, dans chacune de nos cicatrices, il y a une histoire. Indélébile. Nous sommes Bravos. C'est une revendication, un engagement entier qui ne peut être renié. Pas de marche arrière, toujours vers l'avant, vers la nouvelle épreuve, le nouvel obstacle. Nous sommes Bravos, et nos tatouages racontent qui on est. Le passage de l'aiguille n'est que le rappel de ce à quoi on a dû faire face, ce qui nous a marqués, ce qui nous a définis. La douleur n'est qu'un écho, une réminiscence, et aussi un moyen de revivre l'adversité dans le creuset de son âme.

Quand je tatoue un athlète sur la cuisse, il a vécu bien pire à l'entraînement. Quand je tatoue le nom d'un défunt au-dessus du cœur, c'est la promesse que les survivants se souviendront. Quand on est Bravos, on clame sa vie haut et fort, à qui veut l'entendre, et parfois, dès le premier coup d'œil. Sous l'aiguille se dessine la rage, la résilience, le triomphe, les revers. Car les haut faits sont toujours des brûlures éternelles, rougeoyantes, vivantes, aussi vives que les déconvenues. Sol prend place en face de moi. Elle a grandi, la petiote. On m'a raconté que lors de son Imhallat, c'est le Chaperon Rouge qui lui avait témoigné son soutien. Elle aussi est Bravos, désormais. Et cette vérité, je vais la lui graver dans la chair."
46c58b39-c173-4b53-b6d9-d350464a7953,ALT_CYCLONE_B_BR_80_C,Spell,Rage,,"« Si sa furie ne tarit pas, il aura tôt fait de goûter la mienne ! » - Sol",,HALUA/SOLEDAD,"393 AC - Misérables humains. Vous n'êtes rien. Vos lances ne sont que des échardes. Vos entailles, de simples égratignures. Vos obus, de vulgaires postillons. Vous n'êtes que des parasites tout juste bons à vouloir soumettre, à extorquer, à abuser. Je vous écraserai comme tels. Il n'y aura pas de paix possible, tant que vous continuerez à vous repaître de la sorte. Sans retenue, sans conscience. Votre appétit est celui d'un ogre, que rien ne peut assouvir. Vous ne savez que maltraiter, exploiter et brimer. Je vais vous faire goûter au désespoir, vous faire ressentir au centuple les ravages que vous infligez autour de vous. Non, il n'y aura pas de paix, tant que vous le brutaliserez de la sorte !

C'est ça, approche donc. Allez viens, je t'attends ! Je carre mes pieds dans le sol, tandis que des secousses agitent toute l'île volante. Halua rase la surface de l'îlot, comme une sole plonge dans le sable. Mais ce n'est pas pour se dissimuler, bien au contraire. Il étête des montagnes, pulvérise des collines, aplatit des étendues forestières entières sur son passage. Droit vers moi. Sa bouche est grande ouverte, comme pour m'avaler ; ses nageoires battent la mesure et déclenchent des séismes. Ses yeux sont des bouches à feu où brûlent des brasiers ardents ; sa queue s'abat comme une cravache sur tout ce qui se trouve dans son sillage... Et je serre les dents face à cette ruée. C'est comme regarder la mort droit dans les yeux."
a94a40e2-ae99-4ac5-aad5-ca4f8d4e4800,ALT_CYCLONE_B_BR_81_C,LANDMARK_PERMANENT,"Parliament of Ashes",,"Pour les défunts, un lieu de repos éternel, pour le Phénix de Rune, le nid de sa renaissance.",,BASIRA,"393 AC - Je contemple l'Œuf du Phénix, celui qui siégeait jusque-là au sein du Parlement des Cendres, sur son lit de braises. Sitina m'observe sans broncher, alors que je commence à réaliser l'ampleur de son geste. Non, ce n'est pas l'action d'une personne isolée, mais celle d'un groupe coordonné. La Garde Phénixienne, l'élite des Bravos, les héritiers autoproclamés de Rune. Je saisis l'Œuf, toujours couvé de flammes. Son contact est tiède, comme s'il irradiait sa propre chaleur et absorbait celle du feu en même temps. Pendant un instant, j'ai l'impression de me retrouver au sein du Parlement, entourée de gradins et de catafalques poussiéreux. Parmi les urnes des défunts. Nos morts étaient les gardiens de cet Œuf, et maintenant, ils ne veillaient plus sur rien...

La Danseuse de lames semble sentir mon malaise, et pose une main sur mon épaule. Qu'avait-elle dit, déjà ? Lui trouver un porteur ? Quelqu'un à qui le confier ? Ce ne pouvait être moi, même si c'était son intention initiale quand elle était venue me trouver. Non, j'avais mes propres démons, et trop de questionnements. Je m'étais étonnée moi-même, quand j'avais refusé la proposition de Sol. Elle m'avait traitée d'hypocrite, et au fond de moi, je savais qu'elle avait raison. Je l'avais accusée de vouloir se venger, alors que c'était ce à quoi j'aspirais moi-même. Mais voir sa rage m'avait pétrifiée. En la regardant haranguer la foule, je m'étais vue moi-même, et j'avais ressenti de la honte. Non, je n'étais pas digne d'être la porteuse. Cet honneur devrait aller à quelqu'un d'autre..."
24e69527-35eb-4b88-a076-c2526c61ded2,ALT_CYCLONE_B_BR_82_C,LANDMARK_PERMANENT,"Flying Dockyard",,"« L'heure de la chasse a sonné, larguez les amarres ! » - Sol",,SOLEDAD,"393 AC - Je frappe du poing la surface lisse de l'entrepôt. La paroi est blanche, et dure comme le marbre. Sauf qu'elle est parcourue de petites veinules d'or terni, comme si le roc était doté d'un réseau sanguin. De la Sève, bien entendu, même si elle semble ici inactive. Tous les bâtiments, quais d'amarrage et pontons de cette forteresse en sont affublés, contrastant avec le rouge-rosé de l'Aérolithe. Peut-être que ce lieu était une citadelle ou un relais quelconque à l'époque, mais il avait été abandonné depuis des lustres. Par qui ? Je laisserai aux archéologues de l'Ordis le soin d'y répondre, quand ils prendront la peine de débarquer. En attendant, c'est notre Faction qui y a planté son drapeau, et en a fait sa base avancée.

Je peste intérieurement en me remémorant le conciliabule qui vient de se terminer. Par deux fois, on avait croisé le fer avec Halua, et par deux fois, il nous avait échappé. Ça n'avait pas été des échecs cuisants, mais le résultat était le même : il rôdait toujours et continuait de s'en prendre à nous... J'avais proposé un nouveau stratagème, plus ambitieux, et même s'il avait été accepté, les autres capitaines m'avaient clairement fait comprendre, à demi-mot, que c'était la dernière chance pour l'Ascalon. Braise. Un zeppelin chargé d'Aérolithe passe soudain sous la passerelle, probablement en partance pour le Quadrant Illyrien ou Macédonien. Espérons que les Axiom ne verront pas d'un trop mauvais œil la réquisition qui va leur être imposée pour qu'on puisse jouer notre va-tout..."
031ffa53-0f17-48b5-ba2d-c1af30609e8f,ALT_CYCLONE_B_BR_83_C,Token,Halua,,"Si proche de son adversaire qu'elle en devint son amie...",,SOLEDAD,"393 AC - Voir à travers les yeux de quelqu'un d'autre et essayer de comprendre. C'est ce que tu me disais de faire. Je me souviens que tu m'avais prise sur tes genoux quand j'étais rentrée de l'école, pour me demander ce qui n'allait pas. Je t'avais répondu que c'était encore Hossam qui m'avait embêtée, en me poussant, en me tirant les cheveux. Et comme d'habitude, j'étais partie au quart de tour, au point que la maîtresse avait pris rendez-vous avec papa et maman pour régler la situation. Tu m'avais demandé ce qu'il avait fait, et tu m'avais dit qu'il essayait peut-être d'attirer mon attention. J'avais suivi tes conseils et essayé de le comprendre, et vu que tu avais raison. Quelques jours plus tard, on était devenus inséparables...

Je ferme les yeux et m'ouvre à Halua. Je suis avec lui, en lui, alors qu'il survole les étendues du Quadrant Thessalien. Je sens encore son trouble, tandis qu'il sent ma présence. Petit à petit, ses souvenirs entrent en moi. Et les miens affleurent dans son esprit, comme des bulles qui, en éclatant, relâchent des impressions, des réminiscences diffuses qui gagnent en clarté au fil des jours. Il avait vécu et grandi parmi les humains. On l'avait traité d'abord avec bienveillance, et presque vénéré, avant de le chasser quand il était devenu gênant. Il était un protecteur, et on l'avait dépouillé de sa raison d'être, de sa charge, de sa fonction. Désormais, je voyais à travers ses yeux, et j'avais commencé à comprendre..."
f9684644-108c-49bf-8304-f93921563d42,ALT_CYCLONE_B_LY_65_C,Hero,"Nadir & Bubbles",,><((((°>,,,
8b9c23fb-219d-42fe-872e-7a79be7efc24,ALT_CYCLONE_B_LY_66_C,Character,"Mountain Guide",,"Pas mieux qu'une marmotte pour crapahuter dans ces rizières suspendues !",,FEN,"393 AC - J'espère que Crowbar a pu avancer de son côté, car du nôtre, on a dû faire machine arrière pour s'abriter des éléments. Un vent doux dans le lointain peut se muer en déluge caustique à des lieues de là, dit-on souvent, et la pluie qui s'est abattue sur nous en est le témoignage parfait. Je sors la tête en constatant que la pluie s'est un peu calmée, posant mon regard sur les paysages désormais teintés de brume. Cette dernière dérive le long des cultures en nappes denses et indolentes... Mais quant à savoir si cette accalmie est passagère... Il n'y a qu'un moyen d'en avoir le cœur net. Enfin, plusieurs, mais celui-ci est multifonctions, et avec le Mana qu'il me reste, il faut que j'optimise.

D'une pensée, je matérialise une marmotte. Un temps, je me demande s'il serait bon de lui allouer des bottes de pluie, mais je me ravise. Un parapluie et du matériel d'escalade seront bien plus utiles. Elle m'observe, et grogne légèrement quand je la presse vers la sortie. Les histoires disent que les Anciens avaient une croyance tenace : lorsqu'une marmotte sortait de son terrier — ici, cette grotte fera l'affaire —, si elle voyait son ombre, ça voulait dire que le froid allait continuer et qu'elle allait se recoucher. Si elle ne la voyait pas, c'est que le beau temps était au coin de la rue. Elle est à l'entrée de la cavité, et me regarde avec insistance. Je croise les doigts. Allez, petite. Elle fait un pas."
a1833203-bce0-4d88-a460-f8d4db5b9c1c,ALT_CYCLONE_B_LY_67_C,Character,"Sticky Shroom",,"Appuyer sur le champignon, c'est plus difficile quand il colle aux basques.",,NEVENKA,"393 AC - C'est pas vrai ! Ça arrive qu'à moi ce genre de trucs débiles. C'est un peu comme quand je me baladais dans les rues d'Arkaster, durant la saison chaude. T'es là, t'avances tranquille, en sifflotant. Tu demandes rien à personne. Et paf, tu marches sur un truc gluant et collant, tout fondu, et t'en as pour l'aprèm à le décoller de ta semelle parce que quelqu'un a pas lu le manuel d'utilisation d'une poubelle. Bah là, c'est pareil. Je me balade tranquille, péperlito, essayant d'éviter les flaques, et scroutch. Un truc tout coloré, tout flashy, et bien gélatineux comme il faut. Est-ce que j'avais besoin de ça, Blotch ? Hmm ? Un commentaire constructif ? Déjà que j'avais Auraq aux basques pour je sais pas quelle raison...

Le Muna qui nous accompagne a explosé de rire, avant de me préciser que c'était la saison des amours pour ces têtes de bolets dont je me contrefiche du nom vernaculaire. Au début, j'ai pris ça à la rigolade, j'ai trouvé ça choupi. Tout dégoulinant d'amour, en filaments gluants et poisseux. Mais ça va deux secondes, les mamours. Je déteste quand ils sont collants et bisous-bisous comme dans une mauvaise sitcom, et celui-là, il est presque pire que Nosk quand il a trop bu. Alors là, je suis en train de le mater en train de faire des câlins à mon pied. Je l'imagine en fricassée, à la poêle, avec de l'ail et des fines herbes. Je me vois en train de lui présenter Rin, parce que celle-là est toujours à la recherche de nouveaux ingrédients. Allez, vas-y, ose toucher mon mollet, tête de girolle. Ose."
7e82c483-4232-4a53-abac-ac503a36ab02,ALT_CYCLONE_B_LY_68_C,Character,"Sea Nymph",,"D'un filet d'eau, elle façonne des marées tourmentées.","Nymphes marines qui composent — à dos de monstres de mer, de dauphins ou d'hippocampes — le cortège du dieu Poséidon, les Néréides sont des esprits élémentaires qui symbolisent le mouvement de la mer. Fières et vindicatives, et au nombre de cinquante, on les dit toutes filles du dieu Nérée et de l'Océanide Doris. C'est en leur nom que Poséidon exigea de Céphée et de Cassiopée le sacrifice d'Andromède, princesse d'Ethiopie.",NADIR,"393 AC - Je soupire en regardant la grande étendue d'eau. Bubbles, lui, fait des pirouettes dans l'eau, en laissant des traînées mauves derrière lui, mais moi, ça m'arrange pas du tout. Je pourrais marcher dessus, mais j'aime pas du tout la sensation de vertige que ça me fait ressentir, donc il faut que je trouve un autre moyen. Je passe en revue dans ma tête tous les tableaux maritimes que je connais : exit ceux de tempêtes (Aivazovsky, van de Velde le Jeune) , pareil pour Le Radeau de la Méduse et Impression, soleil levant, qui ne m'aideront pas des masses... Pourquoi pas Van Gogh et La Mer aux Saintes-Maries... Mais soudain, ça devient une évidence. Je convoque une Néréide, pour m'aider à peindre ce que je souhaite.

Elle émerge des eaux, comme un récif corallien prenant vie. Autour d'elle, les vagues semblent se solidifier et se dessiner en trompe-l'œil. Je me remémore les estampes japonaises, la houle en aplats de couleurs, en deux dimensions. Et bientôt, le lac se transforme en décor de théâtre, tout en panneaux amovibles, et qui bougent à droite à gauche, comme tirés par des cordes invisibles. Hokusai et Hiroshige, ondées bordées d'écume blanche... Bien content du résultat, je me mets à marcher sur le sol sablonneux, passant entre les rouleaux figés. Dans l'envers du décor, le dos des panneaux est fait de bois et de menuiseries, comme si on était sur les planches. La nymphe me sourit et me caresse la joue quand je passe à côté d'elle..."
407d0941-5687-4e9b-a750-58215f0bc087,ALT_CYCLONE_B_LY_69_C,Character,"Lyra Mapmaker",,"Quand la carte recouvre tout le territoire, lequel est le plus réel ?",,NADIR,"393 AC - Je m'applique, parce que j'ai pas envie que Zahira me dise de recommencer. Du coin de l'œil, je la regarde faire : elle consulte mes croquis, avant de reporter son attention sur le grand vélin qui est déroulé devant elle. On lui a demandé de dessiner la carte du Quadrant Thessalien, avec ses rizières colorées, sa topographie en terrasses, son atmosphère moite. Zahira étant plus à l'aise dans son atelier, c'est par les cartes qu'elle voyage. Et ça m'arrange bien, parce que moi, je préfère crapahuter dehors que rester enfermé. Alors je prends tout mon barda de géomètre — trépied, cannes, station de visée et prismes réflecteurs — et je suis la troupe des explorateurs pour faire des relevés, et remplir mon carnet de voyage par la même occasion.

Elle sourit tout en saisissant sa plume de ses mains tachées d'encre. Elle a probablement dû lire une de mes annotations. Ça la fait souvent rire parce que je mets dans mes notes de bas de page tout ce que j'ai pu voir : oiseaux bizarres, trucs étranges, phénomènes chelous, et aussi les blagues que raconte Alisca, quand elles sont un peu drôles. Habituellement, au sein d'une caravane, c'est le Bergerot qui se charge des tâches d'Encrier, mais pas sur le Wayfarer. C'est Zahira qui s'en charge, probablement parce que Sadeli est pas très douée de ses mains... Enfin, je dis ça mais y'a encore du chemin avant que j'arrive à peindre comme Zaza. Je sais même pas si j'y arriverai un jour, parce que j'aime trop faire l'école buissonnière. Surtout quand ça me permet de voir les Exalts en action !
"
abe1721a-9970-4cc1-a637-4f524b4fe888,ALT_CYCLONE_B_LY_70_C,Character,"Mountain Nymph",,"D'un simple caillou, elle façonne un joyau rutilant.","Les Oréades sont les nymphes des montagnes et des grottes, dont les plus célèbres se nomment Echo, qui tombe amoureuse de Narcisse ; Sinoé, la nourrice de Pan ; Œnone, la première épouse de Pâris ; ou bien Chélone, changée en tortue par Hermès. Sœurs des Curètes et des Satyres, elles forment le cortège d'Artémis, et sont de ce fait des chasseresses, en plus d'être les divinités tutélaires des cimes.",NADIR,"393 AC - Je suis en retard, et je vais me faire gronder si je me dépêche pas. Par Zaza, mais aussi par papa et maman. Je sais que ça a été dur d'accepter la décision de la Matriarche, et de me laisser partir tout seul sur la terre ferme. Mais bon, Bubbles et moi, on est un Exalt, maintenant. J'ai encore du mal à y croire, d'ailleurs. On avait tous suivi de loin le départ des forces d'exploration. La Porte du Solstice qui s'ouvre, Kojo et le Kraken, la libération de Kuraokami... Alors quand le Clan avait reçu l'appel, ça avait été un choc total. Et puis quand la Matriarche m'avait convoqué dans son bureau, à notre arrivée, ça avait été un choc encore plus grand.

Mais c'est pas en pensant à ça que je vais arriver plus vite. Si je suis pas bientôt au point de rendez-vous, ça va barder sévère. Il va falloir que je dévale à montagne à vitesse grand V, comme dit Kojo, et le meilleur moyen d'arriver en bas, c'est évident que c'est un glissement de terrain. J'appelle une Oréade, parce qu'il y a pas mieux pour me donner un coup de main. De toute façon, la règle était claire : tant que je maîtrisais pas totalement l'Altération, j'étais obligé de demander au moins la surveillance d'un Eidolon. De mon pinceau, je peins des rochers, qui lorgnent un peu du côté d'August Macke. Grâce à la nymphe, je vais pouvoir contrôler l'éboulement et surfer sur les pierres. Mais je devrais peut-être aussi me peindre un casque, parce qu'on sait jamais..."
5d109043-c033-4c3c-b5ea-2bbbcee488e4,ALT_CYCLONE_B_LY_71_C,Character,"Forest Nymph",,"D'une graine innocente, elle façonne des forêts sauvages.","On distingue deux types de Nymphes des arbres et des forêts : les dryades et les hamadryades. Si les premières sont liées aux étendues boisées dans leur globalité, les secondes partagent le destin d'un seul et même arbre, et meurent si ce dernier vient à périr ou à être coupé. Karya pour les noyers, Sykea pour les figuiers, Morée pour les mûriers, Balanos pour les chênes... En tout, elles sont au nombre de huit, et veillent chacune sur un type d'arbre.",NADIR,"393 AC - Zaza dit toujours que l'Art n'est en aucun cas une contrefaçon du réel, mais ce qui lui donne son sens. Que dans le réel, il n'y en a pas vraiment, au fond. Ce qui existe existe, un point c'est tout. Le travail d'un Altérateur, au contraire, c'est de faire l'opposé complet. C'est de créer du sens pour le manifester dans le monde. Pour les Lyra, le Tumulte a toujours été une sorte de vivier, avec des idées en l'air. Genre, littéralement. On les cueille comme des fruits, et on compose, comme un peintre avec des couleurs. Il faut les mélanger, et puis on les étale sur la réalité, avec le Mana comme fixateur. Papa dit souvent que les choses ont changé : que le réel ne précède plus l'Art, mais que c'est presque l'inverse, désormais.

Zaza m'a posé une colle, la dernière fois. Elle m'a demandé ce qu'on était. Humains, Eidolons, Chimères... Qui venait avant ? Comme l'œuf et la poule. Elle m'a donné un indice, cependant. Si une Chimère pouvait garder sa forme en fonction du regard des autres, et que les Eidolons changeaient en fonction de l'imaginaire de chacun, est-ce que c'était pas aussi la même chose pour les êtres du réel ? Je regarde la dryade, qui a pris place dans le creux d'un arbre pendant que je récolte du bois mort pour faire un feu. Je fais apparaître des feuilles de gouache pour les faire voleter autour d'elle, pour la remercier de me guider à travers la forêt. Suis-je plus réel qu'elle, au final ?"
58295a74-6eb0-421e-b0a6-fc4235510315,ALT_CYCLONE_B_LY_72_C,Character,"Lyra Aerialist",,"Le talent des Danseurs d'Étoffe, c'est d'utiliser chaque aspérité pour s'adapter à leur environnement.",,NADIR,"393 AC - Je les vois descendre depuis les hauteurs alors que je recueille un peu d'eau à la cascade, et que Bubbles fait trempette entre les rochers. Ils déroulent leurs rubans de couleur et se laissent tomber, parfaitement à l'aise dans les airs. J'avais déjà vu les voltigeurs du Clan Kasirga lors d'un précédent Kalann Mae, en plein milieu des Hauts de Makonis, après que le chapiteau de cirque eut été dressé. Leurs acrobates et trapézistes avaient fait leur show à grands renforts de roulements de tambour, avant que nos clowns ne leur succèdent avec leurs pitreries. C'était des moments rares, quand les Clans Lyra se croisaient tous, et ces précieuses parenthèses duraient jamais plus que quelques jours. Et à chaque fois, c'était synonyme de fête.

C'est pourquoi ça me faisait encore bizarre de pouvoir les côtoyer si longtemps. L'Ouroboros et le Wayfarer avançaient côte à côte, et il y avait de fréquentes navettes entre les deux Sahankas. Bon, j'avais toujours pas le droit de visiter les casinos Kasirga, mais maman m'avait déjà emmené deux fois au cirque. Mais le mieux, c'était quand même les veillées et les soirées pyjama avec les autres enfants. On se racontait des histoires, quitte à dormir tard, et on s'échangeait aussi des talents. Tiens, je te montre comment tenir sur une slackline, et toi, tu m'apprends à jongler... Ce genre de choses. Mais la réelle nouveauté, c'était la présence des gamins des autres Factions, et même ceux qui faisaient partie d'aucune Faction..."
03f22dc0-958c-44d3-9186-1f1c45f5b3ad,ALT_CYCLONE_B_LY_73_C,Character,Nuit,,"Disparaît le soleil, revient la nuit.","Déesse de la mythologie égyptienne, Nout est la personnification du ciel et du firmament, ainsi que de tous les phénomènes célestes. Mère des astres, protectrice de la terre, c'est elle qui enfante aussi Osiris, Seth, Isis et Nephtys, en s'unissant à son frère jumeau Geb, allégorie de la terre. Chaque soir, on dit que Nout fait disparaître le soleil en elle, avant de le faire réapparaître au matin, illustrant ainsi son voyage nocturne dans le ciel.",NADIR,"393 AC - Du bout des doigts, je frotte les poils de ma brosse pour projeter des taches blanches sur mon tableau, en guise d'étoiles. Puis je m'essuie la main sur mon tablier, et fait quelques pas en arrière pour admirer mon œuvre. Papa dit toujours qu'il faut regarder d'un peu loin pour se rendre compte de ce qu'on fait. Quand on est tout près, on se focalise trop sur les détails. On voit tous les défauts, les approximations... Mais ce qui compte, c'est la vision d'ensemble. Nout, en train de faire un câlin au soleil. Elle le berce, et va bientôt le recouvrir de son manteau d'étoiles et d'obscurité, afin d'amener la nuit. J'aime peindre. J'ai connu ça depuis que je suis tout petit. C'est peut-être pour ça que j'ai une imagination visuelle avant tout.

J'observe le tableau sous toutes les coutures. Si je veux appeler Nout et faire tomber la nuit, il faut que je puisse me remémorer la scène dans tous ses détails : les constellations, la lumière de l'astre, les lunes... est-ce que j'ai bien fait d'en représenter trois ? Je hausse les épaules. Si je veux lui donner plus de réalité, ce sera plus simple si tous les spectateurs comprennent direct qui elle est. Bon, note pour plus tard : rajouter des motifs dorés qui évoquent les dieux égyptiens... Et pourquoi pas montrer une éclipse en train d'avoir lieu ? Plutôt content de moi, je vais jusqu'à l'évier pour nettoyer mes pinceaux avec du diluant. Et au passage, je dis bien à Bubbles de pas nager trop près de ma croûte."
b8aada2e-7d4c-43ad-9849-44f029cb2ac5,ALT_CYCLONE_B_LY_74_C,Character,"Koi, Playful Leviathan",,"Son saut gracieux écarta les nuages, nous dévoilant la voie.",,NADIR,"393 AC - Sa silhouette chamarrée se reflète dans l'eau stagnante des rizières, gorgées d'eau après la récente pluie. J'ouvre grand les yeux pour pas perdre une seule miette du spectacle. Et quel spectacle ! Ses nageoires bariolées de couleurs pastel chassent les nuages à chacune de leurs ondulations, comme la dentelle ondoyante de celles d'un poisson combattant. Alors qu'il pirouette dans le ciel, comme les banderoles en forme de poisson qu'on déploie souvent au moment du Ryukkōsai, ses moustaches fouettent l'air autour de lui, comme celles d'un poisson chat. Mais on peut vraiment pas se tromper, le facétieux Léviathan a choisi avant tout l'apparence d'une carpe aussi grande qu'une montagne pour exprimer son existence dans le monde. Ses écailles irisées reflètent les rayons du soleil, et se mettent à chatoyer.

On dirait qu'il danse, ou qu'il fait sa parade nuptiale. Mais je sais qu'il est en train de jouer avec mon alter ego. Je peux d'ailleurs voir les points scintillants que forme Bubbles en tournant autour de lui, et le Koï gigantesque le suit allègrement, aussi curieux qu'espiègle. Chimères et Léviathans n'étaient pas si différents que ça, en fin de compte. Je savais pas encore si les autres humains suspectaient leur affiliation. Ils savaient sûrement que les deux étaient proches du Mana et du Tumulte, et pouvaient y patauger à loisir, comme si c'était un simple océan. Mais est-ce qu'ils savaient quelle était leur véritable nature, et quel était leur rôle ? Je sors mon calepin et mon fusain, prêt à croquer son ballet aérien. Il fallait que je le montre à Zaza."
f5a3d90b-9005-4165-8d1a-fb0aa10f7270,ALT_CYCLONE_B_LY_75_C,Character,Eris,,"100% des perdants ont tenté leur chance.","Éris est la déesse de la discorde dans la mythologie grecque. Fille de Nyx, elle est la sœur d'Arès, le dieu de la guerre. Elle est également la mère de nombreux enfants malfaisants : Ponos (la Peine), Léthé (l'Oubli), Limos (la Faim), Phonoi et Makhai (les Meurtres et les Combats), Dysnomie et Até (l'Anomie et le Désastre), Algea (les Douleurs), Hysminai (les Mêlées), Androktasiai (les Tueries), Neikea (les Querelles), Amphillogiai (les Disputes), Pseudologoi (les Mensonges) et Horkos (le Serment).",NEVENKA,"393 AC - Total respect. Le look. L'attitude. Le pouvoir. J'adore. Les déesses, ça envoie ! Quand t'es au fin fond... pardon... au sommet d'une île volante où y'a rien à part de la flotte qui tombe en permanence (et ça bousille toutes mes bombes de peinture... génial), ben l'intervention d'une déesse, ça sauve la mise. J'ai bien essayé de tout repeindre, mais sous la pluie, c'est pas terrible. On s'ennuyait à MOU-RIR. Alors bon, je me suis dit que c'était le moment de lancer des paris, histoire de décrisper tout le monde. Au début, les autres ont ricané quand j'ai proposé une partie de dés. Quand j'ai sorti les biftons, là, d'un coup, ça les a intéressés. J'ai dicté ma condition : amener une copine. Ils ont dit oui. Pfff, les idiots.

Éris est apparue, les ailes au vent, et s'est posée sur notre rocher, avec son sourire enjôleur. Et ni une ni deux, c'était parti pour les paris. Les dés ont roulé, l'argent a changé de mains. Le pactole grossissait. C'est qu'ils en cachaient dans leurs chaussettes, les coquins. Ha, et on dit que l'argent n'a pas d'odeur ! Ben si, un peu. Petit clin d'œil entre copines. Et là, m'sieurs-dames, l'enfer s'est déchainé. Elle a tout raflé en quelques jets. Il ne leur restait que leurs chaussettes (nan, nan, sans façon). Et là, ils se sont engueulés entre eux. Limite à se taper dessus. J'étais pliée de rire, à en avoir mal aux côtes. Ça faisait longtemps que j'avais pas autant ri dans une expédition. Et en plus on a partagé les gains... 50 % pour moi, et 50 %... pour qui de droit."
3ed7f163-efa2-47d7-8a63-a0d8a567fa9a,ALT_CYCLONE_B_LY_76_C,Character,Daikokuten,,"Celui qui refuse le risque certain ne rapportera pas de butin.","Daikokuten est la divinité japonaise du commerce, des échanges et de la richesse. Il est représenté sous l'apparence d'un homme rond et souriant, entouré de sacs de riz (symbole de félicité). Il tient sur son épaule un grand sac contenant la sagesse et la patience. Dans la main droite, il porte un maillet en bois (uchide no kozuchi) symbole de la vertu du travail.",NEVENKA,"393 AC - C'est bien d'avoir un sac de thunasse gagnée à la sueur de son front. Quoi ? Malhonnêtement ? Déjà, d'une, je te permets pas. Et de deux, les fourberies, ça demande une bonne dose d'effort et d'inventivité. Non mais, tu crois que je me tourne les pouces ? Oui, c'est bien à toi que je cause. Et dis à ceux du fond de garder leurs commentaires pour eux, hein ! Maintenant que j'ai votre attention, sachez qu'un larcin n'est jamais assez. Il faut savoir faire fructifier. Il faut savoir doubler la mise. Et c'est pour ça que... Je sors de mon sac une Effigie de Daikokuten et la pose sur le petit îlot. Oh, là encore, la dérober au nez et à la barbe — et bon sang qu'elle est longue — de ce satané Afanas n'a pas été une mince affaire.

La divinité se matérialise quand je fracasse la statuette, avec tout le toutim : sac à malice, maillet et ballotins de riz. S'il y a un dieu qui pourra me féliciter de mon ingéniosité, c'est bien lui. J'ai surpris au détour d'un couloir des savants Ordis parler de lui, et de certaines traditions le concernant que j'ai trouvées particulièrement à mon goût. Le fukunusubi, où le sport était de ""voler la fortune"" en dérobant une idole dans un temple sans se faire attraper, avant de la vendre au plus offrant par la suite. Autant dire que c'est un gars comme je les aime, parce qu'il sait très bien que qui ne risque rien n'a rien. Allez, aboule la maille, parce que j'ai suivi les consignes à la lettre !"
69b95fe8-0f6f-4289-9b9b-3bbda58ed524,ALT_CYCLONE_B_LY_77_C,Spell,"Lost in the Riptide",,"Voilà pourquoi il faut lire la carte...",,NADIR,"393 AC - J'attrape la nageoire de Bubbles pour me laisser entraîner, parce qu'il faut pas perdre une seule seconde. Déjà, sur la corniche, les trois Eidolons doivent se cramponner pour pas se faire emporter par la déferlante. Avec Zaza, on avait pourtant bien indiqué que le lieu était dangereux ! À intervalle régulier, des courants de gravité venaient subtiliser l'eau accumulée sur les archipels, pour constituer les grandes sphères d'eau du Quadrant Thermaïque. Mais il faut croire que certains n'ont pas écouté, ou n'ont pas bien lu la carte ! De tout là-haut, je vois les Trois Petits Cochons lutter comme ils peuvent pour pas être aspirés. Ils se sont débarrassés de leurs sacs et de leurs paquetages, délestés de leur matos méga-encombrant, mais ça semble clairement pas suffire...

Au fond de moi, je sais que ce sont que des Eidolons, et qu'ils craignent rien. Hormis de se souvenir d'une très mauvaise expérience et que ça devienne un schéma pour eux. Mais on est un Exalt, maintenant, et ça, ça change tout. On doit se comporter comme des héros ! Qu'est-ce que feraient Sigismar et Wingspan ? Et Kojo et Booda ? C'était mes duos préférés. C'est la question que je m'étais posée avant de me jeter dans le bain, et c'était clair qu'ils y seraient allés sans hésiter. C'est pour ça que je devais les imiter, même si on allait sûrement me passer un savon pour ça. Parce que là où il y avait un grand pouvoir, il y avait aussi une grande responsabilité !"
b50b96c2-aacb-4eb5-bdb1-b5ab5ea280fd,ALT_CYCLONE_B_LY_78_C,Spell,"Lyra Signet",,"Création et transformation.",,INCONNU,"""Il part dans le néant, où tout n'est que chaos ;
Entrant dans le Tumulte, il en accepte l'essence ;
Mieux, il s'en réjouit, lui confiant tous ses sens ;
Il laisse pénétrer l'énergie, dans son âme, sur sa peau ;

À l'instant, sur le vif, la mutation s'opère ;
L'initié enthousiaste, comprend que sa nature ;
Loin d'être figée, unique, n'en est qu'une signature ;
Multiple et changeante, sans cesse se régénère ;

Il accepte le fardeau de sa vive mutation ;
Signe de sa Faction, source de son pouvoir ;
De tous il souhaite la joie, ainsi que les émouvoir ;
De la magie qu'il crée, l'art est son expression ;

Revenu de ce voyage, dans une dimension autre ;
Il veut louer l'Ignescence, la force du changement ;
Au regard de la puissance de ses sentiments ;
Du Tumulte sculpté, il en devient l'apôtre."""
692403be-e180-4d4b-aae3-d20c1c66a66f,ALT_CYCLONE_B_LY_79_C,Spell,"The Western Wind",,"Inutile d'aller contre le Vent.","Dans la mythologie grecque, Zéphyr est le dieu du vent d'ouest. On voit en lui un vent favorable, chaud et léger, qui peut ralentir ou développer les récoltes. Fils des Titans Astréos et Éos, il fait partie des 8 vents directionnels, les Anémoi, qui comptent aussi Euros, Caecias, Notos, Apéliote, Lips, Borée et Sciron.",CROWBAR,"393 AC - Je grommelle en regardant le cygne bleu disparaître à l'horizon, clairement en avance, me demandant à quel point il est le dépositaire du Zéphyr. Le vent, hein, on s'entend. Par son nom, il l'est sûrement. Mais outre cela... Ha ha, une outre est précisément ce dont j'ai besoin. Celle d'Éole. Hé, Fen, un coup de pouce serait pas de refus. S'il y a quelqu'un pour susurrer des mots doux au Vent, c'est bien toi, poulette ! Je crie à la joyeuse troupe de traînards de s'accrocher à leur pébroc, tandis que le vent se met à tourner, d'abord timidement, à travers une brise légère et tiède. Puis les rafales se font plus fortes et plus précises. Attention, ça promet de secouer, les cocos, alors cramponnez-vous bien !

Les visages interloqués de mes compagnons passent du questionnement à l'inquiétude quand je fais apparaître dans les mains de chacun un parapluie coloré. La soudaine bourrasque nous propulse vers l'avant comme un tas de feuilles mortes en automne, tandis que de son côté, ma moitié se carapate pour se mettre à l'abri. Je me déleste de mon costume pour étendre mes ailes, clairement plus adaptées à la situation qu'un lourd blouson de cuir. Allez, plus fort ! Encore plus fort ! On a un volatile à rattraper, sacrebleu ! On a juste à profiter du souffle, au moins jusqu'à ce que le vent tourne, comme une gouvernante sautant d'un cerisier. D'autant que pendant une fraction de seconde, j'ai senti quelque chose me fixer depuis sous les nuages..."
44ac79e0-9338-437a-b07f-18e28111f4ac,ALT_CYCLONE_B_LY_80_C,Spell,"Mapmaker's Boon",,"Chacun de nous peint sa propre réalité.",,NADIR,"393 AC - Je me souviens quand je suis entré pour la première fois dans l'atelier de Zaza. C'était totalement différent de l'Atelier, avec ses grandes baies vitrées. Le sien était sombre et plein de bordel. Le pinceau avait toujours été un refuge, quand les autres enfants se moquaient de moi, par exemple. Ils le faisaient parce que je parlais pas beaucoup. Mais moi, mon langage, c'étaient les dessins, pas les mots. C'est ça qu'ils comprenaient pas. Et quand je me suis mis à peindre le monde, la Matriarche m'a confié à Zahira, parce qu'en tant que cartographe, elle aussi peignait le monde à sa façon. Au départ, je pensais que c'était pas pareil. Que dessiner une carte, c'était pas la même chose que de peindre directement la réalité. Mais petit à petit, j'ai commencé à voir que c'était pas si différent que ça, au final.

Au début, je faisais n'importe quoi. Je peinturlurais un peu à l'instinct et selon mes envies. Mais Zahira me disait toujours qu'il fallait que je commence par les bases. Reproduire, imiter, copier. Elle me disait que c'était la meilleure façon d'améliorer ma technique, et que le style viendrait plus tard. C'était peut-être sage, mais c'était d'un barbant ! Fallait être précis, toujours plus précis. Mais au bout d'un moment, j'ai remarqué que quand je peignais le dehors, j'arrivais mieux à cerner ce que je voulais, à sortir ce que j'avais en tête. Quand je lui en avais parlé, Zaza avait appelé ça ""discipliner son imaginaire"". Et même les traits de Bubbles s'étaient affinés grâce à ça. Je pense que tout ça, c'était pour nous préparer à être un Exalt, nous aussi."
af1da051-e740-44c0-bbb9-cd6443540bea,ALT_CYCLONE_B_LY_81_C,LANDMARK_PERMANENT,"The Painthouse",,"La peinture des Tisdhera embaume toujours le sommet du Wayfarer.",,NADIR,"393 AC - Bubbles flotte sous le toit en verre, et on dirait que ses nageoires caressent le ciel. C'est comme si on était dans un aquarium, lui et moi. Tout le monde dit que c'est ma Chimère, mais Bubbles est bien plus que ça. C'est mon confident, mon ami, mon reflet. C'est à lui que je parle des brimades, à l'école. C'est lui que je prends dans mes bras, quand j'ai quelque chose sur le cœur. Et ça, ça changera jamais. Je regarde la statue que papa a modelée récemment. Et je sais qu'il va faire la moue quand il verra que mon poissi-poisson s'est frotté à elle. Mais je sais aussi qu'il a l'habitude de nos barbouillages. Il va soupirer, peut-être gronder Bubbles, et puis ça en restera là. Hop, quelques coups de pinceau. Il faut que je finisse ma toile.

Le ciel. Les nuages. Les îles volantes. Je mets du mouvement dans ma peinture, pour la rendre plus vivante. J'ai eu ma phase ukiyo-e, et puis ma phase impressionniste. Là, c'est le fauvisme qui m'intéresse, même si l'Art Nouveau ou Klimt me font de plus en plus de l'œil. Ce serait cool de faire des portraits des Exalts, maintenant que nous aussi, on allait faire partie de la bande. C'est ce que la Matriarche nous avait dit, quand on était arrivés à la Cité des Sages... Je remarque soudain que le ciel s'est éteint au-dessus de nous, et je fais éclore des guirlandes au-dessus de nous. Je me demande où sont papa et maman, avant de me souvenir qu'ils sont allés aider au cirque, pour maquiller les clowns, les pierrots et les harlequins. Chic, ça veut dire qu'on sera en tête-à-tête, Bubbles et moi."
c0578a2b-09e5-4c8c-b6fd-7e97c09bff7e,ALT_CYCLONE_B_LY_82_C,LANDMARK_PERMANENT,"The Opera House",,"On appelle l'Opéra d'Arkaster l'Étincelle, car c'est là que naissent les étoiles.",,AURAQ,"393 AC - La nostalgie est à double tranchant. Réconfort d'une part, mais aussi torture. J'étais encore jeune quand je me suis produite pour la première fois à l'Étincelle. J'aurais pu devenir une diva. La seule et unique. J'aurais pu envoûter les foules, ensorceler des parterres entiers. Mais la destinée m'avait appelée ailleurs, et sous — ou devrais-je dire ""sur"" — des ciels étrangers. À le voir se déployer, je pense à un écrin. Celui qui tient en son centre un diamant, qu'il soit brut et en devenir, ou au sommet de son art et de sa rutilance. L'Étincelle a l'apparence qu'on veut bien lui donner, et ce soir, elle sera d'or et de soie. Des bandelettes pour allées, des plateformes à la Française pour balcons, et la scène...

La scène sera un promontoire de pierre, façon ""Le Voyageur contemplant une mer de nuages"". Dramatique et épique. Rrrr. Tout ce que j'aime. Elle sera surmontée d'une armature glorieuse, disons même lyrique, et de rubans parme, comme un paquet cadeau que l'on ouvre... Et le cadeau ? Moi, bien entendu, dans l'un de mes plus beaux costumes. J'apparaîtrai dans un déluge de feux d'artifice, et tous scanderont mon nom. J'ouvre les yeux, tout en m'extrayant de mes rêveries. Diva, je le resterai toujours. Mais désormais, mes autres fonctions m'empêchent d'accéder à la célébrité que j'aurais pu avoir. Dois-je pour autant le regretter ? Avec un sourire, je laisse mes fantaisies se dissoudre comme neige fond au soleil. Il n'y avait pas de réconfort pour moi derrière le masque de la nostalgie. Juste la torture de ce qui ne sera jamais."
5a154697-7db1-432e-8e30-9057c80568f5,ALT_CYCLONE_B_MU_65_C,Hero,"Kauri & Puff",,"Le langage de la nature n'a que faire des mots.",,,
32321a25-7983-495f-b762-2d9082db8854,ALT_CYCLONE_B_MU_66_C,Character,"Resentful Robin",,"Malgré leur petite taille, les rouges-gorges rhodopéens n'hésitent pas à défendre leur territoire bec et ongles.",,KAURI,"393 AC - Je regarde discrètement le ciel depuis mon couvert, à la recherche du moindre soupçon de nuage noir. Je passe la tête entre les branches, et me hisse au sommet du buisson. Mais le ciel est dégagé, pas la moindre trace de la vouivre à l'horizon. Je redescends vers Puff, qui est en train de panser ses plaies. Sa laine duveteuse est tâchée de rouge, et je serre les dents. Peut-être qu'avec mon aide... Je me concentre, et sens la présence du Mana autour de moi. Je sais que je ne dois pas en prélever trop, mais si c'est un peu, juste un tout petit peu, peut-être que ça aidera Puff à guérir... Les feuilles de l'arbuste se désintègrent alors que j'aspire l'énergie qui les tient incarnées et la souffle vers la Chimère.

C'est alors qu'un pépiement strident résonne entre les branches dénudées. Un rouge-gorge aux ailes vertes, blanches et jaunes volette dans la direction du bélier, et vient l'enguirlander, essayant de le picorer tout en battant les ailes comme une furie. Je m'interpose, et tente de le chasser en faisant de grands gestes avec les bras. Parce que Puff a besoin de repos après son combat, parce qu'il a mérité qu'on le laisse tranquille. C'est alors que je vois le nid de brindilles, soudainement exposé. L'oiseau bat des ailes et me donne des coups de bec entre deux cris aigus. Et je l'ai bien mérité. C'est ma faute si sa couvée est maintenant à la merci des prédateurs."
da9f7a8f-66dc-48fb-bb47-5331a5a9babe,ALT_CYCLONE_B_MU_67_C,Character,"Helpful Pelican",,"Il n'est pas rare de voir ces pélicans transporter d'île en île les petites créatures de la faune locale.",,RIN,"393 AC - La nature vagabonde des îles volantes fait de ces écosystèmes des lieux en perpétuel état de transition. La dérive d'un fragment suspendu change son exposition au soleil, provoque l'évaporation accélérée des plans d'eau, jusqu'à parfois déclencher une sécheresse... C'est dans un tel cours d'eau asséché que je suis. Les pierres du lit commencent même à apparaître, avec çà et là des flaques qui bientôt ne seront plus que des souvenirs. À plus ou moins longue échéance, les poissons qui y ont trouvé refuge sont condamnés... Battement d'ailes. Je me retourne pour voir un énorme pélican se poser non loin d'une mare. Pendant une seconde, je me dis que c'est l'un de ceux qui accompagnent Nanshe, quand elle visite les orphelins... Mais non, il s'intéresse seulement au bassin, et à ce qui frétille à l'intérieur.

C'est vrai que le fretin est une proie facile, dans ces conditions... Mais au lieu de les picorer et de les engloutir, l'oiseau ouvre son bec et l'immerge lentement, tout juste assez pour que sa poche se remplisse d'eau. Puis les poissons et alevins s'y précipitent, comme s'il s'agissait d'une piscine. Oui… Si les poissons venaient à disparaître entièrement des îles, alors ce serait aussi dangereux pour les oiseaux qui y vivent, et dépendent d'eux pour survivre. Quand la nature est rude, la coopération est une nécessité. Ce n'est que dans un monde de profusion que la compétition devient la norme. C'était une loi de la nature. Le pélican repart soudain, transportant ses petits passagers. Sûrement pour les relâcher dans un autre étang, lac ou torrent. Pour que la vie continue."
6a863fbf-97be-4e79-9a7e-2d4f9c1ff6b8,ALT_CYCLONE_B_MU_68_C,Character,"Eru, Emissary of the Wild",,"« Entouré de tous ses amis animaux, mon professeur ne s'est jamais senti seul, même s'il vivait en ermite. » - Kauri",,KAURI,"393 AC - Papa est d'un côté du feu, et maman de l'autre, tandis que la lueur des flammes danse sur leur visage. Ils ont revêtu leurs tenues cérémonielles, et se sont apposés des peintures rituelles. Quant à Eru, il est à côté de moi, une main rassurante sur mon épaule. Il la serre une dernière fois et la relâche, pour que j'avance vers le jeune Ollam et la silhouette sombre de Puff, qui m'attendent tous deux au-delà des flammes. On est pas seuls, bien entendu : de nombreux animaux ont répondu à l'appel de mon mentor, pour servir de témoins à notre union. Ratons laveurs, tamanoirs, grues cendrées, tortues et tarentules... Un loup observe depuis l'orée de la clairière, tandis que ses yeux brillent dans la pénombre.

Tu es sûr de toi ? m'avait demandé mon père. J'avais dit oui, mais en réalité, je savais pas trop où je mettais les pieds. Juste que ça me semblait être la bonne route à suivre. Le Musubi trouvait son origine dans le Skein. D'après ce que j'avais compris, c'était comme coudre deux personnes ensemble, avec des fils de Mana. Dit comme ça, c'était pas folichon. J'avais entendu deux adultes, au Mess, parler de la différence entre le Skein et le Gestalt des Ordis. D'après eux, c'était un peu comme parler de la différence entre l'âme et l'esprit, même si je sais pas trop ce que ça implique.... Aïe. Eru me tape sur la tête pour me ramener au présent. Une pichenette, parce qu'il sait que parfois, je me laisse aller à des rêveries, comme quand je garde les dotouffus, affalé dans l'herbe..."
0e3c2c1c-255b-4579-8d17-a481ca573391,ALT_CYCLONE_B_MU_69_C,Character,"Armored Bird",,"Il leva un bouclier de plumes. Lances et harpons se fracassèrent contre ses ailes d'acier.",,KAURI,"393 AC - Au départ, je voyais l'Altération comme un collier dont on enfilait les perles — ambre, jade... — une à une. Chacune d'entre elles est une idée. Et quand le collier est terminé, toutes les perles forment un tout. Mais Eru m'a dit que c'était qu'une seule façon sur mille de voir les choses, et que du coup, il y en avait plein d'autres. La manière dont on m'a appris les choses, typiquement Muna, ressemble plus à une tapisserie, dont les fils créent des formes, et ces formes représentent des choses. On tricote, et on détricote. C'est comme un patchwork. Et en même temps, ce n'est pas totalement vrai, parce le Skein est un maillage. Quand je brode, le Skein m'apporte des idées provenant de tout ce qu'il y a autour.

C'est pour ça que le ""jade"" vient d'un chasseur, qui avait l'habitude de regarder son grand-père confectionner des bijoux dans l'arrière-boutique de son échoppe ; l'oiseau stylisé vient du logo d'un airship Axiom, qu'un jeune pilote a pris la peine de peindre avec soin et amour juste sous le cockpit, en guise de porte-bonheur... Tout ça filtre à travers le Skein vers la draperie que je suis en train de coudre, l'être que je suis en train de manifester. Quelque chose d'assez solide pour résister aux lances — glups — explosives des chasseurs, mais qui soit suffisamment rapide pour rattraper Soledad et éviter les nageoires d'Halua. Un dernier point de croix, et... voilà, juste à temps. Je me tourne vers les chasseurs, qui tombent du ciel comme des oiseaux de proie."
d10ce512-26e5-4557-bfc8-c4c054fdd531,ALT_CYCLONE_B_MU_70_C,Character,"Colorful Cuckoo",,"Même les plus impassibles sortent de leur réserve en entendant son chant.",,RIN,"393 AC - À regarder l'œuf de coucou se fendiller et éclore, je me dis qu'au fond, c'est un peu la même chose qui est arrivée à papa. On m'avait déposée sur le pas de sa porte, alors qu'il n'avait rien demandé. S'il avait eu d'autres enfants, j'aurais accaparé son attention, au détriment de mes hypothétiques frères et sœurs. Bon, je ne pense pas que je serais allée jusqu'à les jeter hors de la maison... Mais qui sait, hypothétiquement, ils auraient peut-être été si invivables que je n'aurais pas eu d'autre choix. Bref, passons. Je ne suis pas là pour ça. L'œuf se casse, et un bec perce timidement la coquille. Je suis venue ici pour catégoriser les espèces endémiques des différents Quadrants, et j'ai du pain sur la planche !

Quand on observait les îles de l'archipel, on pouvait constater un phénomène similaire entre tous les écosystèmes : une lente ronde des espèces. L'une en chassait une autre, dans une sorte de jeu de chaises musicales géant. Mais il se jouait en accéléré par rapport à la Katkera, probablement parce que la dérive des atolls, et les marées de Tumulte, modifiaient grandement les conditions de vie à la surface des îles... Les bris de coquille tombent, et une tête passe par la fente. L'oisillon n'a pas encore le plumage coloré des coucous adultes. Seulement quelques plumes grisâtres, comme pour mieux se fondre dans le paysage. Tout à coup, le ciel s'obscurcit. Je lève la tête, intriguée. C'est comme si les nuages avaient changé de teinte. Comme si quelque chose avait bloqué les rayons du soleil..."
da2b7a35-9504-45c4-9eff-be01b11a317e,ALT_CYCLONE_B_MU_71_C,Character,"Migratory Crane",,"Quand les grues entament leur migration, c'est le signal que le moment est venu de voguer vers d'autres horizons.",,RIN,"393 AC - Je regarde les grues étendre leurs ailes, tandis que le poisson qu'Orchid vient de pêcher grésille sur la pierre lisse que j'ai posée sur le feu. Elles s'élèvent gracieusement, et au clapotis de l'eau succède le froissement de leurs plumes. La nature envoie toujours des signaux. Pour beaucoup, ils sont imperceptibles : une légère variation de température, un vent particulier qui se lève, le ciel qui s'assombrit d'une certaine manière, quand le soleil disparaît exactement derrière telle montagne... C'est alors l'heure de partir, de se mettre en route vers un ailleurs. Bien trop souvent, on oublie que nous sommes ""programmés"", comme dit Treyst, par la nature. Nos sens et notre inconscient, eux, n'oublient pas. Notre lien indestructible avec la nature est codé dans notre instinct.

Du coup, je me demande... Je me demande à quel point les Corps expéditionnaires, et en fait tout l'Effort de Redécouverte, sont le résultat d'un choix plutôt que d'une nécessité écrite en nous. Peut-être qu'il y avait en réalité mille signaux, autour de nous, nous disant que le moment était venu, qu'il était temps de partir... J'observe les grues, qui planent dans le ciel. Leur silhouette se découpe sur le gris chargé des nuages. On dit qu'elles perçoivent les champs magnétiques, les lignes énergétiques... qu'elles savent où elles vont quand elles migrent. J'aimerais en dire autant. Orchid m'a dit qu'aucun lieu traversé ne ressemblait à celui où elle m'avait recueillie. Du coup, il n'y a pas d'autre choix que de continuer à avancer..."
4cb89c28-42e4-4559-9b07-ec5008e784e0,ALT_CYCLONE_B_MU_72_C,Character,"Drowsy Dodo",,"Après tous ces efforts, il est bien temps de faire dodo.","Le dodo d'Alice au pays des merveilles serait, de l'aveu de l'auteur lui-même, la personnification de Lewis Carroll, de son vrai nom Charles Lutwidge Dodgson. Atteint de bégaiement durant l'enfance, l'écrivain, pour créer cet avatar, s'est remémoré les nombreuses fois où il avait dû dire son nom : ""Do-do-dodgson"" sans parvenir à parfaitement le prononcer. Dans le roman, le dodo participe à une course aux règles étranges et inutiles dans lesquelles on peut imaginer que l'auteur a voulu représenter la société victorienne dont il était issu.",ARJUN,"393 AC - Je me hisse sur l'îlot isolé, étirant mon dos meurtri par l'escalade de ce chapelet d'îles. À chaque fois que je tente de contacter Spike, tout ce qui me parvient en retour sont de petites impressions fugaces et parfois incohérentes. Il est juste là, sur le rocher suivant, probablement en train de... Je hausse un sourcil. Une grosse boule de plumes colorée dodeline de la tête, tandis que le petit trou de son bec fait naître une grosse bulle de sommeil. C'est presque comique, en vérité. Il tient à peine debout, appuyé sur sa canne comme si c'était le mât tordu d'un bateau ivre. Allons bon... Et bien évidemment, je vois Spike enroulé dans son plumage comme si c'était une couverture douillette.

Tous deux en train de faire la sieste, bien évidemment. Dans un demi-sommeil, l'Eidolon récite en croassant une volée de textes cryptiques... ""Si les marqueurs des deux camps se rejoignent pendant la même phase Crépuscule, vérifiez d'abord si l'un d'eux a avancé plus que nécessaire pour gagner la partie. Si c'est le cas pour l'un et non pour l'autre, celui qui l'a fait gagne la partie. Dans le cas contraire, il faudra jouer un Jour supplémentaire dans l'Arène pour les départager. L'Arène se trouve au dos de la carte région Compagnon. Posez-la au centre de la table et placez-y les marqueurs Expédition des deux camps."" Je pose une main sur la tête de Spike. Je ne sais pas à quelle arène tu fais référence, mais ce n'est pas en dormant que tu gagneras la course..."
7c4bb61e-f803-4b2e-8ad8-a6807148bd6e,ALT_CYCLONE_B_MU_73_C,Character,Wyvern,,"La texture cotonneuse et le goût barbe à papa du dotouffu en font la proie préférée des vouivres.","La vouivre, aussi appelée guivre en héraldique, est une créature magique légendaire issue des pays européens. Son apparence est celle d'un dragon bipède, ou bien d'un serpent ailé. Elle est souvent dévolue à la garde d'un trésor, ou à barrer le chemin des chevaliers.",KAURI,"393 AC - Un craquement sinistre ; une détonation assourdissante... Le bruit de la foudre est encore plus effrayant que d'habitude. Où sont mes dotouffus ? Je me précipite sur la crête, alors que les nuages grondent. Ils sont là, trempés et tremblants, blottis les uns contre les autres en haut d'un minuscule monticule. Ça va être coton de les faire descendre... Je regarde le ciel et déglutis. Depuis le début de la transhumance, jamais le temps ne s'est dégradé à ce point, et aussi vite. Je dois leur trouver un abri, et plus vite que ça. Puff blatère à tout-va, poussant les autres moutons à le suivre et à bouger de place. Je chasse la pluie qui dégouline sur mon visage, et cherche un endroit où m'abriter...

Craquement. Détonation. Je le vois apparaître dans la lumière des éclairs, comme un rapace. Il est énorme, avec de grandes ailes membraneuses, un dos hérissé d'ailerons saillants. Et le voilà qui descend en piqué sur mes petites bêtes laineuses ! Je cours pour leur dire de déguerpir, mais avec le boucan ambiant, la pluie et le vent, elles ne m'entendent pas. Tout à coup, Puff s'interpose, balançant ses cornes de droite à gauche. Il fait mine de frapper, et fixe le dragon avec plus de défiance que de peur. La pluie se déchaîne autour de nous, et je dois plisser les yeux pour entrevoir la scène. Soudain, dans un éclair de lucidité, je comprends. Je comprends qu'il est en train de gagner du temps pour que je puisse mener tout le monde au bercail."
0045800d-c429-4565-97c1-725ae3a7eb21,ALT_CYCLONE_B_MU_74_C,Character,"Zaratan, Social Leviathan",,"Nous voguions entre les îles quand l'une d'elles vint à notre rencontre.",,TEIJA,"393 AC - Je me tiens devant lui, parée de mes tenues cérémonielles. Sig a insisté pour que je sois entourée d'une garde rapprochée du Tagmata, mais je sais que ce ne sont pas quelques soldats qui feront la différence, si le Léviathan venait à se montrer agressif. Non, tout ce que je ressens dans le Skein est un mélange de curiosité et d'allégresse. S'il venait à fracasser notre esquif, ce serait par jeu ou maladresse. Mais le résultat serait le même, en fin de compte... Sa tête approche de nous, gigantesque. Notre embarcation toute entière pourrait entrer dans un de ses naseaux, et sans même toucher les parois. Nous sommes de simples fourmis face à lui. Mais plus il s'avance, plus les dendrites de son Skein tâtonnent.

Je sens ses filaments se nouer aux miens, et le moins qu'on puisse dire, c'est qu'il ne me ménage pas. En échange, je demande son hospitalité. Je lui partage les notions clés de qui nous sommes —pas à travers l'intellect, mais plus vis-à-vis de notre nature profonde, dans tout ce qu'elle a de bon ou de mauvais —, même si ces notions sont au final très humaines. La pantagruélique tortue me demande si nous venons d'en dessous, de sous les nuages, et je lui réponds que non, nous venons de plus loin encore. Elle me dit, en étrécissant son œil qui ressemble à une lune miniature, que nous ressemblons à ceux qui venaient la voir, avant que l'archipel ne se disloque et s'éparpille. Avant que l'aile rouge ne les fasse abandonner ces rivages..."
ce13bb18-24e7-46d8-9434-34fe090b28df,ALT_CYCLONE_B_MU_75_C,Spell,"Kauri's Intervention",,"« Cette chasse insensée doit cesser ! »",,HALUA,"393 AC - Pourquoi ? Le petit homme se tient sur son volatile, faisant écran pour me protéger. Pire encore, il me tourne le dos. Pourtant, il suffirait simplement que j'ouvre la gueule pour que ce soit la fin pour lui. Alors pourquoi ? Pourquoi me défendre de la sorte, et prendre mon parti, alors que ce que je cherche, c'est tout simplement à les détruire ? Des ondées couleur émeraude tournoient autour de lui, transformant tous les projectiles que les chasseurs peuvent lancer en branches fleuries ou bosquets de buis. Et je me rappelle. Je me rappelle Bronté. Ses cheveux faits de nuages, comme ceux de sa sœur. Ils montaient tous deux sur mon dos, impatients que je les emmène faire un tour. Mais c'était avant la fin de la Jachère, avant les biostimulants...

Le jeune homme qu'il est devenu s'est avancé. Il avait un doux sourire, le même que quand il était enfant, et qu'il voulait grimper sur mon dos. Instinctivement, j'ai su que quelque chose n'allait pas. Sa sœur était tendue. Il y avait des gardes tout autour. Bronté a posé sa main sur ma tête, entre mes deux yeux. ""Tu ne peux pas continuer à t'interposer"", m'avait-il dit. Arrêter ? Mais c'était mon rôle... Sans crier gare, les harpons dentelés, fixés à de lourdes chaînes, avaient transpercé mes ailes. Je me mets à gronder en repensant à la trahison. L'être humain était fourbe. Il était mensonge et perfidie. Il était voracité et destruction. Encore une ruse. Encore une traîtrise. Une soudaine décharge, et une voix résonne dans ma tête. Attends."
bad8fd5f-44b4-44d4-bf0a-a6bb1ccbb153,ALT_CYCLONE_B_MU_76_C,Character,Pan,,"S'il y a un mouton noir dans le troupeau, c'est bien lui !","Fils d'Hermès et d'une fille de Dryops, Pan est dans la mythologie grecque une divinité capricieuse de la nature. Patron des bergers et des troupeaux, on le représente souvent comme une créature mi-homme, au visage barbu, mi-bouc, avec des pattes se finissant par des sabots, à l'image des satyres qu'il côtoie régulièrement. On raconte que le voir dans ses rêves sous sa véritable apparence est un signe de félicité.",KAURI,"393 AC - Je m'étire et frotte mes yeux encore embués de sommeil, déjà en train de saliver. Papa est en train de faire cuire des œufs au plat sur la poêle en fonte, et peut-être aussi des tranches de lard, vu l'odeur alléchante. Je baille et regarde autour de moi tout en clignant des yeux. Tous les dotouffus se sont dispersés sur la plaine herbeuse. Ils paissent pour la plupart, tandis que d'autres font la sieste, comme nous. Mais si papa et moi on est tous les deux là, qui s'occupe de... Je le vois gambader parmi les bêtes, causant plus de raffut qu'autre chose. Je le vois jouer à saute-moutons, tandis que mon père éclate de rire en voyant Puff gratter le sol de ses sabots.

Les dotouffus affolés se mettent à courir dans toutes les directions, tandis que Pan, ce sacripant, renouvelle ses méfaits. Il y a quelque chose de comique à le voir gesticuler et faire ses cabrioles, mais je ressens aussi l'agacement de la Chimère. Eru est là, à nouveau, et je comprends alors que je suis encore dans un rêve, à la lisière du réveil. Prendre parti pour l'un ou pour l'autre. Rester simple pastoureau, ou devenir plus en embrassant la voie des bêtes. Car le Musubi est une extension du Skein, et le Skein, un chemin qui est tracé. Pan me sourit, comme si son intention, depuis le début, était de provoquer une étincelle en moi. Et je comprends enfin quel sentier je dois suivre..."
0482bce0-3e2a-4b6c-9f89-4ef6571356b7,ALT_CYCLONE_B_MU_77_C,Character,Tāne,,"Enraciné comme un arbre, libre comme les oiseaux, il est la force de la nature.","Tāne est une divinité de la mythologie Maori. Dieu des forêts et des oiseaux. Fils de Rangi, divinité du ciel et de Papa, divinité de la terre, il est celui qui en séparant ses parents a permis l'avènement du monde de Lumière, sortant ainsi leurs nombreux enfants des ténèbres où ils vivaient.",TEIJA,"393 AC - Je serre les dents. Quand apprendrons-nous ? Quand tirerons-nous les leçons de nos erreurs ? Tout a été couché, cassé et brisé par la déflagration. D'après ce qu'on m'a dit, les Axiom avaient mené non loin une expérience aux côtés des Bravos. Saturer un fragment d'Aérolithe de vibrations, pour mesurer ses propriétés explosives. L'essai avait été un succès, et ses conséquences... Même ici, à des kilomètres du point zéro, des branches ont été arrachées, des abris naturels détruits, des nids écrasés gisent au sol... Une vague de tristesse déferle soudain en moi, à la vue d'un amas de coquilles brisées. User de l'Altération pour réparer ce biome prendrait des semaines. Le bon Oneiros, quant à lui, pourrait le régénérer à son état originel de manière instinctive, et bien plus organique... Plume et feuille. Œuf et graine.

Il se met à marcher entre les troncs courbés et dénudés. Ses doigts caressent les arbres en peine. Là où il les effleure, sa couleur semble déteindre sur les écorces ternes, puis remonter vers les branchages. Elle devient feuilles, d'abord d'un vert tendre, avant de foncer davantage. Les herbes poussent en vagues concentriques depuis ses pieds, et les ondes, en touchant les arbres, les font fleurir, les ramènent à un nouveau printemps. Puis Tāne lève les bras en l'air. À travers le Skein, je sens son appel. Des cohortes d'oiseaux se mettent à tournoyer au-dessus de nos têtes, avant de se poser sur les branches et au sein des feuillages régénérés. Je m'incline face à l'Eidolon, dont les bras accueillent des myriades d'oiseaux bariolés."
04b5686c-379b-4f4a-bbf0-1fdd4579d795,ALT_CYCLONE_B_MU_78_C,Spell,"Puff's Challenge",,"Porter du rouge était peut-être une erreur...",,PUFF,"393 AC - Hmm. J'étrécis les yeux en regardant se dissoudre le nuage de poudre. Le petit semble indemne, mais cela n'excuse pas l'acte de la chasseresse. Je hais les chasseurs. J'exècre les chasseurs. Je les foule au pied. Et celle-ci a besoin d'une bonne leçon. Je lutte contre mon premier instinct, à moins que ce ne soient les cris du gamin, qui piaille de façon exaspérante dans l'arrière de ma conscience, qui me retiennent d'y aller trop fort. Un coup de corne suffira amplement. Le coup de bélier envoie valdinguer la première chasseresse. Comment font-ils, déjà ? Ah oui, une ruade, quelques coups de sabots bien placés, pour fracasser leur matériel, pour déglinguer leurs petits rafiots à réaction, qui ressemblent plus à une planche de pirates qu'à une planche de salut.

File, gamin. Je les occupe. Profite de la distraction, tu as plus important à faire, et tu le sais. Du coin de la pensée, je le sens être d'accord avec moi. D'un coup de boutoir, je fracasse sec l'un des jouets de ces braconniers de pacotille. D'un coup de patte, j'envoie paître un autre de ces importuns. J'ai l'impression d'être une boule dans un jeu de quilles. Comment dit-on, déjà ? Strike ? Où est le marmot, d'ailleurs ? Hmm. Là-haut. Je vois Kauri filer vers l'engin à réaction de la traqueuse en chef, aussi inconscient qu'une brebis qu'on mène à l'abattoir. Pas de temps à perdre ici. Autant vite en finir pour le rejoindre. Il fait partie de mon... troupeau, désormais."
708f0b73-cde9-4a17-8133-7343c1beabbb,ALT_CYCLONE_B_MU_79_C,Spell,"Muna Signet",,"Harmonie et partage.",,FLORE,"393 AC - Il y a une contradiction inhérente chez les Muna. Nous faisons tout pour maintenir l'équilibre de la nature, l'équité entre les espèces — animales, végétales, ou autres — pour que tous vivent en harmonie. Mais œuvrer de la sorte n'est-il pas déjà de l'interventionnisme ? Si nous suivions à la lettre les lois de la nature, nous devrions laisser les espèces croître et mourir. Il y a quelques années, Arjun m'avait dit de pousser davantage ma réflexion. Et ça m'avait pris des jours avant que je ne revienne lae trouver. Toute fière, je lui avais annoncé que ça avait à voir avec notre place dans le monde. Ne rien faire, c'était comme ne pas exister, or, on existait. Et l'être humain faisait partie de la nature. L'erreur était de penser que nous étions à part, ou au-dessus.

Au sein de la nature, il y a toujours un point d'équilibre entre coopération et compétition pour garantir la robustesse d'un milieu. Nous avons l'outil parfait pour le percevoir : le Skein. À travers ce sens, c'est comme si on entendait la nature, ses souhaits, ses complaintes. Et on l'aide à faire son œuvre. Au final, c'est comme si acceptait d'être ses instruments. Je me suis toujours demandé, en revanche, pourquoi tous les êtres humains ne recevaient pas ce don, et pourquoi seuls les Muna bénéficiaient de cette étincelle. Les cigales chantent sous les oliviers, et je m'essuie le front en soulevant mon chapeau de paille.  Je cueille une dernière tomate juteuse, qu'Arjun aurait sûrement appréciée. D'ailleurs, je crois que j'ai rêvé d'ellui hier soir..."
f44d4b54-2a19-4a52-a0bc-983e92bcc518,ALT_CYCLONE_B_MU_80_C,Spell,"Counting Sheep",,"Les sommeils les plus profonds sont tissés de la laine des rêves les plus doux.",,KAURI,"393 AC - Y'a des gens qui disent que le monde de l'imaginaire et celui des rêves, c'est la même chose. Que quand on dort, ce qu'il y a de l'autre côté s'écoule dans notre tête. Eru m'a dit que si c'était vrai, ça voulait peut-être dire qu'on était tous liés, au fond, à ce vaste océan, et aussi entre nous. Du coup, est-ce que le Skein pourrait me permettre de rendre visite au petit garçon que j'ai croisé la veille, avec ses boucles rousses ? Ou bien celui que j'ai surpris en train de peindre ? Passer sa journée avec des dotouffus, c'est sympa, mais parfois, on se sent un peu seul. J'espère juste que je vais pas les noyer sous une marée de laine, à force de voir que ça toute la journée...

Je prends soudain conscience que je suis moi-même en train de somnoler. Eru est à côté de moi, en train de remettre une bûche dans le feu de camp. C'est un rêve, donc. Des étincelles s'élèvent dans le ciel nocturne. On est jamais véritablement seul. C'est ce que je l'entends dire. Je vois mes parents, je vois un écureuil, une taupe, un petit singe... et aussi une ombre dans la forêt. Jamais seul. Puff frappe l'écorce d'un arbre de ses cornes. Clac. Jamais seul. Ses yeux me fixent. Il faut pas que j'oublie que cette apparence n'est pas vraiment la sienne. Clac. Son aspect de bélier n'est qu'une façade. Je sens l'odeur du feu et de la viande..."
0e1e81c6-85af-407a-858e-7c1ff5dd8df0,ALT_CYCLONE_B_MU_81_C,Spell,"Joining Fates",,"« Soyez unis dans le Musubi. »",,KAURI,"393 AC - J'ai un peu les chocottes. Soledad est d'un côté, et elle semble perdue dans ses pensées, pas encore trop sûre. De l'autre, il y a le Léviathan, qui à tout moment peut se raviser et nous manger tout crus. Et entre les deux, il y a moi. Un forgeron dirait sûrement entre le marteau et l'enclume, et moi, entre le loup et le précipice. Haha. J'ai vu l'Ollam faire, quand il s'agissait de me lier avec Puff. Et heureusement, Puff est là pour m'encourager. ""Magne-toi, arrête de lambiner"", dit-il. Oui, plus j'hésiterai, plus il y aura de chances que ça parte en eau de boudin. Je souffle un grand coup, en essayant de me rappeler ce qu'avait fait le grand prêtre durant mon Musubi.

Il me suffit de faire exactement pareil, au fond. Ce serait mieux avec un patron. Mais je sais pas s'il y en a vraiment un pour ça. C'est un peu plus gros et compliqué qu'une simple écharpe... Je mime avec les mains ce qu'avait fait l'Ollam. Il avait un peu l'allure d'un chef d'orchestre (c'est que récemment que j'en ai vu un en vrai pour la première fois), mais avec du fil et une aiguille au lieu d'une petite baguette. Allez, il faut se lancer. Coudre deux êtres. Tout à coup, je surprends deux jeunes femmes en train de me fixer, deux magiciennes Yzmir qui regardent ce que je fais avec une attention un peu flippante. Non, je dois pas me laisser distraire..."
eb28c209-5f61-461d-aff2-5ab4cac99db5,ALT_CYCLONE_B_MU_82_C,LANDMARK_PERMANENT,"Woolly Woolly Field",,"Un véritable peloton de laine !",,KAURI,"393 AC - On va avoir du pain sur la planche, c'est sûr. Les portes de l'Ouroboros s'ouvrent, et le troupeau se déverse sur les pâturages. Quand ils sont collés les uns aux autres comme ça, on sait plus où les nuages commencent et où le champ de leur laine se termine... Et puis il y a le tintement des grelots, qui font un bruit de crécelle. Mon père me fait des signes, et je lève mon bâton pour dire que j'ai bien compris les consignes. Je siffle pour marquer le début de la transhumance, et Puff blatère à côté de moi pour mettre tout ce beau monde en route. La marée blanche, mâchonnant et bêlant, se met à arpenter les flancs herbeux. Je regarde l'énorme bélier et gratouille son cou.

On avait passé pas mal de temps ensemble, à bord de la Sahanka Lyra. Tous les matins, je venais m'occuper du foin, et aussi remplir les gamelles de céréales. Même si elle était défiante au début, la Chimère s'est détendue en ma présence. Peut-être parce qu'elle voyait bien qu'elle avait rien à craindre de moi. Faut dire que je faisais tout pour bien traiter les bêtes, pour les rassurer quand elles se sentaient un peu trop à l'étroit et qu'elles commençaient à partir en vrille. J'étais curieux de savoir pourquoi elle avait pris cette apparence, pourquoi elle était devenue leur protectrice. Mais c'est pas comme si on pouvait réellement se comprendre, à part à travers les émotions qui filtraient un peu dans le Skein..."
22d4bb84-f859-4f3e-a85a-060ff1cb33ce,ALT_CYCLONE_B_MU_83_C,Token,Woollyback,,"La douceur de la laine et le coton de la barbe à papa, réunis sur quatre pattes.",,KAURI,"393 AC - Quelques sifflements et quelques claquements de langue sonores suffisent. J'entends déjà les clochettes avant de les voir passer la crête et dévaler la colline. J'émets quelques cliquetis, puis un hululement pour guider les dotouffus, qui défilent devant moi et s'attroupent devant l'enclos, comme un parterre de nuages vaporeux. Papa hisse la barrière de la bergerie, et compte tous les moutons alors qu'ils traversent un à un jusque derrière la clôture. Je descends de ma petite butte, et me faufile entre les bestiaux. Je peux pas m'empêcher, en passant, de caresser leur laine cotonneuse, qui a la consistance de la barbe à papa, mais sans être collante. Ils sont si doux. On pourrait presque les confondre avec des moutons comme les autres, quand ils gambadent sur la Chape...

Sauf que leur laine est si légère et aérienne que quand on la lance en l'air, elle tombe encore plus lentement qu'une plume. Et quand il y a du vent, elle s'envole comme un ballon gonflé à l'hélium. À ce qu'il paraît, on s'en sert d'isolant pour des doublures de blousons ou des cloisons. En temps normal, demain, ils seraient passés à la tonte. Sauf que là, c'est bientôt le grand départ, et on va devoir les parquer avant de leur faire regagner la ménagerie. Et ça, ça va vraiment pas être coton, parce qu'ils ont jamais été habitués à vivre en intérieur... Un sabot fait trembler le sol à côté de moi, et je souris. Heureusement, on a un allié pour discipliner tout ça..."
0ea66e69-03cf-49f4-96ca-8981ed436a85,ALT_CYCLONE_B_NE_03_C,TOKEN_LANDMARK_PERMANENT,Aerolith,,"L'aérolithe permet de construire tout en défiant la gravité.",,BASEM,"Mes jours de lapidaire sont loin derrière moi, mais il y a quelque chose d’apaisant dans la relation qu’entretient un tailleur avec un morceau de roche. J’en observe attentivement la texture, la transparence, les anfractuosités, ainsi que tous les défauts. C’est un matériau difficile à tailler — bien moins que les galets retrouvés près du Miroir, certes, mais tout de même. Rien ne peut ébrécher ces pierres-là. Pourtant, la concentration reste ici de mise. Si l’Aérolithe entre en résonance, elle manifestera ses propriétés exothermiques, et cela pourrait s’avérer dangereux, autant pour moi que pour le vaisseau sur lequel je me suis installé. Pour polir et facetter ces cristaux, il faut un équipement spécial, capable d’absorber l’énergie résiduelle. Et même avec cela, l’opération demeure risquée…

Quoi qu’il en soit, les aéronefs de l’armada comptent sur ces nouveaux stocks — et quoi de mieux, pour passer le temps, que de se consacrer à un tel travail ? Ce sont des pauses bienvenues avant de se replonger dans les remous des assemblées guildiennes. Je dépose le minerai sur son socle, et mon regard se tourne vers la missive qui traîne sur mon plan de travail. Je la saisis et l’examine, contemplant les sceaux de l’Ordis et du Tagmata. Cela semble venir de Zhen. Je souris. Bien sûr que je me souvenais d’elle — du domaine de ses parents, de nos travaux, de nos discussions sur le patio… J’étais jeune, alors, et j’avais la vie devant moi. Quel âge avait-elle ? Dix ans ? C’était avant la fondation de l’Axiom. Avant les palabres et la politique…"
62cdfd69-69dc-4a3c-9700-5e70c2533fe9,ALT_CYCLONE_B_NE_FOILER_C,Foiler,Foiler,,,,,
39292971-ac0f-4fd6-b42f-29a0490804c2,ALT_CYCLONE_B_OR_65_C,Hero,"Zhen & Zephyr",,"À s'élever sans honneur, on a vite fait d'y perdre des plumes.",,,
6319fec1-1bf8-4db8-b8fb-85a785a2aeb3,ALT_CYCLONE_B_OR_66_C,Character,"The Ugly Duckling",,"Jeune recrue, il porte fièrement son insigne.","Personnage éponyme du conte de Hans Christian Andersen, le Vilain Petit Canard raconte l'histoire d'un caneton rejeté par sa famille qui part loin pour ne plus subir les coups et les moqueries. À la fin d'un long périple, où il continuera d'être le souffre-douleur des gens qu'il rencontre, il s'aperçoit qu'il a grandi et n'est en réalité pas un canard... mais un magnifique cygne. Ce récit initiatique met en évidence qu'il faut s'accepter soi-même, par-delà les moqueries de son entourage, et qu'une différence peut finalement être un atout, et un signe de reconnaissance.",SIGISMAR,"393 AC - Je referme le livre, incapable de me concentrer, puis je pose le recueil de contes sur la table. ""Nye Eventyr. Første bind."" Ce recueil de contes a toujours été mon livre de chevet, pour des raisons évidentes et puériles. Rejeté de tous. Raillé. J'avais toujours été considéré comme le vilain petit canard de ma classe ou du quartier. Restait à savoir si je deviendrais moi-même un cygne, ou bien si je resterais le rejeton mal aimé. Je ne peux réprimer un ricanement. Ce n'est pas l'heure de se morfondre. À l'heure qu'il est, les élections ont sûrement rendu leur verdict. Si l'espar de la Cité des Sages avait été fonctionnel, le Gestalt aurait sûrement déjà été empli de cris de joie, ou de déception, selon le résultat final.

Je prends un stylo, et trace quelques lignes sur un carnet de notes. Le Vilain Petit Canard répond à mon appel, et me fixe de ses grands yeux. Je lui caresse la tête nonchalamment. Oui, petit père, toi et moi, on est pareil. Mais ce n'est pas un chapitre qui m'est dédié. Celui-ci appartient, si la destinée est clémente, à ma sœur et à son futur mari... Je fais les cent pas dans ma cabine, le Vilain Petit Canard posé au creux de ma paume. Et je me rends compte que je veux bien souffrir l'opprobre si cela fait le jeu d'Anuncia. Je souris piteusement. En fin de compte, peut-être ne suis-je pas si égoïste que ça... La porte s'ouvre soudain, et elle entre, le souffle court. Elle tient un héraut de papier à la main, tandis que ses yeux verts me fixent..."
38cfb6ee-25a7-4637-a10b-7e41f6d53f2b,ALT_CYCLONE_B_OR_67_C,Character,"Ascended Trooper",,"Après plusieurs mois d'expéditions, Aedyt sentit qu'elle était enfin parvenue à déployer ses ailes.",,GULRANG,"393 AC - Nous cheminons au cœur de la vallée, et je suis déjà poisseuse après quelques heures de marche. Au-dessus de nos têtes, loin dans le ciel, les Rapaces nous survolent, s'assurant qu'aucun danger ne nous prenne en traître. L'un d'eux se pose sur un piton rocheux, et je reconnais tout de suite sa chevelure rousse. Aedyt. Comme Osoyo, elle a eu la chance d'intégrer les contingents de Zhen, un honneur qui lui sied à merveille. Elle a attiré une volée d'oiseaux, qui tournent autour d'elle avec curiosité, ainsi que l'attention de la Contre-Amirale. Ses grandes ailes de papier se gonflent, l'aidant à se stabiliser au sommet de l'édifice rocheux. Lorsqu'elles ne sont pas occupées à faire la vigie, les troupes du Tagmata s'occupent de tâches diverses, allant du renseignement à la collecte de relevés topographiques...

Nous entrons sous la frondaison des arbres. Des épineux, au milieu desquels la pénombre règne. Du coin de l'œil, je la vois soudain se redresser. À travers le Gestalt, je hume l'odeur du café, tandis qu'elle me partage ses perceptions. Je vois la tasse fumante, le thermos qu'elle a refermé. Et surtout la gigantesque sphère d'eau qui se dirige vers un promontoire montagneux. Oui, elle a raison, si nous attendons trop, la bulle va se crever, et des torrents vont cascader dans la vallée, vers notre position. Je donne l'ordre à Tocsin de faire sonner son cor, et le raffut roule dans la vallée, tandis que des nuées de volatiles s'élèvent dans le ciel. Nous devons nous hâter. Aedyt quitte son perchoir, venant planer au-dessus de nous avant de rejoindre son escadre."
0bb9626b-295a-4d59-8749-acfcbe4120a6,ALT_CYCLONE_B_OR_68_C,Character,"Ordis Warden",,"C'est à l'ombre qu'on dort le mieux.",,ZHEN,"393 AC - L'homme ronfle, bien calé dans son fauteuil. Je marche lentement vers le bureau, le long des rangées de cellules. Elles sont pour la plupart vides. Seules deux sont occupées, l'une par un Bravos qui macère encore dans une entêtante odeur de l'alcool, et l'autre par une recrue dépitée qui a dû tenter de lui tenir tête. Je passe à côté de l'isoloir. Heureusement pour elle, la faute n'était pas suffisamment grave pour être placée en confinement solitaire. Je me souvenais d'un troupier qui avait écopé d'une telle sentence. Ce n'était pas seulement la geôle capitonnée, c'était la solitude. Totale, entière. Être coupé du Gestalt, même temporairement, pouvait être la pire des punitions. C'était comme nager à la surface d'une mer sombre et profonde, et ressentir le vide sous ses pieds...

Je me racle la gorge après m'être mise bien droite face au gardien. Il ouvre les yeux et m'observe, sans l'ombre d'un remords malgré avoir été pris en flagrant délit de sieste. Il fait claquer sa langue sur son palais. Peut-être s'attend-il à ce que je vienne quémander la libération de la jeune cadette ? Probablement pas à ce qu'il soit la raison de ma visite. D'après ce que je savais, avant d'être un maton à bord de Mandjet, l'homme — Quel âge avait-il ? Quarante ? Quarante-cinq ans ? — qui est en face de moi était l'assistant personnel du Général De Graaf. Évidemment, il était bien trop jeune pour avoir été en poste au moment des faits, mais peut-être, en tant que secrétaire, avait-il eu vent de quelques affaires antérieures à sa prise de fonction..."
ce42a0d3-1605-474f-b170-6e5ce5adb770,ALT_CYCLONE_B_OR_69_C,Character,Bluecap,,"Pour éviter les coups durs, investissez dans la pierre.","Les Bluecaps sont des personnages féeriques ou bien des fantômes du folklore anglais qui habitent les mines. Ils se présentent généralement sous la forme d'une petite flamme bleue. Leur particularité est d'aider les mineurs, en les guidant vers de riches gisements ou en les avertissant de potentiels accidents. Contre une juste rétribution, bien sûr.",WARU,"393 AC - Clac. Clac-clac. Les doigts s'agitent prestement sur le boulier. Les anneaux passent d'une ligne à l'autre, tandis que le petit personnage assis sur le bureau émet des bruits expressifs, tour à tour d'étonnement ou de contentement. Clac. Clac-clac-clac. Je le regarde sans broncher, alors que l'agacement me frise la moustache. Je me retiens cependant de faire une quelconque remarque. J'ai bien conscience que ce n'est pas lui qui m'irrite véritablement, mais mes pensées qui tournent en boucle. Se mettre en retrait a ses avantages et ses inconvénients. D'un côté, cela me permet de lorgner du côté d'Asgartha, grâce aux rapports que je reçois. De l'autre, ça ne me laisse que trop de temps pour ruminer mes pensées. Ai-je bien fait ? Kojo va-t-il vendre la mèche ? Quand ?

Je regarde les stocks d'Aérolithe réclamés par les Bravos pour leurs lances. Le Chapeaubleu, quant à lui, compte, calcule, annote. Je soupire, car tout ce que je peux faire, c'est attendre son verdict. Quand j'ai pris cette tâche, c'était à dessein. J'avais le sentiment d'avoir besoin de repos, et la pénible sensation d'avoir oublié quelque chose s'était quelque peu atténuée, avec le temps. Mais elle n'avait pas entièrement disparu. Il y avait aussi d'amples recherches à mener sur ces Gardes Phénixiens. Les dépositaires de la prophétie de Rune ? Rien que ça ? Il y avait là un mystère à éclaircir. En catimini, bien sûr, avec Mack en première ligne. Avec un soupir de satisfaction, le Chapeaubleu pose enfin son boulier. Le compte est bon, semble-t-il."
40a9c304-1442-46d9-af03-3b703cdb863c,ALT_CYCLONE_B_OR_70_C,Character,Melusine,,"Toute promesse non tenue exige rétribution.","Mélusine est un personnage du folklore européen : un esprit féminin de l'eau douce d'un puits ou d'une rivière sacrée. Elle est généralement représentée comme un être mi-femme, mi-serpent (ou poisson, dans certains cas). Parfois affublée d'ailes, de deux queues, ou bien les deux, les légendes à son sujet sont particulièrement liées aux régions du nord et de l'ouest de la France, au Luxembourg et aux Pays-Bas. Le respect de la promesse donnée occupe une part importante des récits qui la concernent.",ZHEN,"393 AC - Nous passons entre les sphères liquides, prenant bien soin d'observer leur mouvement. La gravité ici est pour le moins erratique, et parfois, des bulles se mettent à tournoyer plus vite, avant de se percuter et de se mélanger les unes aux autres. Mais pour l'instant, le Quadrant semble stable. Je fais signe à mes Rapaces de prendre le courant tribord, tandis que Zéphyr et moi contournons par l'autre versant. Il serait dommageable de se laisser prendre en traître par un Léviathan dissimulé derrière l'une de ces boules. Zeph, es-tu pr... Quelque chose percute mes ailes de plein fouet, et je tourneboule avant de chuter comme une pierre. Mon sang ne fait qu'un tour, en voyant mon moignon d'aile de papier encore fumant, imbibé comme s'il avait plu des cordes.

Il a été sectionné par un fluide chaud, qui continue de s'évaporer. Mais pas le temps de s'étonner. Je conjure de nouvelles feuilles pour façonner de nouveau des plumes en origami, parviens enfin à me stabiliser, avant de toucher la surface des nuages. Après avoir esquivé une autre lance d'eau bouillante et chuintante, je lève les yeux vers ce qui m'a attaqué, tandis que mon cygne grogne son offuscation. L'Eidolon de Mélusine danse à la surface d'une sphère. Ah, je crois que j'ai donné un coup de pied dans la fourmilière en allant voir l'assistant de De Graaf. Mélusine a l'habitude de punir ceux qui se montrent un peu trop indiscrets. Je ne peux pas prétendre le contraire..."
66b332d2-89ae-41e5-9c85-d1ac355fb252,ALT_CYCLONE_B_OR_71_C,Character,Gargoyle,,"Au moindre signe d'intrusion, ces vigies de pierre prennent vie et donnent l'alerte.","Statues grotesques et monstrueuses entourant comme des sentinelles les hauteurs des églises européennes, les gargouilles servaient aussi à évacuer les eaux du toit de ces édifices religieux, qu'elles crachaient de leur gueule entrouverte. Elles étaient aussi considérées par beaucoup comme des gardiennes, dont la fonction était de protéger ces lieux consacrés, tout en éloignant le mal, aussi bien démons que pécheurs.",ZHEN,"393 AC - Les vigies placées par la Chimère sont d'un marbre bleu, veiné de blanc : des gargouilles, sculptées le long du pont, et qui scrutent le ciel en permanence, tout comme elle. Comme l'Alter Ego de la capitaine de l'Aegis, leurs mouvements sont réduits au strict minimum, tout juste une tête qui se tourne parfois pour observer le lointain. Depuis les premières attaques, les consignes de sécurité ont été renforcées, tout comme l'état d'alerte général. Et je suis moi aussi vigilante, peut-être plus que de raison... Comme ces sentinelles silencieuses et presque immobiles, je suis sur mes gardes. Cela fait plusieurs jours maintenant que je quitte rarement l'enceinte du vaisseau-amiral, et lorsque je le fais, c'est toujours escortée de mes Rapaces. Il n'y a pas eu d'autre tentative.

Tout ce que je sais, c'est que ni Gulrang, ni Tocsin ne semblent coupables de l'attaque qui m'a ciblée. Ils auraient la capacité de le faire en termes d'Altération, mais je les vois mal me prendre en traître. Alors qui ? En sondant l'inconscient du geôlier, j'avais sûrement activé une alarme. Bien entendu, le coffre-fort avait été vidé de tout souvenir compromettant, mais l'artisan de ce mécanisme y avait laissé un discret avertisseur. De Graaf avait-il été mis au courant ? Soudain, l'une des gargouilles lève la tête en direction de l'ouest. Zéphyr, lui, prend son envol. Ça provient du Quadrant Pélagonien. Très vite, les sirènes de Mandjet se mettent à hurler, et je m'ouvre de nouveau au Gestalt. L'appel à l'aide vocifère sur tous les canaux, en provenance d'une station minière. Le VEA Sune est le premier à répondre au signal de détresse."
7787088b-7245-4da5-afff-af58e56864be,ALT_CYCLONE_B_OR_72_C,Character,"Ordis Messenger",,"Pour maintenir leur cohésion, les Ordis doivent faire appel aux plus fiables des estafettes.",,GULRANG,"393 AC - Les recrues se pressent pour collecter leurs rations. Je passe à côté d'elles. L'odyssée est pour une grande partie d'entre elles synonyme de repos, mais c'est un repos troublé. La faute aux Léviathans qui rôdent au-dessus et sous les nuages. Mais que peut-on faire, au juste, face à de tels monstres ? C'est comme si une fourmi défiait l'ombre d'une botte. Nina remplit son écuelle religieusement, et Hélder se sert une grande louche de ragoût. Je regarde dans la foule, à la recherche de Kojo, sûrement en train de faire la queue quelque part. Je ne sais pas ce qu'il a, mais il est perdu dans ses pensées, ces derniers temps. Soucieux. Mutique. Ce qui ne lui ressemble pas. Distrait, aussi. Mais ça, il l'a toujours été.

Alors que je scrute l'assistance, mon regard croise celui d'Osoyo. Il me sourit tout en me saluant d'un signe de tête, que je lui rends. Peut-être est-ce une façon de me remercier de lui avoir sauvé la mise durant sa dernière descente dans l'Œil du Corbeau, ou bien d'avoir appuyé sa candidature au sein du Tagmata. Aux dernières nouvelles, il avait rejoint les Rapaces de Zhen. D'une part, il avait l'expérience de travailler aux côtés d'un Exalt. Et de l'autre... c'était tout simplement une bonne recrue, comme je l'avais suspecté dès le départ. Le mérite lui revenait entièrement, et cette promotion était plus que légitime. Je le laisse discuter avec les autres membres de son escouade et me détourne. Et je suis bien consciente de sourire en le faisant."
b44b1e95-a663-4ba9-a29e-7e6cebf7743c,ALT_CYCLONE_B_OR_73_C,Character,Doppelgänger,,"Sa fluidité abrite le reflet des possibles.","Dans le folklore de la mythologie germanique, le Dopplegänger est un être fantomatique, un double maléfique d'une personne, lui soufflant de mauvaises pensées. Il est souvent un funeste présage, annonciateur de malheur ou de la mort de son modèle original.",ZHEN,"393 AC - Les sphères éclatent les unes après les autres, et certaines d'entre elles se transmutent en dragons par le souhait de Mélusine. Zeph. Je n'ai pas besoin de m'appesantir. Ma Chimère dévisse et plonge à bâbord, emmenant avec elle quelques créatures draconiques. Mais j'en ai encore quelques-unes sur le dos, ainsi que l'Eidolon de la fée... Je vais devoir la semer. Qui l'avait ainsi convoquée ? J'avais appris quelque chose d'intéressant en m'attaquant à la psyché du gardien de prison. Plus qu'un assistant, l'homme avait été en réalité un coffre-fort, entraîné pour filtrer, coder et mettre à l'abri de tout curieux au sein du Gestalt les informations cruciales, secrètes... ou bien illégales. Vu l'embuscade qui me ciblait, j'avais fait mouche.

Je regarde derrière moi, vers la fée en train de me suivre. Je vole tout près d'une bulle d'eau, utilisant sa rotondité pour me dissimuler un tant soit peu. De quoi user du Heka sans qu'elle ne le remarque. Sous l'eau, je convoque un Doppelgänger, et lui intime de me suivre. Peu à peu, ses traits d'abord abstraits s'affinent, et viennent épouser les miens. Une copie aqueuse, que je modifie ensuite grâce à l'Altération pour lui donner de la couleur, de la consistance... Quand je suis prête, j'accélère deux à trois secondes, et ordonne à mon double de jaillir de l'eau tandis que j'y plonge. Tout en retenant ma respiration, je vois Mélusine poursuivre ma jumelle. Je l'ai semée pour le moment, mais il va falloir que je sache qui l'a invoquée."
705681c3-0425-45b9-bd54-48c8cd344349,ALT_CYCLONE_B_OR_74_C,Character,"Sagitta, Soaring Leviathan",,"Nous prîmes de l'altitude pour fuir les turbulences de ses ailes.",,ZHEN,"393 AC - J'émerge sur le pont, tandis que les sirènes beuglent tout autour de nous. Troupiers et recrues courent vers leur poste, mais beaucoup d'entre eux ralentissent, le souffle coupé, en voyant la taille du Léviathan qui nous fait face. Et je ne les comprends que trop bien... C'est de toute évidence un oiseau, un rapace, mais sa taille... Sa serre pourrait aisément attraper l'un de nos transporteurs. À travers le Gestalt, de nombreuses informations me parviennent : ""messager sagittaire"", ""oiseau secrétaire"", ""sagittarius serpentarius""... Je contacte mes propres Rapaces, et tous me répondent avec leur ""Supero !"" pour me signifier qu'ils sont prêts. Tous sont en train de converger vers l'aire de saut. Un vent vient me fouetter le visage, tandis que Zéphyr se pose non loin de moi.

Le Léviathan se contente pour l'instant d'observer les transporteurs, qui luttent contre les turbulences de ses ailes gigantesques. Une curiosité viscéralement animale. Mais cette curiosité peut vite devenir tactile, ou pire encore, colère ou jeu. Même si nous arrivons à temps, nous ne pourrons pas tenir tête à un tel adversaire. Tout ce que nous pouvons espérer, c'est d'attirer son attention, la distraire des autres vaisseaux. Je réfléchis aux différentes tactiques possibles, aux vecteurs d'approche. Pour l'instant, l'état-major insiste pour ne pas lancer de tir de barrage, mais si cela devient nécessaire, notre action deviendra encore plus difficile... Je me retourne vers mon escouade, maintenant assemblée. Je n'ai pas besoin de discours. La tâche est suffisamment éloquente, les enjeux posés et clairs. Nous n'avons pas le choix. Supero."
37e62863-5227-4198-9f88-9ae5ad71d2cc,ALT_CYCLONE_B_OR_75_C,Character,"Yanna, Qorgan Agent",,"Les espions du Qorgan infiltrent les Factions et dérobent leurs secrets.",,YANNA,"393 AC - C'est un instinct qu'on développe, quand on apprend à décrypter le langage corporel : toutes ces communications non verbales que l'on envoie, parfois à notre corps défendant... Peur, aversion, intérêt, et bien d'autres signaux qui nous trahissent, même si on cherche à les cacher. La Contre-Amirale parvient à dissimuler sous sa réserve protocolaire et son stoïcisme bon nombre de ces messages sous-jacents. Mais pas assez pour un œil expert. Elle furète. Elle est à la recherche de quelque chose qu'elle cache à ses pairs et à sa hiérarchie. C'est une combinaison étrange. Elle sait que ses actions sont illicites. La façon dont ses muscles se tendent est éloquente. Mais en même temps, sa détermination indique qu'elle le fait avec un sentiment de justice. Exhumer, et en même temps, enfouir.

Je ne pense pas qu'elle constitue une menace. Mieux encore, je pense que je pourrais me servir d'elle. Depuis qu'elle a visité la prison, elle a été prise pour cible. Par deux fois. Elle a survécu à la première tentative par ses propres moyens. La seconde fois, j'ai dû faire trébucher le majordome d'une impulsion mentale, pour que le verre empoisonné se renverse au sol avant d'être déposé face à elle. Dans quel guêpier s'est-elle fourrée ? Maintenant, je dois choisir mon approche. Rester en retrait et me contenter d'observer ? Visiter son esprit, quitte à laisser des traces de mon passage ? Il y a aussi l'alternative d'en faire une alliée. Je ferme les yeux et tends mon esprit vers Suha. Qu'en penses-tu, mon aimée ?"
3e8e8f06-fdb0-49d0-89e2-18df5c4950ac,ALT_CYCLONE_B_OR_76_C,Character,Nike,,"Quand elle étend ses ailes, sa victoire résonne pour l'éternité.","Dans la mythologie grecque, Niké ou Nikè est la divinité de la victoire et du triomphe. Elle est la fille de Pallas, le Titan, et de Styx, l'Océanide. Elle a pour frère Zélos qui représente l'ardeur, Bia la force, et Kratos la puissance.",ZHEN,"393 AC - Nous approchons en formation serrée, profitant des courants ascendants. Je surveille mon escouade, et surtout les nouvelles recrues qui n'ont rejoint le Tagmata que récemment. Elles sont en position, malgré le vol un peu incertain de la petite dernière. Mais elle arrivera à bon port. Nous usons au maximum du couvert des nuages épars pour ne pas attirer son attention. Et plus nous approchons, plus la taille de ce monstre nous saute au visage. Son œil noir fixe la barge de transport, et son bec picore la sphère aqueuse que le navire tracte derrière lui. Je serre les dents. Il faut intervenir, vite. Zéphyr et la moitié de mes marines filent vers les autres bâtiments, pour les guider loin du monstre. Quant à nous autres...

Je plonge en piqué vers la tête du Léviathan, suivie du reste de mon peloton d'intervention. Je rétracte mes ailes pour entrer en chute libre... Aux grands maux, les grands remèdes. Je trace les signes du Heka, et elle bondit hors des vers que je trace pour elle. Niké aux ailes victorieuses. Telle une comète, elle éventre les nuages, et nous la suivons alors qu'elle passe dans le champ de vision du Léviathan-Serpentaire. Ce dernier se désintéresse du transport, beaucoup plus intrigué par notre cortège. D'autant que la déesse a allumé sa flamme, et brille de mille feux, comme la pointe d'une flèche scintillant au soleil. Le Léviathan bat des ailes pour nous prendre en chasse. Ça y est, nous avons ferré son attention."
a6be976c-2abb-4b84-951d-0eae2954130a,ALT_CYCLONE_B_OR_77_C,Spell,"Out of a Clear Sky",,"Une nuée de messages jaillit dans un bruissement de papier.",,WARU,"393 AC - ""Hérauts de papier en approche."" Le Gestalt s'est soudain allumé, alors que les rapports ont commencé à se diffuser à travers tous les canaux de communication. Les Rapaces de Zhen ont aperçu une murmuration de messages provenant d'Asgartha. D'après leurs estimations, il y en aurait des centaines. Je ne suis pas le seul à avoir demandé des nouvelles, semble-t-il. On pouvait s'y attendre. Je serre le poing, à la fois fébrile et impatient de connaître l'issue des votes. Certains de ces messages vont gagner l'amirauté, et Singh, en ouvrant sa missive, découvrira à quelle sauce elle va être mangée. À quelle sauce nous allons tous être mangés. Les Corps expéditionnaires seront-ils sommés de faire demi-tour ? Verrons-nous au contraire arriver d'autres renforts, d'autres Exalts ?

Je me mets à penser à ceux qui sont restés là-bas, en Asgartha, soit parce qu'ils n'étaient pas encore prêts, soit parce qu'ils avaient reçu d'autres missions... Je me mets aussi à penser à Shan-shu, dont les exploits avaient baigné mon enfance. Voir son cygne avait été un choc. J'étais au courant qu'il avait survécu, bien entendu, malgré la rupture avec son Altérateur. Mais le voir de nouveau voler, en compagnie de Zhen, avait ravivé des souvenirs d'un temps lointain. Qu'étaient-ils devenus, ces premiers Exalts, ceux qui nous avaient précédés, avant même que cette appellation ne soit rendue publique ? Quelque chose frappe la vitre, et je me lève, pour voir une cocotte en papier posée sur le rebord de la fenêtre... C'était l'heure du verdict."
06c96a14-803c-4c5c-b8fe-521a0077b963,ALT_CYCLONE_B_OR_78_C,Spell,"Ordis Signet",,"Cohésion et justice.",,INCONNU,"393 AC - ""Unis dans la multitude. C'est là le sens ultime du Gestalt. Il est le fruit d'une harmonie consentie, partagée, immédiate, permanente. La Coalescence est l'abandon de l'individualité, au profit de la pluralité des esprits. Unis, nus dans la pensée. Unis, nus dans l'émotion. Unis, droits dans la concorde. Unis, droits dans nos vertus. Le Gestalt abolit les distances, les frontières, les obstacles physiques, et aussi les limites du soi. Le Losange qui marque notre chair est la preuve de notre engagement, du fait que nous mettons notre individualité au service de la communauté. Il n'y a pas de vœu plus fort. Notre appartenance est dévouement total et abnégation. Quand l'autre devient soi, alors l'idée de justice est évidente. Quand l'autre devient soi, nous sommes capables de déplacer des montagnes.""

J'écoute l'officiant tandis qu'il fait face à sa... congrégation. Je ressens leur communion, dans le creuset de leur esprit partagé, tandis qu'ils entrent en résonance. Il y a là quelques gens d'armes, des clercs, des politiciens, des scribes, des érudits, et bien d'autres identités qui se mêlent. Je me meus à travers elles comme une vague, indécelable. Je ne peux m'empêcher de penser à l'entité de la Cité des Sages ; elle qui en fin de compte visait une union en tout point similaire au Gestalt. Elle était la ville, et elle souhaitait que tous vivent en harmonie. En elle. En son sein. Je ne pense pas que quiconque ait perçu cette facette d'elle. Son appétit n'était pas motivé par un instinct de destruction, bien au contraire. Elle était motivée par une envie d'unité, aussi viciée fût-elle."
41a0d27a-ec13-4506-b5b7-e2bba9e9f1db,ALT_CYCLONE_B_OR_79_C,Spell,Soar,,"Une plume de Zéphyr octroie aux Ordis la capacité de voler.",,AEDYT,"393 AC - Le cygne chimérique déplie lentement son aile azurée, et la Contre-Amirale y prélève quelques plumes, avant de nous les tendre. J'en saisis une, jetant un coup d'œil vers le Léviathan qui emplit presque tout le ciel. Ses cris stridents déchirent l'air, et je dois réprimer l'envie de porter mes mains tremblantes à mes oreilles. Un bourdonnement rassurant éclot à la surface de ma conscience. Osoyo, qui m'invite à rester calme d'une caresse de son esprit. Je lui adresse un regard avant d'attacher la plume à la sangle de mon plastron. J'essaie de faire le vide, de tirer les idées contenues au sein de la plume, de les traduire en signes, en lettres, en mots. Je conjure des feuillets de papier, sur lesquels les Glyphes s'inscrivent.

Les lettres deviennent des mots, les mots des phrases, des lignes, des paragraphes, qui s'étalent de feuille en feuille. Je sais que je dois me concentrer plus que les autres, mais l'exercice me demande de moins en moins d'efforts. Petit à petit, les ailes de papier qui se déploient dans mon dos deviennent de plus en plus naturelles, comme des extensions de moi-même. Je les agite pour éprouver leur poids, leur portance. Ça n'avait pas été évident, au départ, mais au fil des entraînements, je commençais à saisir le truc. Je me rapproche du rebord, et vois défiler les nuages en dessous de nous. Tomber là-dessous signifiait la mort... J'inspire profondément. Parfois, ce n'était pas bon de réfléchir. À mon tour, je me laisse chuter. Avant de déployer mes ailes."
a17f6f8e-3680-4bdf-96fc-2b58899d3e2f,ALT_CYCLONE_B_OR_80_C,Spell,"Skybound Odyssey",,"Tel un phare, l'horizon nous appelle !",,ZHEN,"393 AC - Le pilier de lumière. Il est là-bas, épinglé sur l'horizon comme une tour infinie, au-delà de ce nouvel atoll, bien plus grand que les autres que nous avons croisés. Il s'est allumé, comme un phare, visible quasiment en toute circonstance. Fort heureusement, le voyage, même s'il n'est pas sans embûche, se montre moins difficile que prévu. Les sphères liquides nous fournissent de l’eau potable, les archipels de quoi nous sustenter suffisamment pour ne pas attaquer nos stocks de nourriture... Et quant au moral, la présence d'îles suspendues brise la monotonie de la mer de nuages, et nous permet des apartés salutaires à leur surface... Néanmoins, cette colonne ardente est une présence obsédante. Elle est toujours là, à la périphérie de notre vision, sauf quand les nuages d'altitude la masquent occasionnellement. Et la nuit, elle occulte presque la lueur de certaines étoiles...

Qui a déclenché ce signal ? Pour quelle raison ? Quelle est la révélation au bout du chemin ? Autant d'interrogations qui, je suppose, animent chacun des membres des Corps Expéditionnaires, et pas seulement moi. Mais notre odyssée avance à un rythme assuré. Zéphyr trompette, et je me mets à slalomer entre les bulles aqueuses. Oui, nous avons une mission. Le danger guette sans cesse. Je fais signe à mes Rapaces, et nous changeons de formation pour couvrir plus de terrain. Mandjet, qui chemine derrière nous, a besoin de ses éclaireurs. Il a besoin de notre entière vigilance. J'aurai tout le loisir de continuer mes investigations lorsque l'on sera de retour au bercail."
130a3fb1-5b99-444c-b8bc-a82220d7e74b,ALT_CYCLONE_B_OR_81_C,LANDMARK_PERMANENT,Mandjet,,"Mandjet et Mesektet, les navires amiraux Ordis, enfin réunis.",,ZHEN,"393 AC - Trente-cinq ans. Ils avaient attendu tout ce temps avant de débuter les réparations de la Barque de Jour. Si Mesektet avait été perdu pour de bon, ce n'était pas le cas de Mandjet. Oui, le navire-amiral avait subi de sévères avaries, mais c'était loin d'être une épave. C'était le fleuron de l'Aegis, qui régnait en maître sur le ciel d'Asgartha. C'était un symbole de protection pour la population civile. Alors pourquoi le laisser prendre la poussière, pendant plusieurs décennies, dans un entrepôt des chantiers navals de Sadracca ? Ses réparations n'avaient officiellement débuté qu'en 375 AC. Quand on prenait la peine d'y réfléchir, il y avait quelque chose de louche là-dessous. On pouvait bien sûr arguer que la pénurie de matériaux avait empêché le lancement d'un tel chantier... mais sacrifier le ciel, et la sécurité du Protectorat ?

Non, quelque chose ne tournait pas rond. Gaj était désormais en charge de Mandjet. J'avais un rang équivalent, mais on me l'avait attribué avant tout à titre honorifique parce que je faisais partie d'un Exalt. Il y avait, contrairement aux autres navires de la flotte asgarthie, de nombreuses zones auxquelles même mon niveau d'autorisation ne me permettait pas d'accéder. Alors que j'étais Contre-Amirale. On m'a raconté que certains espions, par le Gestalt, avaient la possibilité de loger leur conscience dans celle d'un autre, tout en restant indétectable. Je ne sais pas si ce ne sont que des racontars ou bien un fait avéré, mais je dois avouer que ce serait un sérieux atout, dans la situation actuelle..."
612570c0-107f-4ce8-a56f-7eed458d7a32,ALT_CYCLONE_B_OR_82_C,LANDMARK_PERMANENT,"The Origamium",,"C'est de là que les hérauts de papier prennent leur envol.",,WARU,"393 AC - J'attends avec impatience le résultat des élections. À l'heure qu'il est, les hérauts de papier doivent être en train de vrombir au sein de l'Origamium. Libellules, sauterelles, colombes et corbeaux... Les origamophiles doivent être en train de les trier, de les relâcher vers leur ultime destination. Et l'un des pliages est celui qui m'est destiné, avec le nom  de celui ou celle qui succédera à Avkan. Il doit y en avoir des centaines ou même des milliers en train de tournoyer dans le chuintement des froissements de papier. Je regarde par la fenêtre, pleinement conscient qu'aucune missive ne m'arrivera aujourd'hui... J'en profite pour faire mes exercices mentaux. C'est devenu une routine, ces derniers temps. Je ne peux pas me permettre de laisser mon esprit faillir de nouveau...

Je ne sais que penser. Les médecins du Rati estiment que j'ai été atteint du même mal que les autres explorateurs du labyrinthe. Mais comment expliquer alors que les symptômes ont débuté bien avant notre arrivée à la Cité des Sages ? Je peux presque entendre le chuchotis des ailes de papier... À moins que ce ne soit le bruissement de mes pensées qui tournent en rond. Pour autant, je n'ai pas ressenti d'autre symptôme, ni fait face à la preuve irréfutable d'une réelle dégénérescence. ""Tu te fais du mouron pour rien, vieil homme."" Mack est en train de fureter dans le réseau d'aération de l'Ouroboros, en quête d'informations. Oui, il a sûrement raison. La peur est l'ennemie de l'esprit, et je dois la congédier..."
e829b42f-8883-48c0-95df-21d6dc1a8dc5,ALT_CYCLONE_B_YZ_47_C,Token,"Mana Moth",,"Une pluie de Mana, une source de magie.",,TAIMA,"393 AC - Je dois agir vite. J’insère le fil chimérique dans la bobine automatisée et enclenche le mécanisme de rembobinage. Autant user des fils de l’Alter Ego plutôt que des miens. La soie de Silk se noue à mon aiguille, que je tiens comme une rapière. Face à moi, au-dessus des eaux clapotantes, un Phalène monstrueux a pris forme et fait claquer ses mandibules. Lui qui n’a jamais connu la faim ne doit pas comprendre ce qu’il ressent à présent. Je jette un regard vers l’Exalt : il a déjà commencé à agir. Je dois me synchroniser avec eux pour bannir cette abomination. Je m’élance et transperce l’une de ses ailes, avant de planter un fil dans le sol pour l’empêcher de s’envoler.

L’Altérateur plonge alors la main dans l’Empyrée, cherchant à y saisir l’idée même de l’évaporation. Il veut dissiper l’eau, purifier son concept et le ramener à son état originel. Non — il n’y a pas le temps pour ça. Je tire mes épingles de mon fourreau et les lance sur l’insecte dénaturé. Non pas que je veuille commencer une collection entomologique, mais mieux vaut éviter que la Muna, tétanisée à quelques pas, ne devienne une collation de circonstance. Mes aiguilles l’épinglent contre la paroi rocheuse. Silk se tourne vers moi, son attitude pleine de réprobation. Non loin, je sens la présence de Sam, prête à intervenir. Ses yeux luisent dans la nuit, mais je lui fais signe que je garde la situation sous contrôle.
"
0423e170-b95a-4d48-9bac-27bd97bf06b5,ALT_CYCLONE_B_YZ_65_C,Hero,"Moyo & Silk",,"L'idée du papillon se trouve déjà dans la chenille.",,,
c2811e6e-5923-4aab-ae81-045f343e3a66,ALT_CYCLONE_B_YZ_66_C,Character,Undine,,"Lorsque les alchimistes Yzmir en appellent à l'esprit de l'eau, l'ondine facétieuse leur répond.","Les Ondines sont des créatures issues de la mythologie germanique, représentées sous la forme de génies des eaux, pareilles à des nymphes ou des naïades. Elles sont présentes dans les eaux vives, les rivières, les fontaines. Certaines gardent des trésors dans des endroits immergés. Il est également dit qu'elles alimentent les fontaines en eau, et qu'elles les tarissent si elles se sentent offensées. Pour éviter cela, on leur laisse des offrandes (de la simple guirlande de fleurs à des petits objets brillants ou scintillants).",MOYO,"393 AC - Je fixe l'écume. Les cascades bruissent et moussent au-dessus des eaux de l'étang. La zoologiste Muna est en train de récupérer ses échantillons, et mon assistante et moi-même ne pouvons qu'attendre qu'elle termine sa collecte. Si elle a besoin de nous, elle nous fera signe. Je fais signe à la Cinémancienne, dont j'ai oublié le nom. Ta-machin-chose. Je n'en ai cure, en réalité. Tout ce qui importe, c'est qu'elle suive mes consignes à la lettre. J'avais appris que Takao était mort. L'enquête avait conclu à une erreur de manipulation. Personnellement, j'en doutais. C'est lui qui m'avait appris les bases de l'alchimie, et il était méticuleux au possible. Une telle maladresse était impensable. Mais qu'importent mes doutes, ce n'est pas comme si je pouvais y faire grand-chose.

C'est avec son souvenir en tête que je convoque la substance que j'ai choisie. Quelque chose de malléable, et en même temps, avec suffisamment de matière pour l'observer. En alchimie, les éléments classiques — terre, eau, feu et air — sont habités par des esprits élémentaires : gnomes, ondines, sylphes et salamandres. Je brise l'Effigie, use des fils de Silk pour arrimer l'idée que je cherche et tire quand ils se tendent. Un clapotis me répond. Une figure aqueuse, ronde et souple, émerge timidement de l'étang, comme si elle y avait toujours demeuré. Je tends la main en guise d'invitation, et elle accourt, ses pas créant des ronds à la surface de l'eau. Je vais devoir l'essencifier, et insuffler son idée dans une Phalène nouvelle-née. La Cinémancienne entame son kata."
92f613e9-c695-40f9-ae19-137bc5663326,ALT_CYCLONE_B_YZ_67_C,Character,"Winged Monkey",,"Voler doit toujours être synonyme de liberté.","Les singes ailés sont des personnages du roman de L. Frank Baum intitulé ""Le Magicien d'Oz"". Dans ce livre pour enfants, ces créatures sont d'abord sous le joug de la méchante sorcière de l'Ouest, avant d'être libérées par l'héroïne, Dorothy Gale. Ils lui permettent notamment de voler dans le ciel pour voyager, en l'emportant avec eux.",MOYO,"393 AC - Les briques jaunes se disloquent, et Dorothy serre les dents, avant de faire signe à ses troupes. Des myriades de singes ailés fondent sur l'ennemi, leurs ailes bruissant furieusement, leurs queues fouettant l'air. Ozma est là, elle aussi, parée de ses atours de reine. Ou a-t-elle revêtu son armure ? Il y a dans l'air une odeur fétide, comme si quelque chose était en train de pourrir non loin. Il y a dans le ciel une noirceur qui se masse à l'horizon, comme le feraient des nuages sombres tandis que la tempête se prépare. Des langues noires et roses et mauves, comme des ronces, et des yeux qui jamais ne cillent. L'armée de singes volants déferle comme une marée. Ils viennent grossir les rangs des défenseurs...

Je me réveille en sursaut. Un mauvais rêve. Juste un mauvais rêve. Pendant un moment, j'avais senti une présence malveillante, très similaire à celle de l'Affamé, quand je m'étais baladé dans les entrailles de la Cité des Sages. Avions-nous réellement vaincu l'abomination ? Avait-elle trouvé un moyen de survivre ? Je tente de me remémorer les détails de la confrontation, déroulant le fil de la bataille à la recherche de quelque chose que j'aurais pu manquer. Non, il n'y avait pas de raison. À moins que... D'après ses dires, Waru avait apposé un Losange sur la pierre noire, pour accéder à la mémoire de la Cité. Un Glyphe qui pouvait être une entrée vers le Gestalt. L'entité avait-elle trouvé une porte de sortie ? Ou bien était-ce juste un cauchemar ?"
a1508c06-7cd3-4cd1-8fc9-841c04e61c06,ALT_CYCLONE_B_YZ_68_C,Character,"Studious Acolyte",,"Le patronage d'Afanas commence à porter ses fruits.",,AFANAS,"393 AC - Fasano est à un âge où je le vois changer mois après mois. Sa silhouette s'affine au gré des entraînements, mais il grandit aussi à vue d'œil. Tout comme son assurance. Je ne sais pas s'il me tient pour responsable de la mort de sa sœur, mais s'il le montre, c'est uniquement à travers sa persévérance. Quel que soit le traitement que je lui impose, il l'accepte sans rechigner. Tout comme je l'avais fait à l'époque, d'abord sous le patronage de mon père, puis celui de Qaasin. Je les avais détestés tous deux plus d'une fois, mais je devais reconnaître qu'ils avaient réussi à m'inculquer une rage tenace. Espérons qu'il conserve cette attitude ces prochains mois. Il est en train d'entrer dans l'adolescence, et ce passage n'est aisé pour personne.

Je souris en le voyant faire voleter ses grimoires, lui qui il y a un an encore peinait à les trimballer de Loge en Loge. Mais un an pouvait tout changer quand on était sujet à de telles poussées de croissance. Je l'avais surpris avec les larmes aux yeux, il y a quelques jours, quand il avait déposé des fleurs sur un autel improvisé. J'avais choisi de ne pas le déranger. Le deuil était quelque chose qui prenait du temps, et une affaire plus que personnelle. J'étais bien placé pour le savoir. Tout ce que je pouvais faire, au final, c'était lui laisser gérer ça, en lui laissant un peu d'espace pour digérer, et en lui donnant des occasions d'exprimer sa colère."
0079d20d-c88f-45b1-8092-90088878ba35,ALT_CYCLONE_B_YZ_69_C,Character,"The Tortoise",,"« Je te cède la place volontiers, je vais pas en faire des salades. »","La tortue est l'un des protagonistes de la fable ""Le lièvre et la Tortue"" de Jean de la Fontaine, fabuliste français du XVIIe siècle. Cette fable prend corps autour d'une course entre un lièvre et une tortue. Cette dernière est le symbole de la lenteur, tandis que le lièvre est celui de la vitesse. Or, contre toute attente, c'est la tortue qui l'emporte. Elle a la conviction de sa faiblesse, et son adversaire a l'illusion de sa force. Et c'est cela qui finit par le perdre. La moralité de cette fable est célèbre : ""rien ne sert de courir, il faut partir à point"". Ainsi, patience, préparation et persévérance valent mieux qu'empressement et distraction.",MOYO,"393 AC - Que disait la fable, déjà ? Rien ne sert de courir, il faut partir à point ? Les Bravos ont répondu à l'appel à l'aide, sans se poser de questions. Et si nous les laissons faire, ils se jetteront dans la gueule du loup. Quelque part, je les enviais. Foncer tête baissée était aisé. Ils n'avaient pas à se prendre le chou, juste à courir comme des poulets sans tête, et advienne que pourra. Non, je ne les enviais pas. Leur soi-disant courage confinait parfois à la bêtise. Je devais garder la tête froide, analyser, me préparer à toutes les éventualités. Ma force résidait dans l'examen attentif de la situation, des enjeux et des éventualités. Partir à point. Les Bravos s'élancent, leurs lances affûtées, prêts à en découdre, prêts à prendre en chasse le Léviathan.

Ont-ils pris conscience de la particularité d'Alelo ? Non, probablement pas, et je ne dois pas faire la même erreur. J'invoque la Tortue. Elle saura m'indiquer quand il conviendra de me mettre en route. Elle se matérialise à mes côtés dans l'instant, et met ses pattes griffues sur le pommeau de sa canne. Son expression pourrait être un sourire affable, tandis qu'elle se meut avec lenteur. Je me force à l'imiter, à focaliser mon esprit. J'ai appris suffisamment en étudiant la porosité des Phalènes à la substance du réel. Tout ce que je dois faire, à présent, c'est organiser mes pensées pour aboutir à un plan d'action. Je trie, j'agence. Et quand je vois la Tortue me faire signe, je sais qu'est venu le temps d'agir."
befa9273-ea46-44ee-a714-1976ce5c569c,ALT_CYCLONE_B_YZ_70_C,Character,"Suka, Qorgan Operative",,"En acceptant l'offre du Qorgan, Suha vit jusqu'où allait le terrier du lapin.",,SUHA,"393 AC - Je retire le visage de la Légat, maintenant que je suis isolée dans l'officine. Il est peu probable que quiconque ait souvenance de ce visage, dérobé il y a plus de trente ans de cela. Mais le risque demeure de croiser quelqu'un qui l'ait connu. Je dois faire vite. Je parcours les parchemins et les lettres qui s'entassent sur le bureau, me remémorant ce que Yanna m'a dit. Certaines ont été ouvertes, et je les lis en diagonale. D'autres parchemins ont été placés en pile, visiblement tout juste déposés sur son bureau par un clerc des archives. J'en trouve un qui porte le sceau personnel d'Avkan, et l'ouvre en priorité. C'est une lettre, vraisemblablement adressée à Bai Shan-shu. Plus que ça, c'est une convocation. J'étrécis les yeux.

Je saisis une chandelle et embrase sa mèche. Il serait malheureux que la Contre-Amirale tombe sur cette information. Si elle était mise au courant, sa vie serait encore plus en danger qu'elle ne l'est aujourd'hui. La flamme se met à rogner le vieux papier, et je m'assure que son contenu ne soit plus lisible avant d'en faire disparaître les cendres. Travailler pour le Qorgan avait certes ses avantages, mais je pouvais désormais sentir le poids des mensonges peser sur mes épaules. Les secrets servaient trop souvent de fondation à l'histoire officielle, et il était parfois dur de vivre avec cette terrible lucidité. En mon for intérieur, je me dis que Zhen devrait laisser le passé au passé, mais en même temps, je ne comprends que trop bien ce qui la motive..."
2af5f437-52ac-4101-9015-cbf1d1d5e7f4,ALT_CYCLONE_B_YZ_71_C,Character,Kali,,"Toute action exige un sacrifice.","Kali est, au sein de la religion hindoue, la déesse de la préservation, de la transformation et de la destruction. Son nom dérive du mot ""kālá"", le temps, et figure le pouvoir destructeur de celui-ci. Elle est le pendant noir de Shiva. Mais Kali a aussi un rôle bienveillant : elle détruit les esprits mauvais et assure la protection des croyants dévots.",MAW,"393 AC - Les Muna appellent souvent Parvati, mais peu osent convoquer son aspect terrible. Tout comme moi, Kali dévore. Chacun de ses gestes est à la fois gracieux et menaçant, une ode à la fatalité. Ses kriss dansent une danse langoureuse, qui est en réalité un rituel, une chorégraphie macabre mais ô combien nécessaire. Mais sait-elle elle-même qu'elle doit être détruite pour être recréée ? Le cycle du monde est ainsi, et celui-ci semble être dans un entre-deux difforme et dénaturé. À chaque pas de danse, les chaînes tintent comme des clochettes, tandis que le mage qui l'a invoquée nous observe de derrière son masque. L'a-t-il fait pour se protéger de moi ? Je me love dans les recoins sombres de l'esprit de Lindiwe. Elle me sent me mouvoir, et réprime un frisson.

Cela fait quelque temps qu'elle s'empêche de lutter ouvertement contre mon influence. Depuis notre confrontation avec l'Affamé, elle semble avoir perçu quelle était ma mission. Je sens parfois qu'elle tente de garder le contrôle, mais de plus en plus, elle se laisse faire. En cet instant, je ne sens aucune défiance de sa part. Car elle l'a perçu, elle aussi. Ce mage est dangereux, et n'est pas ce qu'il paraît. Pour autant, je n'ai aucune raison de m'en prendre à lui. Il ne fait pas partie de ceux que je dois chasser. L'homme au masque d'albâtre fait un pas en avant, alors que Kali couvre son avancée. C'est un adversaire mortel. Je me redresse comme un cobra tandis que ma gueule s'ouvre et dévoile ses rangées de dents."
f92bbca6-af2c-483e-ad5a-f0dec25580aa,ALT_CYCLONE_B_YZ_72_C,Character,Caladrius,,"D'un simple regard, il vous dévoile votre destination.","Le Caladrius est un oiseau légendaire du Moyen Âge européen, aux plumes d'un blanc immaculé. Il était censé d'un simple regard pouvoir guérir un malade ou bien au contraire en confirmer le funeste destin. S'il vous fixait dans les yeux longuement vous étiez sauvé, s'il détournait le regard, vous étiez condamné.",AKESHA,"393 AC - Je serre les dents en voyant la porte du transport s'ouvrir. Les secouristes soulèvent des brancards et les amènent sur le pont déjà bondé, tandis que les infirmiers de l'Ouroboros se précipitent à leur rencontre. Les blessés affluent, suite à l'incident. Je les vois organiser les soins, trier les patients selon la gravité de leurs blessures. Ici, ceux qui sont tout juste contusionnés ; là, ceux qui sont en état de choc. Et puis... et puis il y a ceux qui ont besoin de soins d'urgence, et ceux qui n'ont qu'une faible chance de s'en sortir. Ceux-là sont amenés dans une pièce à part, et placés sous l'œil vigilant du Caladrius, qui vole d'un lit à un autre. Un seul regard lui suffit. S'il se détourne, c'est qu'il n'y a plus rien à faire.

S'il continue de fixer le blessé, en revanche, alors des médecins prennent en charge la victime. Ça me révolte qu'on doive en arriver là, mais en même temps... en même temps, je sais que c'est ce qui doit être fait. Je me penche vers un mineur dont le souffle se fait de plus en plus rauque. L'oiseau est venu se percher sur son lit, sans s'attarder. Un verdict, une sentence. Je ne connais pas son nom. Je ne sais pas s'il a de la famille à bord. Tout ce que je sais, c'est qu'à sa place, je ne voudrais pas être seule. Alors je lui prends la main, et je reste à ses côtés, tandis que Taru l'apaise en le nourrissant de bonnes pensées. Une larme coule sur ma joue, quand il rend son dernier souffle."
8ff04e74-af86-4f12-be3c-b891326bf1c6,ALT_CYCLONE_B_YZ_73_C,Character,"Alelo, Eerie Leviathan",,"Nous suivîmes son sillage, pensant qu'il s'agissait d'un courant magique.",,MOYO,"393 AC - Les esquifs Bravos slaloment entre les îlots, tandis que le Léviathan file à leur suite. Il serpente aisément, par des mouvements brusques mais calculés. L'apparence de la créature est à la lisière entre celle d'une anguille et d'une murène, mais ce n'est pas là le plus intéressant. Tout comme les Phalènes, Alelo semble exister quelque part à la frontière entre le réel et l'imaginaire. Il a régulièrement besoin de plonger sous la couverture nuageuse, afin de s'alimenter en Mana. Mais le plus intéressant, c'est qu'il peut à sa guise basculer d'un état à un autre, et ainsi passer du tangible à l'illusion. Et c'est bien pour cela que les Bravos font fausse route. Ils ne pourront pas reproduire ce que Nuur Tamrat a accompli avec Annoba.

Il va me falloir trouver un moyen pour permettre à Afanas de toucher Alelo, tout en empêchant les chasseurs d'y laisser des plumes... J'aurais pu me passer de cette distraction. Je me suis préparé en jouant avec le degré de réalité des Phalènes, précisément pour ce moment. Avec un peu de chance, je pourrais empêcher Alelo de se diluer dans l'immatériel, le forcer à garder de la substance, et ainsi être vulnérable. Heureusement, le biome dans lequel il a élu domicile ne manque pas d'eau, et c'est précisément cet élément que j'ai choisi pour lui donner corps. Mais avant cela, je vais devoir manœuvrer avec soin pour que ces importuns de l'Ascalon évitent de me gêner... Il serait dommageable qu'ils entrent dans ma ligne de mire."
e7217e7e-80f5-4399-9a43-c36a5b460d7f,ALT_CYCLONE_B_YZ_74_C,Character,Shiva,,"Toute création débute par un acte de destruction.","Divinité hindoue, Shiva est le dieu de la destruction, de l'ignorance et de l'illusion. Il est également le préservateur, le dissimulateur et le révélateur. Il est, avec Vishnou et Brahma, l'un des trois dieux primordiaux. S'il représente la destruction, celle-ci a pour finalité le renouveau. Il est souvent représenté avec les yeux mi-clos, car il les ouvre pour créer le monde, et les ferme pour le rendre au néant.",LINDIWE,"393 AC - Maw regagne son enveloppe, et fait frétiller ses anneaux en signe de défi. Libérée de son emprise, je convoque Shiva pour me prémunir de Kali, elle que seuls certains des Initiés ont le droit de conjurer. Mais cela n'empêche pas l'Initié de marcher dans notre direction. Je jette un coup d'œil à Maw. Jamais je ne l'ai autant senti sur la défensive. Et il y a de quoi. Celui qui nous fait face ne semble même pas craindre la puissance de mon Eidolon. Alors que d'un battement de cils, il pourrait détruire le vaisseau où nous nous trouvons ; alors que d'un clignement de paupières, il pourrait conjurer le néant. Arrivé à quelques pas, le mage s'arrête, et lève les mains en signe d'apaisement.

J'observe les chaînes qui le lient à son Eidolon, et serre les dents en comprenant comment il a convoqué la déesse. Non pas par l'entente, mais par une forme d'asservissement. La réalisation m'emplit de dégoût, par rapport à la nature même de son geste, mais aussi par rapport à ma propre condition. Qui est-il ? Comment ce simple mage peut-il faire jeu égal avec un Exalt ? A-t-il compris la nature de Maw ? La Chimère hésite bel et bien. Elle est prête à se jeter sur lui, mais quelque chose semble l'en empêcher. Serait-ce la peur ? Mon ventre se noue, tandis qu'un étrange dilemme se joue dans mon propre esprit. Quel parti dois-je prendre ? Celui de mon geôlier, ou bien celui de cet individu masqué ? N'est-ce pas là ma chance d'être libre ?"
bce8a52c-e114-4907-9dcd-a4083e73fca0,ALT_CYCLONE_B_YZ_75_C,Spell,"Moth Collision",,"Quand deux phalènes se rencontrent, c'est l'étincelle.",,MOYO,"393 AC - Je vais pour me détourner, quand j'entends soudain l'eau bouillir. Des éclaboussures éclatent à la surface, alors que l'idée de l'insecte prend de l'ampleur. Je fais un pas en arrière, sur la défensive, alors que j'analyse ce qui est en train de se produire. Je prends acte de l'étendue de mon erreur : l'idée de la Phalène ne s'est pas dissipée, elle s'est mêlée à l'eau et s'est répandue. Elle est en train de gangrener la réalité. Pour s'en nourrir. Pour la faire sienne. La biologiste Muna ne semble pas avoir pris conscience du danger, et je n'ai pas le temps de l'avertir. Ou tout du moins, cela me demanderait plus d'effort. J'accélère intentionnellement la métamorphose de quelques nymphes, et provoque l'émergence précipitée d'imagos.

Un tourbillon est en train de naître, et se met à laper les bords de l'étang. Je lance mes Phalènes en direction de la Muna, les fais se percuter entre elles au gré d'explosions violacées. Comme des bombes de fumée, elles projettent la zoologiste en arrière, hors d'atteinte du hourvari, et de ce qu'il est en train de voir naître. La jeune femme retombe mollement, plus surprise qu'affectée. Elle toussote tandis que retombe le nuage de spores, tournant un regard stupéfait puis agacé dans ma direction. Puis ses yeux s'écarquillent soudain. Avec fracas, une forme — anormale et monstrueuse — est en train d'émerger des flots trépidants. Derrière moi, alertée par le raffut, la tisseuse ne peut s'empêcher d'avoir un hoquet de surprise en voyant la Chimère lentement émerger de l'écume."
9e4247ee-e3f2-407f-9a13-6d7abac1ffbe,ALT_CYCLONE_B_YZ_76_C,Spell,"Yzmir Signet",,"Secret et sacrifice.",,INCONNU,"393 AC - La vérité. C'est elle que tout Yzmir se doit de rechercher. La vérité derrière les voiles épais des mensonges et des faux-semblants. La puissance. C'est par elle que cette vérité se doit d'être domptée. Car seule la puissance permet d'y faire face. L'abnégation, enfin. Car tous n'ont pas la force de se confronter au vrai visage du monde. Par l'abnégation, les Yzmir s'exposent à la folie, pour que les autres puissent vivre dans la béatitude de l'ignorance. Le savoir est une épée à double tranchant : le pouvoir qui en résulte exige des sacrifices. Peu sont ceux qui continuent de garder espoir tout en regardant la vérité du monde droit dans les yeux. Peu parviennent à faire de leur esprit une forteresse capable de tenir face à la houle des révélations.

C'est cela, être Yzmir. Nous sommes des vigies anonymes qui bravons la tempête. Et parmi les Yzmir, le Qorgan sera toujours au premier rang, l'œil toujours tourné vers le précipice. Jamais nous ne récolterons les honneurs. Toujours, nous agirons dans l'ombre. L'ennemi est sur tous les fronts, et parfois même, il est à l'intérieur de nous. C'est pourquoi nous devons garder l'esprit clair, et regarder avec attention et lucidité. Comprends-tu ce qui est attendu de nous ? Le zèle, l'inflexibilité, l'impartialité, le renoncement. C'est là notre lot, maintenant et à jamais. Il n'y aura nul éloge, nulle récompense, nulle distinction. Notre seule gratification viendra de la certitude de nous battre pour une cause qui nous dépasse tous, et qui mérite notre dévouement total."
e6b0ca6d-3806-47f0-8828-47e5401331a0,ALT_CYCLONE_B_YZ_77_C,Spell,Defect,,"Changer de camp n'est pas toujours une question de choix.",,MOYO,"393 AC - Il suffit parfois d'un rien, d'une simple idée, pour changer le cours des choses. Il n'est jamais aisé de l'implanter, surtout quand l'esprit est en état de pleine conscience. Mais lorsqu'il est occupé, il est plus facile de se faufiler entre les mailles du filet. L'esprit dissipé peut alors confondre cet implant avec de l'inspiration, de l'intuition, ou toute pensée raisonnée. Et c'est précisément cela que je veux actionner. Bien entendu, c'est un art proscrit, inscrit en noir et blanc dans les Interdits de ma Faction. Mais c'est ici dans leur intérêt que j'œuvre, pour leur bien. Et de toute façon, l'important est de ne pas se faire prendre. C'est pourquoi je dois faire preuve de subtilité, en avançant à pas de loup et sans laisser de traces.

Leur plan est bien établi, et leur action coordonnée. Dans d'autres circonstances, elle aurait été admirable de planification et d'exécution. Mais partir sur un postulat erroné mène forcément à l'échec, qu'importe la virtuosité de la démonstration. Cela va compliquer ma tâche. Ils n'ont pas pour habitude de discuter les ordres, ni de rompre avec la stratégie définie. Heureusement, toute mission a ses aléas et ses imprévus : les paramètres changent, les situations évoluent — choses qui exigent de la flexibilité. Et c'est sur cette flexibilité que je me concentre. Ici, empêcher un déploiement ; là, changer un placement de manière impromptue. Comme des pions qu'on bouge sur un échiquier afin d'avoir le champ libre. Petite touche par petite touche, je tente de me créer une fenêtre de tir, en espérant que ce soit suffisant..."
9019cd23-0ba8-4852-a1f0-2c298ff80701,ALT_CYCLONE_B_YZ_78_C,Spell,"Moth to a Spring",,"Une source qui vient étancher toute soif de magie.",,MOYO,"393 AC - Silk déroule sa soie comme une bobine, et la Cinémancienne s'en empare comme une couturière manipule la laine filée. Elle coud et suture les idées avec les fils chargés de Mana de ma Chimère. Papillon et eau. Fluide et éphémère. Elle y mélange de la Géphyromancie, bien sûr. Et de mon côté, j'observe attentivement. Je dissèque. J'étudie. L'hybridation est en cours. Elle est loin d'être parfaite, naturellement. Il n'est pas aisé de trouver le bon dosage. J'hésite à appeler l'Eidolon d'Issur pour m'aider. Étudier les Phalènes de Mana aurait pu l'aider à affiner sa théorie sur le concept d'hyper-réalité, où réalité et illusion se confondent. Non. L'invoquer ne me serait d'aucune utilité, et, pire encore, dénaturerait mon approche. Je me devais de rester objectif.

La Phalène éclate soudain, comme une bulle que l'on perce, et l'eau retombe bruyamment dans l'étang. À travers mes Iris, je vois l'idée de la Phalène se diffuser dans l'eau comme de la peinture se dilue dans les flots. En fin de compte, l'hybridation n'aura tenu que quarante-trois secondes, encore moins que quand l'idée demeurait sans support réel. Je suppose que ce que je ressens est de la déception. Je décide cependant de ne pas m'appesantir dessus, d'autant que la chercheuse Muna semble avoir terminé ses prélèvements. Je la vois approcher du bord de la berge, les sourcils froncés, visiblement intriguée. Peut-être a-t-elle juste entendu le clapotis de mon expérience ratée ? Ou juste entraperçu un spécimen de poisson non répertorié ? J'avais moi aussi partagé cette curiosité, autrefois, mais ce n'était plus mon rôle.
"
32ba89d2-cb02-4b17-b23f-838ec0870e20,ALT_CYCLONE_B_YZ_79_C,Spell,Brainwash,,"Comme un ver dans la pomme, Silk pénétra l'esprit de l'Eidolon pour le convertir aux intérêts de sa Faction.",,MOYO,"393 AC - Ses yeux ont une coloration étrange, comme si on avait éclaboussé de l'or dans ses iris. Je parcours sa fiche médicale du regard : Baptiste Sanschagrin, 68 ans, ouvrier agricole stationné à la Ferme, s'occupant de l'arrosage des cultures et de la manutention de la Sève... Il se plaignait de rêves de plus en plus pénétrants, de souvenirs parasites, dixit ""qui n'étaient pas les siens"". Je l'ausculte par le biais de mes Iris et, en effet, je vois que le phénomène pourrait correspondre à la Rémanence. Mais ce Baptiste n'avait pas suivi l'initiation des Yzmir. Il n'avait aucune affinité magique, quelle qu'elle soit. Puiser dans l'Empyrée était hors de sa portée. De plus, les symptômes n'étaient pas strictement identiques. Il n'y avait pas de caractère erratique à l'Éther qui se diffusait en lui.

C'est comme si les portes de l'inspiration s'étaient ouvertes en grand dans son esprit, une voie naturelle, mais amplifiée. Sauf que l'assimilation n'était pas entière. J'appelle Silk, qui remonte le long du dos du malade jusqu'à poser ses pattes thoraciques de chaque côté de sa tête. Le vieil homme semble mal à l'aise, mais se contente de déglutir. C'est étrange. C'est littéralement l'inverse de ce qui arrivait aux victimes de l'Affamé. Heureusement, les souvenirs n'étaient pas encore entièrement greffés dans sa psyché. Avec quelques coupures çà et là, il devrait être possible d'exciser ces souvenirs intrus, comme avec un scalpel. Je les ponctionne, tandis que Saskia les isole dans un contenant. En fin de compte, elle avait eu raison : l'exposition à la Sève avait chez quelques individus des effets indésirables."
1e0d301e-b3e4-454a-bdd3-e4453bc7ccb6,ALT_CYCLONE_B_YZ_80_C,Spell,"Sakarabru's Fury",,"D'un geste, Sakarabru balaya plusieurs jours de progression.",,AFANAS,"393 AC - Que fait-il, au juste ? Il doit bien savoir que j'ai besoin d'une fenêtre de tir. C'est là la grande différence entre un Mage Combattant et un Mage Scolastique. Même en situation de combat, ces derniers cherchent à faire preuve de finesse, alors qu'elle n'a rien à faire là. Je me concentre, et vois l'exobiologiste me jeter un regard étonné quand il sent l'afflux de Mana que je puise en Senka. Qu'il garde ses forces pour incarner Alelo au moment voulu, je me charge de faire déguerpir ces dispensables Bravos, et aussi tous ceux qui pourraient me gêner. En combat, il ne peut y avoir de demi-mesure. En combat, il y a la victoire et l'échec, pas d'entre-deux. Je vois Moyo serrer les dents et s'écarter, tandis que j'incante.

Viens à moi, l'un des trois. Viens à moi, gardien du Puits des Larmes. Viens à moi, veilleur dans la nuit. Réponds à mon appel. Montre ta face sombre à tous ceux qui errent là où ils ne devraient pas. Je fracasse son Effigie. Il apparaît à mes côtés, et son cri balaie les îlots, les fait voler comme des fétus de paille. Je vois un esquif Bravos faire demi-tour, après que son barreur m'a lancé un regard noir. Qu'il nourrisse de la rancœur. Ça m'est égal. Je me tourne vers le laborantin, qui se cramponne comme il peut à son chapeau pour empêcher ses cocons d'éclore. Mais je ne lis nulle animosité dans ses yeux, juste une intense réflexion. Il se met à exécuter des Signes..."
4a44b43e-8ff0-4c90-9e0d-edf849aeaba3,ALT_CYCLONE_B_YZ_81_C,Spell,Bait,,"On dit que l'herbe est toujours plus verte ailleurs...",,MOYO,"393 AC - Il y a là une présence qui rôde. Je peux la sentir, comme un effluve ténu. Quelque chose a élu domicile dans cet archipel. Un prédateur, qui arrive cependant à se cacher à ma vue, malgré mes Iris. Il est là, dans la façon dont le vent souffle dans les branches. Il y a une odeur de musc, des yeux dissimulés derrière les buissons, une présence dans l'absence, dessinée en creux. Les dotouffus, quant à eux, semblent totalement oublieux du danger, tout comme leur pâtre. Non, ils ne peuvent pas rester là. Et même si je me fais des idées, il vaut mieux ça que ne pas agir. Pour autant, je ne suis nullement berger. Je n'ai pas la moindre idée de comment les appeler, comment les forcer à me suivre.

Mais je peux peut-être compter sur leur étourderie naturelle. Je fais éclore une Phalène, avant de l'envoyer voleter au-dessus de la tête de leur supposé meneur. La mite entame sa danse nuptiale, tandis que le mouton-nuage la suit du regard. J'appelle un autre insecte, afin que le premier se dirige dans sa direction. J'acquiesce en voyant le dotouffu, cédant à son insouciance intrinsèque, suivre le papillonnement coloré de la Phalène. Avec un peu de chance... Alors qu'il se met à sautiller derrière le papillon, le reste du cheptel se met à le suivre, sous l'œil surpris de Kauri. Il me jette un regard, avant de se détourner brusquement en frissonnant. Lui aussi semble l'avoir senti, au final."
a1831ec6-b64f-4f1a-9dc7-8ba34b95e5fd,ALT_CYCLONE_B_YZ_82_C,LANDMARK_PERMANENT,"The Well of Tears",,"Une fissure au cœur du Kadigir...",,MOYO,"393 AC - À jamais suspendu à la lisière, sur le seuil entre imaginaire et réalité. C'était là la nature même du Mégalithe. On disait que cette Singularité datait de la Confluence, et que la brèche s'était résorbée autour d'elle. La plupart du temps, on la disait inerte. Mais comme toute chose en équilibre, il était possible qu'elle bascule d'un côté ou d'un autre, comme un iceberg qui soudain se retourne dans les eaux sombres de l'Inframer. Comme tous les Initiés, je m'étais plié à l'exercice. J'avais moi-même usé du burin et du marteau pour en recueillir un Fragment. J'avais trouvé le cérémonial surfait, l'intronisation pompeuse et inutile. Il y avait tant de codes : manger à des heures précises, saluer une personne quand on la rencontrait pour la première fois de la journée...

Fais comme les autres, m'avait-on conseillé. Pourquoi ? Conforme-toi aux usages. Quelle en était la justification ? En fin de compte, j'avais tu ces interrogations, car il ne semblait pas y avoir de réelle raison à tout ça, hormis la répétition de schémas hérités des précédentes générations. Suivre comme des moutons. Reproduire. Une Phalène éclot sous mon chapeau, et je la vois sortir de sa gangue opaline. Elle aussi était suspendue entre imaginaire et réalité. Mais peut-être qu'elle aussi, avec la bonne impulsion, pouvait basculer d'un côté ou de l'autre de l'Éther ou du tangible. Et c'était précisément ce que j'allais découvrir avec ma prochaine expérience. Que se passerait-il, si je donnais de la réalité à l'illusion ? Je contemple les cascades qui, comme au sein du Puits des Larmes, grondent non loin."
5ca8d492-84cf-4717-b608-e429e568d4a3,ALT_CYCLONE_P_LY_84_C,Character,"Leviathan Whisperer",,"Tel le Joueur de Flûte, il charme les Léviathans.",,TEMERA,"393 AC - Son père le regarde avec fierté tandis que l’adolescent porte la flûte à ses lèvres. Je surprends un regard d’encouragement de la part du père, et un bref hochement de tête de la part du fils. Puis ce dernier se met à souffler. Le souffle devient notes de musique. Les notes deviennent un semblant de mélodie. L’air n’est pas harmonieux. Loin de là : il est même légèrement douloureux pour les tympans. Mais ce n’est pas la musicalité qui compte ici. Le jeune flûtiste m’a expliqué que la majorité des notes de sa partition, composées d’infrasons et d’ultrasons, n’est pas perceptible par l’oreille humaine. Ce qui l’est ne se révèle guère agréable. Mais le musicien n’en a cure. Il ne joue pas pour nous. Nous ne sommes pas son audience.

Ce n’est qu’au bout de quelques minutes qu’ils daignent enfin apparaître. Le premier à émerger des nuages est Zaratan, toujours prompt à satisfaire sa curiosité. Sagitta n’est pas loin derrière, même s’il garde une distance respectable avec Halua. Puis ils arrivent tous : Koi, Lucan, Alelo. Tous les Léviathans répondent à la mélopée, qui résonne comme un appel — ou peut-être une convocation. Tel le Joueur de Flûte des légendes, l’adolescent hypnotise et fascine, attire à lui et ensorcelle. Le père observe son fils ; s’il tient lui aussi une flûte traversière à la main, il n’aura pas à s’en servir. Je souris à la vue de ces monstres gigantesques, dansant dans le ciel au gré des notes qui s’égrènent. Ils offriront à la flotte le couvert nécessaire pour protéger nos navires des vents du Whiplash. Ils seront notre bouclier durant la traversée."
